Person,System,EntitlementName,PermissionConfigurationDisplayName,LastChangedOn
Noa Roozendaal (500000),Microsoft Active Directory,SEC-DiskEncryption (avo.local/Demo/Groups/SEC-DiskEncryption),,01/17/2026 07:34:00
Noa Roozendaal (500000),Microsoft Active Directory,SEC-Endpoint-Protection (avo.local/Demo/Groups/SEC-Endpoint-Protection),,12/13/2025 19:05:00
Noa Roozendaal (500000),Microsoft Active Directory,APP-Intranet (avo.local/Demo/Groups/APP-Intranet),,12/23/2025 02:21:00
Noa Roozendaal (500000),Microsoft Active Directory,APP-Office365 (avo.local/Demo/Groups/APP-Office365),,10/21/2025 11:18:00
Noa Roozendaal (500000),Microsoft Active Directory,ROLE-Verpleegkundige (avo.local/Demo/Groups/ROLE-Verpleegkundige),,03/01/2026 07:31:00
Noa Roozendaal (500000),Microsoft Active Directory,APP-Visio (avo.local/Demo/Groups/APP-Visio),,05/31/2026 10:12:00
Yara Vroegindeweij (500001),Microsoft Active Directory,SEC-Antivirus (avo.local/Demo/Groups/SEC-Antivirus),,03/26/2026 21:27:00
Yara Vroegindeweij (500001),Microsoft Active Directory,SEC-DiskEncryption (avo.local/Demo/Groups/SEC-DiskEncryption),,09/06/2025 02:17:00
Yara Vroegindeweij (500001),Microsoft Active Directory,SEC-MFA-Enrolled (avo.local/Demo/Groups/SEC-MFA-Enrolled),,05/16/2025 10:14:00
Yara Vroegindeweij (500001),Microsoft Active Directory,SEC-Endpoint-Protection (avo.local/Demo/Groups/SEC-Endpoint-Protection),,12/26/2025 08:14:00
Olivier Ipenburg (500002),Microsoft Active Directory,APP-Intranet (avo.local/Demo/Groups/APP-Intranet),,03/30/2025 05:13:00
Cato Roozendaal (500003),Microsoft Active Directory,SEC-DiskEncryption (avo.local/Demo/Groups/SEC-DiskEncryption),,12/26/2025 08:43:00
Cato Roozendaal (500003),Microsoft Active Directory,SEC-MFA-Enrolled (avo.local/Demo/Groups/SEC-MFA-Enrolled),,04/28/2026 01:50:00
Cato Roozendaal (500003),Microsoft Active Directory,SEC-Endpoint-Protection (avo.local/Demo/Groups/SEC-Endpoint-Protection),,05/04/2025 07:22:00
Cato Roozendaal (500003),Microsoft Active Directory,APP-Office365 (avo.local/Demo/Groups/APP-Office365),,09/06/2025 01:07:00
Cato Roozendaal (500003),Microsoft Active Directory,APP-FIN01-Portal (avo.local/Demo/Groups/APP-FIN01-Portal),,01/16/2026 08:00:00
Cato Roozendaal (500003),Microsoft Active Directory,FS-FIN01-RW (avo.local/Demo/Groups/FS-FIN01-RW),,06/13/2025 11:53:00
Cato Roozendaal (500003),Microsoft Active Directory,TEAM-FIN01 (avo.local/Demo/Groups/TEAM-FIN01),,06/28/2025 14:24:00
Cato Roozendaal (500003),Microsoft Active Directory,ROLE-Verzorgende (avo.local/Demo/Groups/ROLE-Verzorgende),,03/21/2025 04:59:00
Cato Roozendaal (500003),Microsoft Active Directory,APP-Copilot (avo.local/Demo/Groups/APP-Copilot),,03/10/2026 22:23:00
Iris Zomerdijk (500004),Microsoft Active Directory,SEC-Antivirus (avo.local/Demo/Groups/SEC-Antivirus),,03/29/2025 13:08:00
Iris Zomerdijk (500004),Microsoft Active Directory,SEC-DiskEncryption (avo.local/Demo/Groups/SEC-DiskEncryption),,04/14/2026 13:08:00
Iris Zomerdijk (500004),Microsoft Active Directory,SEC-MFA-Enrolled (avo.local/Demo/Groups/SEC-MFA-Enrolled),,02/14/2026 04:28:00
Iris Zomerdijk (500004),Microsoft Active Directory,APP-Intranet (avo.local/Demo/Groups/APP-Intranet),,09/29/2025 16:36:00
Iris Zomerdijk (500004),Microsoft Active Directory,APP-Office365 (avo.local/Demo/Groups/APP-Office365),,03/25/2025 07:52:00
Iris Zomerdijk (500004),Microsoft Active Directory,ROLE-Begeleider (avo.local/Demo/Groups/ROLE-Begeleider),,02/04/2026 08:40:00
Iris Zomerdijk (500004),Microsoft Active Directory,APP-Visio (avo.local/Demo/Groups/APP-Visio),,06/01/2025 03:56:00
Iris Zomerdijk (500004),Microsoft Active Directory,FS-FIN01-RO (avo.local/Demo/Groups/FS-FIN01-RO),,08/05/2025 03:17:00
Iris Zomerdijk (500004),Microsoft Active Directory,MBX-FIN01 (avo.local/Demo/Groups/MBX-FIN01),,05/29/2026 20:16:00
Jasper Coenen (500005),Microsoft Active Directory,SEC-Antivirus (avo.local/Demo/Groups/SEC-Antivirus),,06/14/2026 19:29:00
Jasper Coenen (500005),Microsoft Active Directory,SEC-DiskEncryption (avo.local/Demo/Groups/SEC-DiskEncryption),,04/19/2026 16:01:00
Jasper Coenen (500005),Microsoft Active Directory,SEC-MFA-Enrolled (avo.local/Demo/Groups/SEC-MFA-Enrolled),,07/25/2025 19:05:00
Jasper Coenen (500005),Microsoft Active Directory,APP-Intranet (avo.local/Demo/Groups/APP-Intranet),,06/06/2026 16:27:00
Jasper Coenen (500005),Microsoft Active Directory,APP-Office365 (avo.local/Demo/Groups/APP-Office365),,05/04/2026 20:33:00
Jasper Coenen (500005),Microsoft Active Directory,APP-CA060-Portal (avo.local/Demo/Groups/APP-CA060-Portal),,03/05/2026 02:08:00
Jasper Coenen (500005),Microsoft Active Directory,FS-CA060-RO (avo.local/Demo/Groups/FS-CA060-RO),,12/02/2025 03:04:00
Jasper Coenen (500005),Microsoft Active Directory,FS-CA060-RW (avo.local/Demo/Groups/FS-CA060-RW),,12/07/2025 06:38:00
Jasper Coenen (500005),Microsoft Active Directory,MBX-CA060 (avo.local/Demo/Groups/MBX-CA060),,06/14/2025 19:05:00
Jasper Coenen (500005),Microsoft Active Directory,APP-Selfservice (avo.local/Demo/Groups/APP-Selfservice),,05/03/2025 11:21:00
Quinten Pronk (500006),Microsoft Active Directory,SEC-Antivirus (avo.local/Demo/Groups/SEC-Antivirus),,06/22/2025 10:32:00
Quinten Pronk (500006),Microsoft Active Directory,SEC-MFA-Enrolled (avo.local/Demo/Groups/SEC-MFA-Enrolled),,01/29/2026 08:52:00
Quinten Pronk (500006),Microsoft Active Directory,APP-Intranet (avo.local/Demo/Groups/APP-Intranet),,01/16/2026 07:10:00
Quinten Pronk (500006),Microsoft Active Directory,APP-Office365 (avo.local/Demo/Groups/APP-Office365),,05/18/2026 06:02:00
Quinten Pronk (500006),Microsoft Active Directory,APP-CA010-Portal (avo.local/Demo/Groups/APP-CA010-Portal),,08/05/2025 14:49:00
Quinten Pronk (500006),Microsoft Active Directory,FS-CA010-RO (avo.local/Demo/Groups/FS-CA010-RO),,05/25/2025 20:02:00
Quinten Pronk (500006),Microsoft Active Directory,TEAM-CA010 (avo.local/Demo/Groups/TEAM-CA010),,11/01/2025 18:03:00
Quinten Pronk (500006),Microsoft Active Directory,MBX-CA010 (avo.local/Demo/Groups/MBX-CA010),,04/29/2026 04:20:00
Quinten Pronk (500006),Microsoft Active Directory,APP-Selfservice (avo.local/Demo/Groups/APP-Selfservice),,12/08/2025 02:24:00
Quinten Pronk (500006),Microsoft Active Directory,APP-Adobe-AcrobatPro (avo.local/Demo/Groups/APP-Adobe-AcrobatPro),,05/30/2025 08:49:00
Kim Terlouw (500007),Microsoft Active Directory,SEC-DiskEncryption (avo.local/Demo/Groups/SEC-DiskEncryption),,07/10/2025 02:54:00
Kim Terlouw (500007),Microsoft Active Directory,SEC-Endpoint-Protection (avo.local/Demo/Groups/SEC-Endpoint-Protection),,10/06/2025 17:37:00
Kim Terlouw (500007),Microsoft Active Directory,APP-Intranet (avo.local/Demo/Groups/APP-Intranet),,03/21/2025 04:01:00
Kim Terlouw (500007),Microsoft Active Directory,APP-Office365 (avo.local/Demo/Groups/APP-Office365),,02/08/2026 08:52:00
Hanna Slootweg (500008),Microsoft Active Directory,SEC-Antivirus (avo.local/Demo/Groups/SEC-Antivirus),,01/15/2026 21:23:00
Hanna Slootweg (500008),Microsoft Active Directory,SEC-DiskEncryption (avo.local/Demo/Groups/SEC-DiskEncryption),,03/25/2025 07:50:00
Hanna Slootweg (500008),Microsoft Active Directory,SEC-MFA-Enrolled (avo.local/Demo/Groups/SEC-MFA-Enrolled),,10/01/2025 07:46:00
Hanna Slootweg (500008),Microsoft Active Directory,SEC-Endpoint-Protection (avo.local/Demo/Groups/SEC-Endpoint-Protection),,08/07/2025 00:21:00
Hanna Slootweg (500008),Microsoft Active Directory,APP-Office365 (avo.local/Demo/Groups/APP-Office365),,11/10/2025 06:07:00
Hanna Slootweg (500008),Microsoft Active Directory,APP-CA060-Portal (avo.local/Demo/Groups/APP-CA060-Portal),,07/15/2025 07:31:00
Hanna Slootweg (500008),Microsoft Active Directory,FS-CA060-RO (avo.local/Demo/Groups/FS-CA060-RO),,11/30/2025 18:36:00
Hanna Slootweg (500008),Microsoft Active Directory,FS-CA060-RW (avo.local/Demo/Groups/FS-CA060-RW),,09/12/2025 21:24:00
Jasper Roozendaal (500009),Microsoft Active Directory,SEC-DiskEncryption (avo.local/Demo/Groups/SEC-DiskEncryption),,05/17/2026 15:40:00
Jasper Roozendaal (500009),Microsoft Active Directory,APP-Intranet (avo.local/Demo/Groups/APP-Intranet),,01/09/2026 07:47:00
Jasper Roozendaal (500009),Microsoft Active Directory,FS-FIN01-RO (avo.local/Demo/Groups/FS-FIN01-RO),,12/09/2025 06:29:00
Jasper Roozendaal (500009),Microsoft Active Directory,FS-FIN01-RW (avo.local/Demo/Groups/FS-FIN01-RW),,02/03/2026 20:17:00
Jasper Roozendaal (500009),Microsoft Active Directory,TEAM-FIN01 (avo.local/Demo/Groups/TEAM-FIN01),,11/09/2025 12:42:00
Lars Ipenburg (500010),Microsoft Active Directory,SEC-Antivirus (avo.local/Demo/Groups/SEC-Antivirus),,10/23/2025 18:51:00
Lars Ipenburg (500010),Microsoft Active Directory,SEC-MFA-Enrolled (avo.local/Demo/Groups/SEC-MFA-Enrolled),,10/27/2025 09:51:00
Lars Ipenburg (500010),Microsoft Active Directory,SEC-Endpoint-Protection (avo.local/Demo/Groups/SEC-Endpoint-Protection),,12/24/2025 07:04:00
Lars Ipenburg (500010),Microsoft Active Directory,APP-CZ08-Portal (avo.local/Demo/Groups/APP-CZ08-Portal),,04/25/2025 10:09:00
Lars Ipenburg (500010),Microsoft Active Directory,FS-CZ08-RW (avo.local/Demo/Groups/FS-CZ08-RW),,06/01/2025 19:12:00
Lars Ipenburg (500010),Microsoft Active Directory,TEAM-CZ08 (avo.local/Demo/Groups/TEAM-CZ08),,11/09/2025 03:07:00
Lars Ipenburg (500010),Microsoft Active Directory,MBX-CZ08 (avo.local/Demo/Groups/MBX-CZ08),,06/18/2025 10:04:00
Lars Ipenburg (500010),Microsoft Active Directory,APP-Selfservice (avo.local/Demo/Groups/APP-Selfservice),,10/08/2025 11:12:00
Anne Hoekstra (500011),Microsoft Active Directory,SEC-Antivirus (avo.local/Demo/Groups/SEC-Antivirus),,10/30/2025 18:17:00
Anne Hoekstra (500011),Microsoft Active Directory,SEC-DiskEncryption (avo.local/Demo/Groups/SEC-DiskEncryption),,12/28/2025 01:16:00
Anne Hoekstra (500011),Microsoft Active Directory,SEC-MFA-Enrolled (avo.local/Demo/Groups/SEC-MFA-Enrolled),,05/20/2026 16:16:00
Anne Hoekstra (500011),Microsoft Active Directory,SEC-Endpoint-Protection (avo.local/Demo/Groups/SEC-Endpoint-Protection),,11/21/2025 13:22:00
Anne Hoekstra (500011),Microsoft Active Directory,APP-Office365 (avo.local/Demo/Groups/APP-Office365),,04/24/2025 03:04:00
Anne Hoekstra (500011),Microsoft Active Directory,APP-ICT03-Portal (avo.local/Demo/Groups/APP-ICT03-Portal),,07/28/2026 20:48:00
Anne Hoekstra (500011),Microsoft Active Directory,FS-ICT03-RO (avo.local/Demo/Groups/FS-ICT03-RO),,05/16/2025 05:00:00
Anne Hoekstra (500011),Microsoft Active Directory,FS-ICT03-RW (avo.local/Demo/Groups/FS-ICT03-RW),,07/02/2026 17:25:00
Anne Hoekstra (500011),Microsoft Active Directory,TEAM-ICT03 (avo.local/Demo/Groups/TEAM-ICT03),,06/05/2026 10:54:00
Anne Hoekstra (500011),Microsoft Active Directory,ROLE-Verpleegkundige (avo.local/Demo/Groups/ROLE-Verpleegkundige),,02/03/2026 02:28:00
Anne Hoekstra (500011),Microsoft Active Directory,APP-Visio (avo.local/Demo/Groups/APP-Visio),,12/11/2025 08:19:00
Eva Gerritsen (500012),Microsoft Active Directory,SEC-DiskEncryption (avo.local/Demo/Groups/SEC-DiskEncryption),,05/19/2026 19:32:00
Eva Gerritsen (500012),Microsoft Active Directory,SEC-MFA-Enrolled (avo.local/Demo/Groups/SEC-MFA-Enrolled),,07/05/2025 12:39:00
Eva Gerritsen (500012),Microsoft Active Directory,APP-Intranet (avo.local/Demo/Groups/APP-Intranet),,03/16/2026 20:36:00
Eva Gerritsen (500012),Microsoft Active Directory,APP-CZ08-Portal (avo.local/Demo/Groups/APP-CZ08-Portal),,10/22/2025 13:06:00
Eva Gerritsen (500012),Microsoft Active Directory,FS-CZ08-RW (avo.local/Demo/Groups/FS-CZ08-RW),,05/19/2026 05:19:00
Eva Gerritsen (500012),Microsoft Active Directory,TEAM-CZ08 (avo.local/Demo/Groups/TEAM-CZ08),,05/03/2026 01:37:00
Eva Gerritsen (500012),Microsoft Active Directory,APP-Selfservice (avo.local/Demo/Groups/APP-Selfservice),,05/02/2026 12:04:00
Bram Wielenga (500013),Microsoft Active Directory,SEC-Antivirus (avo.local/Demo/Groups/SEC-Antivirus),,07/15/2025 02:17:00
Bram Wielenga (500013),Microsoft Active Directory,SEC-DiskEncryption (avo.local/Demo/Groups/SEC-DiskEncryption),,11/26/2025 12:54:00
Bram Wielenga (500013),Microsoft Active Directory,SEC-MFA-Enrolled (avo.local/Demo/Groups/SEC-MFA-Enrolled),,05/10/2025 14:03:00
Bram Wielenga (500013),Microsoft Active Directory,APP-Office365 (avo.local/Demo/Groups/APP-Office365),,03/31/2026 00:06:00
Bram Wielenga (500013),Microsoft Active Directory,APP-HRM02-Portal (avo.local/Demo/Groups/APP-HRM02-Portal),,12/06/2025 08:05:00
Bram Wielenga (500013),Microsoft Active Directory,FS-HRM02-RO (avo.local/Demo/Groups/FS-HRM02-RO),,03/18/2026 10:55:00
Bram Wielenga (500013),Microsoft Active Directory,FS-HRM02-RW (avo.local/Demo/Groups/FS-HRM02-RW),,12/22/2025 11:58:00
Bram Wielenga (500013),Microsoft Active Directory,TEAM-HRM02 (avo.local/Demo/Groups/TEAM-HRM02),,03/15/2026 20:13:00
Bram Wielenga (500013),Microsoft Active Directory,MBX-HRM02 (avo.local/Demo/Groups/MBX-HRM02),,12/02/2025 04:07:00
Xander Uijlenbroek (500014),Microsoft Active Directory,SEC-Antivirus (avo.local/Demo/Groups/SEC-Antivirus),,04/12/2026 03:25:00
Xander Uijlenbroek (500014),Microsoft Active Directory,SEC-DiskEncryption (avo.local/Demo/Groups/SEC-DiskEncryption),,04/22/2025 07:31:00
Xander Uijlenbroek (500014),Microsoft Active Directory,SEC-MFA-Enrolled (avo.local/Demo/Groups/SEC-MFA-Enrolled),,11/24/2025 23:32:00
Xander Uijlenbroek (500014),Microsoft Active Directory,APP-Intranet (avo.local/Demo/Groups/APP-Intranet),,05/31/2025 07:08:00
Xander Uijlenbroek (500014),Microsoft Active Directory,APP-Office365 (avo.local/Demo/Groups/APP-Office365),,12/11/2025 08:33:00
Xander Uijlenbroek (500014),Microsoft Active Directory,TEAM-FIN01 (avo.local/Demo/Groups/TEAM-FIN01),,07/09/2026 18:28:00
Sem Zomerdijk (500015),Microsoft Active Directory,SEC-Antivirus (avo.local/Demo/Groups/SEC-Antivirus),,05/29/2025 01:27:00
Sem Zomerdijk (500015),Microsoft Active Directory,SEC-DiskEncryption (avo.local/Demo/Groups/SEC-DiskEncryption),,05/01/2026 15:20:00
Sem Zomerdijk (500015),Microsoft Active Directory,APP-Intranet (avo.local/Demo/Groups/APP-Intranet),,12/17/2025 06:00:00
Sem Zomerdijk (500015),Microsoft Active Directory,APP-Office365 (avo.local/Demo/Groups/APP-Office365),,10/23/2025 12:26:00
Sem Zomerdijk (500015),Microsoft Active Directory,FS-CA010-RW (avo.local/Demo/Groups/FS-CA010-RW),,07/25/2026 06:24:00
Sem Zomerdijk (500015),Microsoft Active Directory,TEAM-CA010 (avo.local/Demo/Groups/TEAM-CA010),,06/08/2025 02:25:00
Sem Zomerdijk (500015),Microsoft Active Directory,MBX-CA010 (avo.local/Demo/Groups/MBX-CA010),,10/10/2025 11:14:00
Sem Zomerdijk (500015),Microsoft Active Directory,APP-Selfservice (avo.local/Demo/Groups/APP-Selfservice),,09/23/2025 20:38:00
Kim Oosterhuis (500016),Microsoft Active Directory,SEC-MFA-Enrolled (avo.local/Demo/Groups/SEC-MFA-Enrolled),,11/17/2025 20:04:00
Kim Oosterhuis (500016),Microsoft Active Directory,SEC-Endpoint-Protection (avo.local/Demo/Groups/SEC-Endpoint-Protection),,09/15/2025 04:42:00
Kim Oosterhuis (500016),Microsoft Active Directory,APP-Intranet (avo.local/Demo/Groups/APP-Intranet),,01/01/2026 01:18:00
Kim Oosterhuis (500016),Microsoft Active Directory,FS-CZ08-RO (avo.local/Demo/Groups/FS-CZ08-RO),,06/13/2025 08:56:00
Kim Oosterhuis (500016),Microsoft Active Directory,FS-CZ08-RW (avo.local/Demo/Groups/FS-CZ08-RW),,01/28/2026 06:42:00
Kim Oosterhuis (500016),Microsoft Active Directory,APP-Selfservice (avo.local/Demo/Groups/APP-Selfservice),,10/06/2025 06:41:00
Olivier Fokkema (500017),Microsoft Active Directory,SEC-Antivirus (avo.local/Demo/Groups/SEC-Antivirus),,06/24/2026 09:27:00
Olivier Fokkema (500017),Microsoft Active Directory,SEC-DiskEncryption (avo.local/Demo/Groups/SEC-DiskEncryption),,08/18/2025 06:34:00
Olivier Fokkema (500017),Microsoft Active Directory,SEC-MFA-Enrolled (avo.local/Demo/Groups/SEC-MFA-Enrolled),,01/19/2026 15:48:00
Olivier Fokkema (500017),Microsoft Active Directory,APP-Intranet (avo.local/Demo/Groups/APP-Intranet),,07/31/2025 09:34:00
Olivier Fokkema (500017),Microsoft Active Directory,APP-Office365 (avo.local/Demo/Groups/APP-Office365),,02/19/2026 12:50:00
Wout Oosterhuis (500018),Microsoft Active Directory,SEC-Antivirus (avo.local/Demo/Groups/SEC-Antivirus),,04/08/2025 18:59:00
Wout Oosterhuis (500018),Microsoft Active Directory,SEC-DiskEncryption (avo.local/Demo/Groups/SEC-DiskEncryption),,10/20/2025 00:04:00
Wout Oosterhuis (500018),Microsoft Active Directory,SEC-Endpoint-Protection (avo.local/Demo/Groups/SEC-Endpoint-Protection),,03/30/2025 20:10:00
Wout Oosterhuis (500018),Microsoft Active Directory,APP-Intranet (avo.local/Demo/Groups/APP-Intranet),,10/12/2025 16:38:00
Wout Oosterhuis (500018),Microsoft Active Directory,APP-Office365 (avo.local/Demo/Groups/APP-Office365),,07/27/2026 02:44:00
Wout Oosterhuis (500018),Microsoft Active Directory,FS-HRM02-RO (avo.local/Demo/Groups/FS-HRM02-RO),,01/11/2026 09:00:00
Wout Oosterhuis (500018),Microsoft Active Directory,FS-HRM02-RW (avo.local/Demo/Groups/FS-HRM02-RW),,03/17/2026 20:42:00
Wout Oosterhuis (500018),Microsoft Active Directory,TEAM-HRM02 (avo.local/Demo/Groups/TEAM-HRM02),,03/25/2025 13:01:00
Wout Oosterhuis (500018),Microsoft Active Directory,MBX-HRM02 (avo.local/Demo/Groups/MBX-HRM02),,11/19/2025 04:47:00
Quinten Aalbers (500019),Microsoft Active Directory,SEC-Antivirus (avo.local/Demo/Groups/SEC-Antivirus),,12/05/2025 00:55:00
Quinten Aalbers (500019),Microsoft Active Directory,SEC-DiskEncryption (avo.local/Demo/Groups/SEC-DiskEncryption),,11/04/2025 18:24:00
Quinten Aalbers (500019),Microsoft Active Directory,SEC-MFA-Enrolled (avo.local/Demo/Groups/SEC-MFA-Enrolled),,01/07/2026 13:52:00
Quinten Aalbers (500019),Microsoft Active Directory,SEC-Endpoint-Protection (avo.local/Demo/Groups/SEC-Endpoint-Protection),,04/07/2026 03:02:00
Quinten Aalbers (500019),Microsoft Active Directory,APP-Office365 (avo.local/Demo/Groups/APP-Office365),,07/15/2025 20:12:00
Wout Nagtegaal (500020),Microsoft Active Directory,SEC-Antivirus (avo.local/Demo/Groups/SEC-Antivirus),,12/04/2025 18:08:00
Wout Nagtegaal (500020),Microsoft Active Directory,SEC-DiskEncryption (avo.local/Demo/Groups/SEC-DiskEncryption),,09/08/2025 09:44:00
Wout Nagtegaal (500020),Microsoft Active Directory,SEC-MFA-Enrolled (avo.local/Demo/Groups/SEC-MFA-Enrolled),,04/13/2025 00:24:00
Iris Coenen (500021),Microsoft Active Directory,SEC-Antivirus (avo.local/Demo/Groups/SEC-Antivirus),,05/23/2026 16:31:00
Iris Coenen (500021),Microsoft Active Directory,SEC-DiskEncryption (avo.local/Demo/Groups/SEC-DiskEncryption),,08/10/2025 21:08:00
Iris Coenen (500021),Microsoft Active Directory,SEC-MFA-Enrolled (avo.local/Demo/Groups/SEC-MFA-Enrolled),,05/30/2025 22:36:00
Iris Coenen (500021),Microsoft Active Directory,SEC-Endpoint-Protection (avo.local/Demo/Groups/SEC-Endpoint-Protection),,05/29/2026 12:33:00
Iris Coenen (500021),Microsoft Active Directory,APP-Intranet (avo.local/Demo/Groups/APP-Intranet),,12/24/2025 21:56:00
Iris Coenen (500021),Microsoft Active Directory,APP-CA060-Portal (avo.local/Demo/Groups/APP-CA060-Portal),,07/02/2026 06:28:00
Iris Coenen (500021),Microsoft Active Directory,FS-CA060-RW (avo.local/Demo/Groups/FS-CA060-RW),,11/06/2025 12:51:00
Iris Coenen (500021),Microsoft Active Directory,TEAM-CA060 (avo.local/Demo/Groups/TEAM-CA060),,01/08/2026 02:06:00
Iris Coenen (500021),Microsoft Active Directory,MBX-CA060 (avo.local/Demo/Groups/MBX-CA060),,07/28/2025 12:27:00
Noa Hoekstra (500022),Microsoft Active Directory,SEC-Antivirus (avo.local/Demo/Groups/SEC-Antivirus),,05/02/2026 03:47:00
Noa Hoekstra (500022),Microsoft Active Directory,SEC-MFA-Enrolled (avo.local/Demo/Groups/SEC-MFA-Enrolled),,07/18/2026 10:43:00
Noa Hoekstra (500022),Microsoft Active Directory,SEC-Endpoint-Protection (avo.local/Demo/Groups/SEC-Endpoint-Protection),,10/21/2025 10:33:00
Noa Hoekstra (500022),Microsoft Active Directory,APP-Office365 (avo.local/Demo/Groups/APP-Office365),,06/01/2025 11:01:00
Noa Hoekstra (500022),Microsoft Active Directory,APP-FIN01-Portal (avo.local/Demo/Groups/APP-FIN01-Portal),,06/23/2025 10:37:00
Noa Hoekstra (500022),Microsoft Active Directory,FS-FIN01-RO (avo.local/Demo/Groups/FS-FIN01-RO),,04/19/2025 10:38:00
Noa Hoekstra (500022),Microsoft Active Directory,FS-FIN01-RW (avo.local/Demo/Groups/FS-FIN01-RW),,04/19/2026 19:11:00
Noa Hoekstra (500022),Microsoft Active Directory,MBX-FIN01 (avo.local/Demo/Groups/MBX-FIN01),,04/23/2025 15:49:00
Noa Hoekstra (500022),Microsoft Active Directory,ROLE-Begeleider (avo.local/Demo/Groups/ROLE-Begeleider),,07/29/2026 02:33:00
Noa Hoekstra (500022),Microsoft Active Directory,APP-Visio (avo.local/Demo/Groups/APP-Visio),,01/09/2026 13:17:00
Anne Gerritsen (500023),Microsoft Active Directory,SEC-Antivirus (avo.local/Demo/Groups/SEC-Antivirus),,06/26/2026 17:02:00
Anne Gerritsen (500023),Microsoft Active Directory,SEC-DiskEncryption (avo.local/Demo/Groups/SEC-DiskEncryption),,03/19/2026 12:48:00
Anne Gerritsen (500023),Microsoft Active Directory,SEC-MFA-Enrolled (avo.local/Demo/Groups/SEC-MFA-Enrolled),,10/20/2025 21:01:00
Anne Gerritsen (500023),Microsoft Active Directory,SEC-Endpoint-Protection (avo.local/Demo/Groups/SEC-Endpoint-Protection),,03/16/2026 11:35:00
Anne Gerritsen (500023),Microsoft Active Directory,APP-Office365 (avo.local/Demo/Groups/APP-Office365),,09/17/2025 01:48:00
Anne Gerritsen (500023),Microsoft Active Directory,ROLE-Verzorgende (avo.local/Demo/Groups/ROLE-Verzorgende),,07/25/2025 23:36:00
Pien Kalisvaart (500024),Microsoft Active Directory,SEC-Antivirus (avo.local/Demo/Groups/SEC-Antivirus),,07/02/2025 14:48:00
Pien Kalisvaart (500024),Microsoft Active Directory,SEC-DiskEncryption (avo.local/Demo/Groups/SEC-DiskEncryption),,05/21/2026 00:40:00
Pien Kalisvaart (500024),Microsoft Active Directory,SEC-MFA-Enrolled (avo.local/Demo/Groups/SEC-MFA-Enrolled),,05/11/2026 03:13:00
Pien Kalisvaart (500024),Microsoft Active Directory,SEC-Endpoint-Protection (avo.local/Demo/Groups/SEC-Endpoint-Protection),,10/20/2025 07:44:00
Pien Kalisvaart (500024),Microsoft Active Directory,APP-Intranet (avo.local/Demo/Groups/APP-Intranet),,06/23/2026 07:11:00
Pien Kalisvaart (500024),Microsoft Active Directory,FS-ICT03-RW (avo.local/Demo/Groups/FS-ICT03-RW),,02/12/2026 12:57:00
Pien Kalisvaart (500024),Microsoft Active Directory,TEAM-ICT03 (avo.local/Demo/Groups/TEAM-ICT03),,01/12/2026 01:09:00
Pien Kalisvaart (500024),Microsoft Active Directory,MBX-ICT03 (avo.local/Demo/Groups/MBX-ICT03),,06/07/2026 14:58:00
Noa Coenen (500025),Microsoft Active Directory,SEC-DiskEncryption (avo.local/Demo/Groups/SEC-DiskEncryption),,10/11/2025 12:44:00
Noa Coenen (500025),Microsoft Active Directory,APP-Office365 (avo.local/Demo/Groups/APP-Office365),,09/29/2025 23:19:00
Noa Coenen (500025),Microsoft Active Directory,APP-CB12-Portal (avo.local/Demo/Groups/APP-CB12-Portal),,04/19/2025 21:30:00
Noa Coenen (500025),Microsoft Active Directory,TEAM-CB12 (avo.local/Demo/Groups/TEAM-CB12),,02/26/2026 16:26:00
Noa Coenen (500025),Microsoft Active Directory,APP-Selfservice (avo.local/Demo/Groups/APP-Selfservice),,09/28/2025 07:01:00
Noa Coenen (500025),Microsoft Active Directory,ROLE-Verzorgende (avo.local/Demo/Groups/ROLE-Verzorgende),,02/15/2026 19:56:00
Noa Coenen (500025),Microsoft Active Directory,APP-Copilot (avo.local/Demo/Groups/APP-Copilot),,06/25/2026 22:49:00
Vera Coenen (500026),Microsoft Active Directory,SEC-Antivirus (avo.local/Demo/Groups/SEC-Antivirus),,06/30/2025 10:29:00
Vera Coenen (500026),Microsoft Active Directory,SEC-DiskEncryption (avo.local/Demo/Groups/SEC-DiskEncryption),,04/19/2025 04:49:00
Vera Coenen (500026),Microsoft Active Directory,SEC-MFA-Enrolled (avo.local/Demo/Groups/SEC-MFA-Enrolled),,08/30/2025 20:35:00
Vera Coenen (500026),Microsoft Active Directory,SEC-Endpoint-Protection (avo.local/Demo/Groups/SEC-Endpoint-Protection),,04/09/2026 12:56:00
Vera Coenen (500026),Microsoft Active Directory,APP-Intranet (avo.local/Demo/Groups/APP-Intranet),,04/27/2025 23:41:00
Vera Coenen (500026),Microsoft Active Directory,APP-Office365 (avo.local/Demo/Groups/APP-Office365),,09/12/2025 15:54:00
Kim Coenen (500027),Microsoft Active Directory,SEC-Antivirus (avo.local/Demo/Groups/SEC-Antivirus),,10/20/2025 02:50:00
Kim Coenen (500027),Microsoft Active Directory,SEC-DiskEncryption (avo.local/Demo/Groups/SEC-DiskEncryption),,09/30/2025 06:00:00
Kim Coenen (500027),Microsoft Active Directory,SEC-Endpoint-Protection (avo.local/Demo/Groups/SEC-Endpoint-Protection),,03/28/2025 15:22:00
Kim Coenen (500027),Microsoft Active Directory,APP-Intranet (avo.local/Demo/Groups/APP-Intranet),,07/08/2026 18:34:00
Kim Coenen (500027),Microsoft Active Directory,APP-Office365 (avo.local/Demo/Groups/APP-Office365),,03/20/2026 20:02:00
Kim Coenen (500027),Microsoft Active Directory,APP-FIN01-Portal (avo.local/Demo/Groups/APP-FIN01-Portal),,05/16/2025 17:42:00
Kim Coenen (500027),Microsoft Active Directory,APP-Copilot (avo.local/Demo/Groups/APP-Copilot),,11/12/2025 14:21:00
Wout Quaedvlieg (500028),Microsoft Active Directory,SEC-Antivirus (avo.local/Demo/Groups/SEC-Antivirus),,04/19/2026 13:45:00
Wout Quaedvlieg (500028),Microsoft Active Directory,SEC-DiskEncryption (avo.local/Demo/Groups/SEC-DiskEncryption),,03/18/2026 10:20:00
Wout Quaedvlieg (500028),Microsoft Active Directory,SEC-MFA-Enrolled (avo.local/Demo/Groups/SEC-MFA-Enrolled),,03/16/2026 16:41:00
Wout Quaedvlieg (500028),Microsoft Active Directory,APP-Office365 (avo.local/Demo/Groups/APP-Office365),,01/11/2026 07:23:00
Wout Quaedvlieg (500028),Microsoft Active Directory,APP-Copilot (avo.local/Demo/Groups/APP-Copilot),,05/26/2026 04:38:00
Iris Pronk (500029),Microsoft Active Directory,SEC-Antivirus (avo.local/Demo/Groups/SEC-Antivirus),,04/08/2026 11:39:00
Iris Pronk (500029),Microsoft Active Directory,SEC-Endpoint-Protection (avo.local/Demo/Groups/SEC-Endpoint-Protection),,05/31/2026 21:53:00
Iris Pronk (500029),Microsoft Active Directory,APP-Intranet (avo.local/Demo/Groups/APP-Intranet),,03/13/2026 13:44:00
Iris Pronk (500029),Microsoft Active Directory,APP-Office365 (avo.local/Demo/Groups/APP-Office365),,05/05/2025 18:05:00
Noa Zomerdijk (500030),Microsoft Active Directory,SEC-Antivirus (avo.local/Demo/Groups/SEC-Antivirus),,08/25/2025 23:35:00
Noa Zomerdijk (500030),Microsoft Active Directory,SEC-MFA-Enrolled (avo.local/Demo/Groups/SEC-MFA-Enrolled),,08/30/2025 09:54:00
Noa Zomerdijk (500030),Microsoft Active Directory,SEC-Endpoint-Protection (avo.local/Demo/Groups/SEC-Endpoint-Protection),,03/25/2025 14:26:00
Noa Zomerdijk (500030),Microsoft Active Directory,APP-Office365 (avo.local/Demo/Groups/APP-Office365),,05/05/2026 17:51:00
Noa Zomerdijk (500030),Microsoft Active Directory,ROLE-Verzorgende (avo.local/Demo/Groups/ROLE-Verzorgende),,11/25/2025 02:16:00
Noa Zomerdijk (500030),Microsoft Active Directory,APP-Copilot (avo.local/Demo/Groups/APP-Copilot),,08/22/2025 18:30:00
Lars Roozendaal (500031),Microsoft Active Directory,SEC-Antivirus (avo.local/Demo/Groups/SEC-Antivirus),,12/31/2025 18:33:00
Lars Roozendaal (500031),Microsoft Active Directory,SEC-DiskEncryption (avo.local/Demo/Groups/SEC-DiskEncryption),,06/29/2025 05:44:00
Lars Roozendaal (500031),Microsoft Active Directory,SEC-Endpoint-Protection (avo.local/Demo/Groups/SEC-Endpoint-Protection),,04/26/2026 00:09:00
Lars Roozendaal (500031),Microsoft Active Directory,APP-Intranet (avo.local/Demo/Groups/APP-Intranet),,01/30/2026 05:49:00
Lars Roozendaal (500031),Microsoft Active Directory,APP-Office365 (avo.local/Demo/Groups/APP-Office365),,02/21/2026 23:16:00
Lars Roozendaal (500031),Microsoft Active Directory,APP-CB12-Portal (avo.local/Demo/Groups/APP-CB12-Portal),,05/30/2026 20:58:00
Lars Roozendaal (500031),Microsoft Active Directory,FS-CB12-RO (avo.local/Demo/Groups/FS-CB12-RO),,07/01/2026 15:53:00
Lars Roozendaal (500031),Microsoft Active Directory,FS-CB12-RW (avo.local/Demo/Groups/FS-CB12-RW),,07/06/2025 04:34:00
Lars Roozendaal (500031),Microsoft Active Directory,APP-Adobe-AcrobatPro (avo.local/Demo/Groups/APP-Adobe-AcrobatPro),,02/18/2026 03:27:00
Yara Roozendaal (500032),Microsoft Active Directory,SEC-Antivirus (avo.local/Demo/Groups/SEC-Antivirus),,05/03/2025 09:37:00
Yara Roozendaal (500032),Microsoft Active Directory,SEC-DiskEncryption (avo.local/Demo/Groups/SEC-DiskEncryption),,07/29/2025 06:38:00
Yara Roozendaal (500032),Microsoft Active Directory,SEC-Endpoint-Protection (avo.local/Demo/Groups/SEC-Endpoint-Protection),,12/13/2025 16:15:00
Yara Roozendaal (500032),Microsoft Active Directory,APP-Intranet (avo.local/Demo/Groups/APP-Intranet),,07/27/2025 11:52:00
Yara Roozendaal (500032),Microsoft Active Directory,APP-Selfservice (avo.local/Demo/Groups/APP-Selfservice),,06/26/2025 08:53:00
Olivier Ipenburg (500033),Microsoft Active Directory,SEC-Antivirus (avo.local/Demo/Groups/SEC-Antivirus),,08/19/2025 04:00:00
Olivier Ipenburg (500033),Microsoft Active Directory,SEC-DiskEncryption (avo.local/Demo/Groups/SEC-DiskEncryption),,03/01/2026 00:16:00
Olivier Ipenburg (500033),Microsoft Active Directory,SEC-MFA-Enrolled (avo.local/Demo/Groups/SEC-MFA-Enrolled),,06/03/2025 03:01:00
Olivier Ipenburg (500033),Microsoft Active Directory,APP-Office365 (avo.local/Demo/Groups/APP-Office365),,12/08/2025 04:21:00
Olivier Ipenburg (500033),Microsoft Active Directory,APP-HRM02-Portal (avo.local/Demo/Groups/APP-HRM02-Portal),,07/13/2025 17:44:00
Olivier Ipenburg (500033),Microsoft Active Directory,FS-HRM02-RO (avo.local/Demo/Groups/FS-HRM02-RO),,03/26/2026 06:03:00
Olivier Ipenburg (500033),Microsoft Active Directory,TEAM-HRM02 (avo.local/Demo/Groups/TEAM-HRM02),,04/04/2026 22:06:00
Olivier Ipenburg (500033),Microsoft Active Directory,MBX-HRM02 (avo.local/Demo/Groups/MBX-HRM02),,07/27/2026 01:17:00
Pien Muijs (500034),Microsoft Active Directory,SEC-Antivirus (avo.local/Demo/Groups/SEC-Antivirus),,04/01/2025 07:05:00
Pien Muijs (500034),Microsoft Active Directory,SEC-Endpoint-Protection (avo.local/Demo/Groups/SEC-Endpoint-Protection),,06/13/2026 15:33:00
Pien Muijs (500034),Microsoft Active Directory,APP-Office365 (avo.local/Demo/Groups/APP-Office365),,03/30/2025 16:27:00
Xander Dijkgraaf (500035),Microsoft Active Directory,SEC-Antivirus (avo.local/Demo/Groups/SEC-Antivirus),,06/10/2025 03:45:00
Xander Dijkgraaf (500035),Microsoft Active Directory,SEC-MFA-Enrolled (avo.local/Demo/Groups/SEC-MFA-Enrolled),,06/09/2026 01:49:00
Xander Dijkgraaf (500035),Microsoft Active Directory,SEC-Endpoint-Protection (avo.local/Demo/Groups/SEC-Endpoint-Protection),,05/19/2025 12:32:00
Xander Dijkgraaf (500035),Microsoft Active Directory,FS-FIN01-RW (avo.local/Demo/Groups/FS-FIN01-RW),,04/11/2025 04:38:00
Xander Dijkgraaf (500035),Microsoft Active Directory,TEAM-FIN01 (avo.local/Demo/Groups/TEAM-FIN01),,02/07/2026 20:41:00
Xander Dijkgraaf (500035),Microsoft Active Directory,MBX-FIN01 (avo.local/Demo/Groups/MBX-FIN01),,03/21/2026 03:34:00
Roos Jonker (500036),Microsoft Active Directory,SEC-DiskEncryption (avo.local/Demo/Groups/SEC-DiskEncryption),,06/30/2026 23:26:00
Roos Jonker (500036),Microsoft Active Directory,SEC-MFA-Enrolled (avo.local/Demo/Groups/SEC-MFA-Enrolled),,03/01/2026 07:47:00
Roos Jonker (500036),Microsoft Active Directory,SEC-Endpoint-Protection (avo.local/Demo/Groups/SEC-Endpoint-Protection),,01/23/2026 07:17:00
Roos Jonker (500036),Microsoft Active Directory,APP-Intranet (avo.local/Demo/Groups/APP-Intranet),,06/21/2025 08:18:00
Roos Jonker (500036),Microsoft Active Directory,APP-Office365 (avo.local/Demo/Groups/APP-Office365),,06/11/2026 22:07:00
Bram Roozendaal (500037),Microsoft Active Directory,SEC-Antivirus (avo.local/Demo/Groups/SEC-Antivirus),,05/11/2025 04:36:00
Bram Roozendaal (500037),Microsoft Active Directory,SEC-MFA-Enrolled (avo.local/Demo/Groups/SEC-MFA-Enrolled),,07/12/2026 23:49:00
Bram Roozendaal (500037),Microsoft Active Directory,SEC-Endpoint-Protection (avo.local/Demo/Groups/SEC-Endpoint-Protection),,03/19/2026 22:24:00
Bram Roozendaal (500037),Microsoft Active Directory,APP-Intranet (avo.local/Demo/Groups/APP-Intranet),,06/02/2026 20:31:00
Bram Roozendaal (500037),Microsoft Active Directory,APP-Office365 (avo.local/Demo/Groups/APP-Office365),,09/12/2025 21:40:00
Pien Pronk (500038),Microsoft Active Directory,SEC-MFA-Enrolled (avo.local/Demo/Groups/SEC-MFA-Enrolled),,07/30/2025 04:45:00
Pien Pronk (500038),Microsoft Active Directory,SEC-Endpoint-Protection (avo.local/Demo/Groups/SEC-Endpoint-Protection),,02/26/2026 01:55:00
Pien Pronk (500038),Microsoft Active Directory,APP-Intranet (avo.local/Demo/Groups/APP-Intranet),,06/09/2025 00:45:00
Pien Pronk (500038),Microsoft Active Directory,APP-Office365 (avo.local/Demo/Groups/APP-Office365),,01/08/2026 23:14:00
Pien Pronk (500038),Microsoft Active Directory,APP-HRM02-Portal (avo.local/Demo/Groups/APP-HRM02-Portal),,10/28/2025 04:51:00
Pien Pronk (500038),Microsoft Active Directory,FS-HRM02-RW (avo.local/Demo/Groups/FS-HRM02-RW),,03/15/2026 10:06:00
Pien Pronk (500038),Microsoft Active Directory,TEAM-HRM02 (avo.local/Demo/Groups/TEAM-HRM02),,04/01/2025 15:29:00
Pien Pronk (500038),Microsoft Active Directory,MBX-HRM02 (avo.local/Demo/Groups/MBX-HRM02),,12/26/2025 07:03:00
Pien Pronk (500038),Microsoft Active Directory,ROLE-Verpleegkundige (avo.local/Demo/Groups/ROLE-Verpleegkundige),,06/17/2026 17:04:00
Pien Pronk (500038),Microsoft Active Directory,APP-Visio (avo.local/Demo/Groups/APP-Visio),,06/25/2025 23:57:00
Xander Quaedvlieg (500039),Microsoft Active Directory,SEC-MFA-Enrolled (avo.local/Demo/Groups/SEC-MFA-Enrolled),,04/17/2025 11:18:00
Xander Quaedvlieg (500039),Microsoft Active Directory,SEC-Endpoint-Protection (avo.local/Demo/Groups/SEC-Endpoint-Protection),,04/12/2025 08:06:00
Xander Quaedvlieg (500039),Microsoft Active Directory,APP-Intranet (avo.local/Demo/Groups/APP-Intranet),,04/21/2025 11:44:00
Xander Quaedvlieg (500039),Microsoft Active Directory,APP-Office365 (avo.local/Demo/Groups/APP-Office365),,04/18/2026 13:51:00
Xander Quaedvlieg (500039),Microsoft Active Directory,APP-ICT03-Portal (avo.local/Demo/Groups/APP-ICT03-Portal),,05/22/2025 01:18:00
Xander Quaedvlieg (500039),Microsoft Active Directory,TEAM-ICT03 (avo.local/Demo/Groups/TEAM-ICT03),,06/28/2026 05:40:00
Xander Quaedvlieg (500039),Microsoft Active Directory,MBX-ICT03 (avo.local/Demo/Groups/MBX-ICT03),,10/19/2025 21:04:00
Kim Dijkgraaf (500040),Microsoft Active Directory,SEC-Antivirus (avo.local/Demo/Groups/SEC-Antivirus),,03/27/2026 02:43:00
Kim Dijkgraaf (500040),Microsoft Active Directory,SEC-DiskEncryption (avo.local/Demo/Groups/SEC-DiskEncryption),,01/31/2026 03:57:00
Kim Dijkgraaf (500040),Microsoft Active Directory,SEC-Endpoint-Protection (avo.local/Demo/Groups/SEC-Endpoint-Protection),,06/25/2025 09:39:00
Kim Dijkgraaf (500040),Microsoft Active Directory,APP-Intranet (avo.local/Demo/Groups/APP-Intranet),,04/06/2025 23:24:00
Kim Dijkgraaf (500040),Microsoft Active Directory,APP-Office365 (avo.local/Demo/Groups/APP-Office365),,03/30/2025 04:53:00
Kim Dijkgraaf (500040),Microsoft Active Directory,APP-HRM02-Portal (avo.local/Demo/Groups/APP-HRM02-Portal),,09/26/2025 00:06:00
Kim Dijkgraaf (500040),Microsoft Active Directory,FS-HRM02-RO (avo.local/Demo/Groups/FS-HRM02-RO),,07/18/2025 00:23:00
Kim Dijkgraaf (500040),Microsoft Active Directory,FS-HRM02-RW (avo.local/Demo/Groups/FS-HRM02-RW),,07/25/2025 22:58:00
Kim Dijkgraaf (500040),Microsoft Active Directory,TEAM-HRM02 (avo.local/Demo/Groups/TEAM-HRM02),,03/12/2026 13:10:00
Kim Dijkgraaf (500040),Microsoft Active Directory,APP-Adobe-AcrobatPro (avo.local/Demo/Groups/APP-Adobe-AcrobatPro),,06/28/2025 13:21:00
Wout Dijkgraaf (500041),Microsoft Active Directory,SEC-Antivirus (avo.local/Demo/Groups/SEC-Antivirus),,06/03/2025 10:35:00
Wout Dijkgraaf (500041),Microsoft Active Directory,SEC-DiskEncryption (avo.local/Demo/Groups/SEC-DiskEncryption),,02/02/2026 18:45:00
Wout Dijkgraaf (500041),Microsoft Active Directory,SEC-MFA-Enrolled (avo.local/Demo/Groups/SEC-MFA-Enrolled),,12/25/2025 04:28:00
Wout Dijkgraaf (500041),Microsoft Active Directory,SEC-Endpoint-Protection (avo.local/Demo/Groups/SEC-Endpoint-Protection),,04/24/2026 07:25:00
Wout Dijkgraaf (500041),Microsoft Active Directory,APP-Office365 (avo.local/Demo/Groups/APP-Office365),,07/28/2026 17:03:00
Wout Dijkgraaf (500041),Microsoft Active Directory,APP-Adobe-AcrobatPro (avo.local/Demo/Groups/APP-Adobe-AcrobatPro),,01/28/2026 10:46:00
Ursula Terlouw (500042),Microsoft Active Directory,SEC-Antivirus (avo.local/Demo/Groups/SEC-Antivirus),,11/07/2025 07:22:00
Ursula Terlouw (500042),Microsoft Active Directory,SEC-DiskEncryption (avo.local/Demo/Groups/SEC-DiskEncryption),,03/29/2026 22:04:00
Ursula Terlouw (500042),Microsoft Active Directory,APP-Intranet (avo.local/Demo/Groups/APP-Intranet),,04/04/2025 13:10:00
Ursula Terlouw (500042),Microsoft Active Directory,APP-Office365 (avo.local/Demo/Groups/APP-Office365),,05/04/2026 04:08:00
Ursula Terlouw (500042),Microsoft Active Directory,APP-CA010-Portal (avo.local/Demo/Groups/APP-CA010-Portal),,06/21/2025 20:53:00
Ursula Terlouw (500042),Microsoft Active Directory,FS-CA010-RW (avo.local/Demo/Groups/FS-CA010-RW),,03/31/2025 18:10:00
Ursula Terlouw (500042),Microsoft Active Directory,MBX-CA010 (avo.local/Demo/Groups/MBX-CA010),,04/19/2025 19:44:00
Ursula Terlouw (500042),Microsoft Active Directory,APP-Selfservice (avo.local/Demo/Groups/APP-Selfservice),,07/11/2025 15:52:00
Zoë Slootweg (500043),Microsoft Active Directory,SEC-Antivirus (avo.local/Demo/Groups/SEC-Antivirus),,09/01/2025 05:33:00
Zoë Slootweg (500043),Microsoft Active Directory,SEC-DiskEncryption (avo.local/Demo/Groups/SEC-DiskEncryption),,11/09/2025 18:49:00
Zoë Slootweg (500043),Microsoft Active Directory,SEC-MFA-Enrolled (avo.local/Demo/Groups/SEC-MFA-Enrolled),,06/12/2025 13:48:00
Zoë Slootweg (500043),Microsoft Active Directory,SEC-Endpoint-Protection (avo.local/Demo/Groups/SEC-Endpoint-Protection),,03/10/2026 03:01:00
Zoë Slootweg (500043),Microsoft Active Directory,APP-Intranet (avo.local/Demo/Groups/APP-Intranet),,08/28/2025 12:51:00
Zoë Slootweg (500043),Microsoft Active Directory,APP-Office365 (avo.local/Demo/Groups/APP-Office365),,06/19/2026 22:27:00
Zoë Slootweg (500043),Microsoft Active Directory,APP-Adobe-AcrobatPro (avo.local/Demo/Groups/APP-Adobe-AcrobatPro),,05/21/2026 02:58:00
Eva Berkhout (500044),Microsoft Active Directory,SEC-DiskEncryption (avo.local/Demo/Groups/SEC-DiskEncryption),,11/09/2025 11:57:00
Eva Berkhout (500044),Microsoft Active Directory,SEC-MFA-Enrolled (avo.local/Demo/Groups/SEC-MFA-Enrolled),,03/30/2026 09:30:00
Eva Berkhout (500044),Microsoft Active Directory,APP-Intranet (avo.local/Demo/Groups/APP-Intranet),,11/01/2025 20:47:00
Eva Berkhout (500044),Microsoft Active Directory,APP-HRM02-Portal (avo.local/Demo/Groups/APP-HRM02-Portal),,06/14/2026 21:39:00
Eva Berkhout (500044),Microsoft Active Directory,FS-HRM02-RO (avo.local/Demo/Groups/FS-HRM02-RO),,04/08/2025 11:39:00
Eva Berkhout (500044),Microsoft Active Directory,FS-HRM02-RW (avo.local/Demo/Groups/FS-HRM02-RW),,05/03/2025 20:13:00
Eva Berkhout (500044),Microsoft Active Directory,MBX-HRM02 (avo.local/Demo/Groups/MBX-HRM02),,07/24/2026 20:32:00
Gijs Nagtegaal (500045),Microsoft Active Directory,SEC-Antivirus (avo.local/Demo/Groups/SEC-Antivirus),,07/03/2025 22:33:00
Gijs Nagtegaal (500045),Microsoft Active Directory,SEC-DiskEncryption (avo.local/Demo/Groups/SEC-DiskEncryption),,05/13/2026 10:07:00
Gijs Nagtegaal (500045),Microsoft Active Directory,SEC-MFA-Enrolled (avo.local/Demo/Groups/SEC-MFA-Enrolled),,08/06/2025 02:27:00
Gijs Nagtegaal (500045),Microsoft Active Directory,APP-Intranet (avo.local/Demo/Groups/APP-Intranet),,05/31/2026 17:01:00
Gijs Nagtegaal (500045),Microsoft Active Directory,APP-Office365 (avo.local/Demo/Groups/APP-Office365),,08/30/2025 16:43:00
Mila Aalbers (500046),Microsoft Active Directory,SEC-Antivirus (avo.local/Demo/Groups/SEC-Antivirus),,07/26/2026 19:48:00
Mila Aalbers (500046),Microsoft Active Directory,SEC-DiskEncryption (avo.local/Demo/Groups/SEC-DiskEncryption),,01/12/2026 12:17:00
Mila Aalbers (500046),Microsoft Active Directory,APP-Intranet (avo.local/Demo/Groups/APP-Intranet),,06/03/2026 08:27:00
Mila Aalbers (500046),Microsoft Active Directory,APP-Office365 (avo.local/Demo/Groups/APP-Office365),,04/11/2025 04:44:00
Mila Aalbers (500046),Microsoft Active Directory,APP-Adobe-AcrobatPro (avo.local/Demo/Groups/APP-Adobe-AcrobatPro),,07/04/2025 05:57:00
Ursula Berkhout (500047),Microsoft Active Directory,SEC-Antivirus (avo.local/Demo/Groups/SEC-Antivirus),,05/30/2026 12:50:00
Ursula Berkhout (500047),Microsoft Active Directory,SEC-Endpoint-Protection (avo.local/Demo/Groups/SEC-Endpoint-Protection),,11/03/2025 23:02:00
Ursula Berkhout (500047),Microsoft Active Directory,APP-Intranet (avo.local/Demo/Groups/APP-Intranet),,02/11/2026 18:00:00
Ursula Berkhout (500047),Microsoft Active Directory,APP-Office365 (avo.local/Demo/Groups/APP-Office365),,05/29/2026 12:39:00
Ursula Berkhout (500047),Microsoft Active Directory,FS-ICT03-RO (avo.local/Demo/Groups/FS-ICT03-RO),,05/17/2025 15:00:00
Ursula Berkhout (500047),Microsoft Active Directory,FS-ICT03-RW (avo.local/Demo/Groups/FS-ICT03-RW),,02/26/2026 08:01:00
Ursula Berkhout (500047),Microsoft Active Directory,TEAM-ICT03 (avo.local/Demo/Groups/TEAM-ICT03),,06/24/2026 09:09:00
Ursula Berkhout (500047),Microsoft Active Directory,MBX-ICT03 (avo.local/Demo/Groups/MBX-ICT03),,05/08/2025 00:12:00
Ursula Berkhout (500047),Microsoft Active Directory,ROLE-Verpleegkundige (avo.local/Demo/Groups/ROLE-Verpleegkundige),,04/05/2026 11:07:00
Ursula Berkhout (500047),Microsoft Active Directory,APP-Visio (avo.local/Demo/Groups/APP-Visio),,07/06/2026 03:05:00
Lars Elzinga (500048),Microsoft Active Directory,SEC-Antivirus (avo.local/Demo/Groups/SEC-Antivirus),,12/21/2025 14:11:00
Lars Elzinga (500048),Microsoft Active Directory,SEC-DiskEncryption (avo.local/Demo/Groups/SEC-DiskEncryption),,06/08/2025 01:21:00
Lars Elzinga (500048),Microsoft Active Directory,SEC-MFA-Enrolled (avo.local/Demo/Groups/SEC-MFA-Enrolled),,03/27/2026 21:51:00
Lars Elzinga (500048),Microsoft Active Directory,SEC-Endpoint-Protection (avo.local/Demo/Groups/SEC-Endpoint-Protection),,04/02/2025 21:02:00
Lars Elzinga (500048),Microsoft Active Directory,APP-Intranet (avo.local/Demo/Groups/APP-Intranet),,04/11/2025 19:54:00
Lars Elzinga (500048),Microsoft Active Directory,APP-Office365 (avo.local/Demo/Groups/APP-Office365),,07/22/2026 22:50:00
Lars Elzinga (500048),Microsoft Active Directory,APP-FIN01-Portal (avo.local/Demo/Groups/APP-FIN01-Portal),,07/02/2026 05:22:00
Lars Elzinga (500048),Microsoft Active Directory,MBX-FIN01 (avo.local/Demo/Groups/MBX-FIN01),,06/07/2026 05:11:00
Gijs Coenen (500049),Microsoft Active Directory,SEC-DiskEncryption (avo.local/Demo/Groups/SEC-DiskEncryption),,07/04/2025 21:07:00
Gijs Coenen (500049),Microsoft Active Directory,SEC-MFA-Enrolled (avo.local/Demo/Groups/SEC-MFA-Enrolled),,06/05/2025 23:29:00
Gijs Coenen (500049),Microsoft Active Directory,SEC-Endpoint-Protection (avo.local/Demo/Groups/SEC-Endpoint-Protection),,03/31/2026 19:39:00
Gijs Coenen (500049),Microsoft Active Directory,APP-Intranet (avo.local/Demo/Groups/APP-Intranet),,06/09/2026 07:16:00
Gijs Coenen (500049),Microsoft Active Directory,APP-Office365 (avo.local/Demo/Groups/APP-Office365),,06/05/2026 01:47:00
Gijs Coenen (500049),Microsoft Active Directory,APP-Visio (avo.local/Demo/Groups/APP-Visio),,06/12/2026 01:50:00
Gijs Wielenga (500050),Microsoft Active Directory,SEC-MFA-Enrolled (avo.local/Demo/Groups/SEC-MFA-Enrolled),,11/20/2025 16:21:00
Gijs Wielenga (500050),Microsoft Active Directory,SEC-Endpoint-Protection (avo.local/Demo/Groups/SEC-Endpoint-Protection),,06/26/2026 01:15:00
Gijs Wielenga (500050),Microsoft Active Directory,APP-Office365 (avo.local/Demo/Groups/APP-Office365),,05/24/2026 04:53:00
Gijs Wielenga (500050),Microsoft Active Directory,ROLE-Verzorgende (avo.local/Demo/Groups/ROLE-Verzorgende),,06/13/2026 18:05:00
Gijs Wielenga (500050),Microsoft Active Directory,APP-Copilot (avo.local/Demo/Groups/APP-Copilot),,06/20/2026 05:53:00
Eva Wielenga (500051),Microsoft Active Directory,SEC-Antivirus (avo.local/Demo/Groups/SEC-Antivirus),,01/24/2026 08:19:00
Eva Wielenga (500051),Microsoft Active Directory,SEC-DiskEncryption (avo.local/Demo/Groups/SEC-DiskEncryption),,02/21/2026 02:38:00
Eva Wielenga (500051),Microsoft Active Directory,SEC-MFA-Enrolled (avo.local/Demo/Groups/SEC-MFA-Enrolled),,06/27/2025 07:28:00
Eva Wielenga (500051),Microsoft Active Directory,SEC-Endpoint-Protection (avo.local/Demo/Groups/SEC-Endpoint-Protection),,12/19/2025 23:55:00
Eva Wielenga (500051),Microsoft Active Directory,APP-Intranet (avo.local/Demo/Groups/APP-Intranet),,03/08/2026 01:44:00
Eva Wielenga (500051),Microsoft Active Directory,APP-Office365 (avo.local/Demo/Groups/APP-Office365),,05/01/2026 18:13:00
Eva Wielenga (500051),Microsoft Active Directory,TEAM-CA010 (avo.local/Demo/Groups/TEAM-CA010),,05/13/2025 16:00:00
Eva Wielenga (500051),Microsoft Active Directory,FS-CA010-RO (avo.local/Demo/Groups/FS-CA010-RO),,09/19/2025 15:05:00
Xander Roozendaal (500052),Microsoft Active Directory,SEC-Antivirus (avo.local/Demo/Groups/SEC-Antivirus),,06/01/2025 06:16:00
Xander Roozendaal (500052),Microsoft Active Directory,SEC-DiskEncryption (avo.local/Demo/Groups/SEC-DiskEncryption),,11/21/2025 01:29:00
Xander Roozendaal (500052),Microsoft Active Directory,SEC-MFA-Enrolled (avo.local/Demo/Groups/SEC-MFA-Enrolled),,09/29/2025 19:22:00
Xander Roozendaal (500052),Microsoft Active Directory,SEC-Endpoint-Protection (avo.local/Demo/Groups/SEC-Endpoint-Protection),,05/04/2025 15:57:00
Xander Roozendaal (500052),Microsoft Active Directory,APP-Office365 (avo.local/Demo/Groups/APP-Office365),,07/12/2025 11:56:00
Xander Roozendaal (500052),Microsoft Active Directory,APP-HRM02-Portal (avo.local/Demo/Groups/APP-HRM02-Portal),,06/26/2026 06:15:00
Xander Roozendaal (500052),Microsoft Active Directory,ROLE-Begeleider (avo.local/Demo/Groups/ROLE-Begeleider),,08/08/2025 17:50:00
Pien Berkhout (500053),Microsoft Active Directory,SEC-Antivirus (avo.local/Demo/Groups/SEC-Antivirus),,11/17/2025 16:42:00
Pien Berkhout (500053),Microsoft Active Directory,SEC-DiskEncryption (avo.local/Demo/Groups/SEC-DiskEncryption),,12/26/2025 01:10:00
Pien Berkhout (500053),Microsoft Active Directory,SEC-MFA-Enrolled (avo.local/Demo/Groups/SEC-MFA-Enrolled),,01/11/2026 03:59:00
Pien Berkhout (500053),Microsoft Active Directory,SEC-Endpoint-Protection (avo.local/Demo/Groups/SEC-Endpoint-Protection),,03/23/2026 08:54:00
Pien Berkhout (500053),Microsoft Active Directory,APP-Office365 (avo.local/Demo/Groups/APP-Office365),,07/06/2025 15:37:00
Zoë Lindeboom (500054),Microsoft Active Directory,SEC-Antivirus (avo.local/Demo/Groups/SEC-Antivirus),,06/14/2025 11:15:00
Zoë Lindeboom (500054),Microsoft Active Directory,SEC-DiskEncryption (avo.local/Demo/Groups/SEC-DiskEncryption),,06/22/2026 14:18:00
Zoë Lindeboom (500054),Microsoft Active Directory,SEC-MFA-Enrolled (avo.local/Demo/Groups/SEC-MFA-Enrolled),,02/05/2026 16:33:00
Zoë Lindeboom (500054),Microsoft Active Directory,SEC-Endpoint-Protection (avo.local/Demo/Groups/SEC-Endpoint-Protection),,04/17/2026 05:03:00
Zoë Lindeboom (500054),Microsoft Active Directory,APP-Office365 (avo.local/Demo/Groups/APP-Office365),,04/07/2025 16:41:00
Zoë Lindeboom (500054),Microsoft Active Directory,APP-ICT03-Portal (avo.local/Demo/Groups/APP-ICT03-Portal),,10/09/2025 21:31:00
Zoë Lindeboom (500054),Microsoft Active Directory,FS-ICT03-RO (avo.local/Demo/Groups/FS-ICT03-RO),,12/30/2025 21:56:00
Zoë Lindeboom (500054),Microsoft Active Directory,FS-ICT03-RW (avo.local/Demo/Groups/FS-ICT03-RW),,08/08/2025 05:43:00
Zoë Lindeboom (500054),Microsoft Active Directory,TEAM-ICT03 (avo.local/Demo/Groups/TEAM-ICT03),,08/01/2025 10:36:00
Zoë Lindeboom (500054),Microsoft Active Directory,MBX-ICT03 (avo.local/Demo/Groups/MBX-ICT03),,11/12/2025 12:09:00
Kim Quaedvlieg (500055),Microsoft Active Directory,SEC-Antivirus (avo.local/Demo/Groups/SEC-Antivirus),,07/14/2026 09:34:00
Kim Quaedvlieg (500055),Microsoft Active Directory,SEC-DiskEncryption (avo.local/Demo/Groups/SEC-DiskEncryption),,05/18/2025 20:13:00
Kim Quaedvlieg (500055),Microsoft Active Directory,SEC-MFA-Enrolled (avo.local/Demo/Groups/SEC-MFA-Enrolled),,04/01/2026 15:43:00
Kim Quaedvlieg (500055),Microsoft Active Directory,APP-Office365 (avo.local/Demo/Groups/APP-Office365),,05/24/2026 11:17:00
Kim Quaedvlieg (500055),Microsoft Active Directory,APP-ICT03-Portal (avo.local/Demo/Groups/APP-ICT03-Portal),,07/16/2025 03:55:00
Kim Quaedvlieg (500055),Microsoft Active Directory,FS-ICT03-RO (avo.local/Demo/Groups/FS-ICT03-RO),,11/27/2025 11:57:00
Kim Quaedvlieg (500055),Microsoft Active Directory,FS-ICT03-RW (avo.local/Demo/Groups/FS-ICT03-RW),,05/19/2025 17:21:00
Kim Quaedvlieg (500055),Microsoft Active Directory,TEAM-ICT03 (avo.local/Demo/Groups/TEAM-ICT03),,02/20/2026 07:02:00
Iris Zomerdijk (500056),Microsoft Active Directory,SEC-Antivirus (avo.local/Demo/Groups/SEC-Antivirus),,03/30/2025 09:13:00
Iris Zomerdijk (500056),Microsoft Active Directory,SEC-Endpoint-Protection (avo.local/Demo/Groups/SEC-Endpoint-Protection),,03/30/2026 03:55:00
Iris Zomerdijk (500056),Microsoft Active Directory,APP-Intranet (avo.local/Demo/Groups/APP-Intranet),,09/13/2025 21:10:00
Iris Zomerdijk (500056),Microsoft Active Directory,APP-Office365 (avo.local/Demo/Groups/APP-Office365),,11/25/2025 10:50:00
Iris Zomerdijk (500056),Microsoft Active Directory,ROLE-Verzorgende (avo.local/Demo/Groups/ROLE-Verzorgende),,07/11/2025 23:53:00
Iris Zomerdijk (500056),Microsoft Active Directory,APP-Copilot (avo.local/Demo/Groups/APP-Copilot),,12/10/2025 04:22:00
Sem Quaedvlieg (500057),Microsoft Active Directory,SEC-Antivirus (avo.local/Demo/Groups/SEC-Antivirus),,12/14/2025 03:05:00
Sem Quaedvlieg (500057),Microsoft Active Directory,SEC-DiskEncryption (avo.local/Demo/Groups/SEC-DiskEncryption),,07/14/2026 23:11:00
Sem Quaedvlieg (500057),Microsoft Active Directory,SEC-MFA-Enrolled (avo.local/Demo/Groups/SEC-MFA-Enrolled),,09/30/2025 14:34:00
Sem Quaedvlieg (500057),Microsoft Active Directory,SEC-Endpoint-Protection (avo.local/Demo/Groups/SEC-Endpoint-Protection),,04/06/2026 03:40:00
Sem Quaedvlieg (500057),Microsoft Active Directory,APP-Office365 (avo.local/Demo/Groups/APP-Office365),,08/11/2025 17:20:00
Sem Quaedvlieg (500057),Microsoft Active Directory,FS-CA060-RO (avo.local/Demo/Groups/FS-CA060-RO),,04/08/2025 09:55:00
Sem Quaedvlieg (500057),Microsoft Active Directory,TEAM-CA060 (avo.local/Demo/Groups/TEAM-CA060),,09/01/2025 13:46:00
Sem Quaedvlieg (500057),Microsoft Active Directory,MBX-CA060 (avo.local/Demo/Groups/MBX-CA060),,03/16/2026 07:33:00
Sem Quaedvlieg (500057),Microsoft Active Directory,APP-Selfservice (avo.local/Demo/Groups/APP-Selfservice),,06/03/2025 07:32:00
Hanna Pronk (500058),Microsoft Active Directory,SEC-Antivirus (avo.local/Demo/Groups/SEC-Antivirus),,08/15/2025 18:03:00
Hanna Pronk (500058),Microsoft Active Directory,SEC-MFA-Enrolled (avo.local/Demo/Groups/SEC-MFA-Enrolled),,04/28/2026 08:56:00
Hanna Pronk (500058),Microsoft Active Directory,SEC-Endpoint-Protection (avo.local/Demo/Groups/SEC-Endpoint-Protection),,12/05/2025 08:31:00
Hanna Pronk (500058),Microsoft Active Directory,APP-Office365 (avo.local/Demo/Groups/APP-Office365),,09/05/2025 10:15:00
Hanna Pronk (500058),Microsoft Active Directory,APP-Adobe-AcrobatPro (avo.local/Demo/Groups/APP-Adobe-AcrobatPro),,01/29/2026 12:22:00
Tess Slootweg (500059),Microsoft Active Directory,SEC-Antivirus (avo.local/Demo/Groups/SEC-Antivirus),,03/12/2026 09:24:00
Tess Slootweg (500059),Microsoft Active Directory,SEC-DiskEncryption (avo.local/Demo/Groups/SEC-DiskEncryption),,06/09/2025 15:54:00
Tess Slootweg (500059),Microsoft Active Directory,SEC-MFA-Enrolled (avo.local/Demo/Groups/SEC-MFA-Enrolled),,02/22/2026 08:16:00
Tess Slootweg (500059),Microsoft Active Directory,SEC-Endpoint-Protection (avo.local/Demo/Groups/SEC-Endpoint-Protection),,03/25/2026 08:31:00
Tess Slootweg (500059),Microsoft Active Directory,APP-Intranet (avo.local/Demo/Groups/APP-Intranet),,07/11/2025 20:35:00
Tess Slootweg (500059),Microsoft Active Directory,APP-Office365 (avo.local/Demo/Groups/APP-Office365),,02/08/2026 05:19:00
Noa Berkhout (500060),Microsoft Active Directory,SEC-DiskEncryption (avo.local/Demo/Groups/SEC-DiskEncryption),,11/02/2025 17:37:00
Noa Berkhout (500060),Microsoft Active Directory,SEC-Endpoint-Protection (avo.local/Demo/Groups/SEC-Endpoint-Protection),,04/27/2026 05:10:00
Noa Berkhout (500060),Microsoft Active Directory,APP-Intranet (avo.local/Demo/Groups/APP-Intranet),,05/03/2025 17:08:00
Noa Berkhout (500060),Microsoft Active Directory,APP-Office365 (avo.local/Demo/Groups/APP-Office365),,11/03/2025 23:06:00
Noa Berkhout (500060),Microsoft Active Directory,ROLE-Verpleegkundige (avo.local/Demo/Groups/ROLE-Verpleegkundige),,05/06/2026 15:20:00
Noa Berkhout (500060),Microsoft Active Directory,APP-Visio (avo.local/Demo/Groups/APP-Visio),,06/28/2026 00:02:00
Finn Quaedvlieg (500061),Microsoft Active Directory,SEC-DiskEncryption (avo.local/Demo/Groups/SEC-DiskEncryption),,04/25/2026 20:13:00
Finn Quaedvlieg (500061),Microsoft Active Directory,SEC-MFA-Enrolled (avo.local/Demo/Groups/SEC-MFA-Enrolled),,07/07/2026 07:14:00
Finn Quaedvlieg (500061),Microsoft Active Directory,APP-Intranet (avo.local/Demo/Groups/APP-Intranet),,12/07/2025 06:54:00
Finn Quaedvlieg (500061),Microsoft Active Directory,APP-Office365 (avo.local/Demo/Groups/APP-Office365),,06/03/2025 21:22:00
Vera Jonker (500062),Microsoft Active Directory,SEC-Antivirus (avo.local/Demo/Groups/SEC-Antivirus),,04/23/2026 22:27:00
Vera Jonker (500062),Microsoft Active Directory,SEC-DiskEncryption (avo.local/Demo/Groups/SEC-DiskEncryption),,10/13/2025 14:50:00
Vera Jonker (500062),Microsoft Active Directory,SEC-MFA-Enrolled (avo.local/Demo/Groups/SEC-MFA-Enrolled),,06/30/2025 13:27:00
Vera Jonker (500062),Microsoft Active Directory,SEC-Endpoint-Protection (avo.local/Demo/Groups/SEC-Endpoint-Protection),,08/16/2025 10:12:00
Vera Jonker (500062),Microsoft Active Directory,APP-Office365 (avo.local/Demo/Groups/APP-Office365),,06/17/2026 18:29:00
Zoë Hoekstra (500063),Microsoft Active Directory,SEC-Antivirus (avo.local/Demo/Groups/SEC-Antivirus),,08/29/2025 18:34:00
Zoë Hoekstra (500063),Microsoft Active Directory,SEC-DiskEncryption (avo.local/Demo/Groups/SEC-DiskEncryption),,09/06/2025 08:19:00
Zoë Hoekstra (500063),Microsoft Active Directory,SEC-MFA-Enrolled (avo.local/Demo/Groups/SEC-MFA-Enrolled),,03/07/2026 10:54:00
Zoë Hoekstra (500063),Microsoft Active Directory,APP-Intranet (avo.local/Demo/Groups/APP-Intranet),,03/04/2026 08:47:00
Zoë Hoekstra (500063),Microsoft Active Directory,APP-Office365 (avo.local/Demo/Groups/APP-Office365),,01/13/2026 14:35:00
Zoë Hoekstra (500063),Microsoft Active Directory,APP-CA010-Portal (avo.local/Demo/Groups/APP-CA010-Portal),,11/10/2025 18:14:00
Zoë Hoekstra (500063),Microsoft Active Directory,FS-CA010-RW (avo.local/Demo/Groups/FS-CA010-RW),,04/22/2025 07:34:00
Zoë Hoekstra (500063),Microsoft Active Directory,TEAM-CA010 (avo.local/Demo/Groups/TEAM-CA010),,04/19/2026 05:26:00
Zoë Hoekstra (500063),Microsoft Active Directory,MBX-CA010 (avo.local/Demo/Groups/MBX-CA010),,09/19/2025 16:38:00
Zoë Hoekstra (500063),Microsoft Active Directory,APP-Selfservice (avo.local/Demo/Groups/APP-Selfservice),,05/02/2025 00:06:00
Zoë Hoekstra (500063),Microsoft Active Directory,APP-Visio (avo.local/Demo/Groups/APP-Visio),,10/06/2025 11:45:00
Hanna Roozendaal (500064),Microsoft Active Directory,SEC-Antivirus (avo.local/Demo/Groups/SEC-Antivirus),,07/15/2026 10:00:00
Hanna Roozendaal (500064),Microsoft Active Directory,SEC-DiskEncryption (avo.local/Demo/Groups/SEC-DiskEncryption),,09/03/2025 22:19:00
Hanna Roozendaal (500064),Microsoft Active Directory,APP-Intranet (avo.local/Demo/Groups/APP-Intranet),,12/19/2025 05:20:00
Hanna Roozendaal (500064),Microsoft Active Directory,APP-Office365 (avo.local/Demo/Groups/APP-Office365),,06/06/2025 00:58:00
Daan Berkhout (500065),Microsoft Active Directory,SEC-MFA-Enrolled (avo.local/Demo/Groups/SEC-MFA-Enrolled),,05/23/2026 18:06:00
Daan Berkhout (500065),Microsoft Active Directory,APP-Intranet (avo.local/Demo/Groups/APP-Intranet),,01/12/2026 02:49:00
Daan Berkhout (500065),Microsoft Active Directory,APP-Office365 (avo.local/Demo/Groups/APP-Office365),,06/22/2025 17:50:00
Daan Berkhout (500065),Microsoft Active Directory,APP-CB12-Portal (avo.local/Demo/Groups/APP-CB12-Portal),,12/18/2025 18:27:00
Daan Berkhout (500065),Microsoft Active Directory,FS-CB12-RO (avo.local/Demo/Groups/FS-CB12-RO),,12/12/2025 14:52:00
Daan Berkhout (500065),Microsoft Active Directory,FS-CB12-RW (avo.local/Demo/Groups/FS-CB12-RW),,03/29/2026 08:36:00
Daan Berkhout (500065),Microsoft Active Directory,TEAM-CB12 (avo.local/Demo/Groups/TEAM-CB12),,12/13/2025 03:49:00
Daan Berkhout (500065),Microsoft Active Directory,APP-Selfservice (avo.local/Demo/Groups/APP-Selfservice),,05/26/2025 21:41:00
Daan Berkhout (500065),Microsoft Active Directory,ROLE-Verzorgende (avo.local/Demo/Groups/ROLE-Verzorgende),,05/05/2025 04:24:00
Hanna Coenen (500066),Microsoft Active Directory,SEC-Antivirus (avo.local/Demo/Groups/SEC-Antivirus),,03/31/2026 19:44:00
Hanna Coenen (500066),Microsoft Active Directory,SEC-MFA-Enrolled (avo.local/Demo/Groups/SEC-MFA-Enrolled),,07/10/2026 07:17:00
Hanna Coenen (500066),Microsoft Active Directory,SEC-Endpoint-Protection (avo.local/Demo/Groups/SEC-Endpoint-Protection),,03/08/2026 20:41:00
Hanna Coenen (500066),Microsoft Active Directory,APP-Intranet (avo.local/Demo/Groups/APP-Intranet),,11/05/2025 18:16:00
Hanna Coenen (500066),Microsoft Active Directory,APP-Office365 (avo.local/Demo/Groups/APP-Office365),,07/19/2025 21:57:00
Hanna Coenen (500066),Microsoft Active Directory,APP-ICT03-Portal (avo.local/Demo/Groups/APP-ICT03-Portal),,01/22/2026 21:22:00
Hanna Coenen (500066),Microsoft Active Directory,FS-ICT03-RO (avo.local/Demo/Groups/FS-ICT03-RO),,10/06/2025 02:41:00
Hanna Coenen (500066),Microsoft Active Directory,TEAM-ICT03 (avo.local/Demo/Groups/TEAM-ICT03),,04/08/2026 08:39:00
Hanna Coenen (500066),Microsoft Active Directory,MBX-ICT03 (avo.local/Demo/Groups/MBX-ICT03),,07/22/2026 12:12:00
Pien Jonker (500067),Microsoft Active Directory,SEC-DiskEncryption (avo.local/Demo/Groups/SEC-DiskEncryption),,04/29/2026 16:05:00
Pien Jonker (500067),Microsoft Active Directory,SEC-MFA-Enrolled (avo.local/Demo/Groups/SEC-MFA-Enrolled),,03/08/2026 15:57:00
Pien Jonker (500067),Microsoft Active Directory,SEC-Endpoint-Protection (avo.local/Demo/Groups/SEC-Endpoint-Protection),,07/23/2025 07:42:00
Pien Jonker (500067),Microsoft Active Directory,APP-Office365 (avo.local/Demo/Groups/APP-Office365),,07/21/2026 23:56:00
Pien Jonker (500067),Microsoft Active Directory,APP-CA060-Portal (avo.local/Demo/Groups/APP-CA060-Portal),,01/08/2026 12:03:00
Pien Jonker (500067),Microsoft Active Directory,FS-CA060-RO (avo.local/Demo/Groups/FS-CA060-RO),,07/10/2025 03:41:00
Pien Jonker (500067),Microsoft Active Directory,TEAM-CA060 (avo.local/Demo/Groups/TEAM-CA060),,04/28/2025 01:53:00
Pien Jonker (500067),Microsoft Active Directory,APP-Selfservice (avo.local/Demo/Groups/APP-Selfservice),,05/01/2025 18:42:00
Pien Jonker (500067),Microsoft Active Directory,MBX-HRM02 (avo.local/Demo/Groups/MBX-HRM02),,07/30/2026 07:22:00
Pien Jonker (500067),Microsoft Active Directory,FS-HRM02-RO (avo.local/Demo/Groups/FS-HRM02-RO),,05/29/2026 20:25:00
Jasper Kalisvaart (500068),Microsoft Active Directory,SEC-Antivirus (avo.local/Demo/Groups/SEC-Antivirus),,04/11/2026 15:12:00
Jasper Kalisvaart (500068),Microsoft Active Directory,SEC-DiskEncryption (avo.local/Demo/Groups/SEC-DiskEncryption),,07/27/2025 22:10:00
Jasper Kalisvaart (500068),Microsoft Active Directory,SEC-Endpoint-Protection (avo.local/Demo/Groups/SEC-Endpoint-Protection),,09/16/2025 16:06:00
Jasper Kalisvaart (500068),Microsoft Active Directory,APP-Intranet (avo.local/Demo/Groups/APP-Intranet),,04/19/2025 02:12:00
Jasper Kalisvaart (500068),Microsoft Active Directory,APP-Office365 (avo.local/Demo/Groups/APP-Office365),,12/01/2025 03:38:00
Gijs Nagtegaal (500069),Microsoft Active Directory,SEC-Antivirus (avo.local/Demo/Groups/SEC-Antivirus),,07/11/2026 08:54:00
Gijs Nagtegaal (500069),Microsoft Active Directory,SEC-DiskEncryption (avo.local/Demo/Groups/SEC-DiskEncryption),,10/22/2025 00:47:00
Gijs Nagtegaal (500069),Microsoft Active Directory,SEC-MFA-Enrolled (avo.local/Demo/Groups/SEC-MFA-Enrolled),,02/20/2026 07:55:00
Gijs Nagtegaal (500069),Microsoft Active Directory,SEC-Endpoint-Protection (avo.local/Demo/Groups/SEC-Endpoint-Protection),,09/12/2025 10:31:00
Gijs Nagtegaal (500069),Microsoft Active Directory,APP-Intranet (avo.local/Demo/Groups/APP-Intranet),,03/24/2026 10:51:00
Gijs Nagtegaal (500069),Microsoft Active Directory,APP-Office365 (avo.local/Demo/Groups/APP-Office365),,05/19/2025 13:48:00
Gijs Nagtegaal (500069),Microsoft Active Directory,APP-CA060-Portal (avo.local/Demo/Groups/APP-CA060-Portal),,05/16/2026 10:31:00
Gijs Nagtegaal (500069),Microsoft Active Directory,FS-CA060-RW (avo.local/Demo/Groups/FS-CA060-RW),,04/18/2026 04:10:00
Gijs Nagtegaal (500069),Microsoft Active Directory,TEAM-CA060 (avo.local/Demo/Groups/TEAM-CA060),,06/26/2025 13:30:00
Gijs Nagtegaal (500069),Microsoft Active Directory,APP-Selfservice (avo.local/Demo/Groups/APP-Selfservice),,04/07/2026 21:14:00
Lars Pronk (500070),Microsoft Active Directory,SEC-Antivirus (avo.local/Demo/Groups/SEC-Antivirus),,04/04/2026 07:08:00
Lars Pronk (500070),Microsoft Active Directory,SEC-DiskEncryption (avo.local/Demo/Groups/SEC-DiskEncryption),,02/05/2026 12:54:00
Lars Pronk (500070),Microsoft Active Directory,SEC-MFA-Enrolled (avo.local/Demo/Groups/SEC-MFA-Enrolled),,05/19/2026 08:28:00
Lars Pronk (500070),Microsoft Active Directory,APP-Intranet (avo.local/Demo/Groups/APP-Intranet),,07/06/2025 09:07:00
Lars Pronk (500070),Microsoft Active Directory,APP-Office365 (avo.local/Demo/Groups/APP-Office365),,05/28/2026 19:57:00
Pien Nagtegaal (500071),Microsoft Active Directory,SEC-MFA-Enrolled (avo.local/Demo/Groups/SEC-MFA-Enrolled),,07/15/2026 12:50:00
Pien Nagtegaal (500071),Microsoft Active Directory,SEC-Endpoint-Protection (avo.local/Demo/Groups/SEC-Endpoint-Protection),,07/03/2026 19:46:00
Pien Nagtegaal (500071),Microsoft Active Directory,APP-Office365 (avo.local/Demo/Groups/APP-Office365),,11/13/2025 01:33:00
Pien Nagtegaal (500071),Microsoft Active Directory,APP-CA010-Portal (avo.local/Demo/Groups/APP-CA010-Portal),,06/29/2026 21:04:00
Pien Nagtegaal (500071),Microsoft Active Directory,FS-CA010-RO (avo.local/Demo/Groups/FS-CA010-RO),,01/20/2026 08:27:00
Pien Nagtegaal (500071),Microsoft Active Directory,FS-CA010-RW (avo.local/Demo/Groups/FS-CA010-RW),,09/08/2025 04:06:00
Pien Nagtegaal (500071),Microsoft Active Directory,TEAM-CA010 (avo.local/Demo/Groups/TEAM-CA010),,02/03/2026 22:49:00
Pien Nagtegaal (500071),Microsoft Active Directory,MBX-CA010 (avo.local/Demo/Groups/MBX-CA010),,03/22/2025 19:37:00
Pien Nagtegaal (500071),Microsoft Active Directory,APP-Selfservice (avo.local/Demo/Groups/APP-Selfservice),,01/07/2026 06:14:00
Hanna Coenen (500072),Microsoft Active Directory,SEC-DiskEncryption (avo.local/Demo/Groups/SEC-DiskEncryption),,12/26/2025 21:10:00
Hanna Coenen (500072),Microsoft Active Directory,SEC-MFA-Enrolled (avo.local/Demo/Groups/SEC-MFA-Enrolled),,12/17/2025 07:48:00
Hanna Coenen (500072),Microsoft Active Directory,SEC-Endpoint-Protection (avo.local/Demo/Groups/SEC-Endpoint-Protection),,04/07/2026 06:06:00
Hanna Coenen (500072),Microsoft Active Directory,APP-Intranet (avo.local/Demo/Groups/APP-Intranet),,04/14/2025 09:41:00
Hanna Coenen (500072),Microsoft Active Directory,APP-Office365 (avo.local/Demo/Groups/APP-Office365),,06/02/2026 17:10:00
Hanna Coenen (500072),Microsoft Active Directory,ROLE-Verpleegkundige (avo.local/Demo/Groups/ROLE-Verpleegkundige),,05/26/2026 02:28:00
Lars Gerritsen (500073),Microsoft Active Directory,SEC-Antivirus (avo.local/Demo/Groups/SEC-Antivirus),,02/18/2026 01:40:00
Lars Gerritsen (500073),Microsoft Active Directory,SEC-DiskEncryption (avo.local/Demo/Groups/SEC-DiskEncryption),,07/21/2026 03:53:00
Lars Gerritsen (500073),Microsoft Active Directory,SEC-Endpoint-Protection (avo.local/Demo/Groups/SEC-Endpoint-Protection),,03/06/2026 19:35:00
Lars Gerritsen (500073),Microsoft Active Directory,APP-Intranet (avo.local/Demo/Groups/APP-Intranet),,05/21/2025 13:51:00
Lars Gerritsen (500073),Microsoft Active Directory,APP-CZ08-Portal (avo.local/Demo/Groups/APP-CZ08-Portal),,04/22/2026 18:34:00
Lars Gerritsen (500073),Microsoft Active Directory,FS-CZ08-RO (avo.local/Demo/Groups/FS-CZ08-RO),,09/30/2025 16:15:00
Lars Gerritsen (500073),Microsoft Active Directory,APP-Adobe-AcrobatPro (avo.local/Demo/Groups/APP-Adobe-AcrobatPro),,07/20/2026 13:08:00
Lars Gerritsen (500073),Microsoft Active Directory,FS-Begeleider-DATA (avo.local/Demo/Groups/FS-Begeleider-DATA),,06/11/2025 01:22:00
Olivier Quaedvlieg (500074),Microsoft Active Directory,SEC-Antivirus (avo.local/Demo/Groups/SEC-Antivirus),,12/03/2025 13:13:00
Olivier Quaedvlieg (500074),Microsoft Active Directory,SEC-Endpoint-Protection (avo.local/Demo/Groups/SEC-Endpoint-Protection),,07/21/2026 07:11:00
Olivier Quaedvlieg (500074),Microsoft Active Directory,APP-Intranet (avo.local/Demo/Groups/APP-Intranet),,04/23/2025 16:14:00
Olivier Quaedvlieg (500074),Microsoft Active Directory,APP-Office365 (avo.local/Demo/Groups/APP-Office365),,10/05/2025 04:32:00
Sem Berkhout (500075),Microsoft Active Directory,SEC-Antivirus (avo.local/Demo/Groups/SEC-Antivirus),,05/27/2025 12:22:00
Sem Berkhout (500075),Microsoft Active Directory,SEC-MFA-Enrolled (avo.local/Demo/Groups/SEC-MFA-Enrolled),,09/04/2025 00:23:00
Sem Berkhout (500075),Microsoft Active Directory,APP-Intranet (avo.local/Demo/Groups/APP-Intranet),,02/06/2026 17:04:00
Sem Berkhout (500075),Microsoft Active Directory,APP-Office365 (avo.local/Demo/Groups/APP-Office365),,02/02/2026 05:39:00
Sem Berkhout (500075),Microsoft Active Directory,ROLE-Begeleider (avo.local/Demo/Groups/ROLE-Begeleider),,07/03/2026 13:34:00
Daan Fokkema (500076),Microsoft Active Directory,SEC-Antivirus (avo.local/Demo/Groups/SEC-Antivirus),,07/19/2025 16:10:00
Daan Fokkema (500076),Microsoft Active Directory,SEC-DiskEncryption (avo.local/Demo/Groups/SEC-DiskEncryption),,06/04/2025 10:55:00
Daan Fokkema (500076),Microsoft Active Directory,SEC-MFA-Enrolled (avo.local/Demo/Groups/SEC-MFA-Enrolled),,03/03/2026 13:34:00
Daan Fokkema (500076),Microsoft Active Directory,APP-Intranet (avo.local/Demo/Groups/APP-Intranet),,07/20/2026 08:23:00
Daan Fokkema (500076),Microsoft Active Directory,APP-ICT03-Portal (avo.local/Demo/Groups/APP-ICT03-Portal),,04/04/2025 21:38:00
Daan Fokkema (500076),Microsoft Active Directory,FS-ICT03-RO (avo.local/Demo/Groups/FS-ICT03-RO),,05/01/2026 18:32:00
Daan Fokkema (500076),Microsoft Active Directory,TEAM-ICT03 (avo.local/Demo/Groups/TEAM-ICT03),,05/11/2026 21:42:00
Wout Jonker (500077),Microsoft Active Directory,SEC-Antivirus (avo.local/Demo/Groups/SEC-Antivirus),,10/14/2025 12:35:00
Wout Jonker (500077),Microsoft Active Directory,SEC-DiskEncryption (avo.local/Demo/Groups/SEC-DiskEncryption),,05/11/2026 12:22:00
Wout Jonker (500077),Microsoft Active Directory,SEC-Endpoint-Protection (avo.local/Demo/Groups/SEC-Endpoint-Protection),,08/09/2025 01:16:00
Wout Jonker (500077),Microsoft Active Directory,APP-Intranet (avo.local/Demo/Groups/APP-Intranet),,08/06/2025 14:12:00
Hanna Roozendaal (500078),Microsoft Active Directory,SEC-Antivirus (avo.local/Demo/Groups/SEC-Antivirus),,06/07/2026 15:34:00
Hanna Roozendaal (500078),Microsoft Active Directory,SEC-MFA-Enrolled (avo.local/Demo/Groups/SEC-MFA-Enrolled),,06/01/2025 21:24:00
Hanna Roozendaal (500078),Microsoft Active Directory,SEC-Endpoint-Protection (avo.local/Demo/Groups/SEC-Endpoint-Protection),,04/17/2025 16:43:00
Hanna Roozendaal (500078),Microsoft Active Directory,APP-Intranet (avo.local/Demo/Groups/APP-Intranet),,07/25/2025 08:01:00
Hanna Roozendaal (500078),Microsoft Active Directory,APP-Office365 (avo.local/Demo/Groups/APP-Office365),,07/29/2026 21:13:00
Hanna Roozendaal (500078),Microsoft Active Directory,APP-CB12-Portal (avo.local/Demo/Groups/APP-CB12-Portal),,04/07/2026 23:04:00
Hanna Roozendaal (500078),Microsoft Active Directory,FS-CB12-RO (avo.local/Demo/Groups/FS-CB12-RO),,07/04/2025 19:37:00
Hanna Roozendaal (500078),Microsoft Active Directory,FS-CB12-RW (avo.local/Demo/Groups/FS-CB12-RW),,05/10/2025 16:17:00
Hanna Roozendaal (500078),Microsoft Active Directory,TEAM-CB12 (avo.local/Demo/Groups/TEAM-CB12),,09/03/2025 19:09:00
Hanna Roozendaal (500078),Microsoft Active Directory,MBX-CB12 (avo.local/Demo/Groups/MBX-CB12),,09/25/2025 05:20:00
Tess Terlouw (500079),Microsoft Active Directory,SEC-Antivirus (avo.local/Demo/Groups/SEC-Antivirus),,07/24/2026 06:40:00
Tess Terlouw (500079),Microsoft Active Directory,SEC-DiskEncryption (avo.local/Demo/Groups/SEC-DiskEncryption),,09/25/2025 01:38:00
Tess Terlouw (500079),Microsoft Active Directory,SEC-MFA-Enrolled (avo.local/Demo/Groups/SEC-MFA-Enrolled),,03/24/2026 08:26:00
Tess Terlouw (500079),Microsoft Active Directory,SEC-Endpoint-Protection (avo.local/Demo/Groups/SEC-Endpoint-Protection),,04/14/2026 05:30:00
Tess Terlouw (500079),Microsoft Active Directory,APP-Office365 (avo.local/Demo/Groups/APP-Office365),,05/27/2026 16:06:00
Tess Terlouw (500079),Microsoft Active Directory,APP-CB12-Portal (avo.local/Demo/Groups/APP-CB12-Portal),,01/01/2026 21:45:00
Tess Terlouw (500079),Microsoft Active Directory,FS-CB12-RO (avo.local/Demo/Groups/FS-CB12-RO),,12/24/2025 10:41:00
Tess Terlouw (500079),Microsoft Active Directory,FS-CB12-RW (avo.local/Demo/Groups/FS-CB12-RW),,05/09/2025 16:07:00
Tess Terlouw (500079),Microsoft Active Directory,TEAM-CB12 (avo.local/Demo/Groups/TEAM-CB12),,07/13/2026 06:12:00
Tess Terlouw (500079),Microsoft Active Directory,MBX-CB12 (avo.local/Demo/Groups/MBX-CB12),,11/12/2025 07:08:00
Tess Terlouw (500079),Microsoft Active Directory,APP-Selfservice (avo.local/Demo/Groups/APP-Selfservice),,03/28/2025 08:11:00
Tess Terlouw (500079),Microsoft Active Directory,ROLE-Begeleider (avo.local/Demo/Groups/ROLE-Begeleider),,06/07/2026 14:28:00
Roos Fokkema (500080),Microsoft Active Directory,SEC-Antivirus (avo.local/Demo/Groups/SEC-Antivirus),,03/09/2026 07:26:00
Roos Fokkema (500080),Microsoft Active Directory,SEC-DiskEncryption (avo.local/Demo/Groups/SEC-DiskEncryption),,08/28/2025 13:54:00
Roos Fokkema (500080),Microsoft Active Directory,SEC-Endpoint-Protection (avo.local/Demo/Groups/SEC-Endpoint-Protection),,05/15/2025 21:58:00
Roos Fokkema (500080),Microsoft Active Directory,APP-Intranet (avo.local/Demo/Groups/APP-Intranet),,09/01/2025 09:54:00
Roos Fokkema (500080),Microsoft Active Directory,APP-Office365 (avo.local/Demo/Groups/APP-Office365),,01/19/2026 09:46:00
Roos Fokkema (500080),Microsoft Active Directory,APP-CZ08-Portal (avo.local/Demo/Groups/APP-CZ08-Portal),,10/20/2025 12:26:00
Roos Fokkema (500080),Microsoft Active Directory,FS-CZ08-RO (avo.local/Demo/Groups/FS-CZ08-RO),,03/20/2026 22:02:00
Roos Fokkema (500080),Microsoft Active Directory,TEAM-CZ08 (avo.local/Demo/Groups/TEAM-CZ08),,08/27/2025 18:30:00
Roos Fokkema (500080),Microsoft Active Directory,APP-Selfservice (avo.local/Demo/Groups/APP-Selfservice),,06/03/2026 11:57:00
Roos Fokkema (500080),Microsoft Active Directory,ROLE-Verpleegkundige (avo.local/Demo/Groups/ROLE-Verpleegkundige),,09/08/2025 03:06:00
Roos Fokkema (500080),Microsoft Active Directory,APP-Visio (avo.local/Demo/Groups/APP-Visio),,06/03/2026 23:53:00
Pien Aalbers (500081),Microsoft Active Directory,SEC-DiskEncryption (avo.local/Demo/Groups/SEC-DiskEncryption),,07/12/2026 08:24:00
Pien Aalbers (500081),Microsoft Active Directory,SEC-MFA-Enrolled (avo.local/Demo/Groups/SEC-MFA-Enrolled),,12/31/2025 15:06:00
Pien Aalbers (500081),Microsoft Active Directory,SEC-Endpoint-Protection (avo.local/Demo/Groups/SEC-Endpoint-Protection),,01/25/2026 20:16:00
Pien Aalbers (500081),Microsoft Active Directory,APP-Intranet (avo.local/Demo/Groups/APP-Intranet),,12/12/2025 08:54:00
Mila Nagtegaal (500082),Microsoft Active Directory,SEC-DiskEncryption (avo.local/Demo/Groups/SEC-DiskEncryption),,10/08/2025 16:39:00
Mila Nagtegaal (500082),Microsoft Active Directory,APP-Intranet (avo.local/Demo/Groups/APP-Intranet),,08/01/2025 03:58:00
Mila Nagtegaal (500082),Microsoft Active Directory,APP-Office365 (avo.local/Demo/Groups/APP-Office365),,04/03/2026 02:26:00
Mila Nagtegaal (500082),Microsoft Active Directory,FS-ICT03-RO (avo.local/Demo/Groups/FS-ICT03-RO),,06/28/2026 14:03:00
Mila Nagtegaal (500082),Microsoft Active Directory,FS-ICT03-RW (avo.local/Demo/Groups/FS-ICT03-RW),,04/16/2025 16:33:00
Mila Nagtegaal (500082),Microsoft Active Directory,MBX-ICT03 (avo.local/Demo/Groups/MBX-ICT03),,07/23/2025 18:59:00
Mila Nagtegaal (500082),Microsoft Active Directory,APP-Adobe-AcrobatPro (avo.local/Demo/Groups/APP-Adobe-AcrobatPro),,05/22/2026 08:38:00
Quinten Oosterhuis (500083),Microsoft Active Directory,SEC-Antivirus (avo.local/Demo/Groups/SEC-Antivirus),,12/20/2025 08:02:00
Quinten Oosterhuis (500083),Microsoft Active Directory,SEC-Endpoint-Protection (avo.local/Demo/Groups/SEC-Endpoint-Protection),,05/12/2026 01:52:00
Quinten Oosterhuis (500083),Microsoft Active Directory,APP-Intranet (avo.local/Demo/Groups/APP-Intranet),,12/15/2025 17:17:00
Quinten Oosterhuis (500083),Microsoft Active Directory,APP-Office365 (avo.local/Demo/Groups/APP-Office365),,04/23/2025 01:20:00
Quinten Oosterhuis (500083),Microsoft Active Directory,FS-CZ08-RW (avo.local/Demo/Groups/FS-CZ08-RW),,06/28/2026 06:48:00
Quinten Oosterhuis (500083),Microsoft Active Directory,TEAM-CZ08 (avo.local/Demo/Groups/TEAM-CZ08),,06/12/2025 02:46:00
Mila Uijlenbroek (500084),Microsoft Active Directory,SEC-Antivirus (avo.local/Demo/Groups/SEC-Antivirus),,06/27/2025 08:42:00
Mila Uijlenbroek (500084),Microsoft Active Directory,SEC-MFA-Enrolled (avo.local/Demo/Groups/SEC-MFA-Enrolled),,04/09/2025 10:42:00
Mila Uijlenbroek (500084),Microsoft Active Directory,APP-Intranet (avo.local/Demo/Groups/APP-Intranet),,09/14/2025 08:31:00
Mila Uijlenbroek (500084),Microsoft Active Directory,APP-Office365 (avo.local/Demo/Groups/APP-Office365),,10/01/2025 01:33:00
Roos Jonker (500085),Microsoft Active Directory,SEC-Antivirus (avo.local/Demo/Groups/SEC-Antivirus),,07/25/2025 17:48:00
Roos Jonker (500085),Microsoft Active Directory,SEC-DiskEncryption (avo.local/Demo/Groups/SEC-DiskEncryption),,04/16/2026 12:47:00
Roos Jonker (500085),Microsoft Active Directory,SEC-MFA-Enrolled (avo.local/Demo/Groups/SEC-MFA-Enrolled),,10/21/2025 00:24:00
Roos Jonker (500085),Microsoft Active Directory,APP-Office365 (avo.local/Demo/Groups/APP-Office365),,06/27/2025 16:06:00
Roos Jonker (500085),Microsoft Active Directory,FS-ICT03-RO (avo.local/Demo/Groups/FS-ICT03-RO),,11/16/2025 06:19:00
Roos Jonker (500085),Microsoft Active Directory,FS-ICT03-RW (avo.local/Demo/Groups/FS-ICT03-RW),,11/13/2025 18:01:00
Roos Jonker (500085),Microsoft Active Directory,TEAM-ICT03 (avo.local/Demo/Groups/TEAM-ICT03),,04/13/2025 12:30:00
Vera Roozendaal (500086),Microsoft Active Directory,SEC-MFA-Enrolled (avo.local/Demo/Groups/SEC-MFA-Enrolled),,03/18/2026 00:10:00
Vera Roozendaal (500086),Microsoft Active Directory,SEC-Endpoint-Protection (avo.local/Demo/Groups/SEC-Endpoint-Protection),,09/20/2025 10:44:00
Vera Roozendaal (500086),Microsoft Active Directory,APP-Intranet (avo.local/Demo/Groups/APP-Intranet),,05/27/2026 22:20:00
Anne Roozendaal (500087),Microsoft Active Directory,SEC-DiskEncryption (avo.local/Demo/Groups/SEC-DiskEncryption),,01/19/2026 01:38:00
Anne Roozendaal (500087),Microsoft Active Directory,SEC-MFA-Enrolled (avo.local/Demo/Groups/SEC-MFA-Enrolled),,09/06/2025 15:46:00
Anne Roozendaal (500087),Microsoft Active Directory,SEC-Endpoint-Protection (avo.local/Demo/Groups/SEC-Endpoint-Protection),,04/10/2026 23:14:00
Anne Roozendaal (500087),Microsoft Active Directory,APP-Office365 (avo.local/Demo/Groups/APP-Office365),,11/24/2025 04:31:00
Anne Roozendaal (500087),Microsoft Active Directory,APP-CB12-Portal (avo.local/Demo/Groups/APP-CB12-Portal),,09/09/2025 10:30:00
Anne Roozendaal (500087),Microsoft Active Directory,FS-CB12-RO (avo.local/Demo/Groups/FS-CB12-RO),,07/12/2025 13:57:00
Anne Roozendaal (500087),Microsoft Active Directory,FS-CB12-RW (avo.local/Demo/Groups/FS-CB12-RW),,01/24/2026 18:04:00
Anne Roozendaal (500087),Microsoft Active Directory,TEAM-CB12 (avo.local/Demo/Groups/TEAM-CB12),,08/16/2025 17:40:00
Anne Roozendaal (500087),Microsoft Active Directory,APP-Selfservice (avo.local/Demo/Groups/APP-Selfservice),,07/11/2026 17:33:00
Anne Roozendaal (500087),Microsoft Active Directory,APP-Adobe-AcrobatPro (avo.local/Demo/Groups/APP-Adobe-AcrobatPro),,07/13/2025 13:50:00
Quinten Jonker (500088),Microsoft Active Directory,SEC-Antivirus (avo.local/Demo/Groups/SEC-Antivirus),,07/09/2025 10:32:00
Quinten Jonker (500088),Microsoft Active Directory,SEC-DiskEncryption (avo.local/Demo/Groups/SEC-DiskEncryption),,09/16/2025 07:03:00
Quinten Jonker (500088),Microsoft Active Directory,SEC-MFA-Enrolled (avo.local/Demo/Groups/SEC-MFA-Enrolled),,06/03/2025 09:35:00
Quinten Jonker (500088),Microsoft Active Directory,APP-Intranet (avo.local/Demo/Groups/APP-Intranet),,01/08/2026 15:27:00
Quinten Jonker (500088),Microsoft Active Directory,APP-CB12-Portal (avo.local/Demo/Groups/APP-CB12-Portal),,07/29/2026 13:46:00
Quinten Jonker (500088),Microsoft Active Directory,FS-CB12-RO (avo.local/Demo/Groups/FS-CB12-RO),,07/24/2026 06:11:00
Quinten Jonker (500088),Microsoft Active Directory,TEAM-CB12 (avo.local/Demo/Groups/TEAM-CB12),,09/10/2025 23:01:00
Quinten Jonker (500088),Microsoft Active Directory,MBX-CB12 (avo.local/Demo/Groups/MBX-CB12),,06/12/2025 06:03:00
Quinten Jonker (500088),Microsoft Active Directory,APP-Selfservice (avo.local/Demo/Groups/APP-Selfservice),,05/02/2025 11:42:00
Quinten Jonker (500088),Microsoft Active Directory,ROLE-Begeleider (avo.local/Demo/Groups/ROLE-Begeleider),,07/17/2026 01:52:00
Quinten Jonker (500088),Microsoft Active Directory,APP-Adobe-AcrobatPro (avo.local/Demo/Groups/APP-Adobe-AcrobatPro),,10/17/2025 01:54:00
Quinten Jonker (500088),Microsoft Active Directory,FS-Begeleider-DATA (avo.local/Demo/Groups/FS-Begeleider-DATA),,04/28/2025 19:10:00
Eva Fokkema (500089),Microsoft Active Directory,SEC-Antivirus (avo.local/Demo/Groups/SEC-Antivirus),,10/15/2025 03:32:00
Eva Fokkema (500089),Microsoft Active Directory,SEC-MFA-Enrolled (avo.local/Demo/Groups/SEC-MFA-Enrolled),,11/05/2025 06:11:00
Eva Fokkema (500089),Microsoft Active Directory,APP-Intranet (avo.local/Demo/Groups/APP-Intranet),,02/23/2026 07:17:00
Eva Fokkema (500089),Microsoft Active Directory,APP-Office365 (avo.local/Demo/Groups/APP-Office365),,07/07/2026 07:19:00
Eva Fokkema (500089),Microsoft Active Directory,APP-CB12-Portal (avo.local/Demo/Groups/APP-CB12-Portal),,10/25/2025 10:14:00
Eva Fokkema (500089),Microsoft Active Directory,FS-CB12-RW (avo.local/Demo/Groups/FS-CB12-RW),,01/16/2026 08:55:00
Eva Fokkema (500089),Microsoft Active Directory,TEAM-CB12 (avo.local/Demo/Groups/TEAM-CB12),,05/15/2025 15:05:00
Eva Fokkema (500089),Microsoft Active Directory,MBX-CB12 (avo.local/Demo/Groups/MBX-CB12),,07/26/2026 10:39:00
Eva Fokkema (500089),Microsoft Active Directory,ROLE-Begeleider (avo.local/Demo/Groups/ROLE-Begeleider),,04/20/2025 02:08:00
Olivier Roozendaal (500090),Microsoft Active Directory,SEC-Antivirus (avo.local/Demo/Groups/SEC-Antivirus),,07/01/2025 19:38:00
Olivier Roozendaal (500090),Microsoft Active Directory,SEC-MFA-Enrolled (avo.local/Demo/Groups/SEC-MFA-Enrolled),,05/08/2025 23:52:00
Olivier Roozendaal (500090),Microsoft Active Directory,SEC-Endpoint-Protection (avo.local/Demo/Groups/SEC-Endpoint-Protection),,06/14/2025 10:04:00
Olivier Roozendaal (500090),Microsoft Active Directory,APP-Intranet (avo.local/Demo/Groups/APP-Intranet),,06/18/2026 07:28:00
Olivier Roozendaal (500090),Microsoft Active Directory,APP-Office365 (avo.local/Demo/Groups/APP-Office365),,03/14/2026 17:54:00
Olivier Roozendaal (500090),Microsoft Active Directory,FS-CA010-RO (avo.local/Demo/Groups/FS-CA010-RO),,10/25/2025 20:20:00
Olivier Roozendaal (500090),Microsoft Active Directory,FS-CA010-RW (avo.local/Demo/Groups/FS-CA010-RW),,10/23/2025 07:20:00
Olivier Roozendaal (500090),Microsoft Active Directory,TEAM-CA010 (avo.local/Demo/Groups/TEAM-CA010),,12/21/2025 06:55:00
Olivier Roozendaal (500090),Microsoft Active Directory,MBX-CA010 (avo.local/Demo/Groups/MBX-CA010),,04/15/2025 02:02:00
Olivier Roozendaal (500090),Microsoft Active Directory,APP-Selfservice (avo.local/Demo/Groups/APP-Selfservice),,01/22/2026 20:50:00
Olivier Roozendaal (500090),Microsoft Active Directory,ROLE-Begeleider (avo.local/Demo/Groups/ROLE-Begeleider),,11/12/2025 11:24:00
Olivier Roozendaal (500090),Microsoft Active Directory,APP-Adobe-AcrobatPro (avo.local/Demo/Groups/APP-Adobe-AcrobatPro),,05/12/2025 01:28:00
Olivier Roozendaal (500090),Microsoft Active Directory,FS-Begeleider-DATA (avo.local/Demo/Groups/FS-Begeleider-DATA),,03/01/2026 23:57:00
Ursula Dijkgraaf (500091),Microsoft Active Directory,SEC-Antivirus (avo.local/Demo/Groups/SEC-Antivirus),,03/19/2026 14:12:00
Ursula Dijkgraaf (500091),Microsoft Active Directory,SEC-MFA-Enrolled (avo.local/Demo/Groups/SEC-MFA-Enrolled),,11/28/2025 00:42:00
Ursula Dijkgraaf (500091),Microsoft Active Directory,APP-Intranet (avo.local/Demo/Groups/APP-Intranet),,06/12/2026 06:34:00
Ursula Dijkgraaf (500091),Microsoft Active Directory,APP-CB12-Portal (avo.local/Demo/Groups/APP-CB12-Portal),,04/05/2026 09:12:00
Ursula Dijkgraaf (500091),Microsoft Active Directory,FS-CB12-RO (avo.local/Demo/Groups/FS-CB12-RO),,07/16/2026 23:33:00
Ursula Dijkgraaf (500091),Microsoft Active Directory,FS-CB12-RW (avo.local/Demo/Groups/FS-CB12-RW),,04/22/2026 03:22:00
Ursula Dijkgraaf (500091),Microsoft Active Directory,TEAM-CB12 (avo.local/Demo/Groups/TEAM-CB12),,06/16/2026 23:57:00
Ursula Dijkgraaf (500091),Microsoft Active Directory,MBX-CB12 (avo.local/Demo/Groups/MBX-CB12),,05/10/2025 20:17:00
Ursula Dijkgraaf (500091),Microsoft Active Directory,APP-Selfservice (avo.local/Demo/Groups/APP-Selfservice),,07/16/2025 02:17:00
Xander Elzinga (500092),Microsoft Active Directory,SEC-Antivirus (avo.local/Demo/Groups/SEC-Antivirus),,11/20/2025 08:04:00
Xander Elzinga (500092),Microsoft Active Directory,SEC-DiskEncryption (avo.local/Demo/Groups/SEC-DiskEncryption),,06/13/2026 22:46:00
Xander Elzinga (500092),Microsoft Active Directory,SEC-MFA-Enrolled (avo.local/Demo/Groups/SEC-MFA-Enrolled),,05/12/2026 19:30:00
Xander Elzinga (500092),Microsoft Active Directory,SEC-Endpoint-Protection (avo.local/Demo/Groups/SEC-Endpoint-Protection),,06/04/2025 02:06:00
Xander Elzinga (500092),Microsoft Active Directory,APP-Intranet (avo.local/Demo/Groups/APP-Intranet),,05/13/2026 03:28:00
Xander Elzinga (500092),Microsoft Active Directory,APP-Office365 (avo.local/Demo/Groups/APP-Office365),,06/12/2026 16:28:00
Kim Terlouw (500093),Microsoft Active Directory,SEC-Antivirus (avo.local/Demo/Groups/SEC-Antivirus),,06/14/2026 01:22:00
Kim Terlouw (500093),Microsoft Active Directory,SEC-DiskEncryption (avo.local/Demo/Groups/SEC-DiskEncryption),,04/17/2025 06:00:00
Kim Terlouw (500093),Microsoft Active Directory,SEC-MFA-Enrolled (avo.local/Demo/Groups/SEC-MFA-Enrolled),,12/01/2025 06:55:00
Kim Terlouw (500093),Microsoft Active Directory,SEC-Endpoint-Protection (avo.local/Demo/Groups/SEC-Endpoint-Protection),,08/13/2025 06:39:00
Kim Terlouw (500093),Microsoft Active Directory,APP-Intranet (avo.local/Demo/Groups/APP-Intranet),,05/13/2025 17:20:00
Kim Terlouw (500093),Microsoft Active Directory,APP-CB12-Portal (avo.local/Demo/Groups/APP-CB12-Portal),,12/20/2025 00:46:00
Kim Terlouw (500093),Microsoft Active Directory,FS-CB12-RO (avo.local/Demo/Groups/FS-CB12-RO),,04/30/2026 21:51:00
Kim Terlouw (500093),Microsoft Active Directory,FS-CB12-RW (avo.local/Demo/Groups/FS-CB12-RW),,04/15/2026 15:31:00
Kim Terlouw (500093),Microsoft Active Directory,MBX-CB12 (avo.local/Demo/Groups/MBX-CB12),,05/10/2025 01:06:00
Kim Terlouw (500093),Microsoft Active Directory,APP-Selfservice (avo.local/Demo/Groups/APP-Selfservice),,02/23/2026 02:57:00
Kim Terlouw (500093),Microsoft Active Directory,APP-Visio (avo.local/Demo/Groups/APP-Visio),,05/27/2025 00:29:00
Mila Dijkgraaf (500094),Microsoft Active Directory,SEC-Antivirus (avo.local/Demo/Groups/SEC-Antivirus),,07/06/2026 10:53:00
Mila Dijkgraaf (500094),Microsoft Active Directory,SEC-Endpoint-Protection (avo.local/Demo/Groups/SEC-Endpoint-Protection),,01/15/2026 11:28:00
Mila Dijkgraaf (500094),Microsoft Active Directory,APP-Office365 (avo.local/Demo/Groups/APP-Office365),,10/01/2025 23:47:00
Mila Dijkgraaf (500094),Microsoft Active Directory,APP-Selfservice (avo.local/Demo/Groups/APP-Selfservice),,11/21/2025 01:15:00
Kim Oosterhuis (500095),Microsoft Active Directory,SEC-Antivirus (avo.local/Demo/Groups/SEC-Antivirus),,11/13/2025 05:44:00
Kim Oosterhuis (500095),Microsoft Active Directory,SEC-DiskEncryption (avo.local/Demo/Groups/SEC-DiskEncryption),,01/28/2026 16:29:00
Kim Oosterhuis (500095),Microsoft Active Directory,SEC-MFA-Enrolled (avo.local/Demo/Groups/SEC-MFA-Enrolled),,06/25/2026 23:52:00
Gijs Muijs (500096),Microsoft Active Directory,SEC-Antivirus (avo.local/Demo/Groups/SEC-Antivirus),,12/02/2025 08:43:00
Gijs Muijs (500096),Microsoft Active Directory,SEC-DiskEncryption (avo.local/Demo/Groups/SEC-DiskEncryption),,09/07/2025 05:07:00
Gijs Muijs (500096),Microsoft Active Directory,SEC-MFA-Enrolled (avo.local/Demo/Groups/SEC-MFA-Enrolled),,08/12/2025 16:47:00
Gijs Muijs (500096),Microsoft Active Directory,SEC-Endpoint-Protection (avo.local/Demo/Groups/SEC-Endpoint-Protection),,04/17/2026 07:26:00
Gijs Muijs (500096),Microsoft Active Directory,APP-Intranet (avo.local/Demo/Groups/APP-Intranet),,07/18/2026 01:16:00
Gijs Muijs (500096),Microsoft Active Directory,APP-Office365 (avo.local/Demo/Groups/APP-Office365),,03/08/2026 16:29:00
Gijs Muijs (500096),Microsoft Active Directory,APP-CA010-Portal (avo.local/Demo/Groups/APP-CA010-Portal),,08/21/2025 16:33:00
Gijs Muijs (500096),Microsoft Active Directory,FS-CA010-RO (avo.local/Demo/Groups/FS-CA010-RO),,04/19/2026 09:22:00
Gijs Muijs (500096),Microsoft Active Directory,FS-CA010-RW (avo.local/Demo/Groups/FS-CA010-RW),,05/16/2025 21:59:00
Gijs Muijs (500096),Microsoft Active Directory,MBX-CA010 (avo.local/Demo/Groups/MBX-CA010),,09/27/2025 01:55:00
Gijs Muijs (500096),Microsoft Active Directory,APP-Selfservice (avo.local/Demo/Groups/APP-Selfservice),,04/08/2026 07:19:00
Zoë Coenen (500097),Microsoft Active Directory,SEC-Antivirus (avo.local/Demo/Groups/SEC-Antivirus),,02/17/2026 07:02:00
Zoë Coenen (500097),Microsoft Active Directory,SEC-DiskEncryption (avo.local/Demo/Groups/SEC-DiskEncryption),,06/18/2026 04:43:00
Zoë Coenen (500097),Microsoft Active Directory,SEC-MFA-Enrolled (avo.local/Demo/Groups/SEC-MFA-Enrolled),,12/31/2025 11:00:00
Zoë Coenen (500097),Microsoft Active Directory,SEC-Endpoint-Protection (avo.local/Demo/Groups/SEC-Endpoint-Protection),,04/27/2025 21:30:00
Zoë Coenen (500097),Microsoft Active Directory,APP-Office365 (avo.local/Demo/Groups/APP-Office365),,11/15/2025 19:14:00
Zoë Coenen (500097),Microsoft Active Directory,ROLE-Verzorgende (avo.local/Demo/Groups/ROLE-Verzorgende),,05/22/2025 00:48:00
Zoë Coenen (500097),Microsoft Active Directory,APP-Copilot (avo.local/Demo/Groups/APP-Copilot),,04/25/2026 11:15:00
Bram Wielenga (500098),Microsoft Active Directory,SEC-Antivirus (avo.local/Demo/Groups/SEC-Antivirus),,09/28/2025 13:40:00
Bram Wielenga (500098),Microsoft Active Directory,SEC-MFA-Enrolled (avo.local/Demo/Groups/SEC-MFA-Enrolled),,04/14/2025 18:36:00
Bram Wielenga (500098),Microsoft Active Directory,APP-Office365 (avo.local/Demo/Groups/APP-Office365),,08/23/2025 13:27:00
Daan Fokkema (500099),Microsoft Active Directory,SEC-DiskEncryption (avo.local/Demo/Groups/SEC-DiskEncryption),,06/15/2026 18:57:00
Daan Fokkema (500099),Microsoft Active Directory,SEC-MFA-Enrolled (avo.local/Demo/Groups/SEC-MFA-Enrolled),,06/23/2026 15:26:00
Daan Fokkema (500099),Microsoft Active Directory,SEC-Endpoint-Protection (avo.local/Demo/Groups/SEC-Endpoint-Protection),,05/26/2025 08:10:00
Wout Oosterhuis (500100),Microsoft Active Directory,SEC-Antivirus (avo.local/Demo/Groups/SEC-Antivirus),,06/05/2025 21:39:00
Wout Oosterhuis (500100),Microsoft Active Directory,SEC-DiskEncryption (avo.local/Demo/Groups/SEC-DiskEncryption),,05/13/2026 13:11:00
Wout Oosterhuis (500100),Microsoft Active Directory,ROLE-Begeleider (avo.local/Demo/Groups/ROLE-Begeleider),,12/21/2025 05:10:00
Wout Oosterhuis (500100),Microsoft Active Directory,APP-Visio (avo.local/Demo/Groups/APP-Visio),,09/21/2025 22:58:00
Vera Berkhout (500101),Microsoft Active Directory,SEC-Antivirus (avo.local/Demo/Groups/SEC-Antivirus),,02/23/2026 08:57:00
Vera Berkhout (500101),Microsoft Active Directory,SEC-MFA-Enrolled (avo.local/Demo/Groups/SEC-MFA-Enrolled),,09/24/2025 01:13:00
Vera Berkhout (500101),Microsoft Active Directory,SEC-Endpoint-Protection (avo.local/Demo/Groups/SEC-Endpoint-Protection),,06/10/2026 19:25:00
Vera Berkhout (500101),Microsoft Active Directory,APP-CA010-Portal (avo.local/Demo/Groups/APP-CA010-Portal),,01/22/2026 10:41:00
Vera Berkhout (500101),Microsoft Active Directory,FS-CA010-RO (avo.local/Demo/Groups/FS-CA010-RO),,09/30/2025 03:58:00
Vera Berkhout (500101),Microsoft Active Directory,FS-CA010-RW (avo.local/Demo/Groups/FS-CA010-RW),,06/27/2025 16:20:00
Vera Berkhout (500101),Microsoft Active Directory,TEAM-CA010 (avo.local/Demo/Groups/TEAM-CA010),,03/26/2026 10:31:00
Vera Berkhout (500101),Microsoft Active Directory,APP-Selfservice (avo.local/Demo/Groups/APP-Selfservice),,02/08/2026 14:09:00
Vera Berkhout (500101),Microsoft Active Directory,APP-Copilot (avo.local/Demo/Groups/APP-Copilot),,07/29/2025 12:24:00
Iris Vroegindeweij (500102),Microsoft Active Directory,SEC-Antivirus (avo.local/Demo/Groups/SEC-Antivirus),,05/08/2026 03:18:00
Iris Vroegindeweij (500102),Microsoft Active Directory,SEC-DiskEncryption (avo.local/Demo/Groups/SEC-DiskEncryption),,06/29/2026 11:08:00
Iris Vroegindeweij (500102),Microsoft Active Directory,SEC-MFA-Enrolled (avo.local/Demo/Groups/SEC-MFA-Enrolled),,05/09/2025 20:57:00
Iris Vroegindeweij (500102),Microsoft Active Directory,SEC-Endpoint-Protection (avo.local/Demo/Groups/SEC-Endpoint-Protection),,04/02/2025 04:19:00
Iris Vroegindeweij (500102),Microsoft Active Directory,APP-Office365 (avo.local/Demo/Groups/APP-Office365),,01/28/2026 10:15:00
Roos Muijs (500103),Microsoft Active Directory,SEC-Antivirus (avo.local/Demo/Groups/SEC-Antivirus),,03/29/2025 14:54:00
Roos Muijs (500103),Microsoft Active Directory,SEC-DiskEncryption (avo.local/Demo/Groups/SEC-DiskEncryption),,10/13/2025 15:01:00
Roos Muijs (500103),Microsoft Active Directory,SEC-Endpoint-Protection (avo.local/Demo/Groups/SEC-Endpoint-Protection),,02/16/2026 05:09:00
Roos Muijs (500103),Microsoft Active Directory,APP-Office365 (avo.local/Demo/Groups/APP-Office365),,02/07/2026 06:49:00
Roos Muijs (500103),Microsoft Active Directory,APP-FIN01-Portal (avo.local/Demo/Groups/APP-FIN01-Portal),,08/12/2025 04:36:00
Roos Muijs (500103),Microsoft Active Directory,FS-FIN01-RO (avo.local/Demo/Groups/FS-FIN01-RO),,06/08/2025 16:25:00
Roos Muijs (500103),Microsoft Active Directory,TEAM-FIN01 (avo.local/Demo/Groups/TEAM-FIN01),,08/12/2025 17:25:00
Roos Muijs (500103),Microsoft Active Directory,MBX-FIN01 (avo.local/Demo/Groups/MBX-FIN01),,03/18/2026 18:36:00
Roos Muijs (500103),Microsoft Active Directory,ROLE-Begeleider (avo.local/Demo/Groups/ROLE-Begeleider),,07/10/2025 22:20:00
Roos Muijs (500103),Microsoft Active Directory,APP-Visio (avo.local/Demo/Groups/APP-Visio),,03/27/2025 01:53:00
Bram Quaedvlieg (500104),Microsoft Active Directory,SEC-Antivirus (avo.local/Demo/Groups/SEC-Antivirus),,05/14/2026 03:46:00
Bram Quaedvlieg (500104),Microsoft Active Directory,SEC-DiskEncryption (avo.local/Demo/Groups/SEC-DiskEncryption),,06/26/2026 18:28:00
Bram Quaedvlieg (500104),Microsoft Active Directory,SEC-MFA-Enrolled (avo.local/Demo/Groups/SEC-MFA-Enrolled),,01/13/2026 04:28:00
Bram Quaedvlieg (500104),Microsoft Active Directory,SEC-Endpoint-Protection (avo.local/Demo/Groups/SEC-Endpoint-Protection),,10/15/2025 15:53:00
Bram Quaedvlieg (500104),Microsoft Active Directory,APP-Intranet (avo.local/Demo/Groups/APP-Intranet),,11/26/2025 17:24:00
Bram Quaedvlieg (500104),Microsoft Active Directory,APP-Office365 (avo.local/Demo/Groups/APP-Office365),,01/03/2026 15:34:00
Sem Kalisvaart (500105),Microsoft Active Directory,SEC-Antivirus (avo.local/Demo/Groups/SEC-Antivirus),,07/31/2026 17:19:00
Sem Kalisvaart (500105),Microsoft Active Directory,SEC-DiskEncryption (avo.local/Demo/Groups/SEC-DiskEncryption),,05/23/2025 02:29:00
Sem Kalisvaart (500105),Microsoft Active Directory,SEC-MFA-Enrolled (avo.local/Demo/Groups/SEC-MFA-Enrolled),,06/06/2026 17:25:00
Sem Kalisvaart (500105),Microsoft Active Directory,SEC-Endpoint-Protection (avo.local/Demo/Groups/SEC-Endpoint-Protection),,05/14/2025 22:42:00
Sem Kalisvaart (500105),Microsoft Active Directory,APP-Intranet (avo.local/Demo/Groups/APP-Intranet),,04/10/2025 19:59:00
Sem Kalisvaart (500105),Microsoft Active Directory,APP-Office365 (avo.local/Demo/Groups/APP-Office365),,08/18/2025 08:41:00
Sem Kalisvaart (500105),Microsoft Active Directory,APP-Adobe-AcrobatPro (avo.local/Demo/Groups/APP-Adobe-AcrobatPro),,02/08/2026 17:23:00
Sem Kalisvaart (500105),Microsoft Active Directory,FS-Begeleider-DATA (avo.local/Demo/Groups/FS-Begeleider-DATA),,12/18/2025 23:03:00
Kim Pronk (500106),Microsoft Active Directory,SEC-Antivirus (avo.local/Demo/Groups/SEC-Antivirus),,10/23/2025 11:03:00
Kim Pronk (500106),Microsoft Active Directory,SEC-DiskEncryption (avo.local/Demo/Groups/SEC-DiskEncryption),,09/04/2025 05:19:00
Kim Pronk (500106),Microsoft Active Directory,SEC-MFA-Enrolled (avo.local/Demo/Groups/SEC-MFA-Enrolled),,11/28/2025 19:27:00
Kim Pronk (500106),Microsoft Active Directory,SEC-Endpoint-Protection (avo.local/Demo/Groups/SEC-Endpoint-Protection),,10/28/2025 03:57:00
Kim Pronk (500106),Microsoft Active Directory,APP-Intranet (avo.local/Demo/Groups/APP-Intranet),,07/29/2025 08:55:00
Kim Pronk (500106),Microsoft Active Directory,APP-Office365 (avo.local/Demo/Groups/APP-Office365),,08/06/2025 18:08:00
Kim Pronk (500106),Microsoft Active Directory,APP-HRM02-Portal (avo.local/Demo/Groups/APP-HRM02-Portal),,08/23/2025 08:33:00
Kim Pronk (500106),Microsoft Active Directory,FS-HRM02-RW (avo.local/Demo/Groups/FS-HRM02-RW),,05/18/2025 21:50:00
Kim Pronk (500106),Microsoft Active Directory,TEAM-HRM02 (avo.local/Demo/Groups/TEAM-HRM02),,05/09/2026 01:12:00
Kim Pronk (500106),Microsoft Active Directory,MBX-HRM02 (avo.local/Demo/Groups/MBX-HRM02),,12/20/2025 19:17:00
Kim Pronk (500106),Microsoft Active Directory,ROLE-Verpleegkundige (avo.local/Demo/Groups/ROLE-Verpleegkundige),,02/14/2026 09:17:00
Kim Pronk (500106),Microsoft Active Directory,APP-Visio (avo.local/Demo/Groups/APP-Visio),,10/05/2025 20:10:00
Mila Uijlenbroek (500107),Microsoft Active Directory,SEC-DiskEncryption (avo.local/Demo/Groups/SEC-DiskEncryption),,06/12/2026 00:25:00
Mila Uijlenbroek (500107),Microsoft Active Directory,SEC-MFA-Enrolled (avo.local/Demo/Groups/SEC-MFA-Enrolled),,06/22/2025 06:31:00
Mila Uijlenbroek (500107),Microsoft Active Directory,SEC-Endpoint-Protection (avo.local/Demo/Groups/SEC-Endpoint-Protection),,03/14/2026 05:32:00
Mila Uijlenbroek (500107),Microsoft Active Directory,APP-CA010-Portal (avo.local/Demo/Groups/APP-CA010-Portal),,07/24/2025 03:18:00
Mila Uijlenbroek (500107),Microsoft Active Directory,FS-CA010-RO (avo.local/Demo/Groups/FS-CA010-RO),,05/04/2025 14:21:00
Mila Uijlenbroek (500107),Microsoft Active Directory,TEAM-CA010 (avo.local/Demo/Groups/TEAM-CA010),,07/29/2025 19:27:00
Mila Uijlenbroek (500107),Microsoft Active Directory,MBX-CA010 (avo.local/Demo/Groups/MBX-CA010),,06/22/2025 00:05:00
Mila Uijlenbroek (500107),Microsoft Active Directory,APP-Selfservice (avo.local/Demo/Groups/APP-Selfservice),,03/22/2025 21:17:00
Lars Fokkema (500108),Microsoft Active Directory,SEC-DiskEncryption (avo.local/Demo/Groups/SEC-DiskEncryption),,09/18/2025 20:51:00
Lars Fokkema (500108),Microsoft Active Directory,SEC-MFA-Enrolled (avo.local/Demo/Groups/SEC-MFA-Enrolled),,12/03/2025 19:59:00
Lars Fokkema (500108),Microsoft Active Directory,SEC-Endpoint-Protection (avo.local/Demo/Groups/SEC-Endpoint-Protection),,03/24/2025 01:18:00
Lars Fokkema (500108),Microsoft Active Directory,APP-ICT03-Portal (avo.local/Demo/Groups/APP-ICT03-Portal),,01/10/2026 13:59:00
Lars Fokkema (500108),Microsoft Active Directory,FS-ICT03-RO (avo.local/Demo/Groups/FS-ICT03-RO),,10/15/2025 23:33:00
Lars Fokkema (500108),Microsoft Active Directory,FS-ICT03-RW (avo.local/Demo/Groups/FS-ICT03-RW),,06/08/2025 18:34:00
Vera Elzinga (500109),Microsoft Active Directory,SEC-Endpoint-Protection (avo.local/Demo/Groups/SEC-Endpoint-Protection),,07/28/2025 20:48:00
Vera Elzinga (500109),Microsoft Active Directory,APP-Office365 (avo.local/Demo/Groups/APP-Office365),,03/17/2026 15:17:00
Vera Elzinga (500109),Microsoft Active Directory,APP-Selfservice (avo.local/Demo/Groups/APP-Selfservice),,12/02/2025 16:48:00
Sem Vroegindeweij (500110),Microsoft Active Directory,SEC-DiskEncryption (avo.local/Demo/Groups/SEC-DiskEncryption),,06/13/2025 22:31:00
Sem Vroegindeweij (500110),Microsoft Active Directory,SEC-Endpoint-Protection (avo.local/Demo/Groups/SEC-Endpoint-Protection),,12/10/2025 07:06:00
Sem Vroegindeweij (500110),Microsoft Active Directory,APP-Office365 (avo.local/Demo/Groups/APP-Office365),,07/18/2025 13:20:00
Sem Vroegindeweij (500110),Microsoft Active Directory,APP-CA060-Portal (avo.local/Demo/Groups/APP-CA060-Portal),,07/12/2026 18:08:00
Sem Vroegindeweij (500110),Microsoft Active Directory,FS-CA060-RW (avo.local/Demo/Groups/FS-CA060-RW),,05/11/2025 14:40:00
Sem Vroegindeweij (500110),Microsoft Active Directory,TEAM-CA060 (avo.local/Demo/Groups/TEAM-CA060),,01/08/2026 10:05:00
Sem Vroegindeweij (500110),Microsoft Active Directory,MBX-CA060 (avo.local/Demo/Groups/MBX-CA060),,08/21/2025 16:56:00
Sem Vroegindeweij (500110),Microsoft Active Directory,ROLE-Verzorgende (avo.local/Demo/Groups/ROLE-Verzorgende),,04/18/2025 14:53:00
Sem Vroegindeweij (500110),Microsoft Active Directory,APP-Copilot (avo.local/Demo/Groups/APP-Copilot),,07/15/2026 04:07:00
Bram Aalbers (500111),Microsoft Active Directory,SEC-Antivirus (avo.local/Demo/Groups/SEC-Antivirus),,03/08/2026 08:35:00
Bram Aalbers (500111),Microsoft Active Directory,SEC-MFA-Enrolled (avo.local/Demo/Groups/SEC-MFA-Enrolled),,11/06/2025 17:37:00
Bram Aalbers (500111),Microsoft Active Directory,SEC-Endpoint-Protection (avo.local/Demo/Groups/SEC-Endpoint-Protection),,11/12/2025 11:47:00
Bram Aalbers (500111),Microsoft Active Directory,APP-Intranet (avo.local/Demo/Groups/APP-Intranet),,04/12/2026 00:03:00
Bram Aalbers (500111),Microsoft Active Directory,APP-Office365 (avo.local/Demo/Groups/APP-Office365),,12/08/2025 23:04:00
Bram Aalbers (500111),Microsoft Active Directory,APP-Adobe-AcrobatPro (avo.local/Demo/Groups/APP-Adobe-AcrobatPro),,04/05/2026 14:50:00
Daan Lindeboom (500112),Microsoft Active Directory,SEC-Antivirus (avo.local/Demo/Groups/SEC-Antivirus),,06/13/2025 13:52:00
Daan Lindeboom (500112),Microsoft Active Directory,APP-Intranet (avo.local/Demo/Groups/APP-Intranet),,09/25/2025 09:05:00
Daan Lindeboom (500112),Microsoft Active Directory,APP-Office365 (avo.local/Demo/Groups/APP-Office365),,09/14/2025 14:03:00
Daan Lindeboom (500112),Microsoft Active Directory,APP-FIN01-Portal (avo.local/Demo/Groups/APP-FIN01-Portal),,11/16/2025 15:57:00
Daan Lindeboom (500112),Microsoft Active Directory,FS-FIN01-RO (avo.local/Demo/Groups/FS-FIN01-RO),,11/07/2025 15:04:00
Daan Lindeboom (500112),Microsoft Active Directory,MBX-FIN01 (avo.local/Demo/Groups/MBX-FIN01),,07/25/2026 05:09:00
Yara Quaedvlieg (500113),Microsoft Active Directory,SEC-Antivirus (avo.local/Demo/Groups/SEC-Antivirus),,12/09/2025 20:40:00
Yara Quaedvlieg (500113),Microsoft Active Directory,SEC-DiskEncryption (avo.local/Demo/Groups/SEC-DiskEncryption),,07/24/2025 17:53:00
Yara Quaedvlieg (500113),Microsoft Active Directory,SEC-Endpoint-Protection (avo.local/Demo/Groups/SEC-Endpoint-Protection),,06/24/2026 14:16:00
Yara Quaedvlieg (500113),Microsoft Active Directory,APP-CZ08-Portal (avo.local/Demo/Groups/APP-CZ08-Portal),,04/01/2026 22:58:00
Yara Quaedvlieg (500113),Microsoft Active Directory,FS-CZ08-RO (avo.local/Demo/Groups/FS-CZ08-RO),,07/02/2026 07:22:00
Yara Quaedvlieg (500113),Microsoft Active Directory,TEAM-CZ08 (avo.local/Demo/Groups/TEAM-CZ08),,12/15/2025 21:33:00
Yara Quaedvlieg (500113),Microsoft Active Directory,MBX-CZ08 (avo.local/Demo/Groups/MBX-CZ08),,10/13/2025 01:05:00
Yara Quaedvlieg (500113),Microsoft Active Directory,APP-Selfservice (avo.local/Demo/Groups/APP-Selfservice),,02/01/2026 03:40:00
Finn Wielenga (500114),Microsoft Active Directory,SEC-Antivirus (avo.local/Demo/Groups/SEC-Antivirus),,11/25/2025 14:20:00
Finn Wielenga (500114),Microsoft Active Directory,SEC-DiskEncryption (avo.local/Demo/Groups/SEC-DiskEncryption),,05/05/2025 20:12:00
Finn Wielenga (500114),Microsoft Active Directory,SEC-MFA-Enrolled (avo.local/Demo/Groups/SEC-MFA-Enrolled),,01/13/2026 16:27:00
Finn Wielenga (500114),Microsoft Active Directory,APP-Intranet (avo.local/Demo/Groups/APP-Intranet),,05/09/2025 15:51:00
Finn Wielenga (500114),Microsoft Active Directory,APP-Office365 (avo.local/Demo/Groups/APP-Office365),,06/28/2026 10:42:00
Finn Wielenga (500114),Microsoft Active Directory,APP-CB12-Portal (avo.local/Demo/Groups/APP-CB12-Portal),,07/02/2026 19:54:00
Finn Wielenga (500114),Microsoft Active Directory,FS-CB12-RO (avo.local/Demo/Groups/FS-CB12-RO),,03/24/2026 04:17:00
Finn Wielenga (500114),Microsoft Active Directory,FS-CB12-RW (avo.local/Demo/Groups/FS-CB12-RW),,02/06/2026 22:24:00
Finn Wielenga (500114),Microsoft Active Directory,TEAM-CB12 (avo.local/Demo/Groups/TEAM-CB12),,04/15/2026 07:17:00
Finn Wielenga (500114),Microsoft Active Directory,MBX-CB12 (avo.local/Demo/Groups/MBX-CB12),,11/23/2025 18:25:00
Pien Lindeboom (500115),Microsoft Active Directory,SEC-DiskEncryption (avo.local/Demo/Groups/SEC-DiskEncryption),,07/27/2025 04:55:00
Pien Lindeboom (500115),Microsoft Active Directory,SEC-MFA-Enrolled (avo.local/Demo/Groups/SEC-MFA-Enrolled),,09/05/2025 15:58:00
Pien Lindeboom (500115),Microsoft Active Directory,SEC-Endpoint-Protection (avo.local/Demo/Groups/SEC-Endpoint-Protection),,11/02/2025 12:02:00
Pien Lindeboom (500115),Microsoft Active Directory,APP-Office365 (avo.local/Demo/Groups/APP-Office365),,02/14/2026 15:57:00
Pien Lindeboom (500115),Microsoft Active Directory,APP-FIN01-Portal (avo.local/Demo/Groups/APP-FIN01-Portal),,05/29/2026 07:35:00
Pien Lindeboom (500115),Microsoft Active Directory,FS-FIN01-RO (avo.local/Demo/Groups/FS-FIN01-RO),,04/17/2025 19:02:00
Gijs Uijlenbroek (500116),Microsoft Active Directory,SEC-Antivirus (avo.local/Demo/Groups/SEC-Antivirus),,04/16/2025 01:33:00
Gijs Uijlenbroek (500116),Microsoft Active Directory,SEC-DiskEncryption (avo.local/Demo/Groups/SEC-DiskEncryption),,02/24/2026 16:49:00
Gijs Uijlenbroek (500116),Microsoft Active Directory,APP-Intranet (avo.local/Demo/Groups/APP-Intranet),,04/16/2025 18:25:00
Gijs Uijlenbroek (500116),Microsoft Active Directory,APP-Office365 (avo.local/Demo/Groups/APP-Office365),,05/02/2026 14:49:00
Gijs Uijlenbroek (500116),Microsoft Active Directory,FS-FIN01-RO (avo.local/Demo/Groups/FS-FIN01-RO),,01/03/2026 02:27:00
Gijs Uijlenbroek (500116),Microsoft Active Directory,FS-FIN01-RW (avo.local/Demo/Groups/FS-FIN01-RW),,08/01/2025 06:50:00
Gijs Uijlenbroek (500116),Microsoft Active Directory,TEAM-FIN01 (avo.local/Demo/Groups/TEAM-FIN01),,01/28/2026 17:04:00
Gijs Uijlenbroek (500116),Microsoft Active Directory,MBX-FIN01 (avo.local/Demo/Groups/MBX-FIN01),,07/24/2025 06:51:00
Vera Pronk (500117),Microsoft Active Directory,SEC-Antivirus (avo.local/Demo/Groups/SEC-Antivirus),,06/25/2026 10:47:00
Vera Pronk (500117),Microsoft Active Directory,SEC-DiskEncryption (avo.local/Demo/Groups/SEC-DiskEncryption),,04/09/2026 11:39:00
Vera Pronk (500117),Microsoft Active Directory,SEC-MFA-Enrolled (avo.local/Demo/Groups/SEC-MFA-Enrolled),,10/10/2025 12:17:00
Vera Pronk (500117),Microsoft Active Directory,SEC-Endpoint-Protection (avo.local/Demo/Groups/SEC-Endpoint-Protection),,04/29/2025 18:25:00
Vera Pronk (500117),Microsoft Active Directory,APP-Office365 (avo.local/Demo/Groups/APP-Office365),,04/13/2026 03:54:00
Vera Pronk (500117),Microsoft Active Directory,ROLE-Begeleider (avo.local/Demo/Groups/ROLE-Begeleider),,03/18/2026 01:30:00
Vera Pronk (500117),Microsoft Active Directory,FS-Begeleider-DATA (avo.local/Demo/Groups/FS-Begeleider-DATA),,11/24/2025 14:29:00
Xander Ipenburg (500118),Microsoft Active Directory,SEC-Antivirus (avo.local/Demo/Groups/SEC-Antivirus),,08/19/2025 05:11:00
Xander Ipenburg (500118),Microsoft Active Directory,SEC-DiskEncryption (avo.local/Demo/Groups/SEC-DiskEncryption),,02/04/2026 20:24:00
Xander Ipenburg (500118),Microsoft Active Directory,SEC-MFA-Enrolled (avo.local/Demo/Groups/SEC-MFA-Enrolled),,04/09/2026 16:31:00
Xander Ipenburg (500118),Microsoft Active Directory,SEC-Endpoint-Protection (avo.local/Demo/Groups/SEC-Endpoint-Protection),,06/04/2025 11:19:00
Xander Ipenburg (500118),Microsoft Active Directory,APP-Intranet (avo.local/Demo/Groups/APP-Intranet),,02/26/2026 02:43:00
Xander Ipenburg (500118),Microsoft Active Directory,APP-Office365 (avo.local/Demo/Groups/APP-Office365),,07/30/2026 01:46:00
Finn Hoekstra (500119),Microsoft Active Directory,SEC-Antivirus (avo.local/Demo/Groups/SEC-Antivirus),,04/24/2025 15:13:00
Finn Hoekstra (500119),Microsoft Active Directory,SEC-DiskEncryption (avo.local/Demo/Groups/SEC-DiskEncryption),,02/03/2026 23:55:00
Finn Hoekstra (500119),Microsoft Active Directory,SEC-MFA-Enrolled (avo.local/Demo/Groups/SEC-MFA-Enrolled),,07/10/2026 17:09:00
Finn Hoekstra (500119),Microsoft Active Directory,APP-Office365 (avo.local/Demo/Groups/APP-Office365),,06/18/2026 05:18:00
Kim Dijkgraaf (500120),Microsoft Active Directory,SEC-Antivirus (avo.local/Demo/Groups/SEC-Antivirus),,03/02/2026 08:28:00
Kim Dijkgraaf (500120),Microsoft Active Directory,SEC-DiskEncryption (avo.local/Demo/Groups/SEC-DiskEncryption),,10/04/2025 05:01:00
Kim Dijkgraaf (500120),Microsoft Active Directory,APP-FIN01-Portal (avo.local/Demo/Groups/APP-FIN01-Portal),,06/24/2025 04:22:00
Kim Dijkgraaf (500120),Microsoft Active Directory,FS-FIN01-RO (avo.local/Demo/Groups/FS-FIN01-RO),,07/27/2026 09:27:00
Kim Dijkgraaf (500120),Microsoft Active Directory,FS-FIN01-RW (avo.local/Demo/Groups/FS-FIN01-RW),,09/18/2025 13:53:00
Kim Dijkgraaf (500120),Microsoft Active Directory,MBX-FIN01 (avo.local/Demo/Groups/MBX-FIN01),,06/17/2025 19:28:00
Kim Dijkgraaf (500120),Microsoft Active Directory,FS-Begeleider-DATA (avo.local/Demo/Groups/FS-Begeleider-DATA),,07/26/2026 15:43:00
Iris Gerritsen (500121),Microsoft Active Directory,SEC-Antivirus (avo.local/Demo/Groups/SEC-Antivirus),,06/17/2026 07:20:00
Iris Gerritsen (500121),Microsoft Active Directory,SEC-DiskEncryption (avo.local/Demo/Groups/SEC-DiskEncryption),,06/16/2026 02:01:00
Iris Gerritsen (500121),Microsoft Active Directory,SEC-MFA-Enrolled (avo.local/Demo/Groups/SEC-MFA-Enrolled),,05/13/2026 22:03:00
Iris Gerritsen (500121),Microsoft Active Directory,SEC-Endpoint-Protection (avo.local/Demo/Groups/SEC-Endpoint-Protection),,09/28/2025 17:59:00
Iris Gerritsen (500121),Microsoft Active Directory,APP-Intranet (avo.local/Demo/Groups/APP-Intranet),,06/08/2026 15:22:00
Iris Gerritsen (500121),Microsoft Active Directory,APP-Office365 (avo.local/Demo/Groups/APP-Office365),,02/20/2026 00:04:00
Iris Gerritsen (500121),Microsoft Active Directory,TEAM-CB12 (avo.local/Demo/Groups/TEAM-CB12),,11/15/2025 06:25:00
Ursula Ipenburg (500122),Microsoft Active Directory,SEC-Antivirus (avo.local/Demo/Groups/SEC-Antivirus),,04/23/2025 01:04:00
Ursula Ipenburg (500122),Microsoft Active Directory,SEC-MFA-Enrolled (avo.local/Demo/Groups/SEC-MFA-Enrolled),,07/30/2026 17:38:00
Ursula Ipenburg (500122),Microsoft Active Directory,SEC-Endpoint-Protection (avo.local/Demo/Groups/SEC-Endpoint-Protection),,12/04/2025 03:25:00
Ursula Ipenburg (500122),Microsoft Active Directory,APP-Intranet (avo.local/Demo/Groups/APP-Intranet),,04/11/2025 10:31:00
Ursula Ipenburg (500122),Microsoft Active Directory,APP-Office365 (avo.local/Demo/Groups/APP-Office365),,09/29/2025 07:36:00
Ursula Ipenburg (500122),Microsoft Active Directory,APP-ICT03-Portal (avo.local/Demo/Groups/APP-ICT03-Portal),,04/24/2025 14:35:00
Ursula Ipenburg (500122),Microsoft Active Directory,FS-ICT03-RO (avo.local/Demo/Groups/FS-ICT03-RO),,10/31/2025 20:25:00
Ursula Ipenburg (500122),Microsoft Active Directory,FS-ICT03-RW (avo.local/Demo/Groups/FS-ICT03-RW),,06/13/2026 14:09:00
Ursula Ipenburg (500122),Microsoft Active Directory,TEAM-ICT03 (avo.local/Demo/Groups/TEAM-ICT03),,11/23/2025 02:11:00
Ursula Ipenburg (500122),Microsoft Active Directory,MBX-ICT03 (avo.local/Demo/Groups/MBX-ICT03),,03/25/2026 22:32:00
Ursula Ipenburg (500122),Microsoft Active Directory,ROLE-Verzorgende (avo.local/Demo/Groups/ROLE-Verzorgende),,06/09/2026 12:56:00
Ursula Ipenburg (500122),Microsoft Active Directory,APP-Copilot (avo.local/Demo/Groups/APP-Copilot),,12/10/2025 16:31:00
Ursula Ipenburg (500122),Microsoft Active Directory,APP-HRM02-Portal (avo.local/Demo/Groups/APP-HRM02-Portal),,04/17/2026 10:54:00
Ursula Ipenburg (500122),Microsoft Active Directory,TEAM-HRM02 (avo.local/Demo/Groups/TEAM-HRM02),,03/23/2026 09:20:00
Noa Nagtegaal (500123),Microsoft Active Directory,SEC-MFA-Enrolled (avo.local/Demo/Groups/SEC-MFA-Enrolled),,05/01/2026 11:14:00
Noa Nagtegaal (500123),Microsoft Active Directory,APP-Intranet (avo.local/Demo/Groups/APP-Intranet),,04/17/2026 21:58:00
Noa Nagtegaal (500123),Microsoft Active Directory,APP-Office365 (avo.local/Demo/Groups/APP-Office365),,03/29/2025 09:34:00
Noa Nagtegaal (500123),Microsoft Active Directory,APP-HRM02-Portal (avo.local/Demo/Groups/APP-HRM02-Portal),,10/30/2025 06:03:00
Noa Nagtegaal (500123),Microsoft Active Directory,FS-HRM02-RO (avo.local/Demo/Groups/FS-HRM02-RO),,12/18/2025 17:42:00
Noa Nagtegaal (500123),Microsoft Active Directory,FS-HRM02-RW (avo.local/Demo/Groups/FS-HRM02-RW),,09/16/2025 06:37:00
Noa Nagtegaal (500123),Microsoft Active Directory,MBX-HRM02 (avo.local/Demo/Groups/MBX-HRM02),,11/26/2025 12:57:00
Wout Lindeboom (500124),Microsoft Active Directory,SEC-DiskEncryption (avo.local/Demo/Groups/SEC-DiskEncryption),,04/26/2025 22:40:00
Wout Lindeboom (500124),Microsoft Active Directory,SEC-MFA-Enrolled (avo.local/Demo/Groups/SEC-MFA-Enrolled),,07/24/2025 17:32:00
Wout Lindeboom (500124),Microsoft Active Directory,SEC-Endpoint-Protection (avo.local/Demo/Groups/SEC-Endpoint-Protection),,09/25/2025 10:53:00
Wout Lindeboom (500124),Microsoft Active Directory,APP-Intranet (avo.local/Demo/Groups/APP-Intranet),,10/31/2025 04:10:00
Wout Lindeboom (500124),Microsoft Active Directory,FS-HRM02-RO (avo.local/Demo/Groups/FS-HRM02-RO),,07/21/2025 10:56:00
Wout Lindeboom (500124),Microsoft Active Directory,TEAM-HRM02 (avo.local/Demo/Groups/TEAM-HRM02),,05/09/2025 02:25:00
Wout Lindeboom (500124),Microsoft Active Directory,APP-Selfservice (avo.local/Demo/Groups/APP-Selfservice),,10/15/2025 12:50:00
Eva Coenen (500125),Microsoft Active Directory,SEC-Antivirus (avo.local/Demo/Groups/SEC-Antivirus),,04/03/2026 15:46:00
Eva Coenen (500125),Microsoft Active Directory,SEC-DiskEncryption (avo.local/Demo/Groups/SEC-DiskEncryption),,04/30/2026 11:42:00
Eva Coenen (500125),Microsoft Active Directory,SEC-MFA-Enrolled (avo.local/Demo/Groups/SEC-MFA-Enrolled),,11/14/2025 07:54:00
Eva Coenen (500125),Microsoft Active Directory,APP-Intranet (avo.local/Demo/Groups/APP-Intranet),,07/13/2025 03:12:00
Eva Coenen (500125),Microsoft Active Directory,APP-CB12-Portal (avo.local/Demo/Groups/APP-CB12-Portal),,10/21/2025 19:05:00
Eva Coenen (500125),Microsoft Active Directory,FS-CB12-RO (avo.local/Demo/Groups/FS-CB12-RO),,05/06/2026 16:10:00
Eva Coenen (500125),Microsoft Active Directory,FS-CB12-RW (avo.local/Demo/Groups/FS-CB12-RW),,06/26/2026 19:23:00
Eva Coenen (500125),Microsoft Active Directory,TEAM-CB12 (avo.local/Demo/Groups/TEAM-CB12),,09/18/2025 13:29:00
Eva Coenen (500125),Microsoft Active Directory,MBX-CB12 (avo.local/Demo/Groups/MBX-CB12),,01/02/2026 00:00:00
Eva Coenen (500125),Microsoft Active Directory,APP-Selfservice (avo.local/Demo/Groups/APP-Selfservice),,03/27/2025 17:14:00
Eva Coenen (500125),Microsoft Active Directory,APP-Adobe-AcrobatPro (avo.local/Demo/Groups/APP-Adobe-AcrobatPro),,06/29/2026 13:16:00
Pien Nagtegaal (500126),Microsoft Active Directory,SEC-Antivirus (avo.local/Demo/Groups/SEC-Antivirus),,06/07/2026 09:25:00
Pien Nagtegaal (500126),Microsoft Active Directory,SEC-DiskEncryption (avo.local/Demo/Groups/SEC-DiskEncryption),,04/25/2026 08:33:00
Pien Nagtegaal (500126),Microsoft Active Directory,APP-Intranet (avo.local/Demo/Groups/APP-Intranet),,12/02/2025 23:21:00
Pien Nagtegaal (500126),Microsoft Active Directory,APP-Office365 (avo.local/Demo/Groups/APP-Office365),,05/21/2026 13:00:00
Roos Jonker (500127),Microsoft Active Directory,SEC-Antivirus (avo.local/Demo/Groups/SEC-Antivirus),,08/26/2025 20:50:00
Roos Jonker (500127),Microsoft Active Directory,SEC-DiskEncryption (avo.local/Demo/Groups/SEC-DiskEncryption),,06/19/2025 07:11:00
Roos Jonker (500127),Microsoft Active Directory,SEC-MFA-Enrolled (avo.local/Demo/Groups/SEC-MFA-Enrolled),,09/01/2025 17:28:00
Roos Jonker (500127),Microsoft Active Directory,SEC-Endpoint-Protection (avo.local/Demo/Groups/SEC-Endpoint-Protection),,06/05/2025 00:44:00
Mila Fokkema (500128),Microsoft Active Directory,SEC-Antivirus (avo.local/Demo/Groups/SEC-Antivirus),,01/03/2026 04:54:00
Mila Fokkema (500128),Microsoft Active Directory,SEC-DiskEncryption (avo.local/Demo/Groups/SEC-DiskEncryption),,08/09/2025 16:45:00
Mila Fokkema (500128),Microsoft Active Directory,SEC-MFA-Enrolled (avo.local/Demo/Groups/SEC-MFA-Enrolled),,03/27/2026 20:38:00
Mila Fokkema (500128),Microsoft Active Directory,APP-Intranet (avo.local/Demo/Groups/APP-Intranet),,11/18/2025 20:24:00
Mila Fokkema (500128),Microsoft Active Directory,APP-Office365 (avo.local/Demo/Groups/APP-Office365),,10/16/2025 13:38:00
Mila Fokkema (500128),Microsoft Active Directory,APP-CA010-Portal (avo.local/Demo/Groups/APP-CA010-Portal),,08/05/2025 06:38:00
Mila Fokkema (500128),Microsoft Active Directory,FS-CA010-RW (avo.local/Demo/Groups/FS-CA010-RW),,05/02/2025 17:25:00
Mila Fokkema (500128),Microsoft Active Directory,TEAM-CA010 (avo.local/Demo/Groups/TEAM-CA010),,07/10/2025 05:25:00
Mila Fokkema (500128),Microsoft Active Directory,MBX-CA010 (avo.local/Demo/Groups/MBX-CA010),,08/22/2025 06:56:00
Quinten Muijs (500129),Microsoft Active Directory,SEC-Antivirus (avo.local/Demo/Groups/SEC-Antivirus),,10/21/2025 18:06:00
Quinten Muijs (500129),Microsoft Active Directory,SEC-DiskEncryption (avo.local/Demo/Groups/SEC-DiskEncryption),,09/14/2025 22:24:00
Quinten Muijs (500129),Microsoft Active Directory,APP-Intranet (avo.local/Demo/Groups/APP-Intranet),,02/28/2026 20:45:00
Quinten Muijs (500129),Microsoft Active Directory,APP-Visio (avo.local/Demo/Groups/APP-Visio),,02/19/2026 18:34:00
Yara Slootweg (500130),Microsoft Active Directory,SEC-Antivirus (avo.local/Demo/Groups/SEC-Antivirus),,02/14/2026 14:51:00
Yara Slootweg (500130),Microsoft Active Directory,SEC-DiskEncryption (avo.local/Demo/Groups/SEC-DiskEncryption),,07/31/2025 00:03:00
Yara Slootweg (500130),Microsoft Active Directory,SEC-MFA-Enrolled (avo.local/Demo/Groups/SEC-MFA-Enrolled),,05/28/2025 01:52:00
Yara Slootweg (500130),Microsoft Active Directory,SEC-Endpoint-Protection (avo.local/Demo/Groups/SEC-Endpoint-Protection),,07/01/2025 00:31:00
Yara Slootweg (500130),Microsoft Active Directory,APP-Intranet (avo.local/Demo/Groups/APP-Intranet),,06/16/2025 09:47:00
Yara Slootweg (500130),Microsoft Active Directory,APP-Office365 (avo.local/Demo/Groups/APP-Office365),,05/21/2025 22:04:00
Yara Slootweg (500130),Microsoft Active Directory,APP-CA010-Portal (avo.local/Demo/Groups/APP-CA010-Portal),,07/07/2026 08:26:00
Yara Slootweg (500130),Microsoft Active Directory,FS-CA010-RO (avo.local/Demo/Groups/FS-CA010-RO),,05/01/2026 04:52:00
Yara Slootweg (500130),Microsoft Active Directory,TEAM-CA010 (avo.local/Demo/Groups/TEAM-CA010),,10/02/2025 07:13:00
Yara Slootweg (500130),Microsoft Active Directory,MBX-CA010 (avo.local/Demo/Groups/MBX-CA010),,06/28/2025 11:05:00
Yara Slootweg (500130),Microsoft Active Directory,APP-Selfservice (avo.local/Demo/Groups/APP-Selfservice),,07/05/2026 05:18:00
Yara Slootweg (500130),Microsoft Active Directory,APP-Adobe-AcrobatPro (avo.local/Demo/Groups/APP-Adobe-AcrobatPro),,05/05/2025 01:35:00
Lars Uijlenbroek (500131),Microsoft Active Directory,SEC-DiskEncryption (avo.local/Demo/Groups/SEC-DiskEncryption),,08/24/2025 02:55:00
Lars Uijlenbroek (500131),Microsoft Active Directory,SEC-MFA-Enrolled (avo.local/Demo/Groups/SEC-MFA-Enrolled),,09/30/2025 13:21:00
Lars Uijlenbroek (500131),Microsoft Active Directory,SEC-Endpoint-Protection (avo.local/Demo/Groups/SEC-Endpoint-Protection),,05/27/2026 00:13:00
Lars Uijlenbroek (500131),Microsoft Active Directory,FS-CA010-RO (avo.local/Demo/Groups/FS-CA010-RO),,07/25/2025 16:40:00
Lars Uijlenbroek (500131),Microsoft Active Directory,TEAM-CA010 (avo.local/Demo/Groups/TEAM-CA010),,08/02/2026 07:57:00
Lars Uijlenbroek (500131),Microsoft Active Directory,MBX-CA010 (avo.local/Demo/Groups/MBX-CA010),,02/23/2026 03:28:00
Lars Uijlenbroek (500131),Microsoft Active Directory,ROLE-Verpleegkundige (avo.local/Demo/Groups/ROLE-Verpleegkundige),,05/03/2026 23:23:00
Eva Nagtegaal (500132),Microsoft Active Directory,SEC-Antivirus (avo.local/Demo/Groups/SEC-Antivirus),,12/27/2025 23:08:00
Eva Nagtegaal (500132),Microsoft Active Directory,SEC-DiskEncryption (avo.local/Demo/Groups/SEC-DiskEncryption),,10/06/2025 17:13:00
Eva Nagtegaal (500132),Microsoft Active Directory,SEC-MFA-Enrolled (avo.local/Demo/Groups/SEC-MFA-Enrolled),,10/03/2025 02:33:00
Eva Nagtegaal (500132),Microsoft Active Directory,SEC-Endpoint-Protection (avo.local/Demo/Groups/SEC-Endpoint-Protection),,05/14/2026 21:51:00
Eva Nagtegaal (500132),Microsoft Active Directory,FS-HRM02-RO (avo.local/Demo/Groups/FS-HRM02-RO),,01/08/2026 02:14:00
Eva Nagtegaal (500132),Microsoft Active Directory,FS-HRM02-RW (avo.local/Demo/Groups/FS-HRM02-RW),,06/21/2025 08:02:00
Roos Elzinga (500133),Microsoft Active Directory,SEC-Antivirus (avo.local/Demo/Groups/SEC-Antivirus),,10/25/2025 23:04:00
Roos Elzinga (500133),Microsoft Active Directory,SEC-Endpoint-Protection (avo.local/Demo/Groups/SEC-Endpoint-Protection),,06/05/2025 23:08:00
Roos Elzinga (500133),Microsoft Active Directory,APP-Office365 (avo.local/Demo/Groups/APP-Office365),,04/17/2025 13:07:00
Roos Elzinga (500133),Microsoft Active Directory,APP-CZ08-Portal (avo.local/Demo/Groups/APP-CZ08-Portal),,07/22/2026 04:20:00
Roos Elzinga (500133),Microsoft Active Directory,FS-CZ08-RO (avo.local/Demo/Groups/FS-CZ08-RO),,09/21/2025 16:31:00
Roos Elzinga (500133),Microsoft Active Directory,FS-CZ08-RW (avo.local/Demo/Groups/FS-CZ08-RW),,06/26/2026 17:51:00
Roos Elzinga (500133),Microsoft Active Directory,APP-Selfservice (avo.local/Demo/Groups/APP-Selfservice),,07/25/2025 22:37:00
Iris Aalbers (500134),Microsoft Active Directory,SEC-MFA-Enrolled (avo.local/Demo/Groups/SEC-MFA-Enrolled),,04/06/2025 07:07:00
Iris Aalbers (500134),Microsoft Active Directory,SEC-Endpoint-Protection (avo.local/Demo/Groups/SEC-Endpoint-Protection),,05/02/2026 20:39:00
Iris Aalbers (500134),Microsoft Active Directory,APP-Intranet (avo.local/Demo/Groups/APP-Intranet),,09/03/2025 21:38:00
Iris Aalbers (500134),Microsoft Active Directory,APP-Office365 (avo.local/Demo/Groups/APP-Office365),,11/03/2025 00:58:00
Iris Aalbers (500134),Microsoft Active Directory,APP-FIN01-Portal (avo.local/Demo/Groups/APP-FIN01-Portal),,05/24/2026 15:14:00
Iris Aalbers (500134),Microsoft Active Directory,FS-FIN01-RW (avo.local/Demo/Groups/FS-FIN01-RW),,03/21/2026 22:43:00
Iris Aalbers (500134),Microsoft Active Directory,TEAM-FIN01 (avo.local/Demo/Groups/TEAM-FIN01),,12/30/2025 13:14:00
Iris Aalbers (500134),Microsoft Active Directory,MBX-FIN01 (avo.local/Demo/Groups/MBX-FIN01),,04/05/2026 08:49:00
Iris Aalbers (500134),Microsoft Active Directory,ROLE-Begeleider (avo.local/Demo/Groups/ROLE-Begeleider),,03/23/2025 15:09:00
Zoë Roozendaal (500135),Microsoft Active Directory,SEC-Antivirus (avo.local/Demo/Groups/SEC-Antivirus),,07/12/2026 10:12:00
Zoë Roozendaal (500135),Microsoft Active Directory,SEC-DiskEncryption (avo.local/Demo/Groups/SEC-DiskEncryption),,01/29/2026 08:02:00
Zoë Roozendaal (500135),Microsoft Active Directory,SEC-Endpoint-Protection (avo.local/Demo/Groups/SEC-Endpoint-Protection),,06/20/2026 18:49:00
Zoë Roozendaal (500135),Microsoft Active Directory,APP-Intranet (avo.local/Demo/Groups/APP-Intranet),,11/22/2025 00:05:00
Zoë Roozendaal (500135),Microsoft Active Directory,TEAM-CB12 (avo.local/Demo/Groups/TEAM-CB12),,07/30/2025 16:36:00
Zoë Roozendaal (500135),Microsoft Active Directory,APP-Selfservice (avo.local/Demo/Groups/APP-Selfservice),,01/19/2026 12:18:00
Zoë Roozendaal (500135),Microsoft Active Directory,ROLE-Begeleider (avo.local/Demo/Groups/ROLE-Begeleider),,06/23/2026 08:17:00
Lars Quaedvlieg (500136),Microsoft Active Directory,SEC-DiskEncryption (avo.local/Demo/Groups/SEC-DiskEncryption),,04/26/2026 17:59:00
Lars Quaedvlieg (500136),Microsoft Active Directory,SEC-MFA-Enrolled (avo.local/Demo/Groups/SEC-MFA-Enrolled),,03/14/2026 14:50:00
Lars Quaedvlieg (500136),Microsoft Active Directory,SEC-Endpoint-Protection (avo.local/Demo/Groups/SEC-Endpoint-Protection),,05/31/2025 18:00:00
Lars Quaedvlieg (500136),Microsoft Active Directory,APP-Intranet (avo.local/Demo/Groups/APP-Intranet),,11/20/2025 23:58:00
Lars Quaedvlieg (500136),Microsoft Active Directory,APP-Office365 (avo.local/Demo/Groups/APP-Office365),,05/21/2026 01:34:00
Pien Lindeboom (500137),Microsoft Active Directory,SEC-Antivirus (avo.local/Demo/Groups/SEC-Antivirus),,10/24/2025 17:29:00
Pien Lindeboom (500137),Microsoft Active Directory,SEC-MFA-Enrolled (avo.local/Demo/Groups/SEC-MFA-Enrolled),,04/10/2025 01:22:00
Pien Lindeboom (500137),Microsoft Active Directory,SEC-Endpoint-Protection (avo.local/Demo/Groups/SEC-Endpoint-Protection),,05/11/2026 23:56:00
Pien Lindeboom (500137),Microsoft Active Directory,APP-Intranet (avo.local/Demo/Groups/APP-Intranet),,04/25/2026 18:11:00
Bram Uijlenbroek (500138),Microsoft Active Directory,SEC-Antivirus (avo.local/Demo/Groups/SEC-Antivirus),,09/21/2025 15:33:00
Bram Uijlenbroek (500138),Microsoft Active Directory,SEC-DiskEncryption (avo.local/Demo/Groups/SEC-DiskEncryption),,07/07/2025 12:21:00
Bram Uijlenbroek (500138),Microsoft Active Directory,SEC-MFA-Enrolled (avo.local/Demo/Groups/SEC-MFA-Enrolled),,03/18/2026 16:24:00
Bram Uijlenbroek (500138),Microsoft Active Directory,SEC-Endpoint-Protection (avo.local/Demo/Groups/SEC-Endpoint-Protection),,10/27/2025 12:29:00
Bram Uijlenbroek (500138),Microsoft Active Directory,APP-Intranet (avo.local/Demo/Groups/APP-Intranet),,11/21/2025 15:13:00
Bram Uijlenbroek (500138),Microsoft Active Directory,TEAM-CZ08 (avo.local/Demo/Groups/TEAM-CZ08),,05/02/2026 08:10:00
Bram Uijlenbroek (500138),Microsoft Active Directory,MBX-CZ08 (avo.local/Demo/Groups/MBX-CZ08),,03/31/2026 05:37:00
Daan Slootweg (500139),Microsoft Active Directory,SEC-Antivirus (avo.local/Demo/Groups/SEC-Antivirus),,07/10/2026 12:49:00
Daan Slootweg (500139),Microsoft Active Directory,SEC-DiskEncryption (avo.local/Demo/Groups/SEC-DiskEncryption),,06/20/2026 16:36:00
Daan Slootweg (500139),Microsoft Active Directory,SEC-MFA-Enrolled (avo.local/Demo/Groups/SEC-MFA-Enrolled),,11/22/2025 23:13:00
Daan Slootweg (500139),Microsoft Active Directory,SEC-Endpoint-Protection (avo.local/Demo/Groups/SEC-Endpoint-Protection),,05/14/2026 17:08:00
Daan Slootweg (500139),Microsoft Active Directory,APP-Intranet (avo.local/Demo/Groups/APP-Intranet),,05/27/2026 23:03:00
Daan Slootweg (500139),Microsoft Active Directory,APP-Office365 (avo.local/Demo/Groups/APP-Office365),,07/24/2026 07:04:00
Tess Oosterhuis (500140),Microsoft Active Directory,SEC-Antivirus (avo.local/Demo/Groups/SEC-Antivirus),,06/16/2026 04:22:00
Tess Oosterhuis (500140),Microsoft Active Directory,SEC-MFA-Enrolled (avo.local/Demo/Groups/SEC-MFA-Enrolled),,12/06/2025 19:30:00
Tess Oosterhuis (500140),Microsoft Active Directory,SEC-Endpoint-Protection (avo.local/Demo/Groups/SEC-Endpoint-Protection),,02/17/2026 12:26:00
Tess Oosterhuis (500140),Microsoft Active Directory,APP-Intranet (avo.local/Demo/Groups/APP-Intranet),,05/31/2026 04:21:00
Tess Oosterhuis (500140),Microsoft Active Directory,APP-CB12-Portal (avo.local/Demo/Groups/APP-CB12-Portal),,06/01/2025 22:32:00
Tess Oosterhuis (500140),Microsoft Active Directory,FS-CB12-RO (avo.local/Demo/Groups/FS-CB12-RO),,02/20/2026 07:14:00
Tess Oosterhuis (500140),Microsoft Active Directory,TEAM-CB12 (avo.local/Demo/Groups/TEAM-CB12),,09/27/2025 22:10:00
Tess Oosterhuis (500140),Microsoft Active Directory,MBX-CB12 (avo.local/Demo/Groups/MBX-CB12),,03/28/2025 09:22:00
Tess Oosterhuis (500140),Microsoft Active Directory,APP-Selfservice (avo.local/Demo/Groups/APP-Selfservice),,11/03/2025 13:33:00
Finn Wielenga (500141),Microsoft Active Directory,SEC-Antivirus (avo.local/Demo/Groups/SEC-Antivirus),,06/08/2026 16:58:00
Finn Wielenga (500141),Microsoft Active Directory,SEC-DiskEncryption (avo.local/Demo/Groups/SEC-DiskEncryption),,10/07/2025 21:01:00
Finn Wielenga (500141),Microsoft Active Directory,SEC-Endpoint-Protection (avo.local/Demo/Groups/SEC-Endpoint-Protection),,12/12/2025 07:48:00
Finn Wielenga (500141),Microsoft Active Directory,APP-Intranet (avo.local/Demo/Groups/APP-Intranet),,02/20/2026 08:05:00
Sem Pronk (500142),Microsoft Active Directory,APP-FIN01-Portal (avo.local/Demo/Groups/APP-FIN01-Portal),,04/20/2026 08:16:00
Sem Pronk (500142),Microsoft Active Directory,FS-FIN01-RO (avo.local/Demo/Groups/FS-FIN01-RO),,07/31/2026 20:59:00
Sem Pronk (500142),Microsoft Active Directory,FS-FIN01-RW (avo.local/Demo/Groups/FS-FIN01-RW),,05/11/2026 13:03:00
Sem Pronk (500142),Microsoft Active Directory,MBX-FIN01 (avo.local/Demo/Groups/MBX-FIN01),,06/06/2026 21:20:00
Olivier Terlouw (500143),Microsoft Active Directory,SEC-Antivirus (avo.local/Demo/Groups/SEC-Antivirus),,06/09/2026 03:59:00
Olivier Terlouw (500143),Microsoft Active Directory,SEC-DiskEncryption (avo.local/Demo/Groups/SEC-DiskEncryption),,07/12/2026 14:50:00
Olivier Terlouw (500143),Microsoft Active Directory,SEC-MFA-Enrolled (avo.local/Demo/Groups/SEC-MFA-Enrolled),,04/04/2026 20:49:00
Olivier Terlouw (500143),Microsoft Active Directory,SEC-Endpoint-Protection (avo.local/Demo/Groups/SEC-Endpoint-Protection),,05/03/2025 06:05:00
Olivier Terlouw (500143),Microsoft Active Directory,APP-Intranet (avo.local/Demo/Groups/APP-Intranet),,06/21/2025 23:33:00
Olivier Terlouw (500143),Microsoft Active Directory,APP-Office365 (avo.local/Demo/Groups/APP-Office365),,06/17/2026 03:26:00
Lars Jonker (500144),Microsoft Active Directory,SEC-Antivirus (avo.local/Demo/Groups/SEC-Antivirus),,05/19/2026 02:37:00
Lars Jonker (500144),Microsoft Active Directory,SEC-DiskEncryption (avo.local/Demo/Groups/SEC-DiskEncryption),,09/28/2025 05:24:00
Lars Jonker (500144),Microsoft Active Directory,SEC-MFA-Enrolled (avo.local/Demo/Groups/SEC-MFA-Enrolled),,04/06/2026 06:09:00
Lars Jonker (500144),Microsoft Active Directory,APP-Intranet (avo.local/Demo/Groups/APP-Intranet),,01/21/2026 23:53:00
Lars Jonker (500144),Microsoft Active Directory,APP-Office365 (avo.local/Demo/Groups/APP-Office365),,03/27/2025 20:57:00
Daan Slootweg (500145),Microsoft Active Directory,SEC-Antivirus (avo.local/Demo/Groups/SEC-Antivirus),,09/02/2025 00:42:00
Daan Slootweg (500145),Microsoft Active Directory,SEC-DiskEncryption (avo.local/Demo/Groups/SEC-DiskEncryption),,10/22/2025 06:41:00
Daan Slootweg (500145),Microsoft Active Directory,SEC-MFA-Enrolled (avo.local/Demo/Groups/SEC-MFA-Enrolled),,11/12/2025 20:09:00
Daan Slootweg (500145),Microsoft Active Directory,SEC-Endpoint-Protection (avo.local/Demo/Groups/SEC-Endpoint-Protection),,12/29/2025 12:43:00
Daan Slootweg (500145),Microsoft Active Directory,APP-Office365 (avo.local/Demo/Groups/APP-Office365),,08/13/2025 23:58:00
Daan Slootweg (500145),Microsoft Active Directory,ROLE-Verzorgende (avo.local/Demo/Groups/ROLE-Verzorgende),,11/28/2025 19:24:00
Gijs Coenen (500146),Microsoft Active Directory,SEC-Antivirus (avo.local/Demo/Groups/SEC-Antivirus),,12/22/2025 11:18:00
Gijs Coenen (500146),Microsoft Active Directory,SEC-DiskEncryption (avo.local/Demo/Groups/SEC-DiskEncryption),,10/27/2025 08:52:00
Gijs Coenen (500146),Microsoft Active Directory,SEC-MFA-Enrolled (avo.local/Demo/Groups/SEC-MFA-Enrolled),,06/01/2026 12:07:00
Gijs Coenen (500146),Microsoft Active Directory,SEC-Endpoint-Protection (avo.local/Demo/Groups/SEC-Endpoint-Protection),,05/08/2026 03:43:00
Gijs Coenen (500146),Microsoft Active Directory,APP-Intranet (avo.local/Demo/Groups/APP-Intranet),,08/02/2025 15:28:00
Gijs Coenen (500146),Microsoft Active Directory,APP-Office365 (avo.local/Demo/Groups/APP-Office365),,09/14/2025 01:33:00
Anne Fokkema (500147),Microsoft Active Directory,SEC-Antivirus (avo.local/Demo/Groups/SEC-Antivirus),,09/12/2025 23:44:00
Anne Fokkema (500147),Microsoft Active Directory,SEC-DiskEncryption (avo.local/Demo/Groups/SEC-DiskEncryption),,07/02/2026 12:56:00
Anne Fokkema (500147),Microsoft Active Directory,SEC-MFA-Enrolled (avo.local/Demo/Groups/SEC-MFA-Enrolled),,03/18/2026 13:59:00
Anne Fokkema (500147),Microsoft Active Directory,SEC-Endpoint-Protection (avo.local/Demo/Groups/SEC-Endpoint-Protection),,09/20/2025 06:58:00
Anne Fokkema (500147),Microsoft Active Directory,APP-Intranet (avo.local/Demo/Groups/APP-Intranet),,07/02/2026 14:47:00
Anne Fokkema (500147),Microsoft Active Directory,APP-Office365 (avo.local/Demo/Groups/APP-Office365),,08/11/2025 05:26:00
Anne Fokkema (500147),Microsoft Active Directory,FS-FIN01-RW (avo.local/Demo/Groups/FS-FIN01-RW),,01/12/2026 17:02:00
Anne Fokkema (500147),Microsoft Active Directory,TEAM-FIN01 (avo.local/Demo/Groups/TEAM-FIN01),,07/26/2026 22:57:00
Anne Fokkema (500147),Microsoft Active Directory,MBX-FIN01 (avo.local/Demo/Groups/MBX-FIN01),,05/26/2025 01:53:00
Anne Fokkema (500147),Microsoft Active Directory,ROLE-Begeleider (avo.local/Demo/Groups/ROLE-Begeleider),,05/07/2026 03:07:00
Anne Fokkema (500147),Microsoft Active Directory,FS-Begeleider-DATA (avo.local/Demo/Groups/FS-Begeleider-DATA),,11/23/2025 13:31:00
Mila Oosterhuis (500148),Microsoft Active Directory,SEC-Antivirus (avo.local/Demo/Groups/SEC-Antivirus),,06/02/2026 10:55:00
Mila Oosterhuis (500148),Microsoft Active Directory,SEC-DiskEncryption (avo.local/Demo/Groups/SEC-DiskEncryption),,04/24/2025 13:35:00
Mila Oosterhuis (500148),Microsoft Active Directory,SEC-MFA-Enrolled (avo.local/Demo/Groups/SEC-MFA-Enrolled),,05/26/2025 06:56:00
Mila Oosterhuis (500148),Microsoft Active Directory,SEC-Endpoint-Protection (avo.local/Demo/Groups/SEC-Endpoint-Protection),,02/25/2026 07:28:00
Mila Oosterhuis (500148),Microsoft Active Directory,APP-Intranet (avo.local/Demo/Groups/APP-Intranet),,12/21/2025 15:11:00
Eva Roozendaal (500149),Microsoft Active Directory,SEC-Antivirus (avo.local/Demo/Groups/SEC-Antivirus),,08/05/2025 17:56:00
Eva Roozendaal (500149),Microsoft Active Directory,SEC-DiskEncryption (avo.local/Demo/Groups/SEC-DiskEncryption),,04/26/2025 22:20:00
Eva Roozendaal (500149),Microsoft Active Directory,SEC-Endpoint-Protection (avo.local/Demo/Groups/SEC-Endpoint-Protection),,09/08/2025 23:27:00
Eva Roozendaal (500149),Microsoft Active Directory,APP-Office365 (avo.local/Demo/Groups/APP-Office365),,05/18/2025 08:18:00
Eva Roozendaal (500149),Microsoft Active Directory,APP-FIN01-Portal (avo.local/Demo/Groups/APP-FIN01-Portal),,12/31/2025 16:07:00
Eva Roozendaal (500149),Microsoft Active Directory,FS-FIN01-RO (avo.local/Demo/Groups/FS-FIN01-RO),,08/04/2025 00:25:00
Eva Roozendaal (500149),Microsoft Active Directory,TEAM-FIN01 (avo.local/Demo/Groups/TEAM-FIN01),,06/11/2025 16:02:00
Eva Roozendaal (500149),Microsoft Active Directory,MBX-FIN01 (avo.local/Demo/Groups/MBX-FIN01),,04/06/2026 07:32:00
Eva Roozendaal (500149),Microsoft Active Directory,ROLE-Verzorgende (avo.local/Demo/Groups/ROLE-Verzorgende),,07/20/2026 13:02:00
Eva Roozendaal (500149),Microsoft Active Directory,APP-Copilot (avo.local/Demo/Groups/APP-Copilot),,09/16/2025 08:30:00
Kim Wielenga (500150),Microsoft Active Directory,SEC-Antivirus (avo.local/Demo/Groups/SEC-Antivirus),,06/03/2025 03:26:00
Kim Wielenga (500150),Microsoft Active Directory,SEC-DiskEncryption (avo.local/Demo/Groups/SEC-DiskEncryption),,10/23/2025 04:06:00
Kim Wielenga (500150),Microsoft Active Directory,APP-Intranet (avo.local/Demo/Groups/APP-Intranet),,02/23/2026 18:40:00
Kim Wielenga (500150),Microsoft Active Directory,APP-Office365 (avo.local/Demo/Groups/APP-Office365),,09/10/2025 11:42:00
Hanna Slootweg (500151),Microsoft Active Directory,SEC-Antivirus (avo.local/Demo/Groups/SEC-Antivirus),,07/15/2025 20:55:00
Hanna Slootweg (500151),Microsoft Active Directory,SEC-DiskEncryption (avo.local/Demo/Groups/SEC-DiskEncryption),,10/18/2025 20:31:00
Hanna Slootweg (500151),Microsoft Active Directory,SEC-MFA-Enrolled (avo.local/Demo/Groups/SEC-MFA-Enrolled),,06/04/2025 11:22:00
Hanna Slootweg (500151),Microsoft Active Directory,APP-Intranet (avo.local/Demo/Groups/APP-Intranet),,06/18/2025 20:32:00
Hanna Slootweg (500151),Microsoft Active Directory,APP-Office365 (avo.local/Demo/Groups/APP-Office365),,05/09/2025 23:04:00
Hanna Slootweg (500151),Microsoft Active Directory,TEAM-ICT03 (avo.local/Demo/Groups/TEAM-ICT03),,11/16/2025 03:58:00
Hanna Slootweg (500151),Microsoft Active Directory,APP-ICT03-Portal (avo.local/Demo/Groups/APP-ICT03-Portal),,10/14/2025 17:03:00
Wout Pronk (500152),Microsoft Active Directory,SEC-DiskEncryption (avo.local/Demo/Groups/SEC-DiskEncryption),,10/09/2025 00:12:00
Wout Pronk (500152),Microsoft Active Directory,SEC-Endpoint-Protection (avo.local/Demo/Groups/SEC-Endpoint-Protection),,06/18/2025 13:16:00
Wout Pronk (500152),Microsoft Active Directory,APP-Intranet (avo.local/Demo/Groups/APP-Intranet),,01/22/2026 22:39:00
Wout Pronk (500152),Microsoft Active Directory,APP-Office365 (avo.local/Demo/Groups/APP-Office365),,03/07/2026 07:01:00
Vera Terlouw (500153),Microsoft Active Directory,SEC-Antivirus (avo.local/Demo/Groups/SEC-Antivirus),,07/07/2026 05:55:00
Vera Terlouw (500153),Microsoft Active Directory,SEC-DiskEncryption (avo.local/Demo/Groups/SEC-DiskEncryption),,09/16/2025 11:38:00
Vera Terlouw (500153),Microsoft Active Directory,SEC-MFA-Enrolled (avo.local/Demo/Groups/SEC-MFA-Enrolled),,07/26/2025 17:11:00
Vera Terlouw (500153),Microsoft Active Directory,SEC-Endpoint-Protection (avo.local/Demo/Groups/SEC-Endpoint-Protection),,07/11/2026 18:15:00
Vera Terlouw (500153),Microsoft Active Directory,APP-Intranet (avo.local/Demo/Groups/APP-Intranet),,06/02/2026 23:14:00
Vera Terlouw (500153),Microsoft Active Directory,APP-Office365 (avo.local/Demo/Groups/APP-Office365),,01/03/2026 06:27:00
Vera Lindeboom (500154),Microsoft Active Directory,SEC-DiskEncryption (avo.local/Demo/Groups/SEC-DiskEncryption),,10/02/2025 20:37:00
Vera Lindeboom (500154),Microsoft Active Directory,SEC-MFA-Enrolled (avo.local/Demo/Groups/SEC-MFA-Enrolled),,02/09/2026 07:31:00
Vera Lindeboom (500154),Microsoft Active Directory,SEC-Endpoint-Protection (avo.local/Demo/Groups/SEC-Endpoint-Protection),,09/21/2025 04:16:00
Vera Lindeboom (500154),Microsoft Active Directory,APP-Intranet (avo.local/Demo/Groups/APP-Intranet),,05/13/2026 21:51:00
Vera Lindeboom (500154),Microsoft Active Directory,APP-Office365 (avo.local/Demo/Groups/APP-Office365),,08/01/2026 13:36:00
Vera Lindeboom (500154),Microsoft Active Directory,APP-CB12-Portal (avo.local/Demo/Groups/APP-CB12-Portal),,02/23/2026 04:44:00
Vera Lindeboom (500154),Microsoft Active Directory,FS-CB12-RO (avo.local/Demo/Groups/FS-CB12-RO),,05/03/2025 05:14:00
Vera Lindeboom (500154),Microsoft Active Directory,TEAM-CB12 (avo.local/Demo/Groups/TEAM-CB12),,06/16/2026 09:18:00
Vera Lindeboom (500154),Microsoft Active Directory,MBX-CB12 (avo.local/Demo/Groups/MBX-CB12),,11/05/2025 16:42:00
Vera Lindeboom (500154),Microsoft Active Directory,APP-Selfservice (avo.local/Demo/Groups/APP-Selfservice),,10/10/2025 01:06:00
Vera Lindeboom (500154),Microsoft Active Directory,ROLE-Verzorgende (avo.local/Demo/Groups/ROLE-Verzorgende),,08/26/2025 08:49:00
Vera Lindeboom (500154),Microsoft Active Directory,APP-Copilot (avo.local/Demo/Groups/APP-Copilot),,10/06/2025 02:23:00
Bram Roozendaal (500155),Microsoft Active Directory,SEC-Antivirus (avo.local/Demo/Groups/SEC-Antivirus),,05/17/2025 04:48:00
Bram Roozendaal (500155),Microsoft Active Directory,SEC-DiskEncryption (avo.local/Demo/Groups/SEC-DiskEncryption),,05/13/2025 10:59:00
Bram Roozendaal (500155),Microsoft Active Directory,SEC-Endpoint-Protection (avo.local/Demo/Groups/SEC-Endpoint-Protection),,04/20/2026 09:10:00
Bram Roozendaal (500155),Microsoft Active Directory,APP-Adobe-AcrobatPro (avo.local/Demo/Groups/APP-Adobe-AcrobatPro),,09/21/2025 18:09:00
Mila Ipenburg (500156),Microsoft Active Directory,SEC-Antivirus (avo.local/Demo/Groups/SEC-Antivirus),,07/28/2026 13:23:00
Mila Ipenburg (500156),Microsoft Active Directory,SEC-DiskEncryption (avo.local/Demo/Groups/SEC-DiskEncryption),,09/18/2025 11:48:00
Mila Ipenburg (500156),Microsoft Active Directory,SEC-MFA-Enrolled (avo.local/Demo/Groups/SEC-MFA-Enrolled),,01/26/2026 09:41:00
Mila Ipenburg (500156),Microsoft Active Directory,SEC-Endpoint-Protection (avo.local/Demo/Groups/SEC-Endpoint-Protection),,06/23/2026 09:16:00
Mila Ipenburg (500156),Microsoft Active Directory,APP-Office365 (avo.local/Demo/Groups/APP-Office365),,12/27/2025 21:59:00
Mila Ipenburg (500156),Microsoft Active Directory,APP-CB12-Portal (avo.local/Demo/Groups/APP-CB12-Portal),,06/14/2026 12:11:00
Mila Ipenburg (500156),Microsoft Active Directory,FS-CB12-RO (avo.local/Demo/Groups/FS-CB12-RO),,10/30/2025 22:48:00
Mila Ipenburg (500156),Microsoft Active Directory,FS-CB12-RW (avo.local/Demo/Groups/FS-CB12-RW),,04/17/2026 16:01:00
Mila Ipenburg (500156),Microsoft Active Directory,TEAM-CB12 (avo.local/Demo/Groups/TEAM-CB12),,03/21/2026 07:55:00
Mila Ipenburg (500156),Microsoft Active Directory,APP-Selfservice (avo.local/Demo/Groups/APP-Selfservice),,02/17/2026 07:50:00
Mila Ipenburg (500156),Microsoft Active Directory,APP-Adobe-AcrobatPro (avo.local/Demo/Groups/APP-Adobe-AcrobatPro),,03/24/2025 03:18:00
Xander Jonker (500157),Microsoft Active Directory,SEC-Antivirus (avo.local/Demo/Groups/SEC-Antivirus),,04/21/2025 20:38:00
Xander Jonker (500157),Microsoft Active Directory,SEC-DiskEncryption (avo.local/Demo/Groups/SEC-DiskEncryption),,12/27/2025 20:47:00
Xander Jonker (500157),Microsoft Active Directory,SEC-MFA-Enrolled (avo.local/Demo/Groups/SEC-MFA-Enrolled),,09/18/2025 17:04:00
Xander Jonker (500157),Microsoft Active Directory,APP-Intranet (avo.local/Demo/Groups/APP-Intranet),,10/23/2025 14:39:00
Xander Jonker (500157),Microsoft Active Directory,APP-ICT03-Portal (avo.local/Demo/Groups/APP-ICT03-Portal),,04/21/2025 23:16:00
Xander Jonker (500157),Microsoft Active Directory,FS-ICT03-RO (avo.local/Demo/Groups/FS-ICT03-RO),,10/01/2025 15:51:00
Xander Jonker (500157),Microsoft Active Directory,FS-ICT03-RW (avo.local/Demo/Groups/FS-ICT03-RW),,05/03/2025 14:11:00
Zoë Oosterhuis (500158),Microsoft Active Directory,APP-Intranet (avo.local/Demo/Groups/APP-Intranet),,11/05/2025 13:48:00
Zoë Oosterhuis (500158),Microsoft Active Directory,APP-Office365 (avo.local/Demo/Groups/APP-Office365),,04/04/2025 00:04:00
Zoë Oosterhuis (500158),Microsoft Active Directory,APP-ICT03-Portal (avo.local/Demo/Groups/APP-ICT03-Portal),,06/05/2025 16:49:00
Zoë Oosterhuis (500158),Microsoft Active Directory,FS-ICT03-RO (avo.local/Demo/Groups/FS-ICT03-RO),,06/06/2025 11:44:00
Zoë Oosterhuis (500158),Microsoft Active Directory,FS-ICT03-RW (avo.local/Demo/Groups/FS-ICT03-RW),,08/02/2025 22:35:00
Xander Lindeboom (500159),Microsoft Active Directory,SEC-Antivirus (avo.local/Demo/Groups/SEC-Antivirus),,09/12/2025 04:15:00
Xander Lindeboom (500159),Microsoft Active Directory,SEC-DiskEncryption (avo.local/Demo/Groups/SEC-DiskEncryption),,05/25/2025 08:18:00
Xander Lindeboom (500159),Microsoft Active Directory,SEC-Endpoint-Protection (avo.local/Demo/Groups/SEC-Endpoint-Protection),,11/10/2025 06:16:00
Xander Lindeboom (500159),Microsoft Active Directory,APP-Intranet (avo.local/Demo/Groups/APP-Intranet),,05/14/2025 03:15:00
Xander Lindeboom (500159),Microsoft Active Directory,APP-Office365 (avo.local/Demo/Groups/APP-Office365),,03/30/2026 02:19:00
Xander Lindeboom (500159),Microsoft Active Directory,APP-HRM02-Portal (avo.local/Demo/Groups/APP-HRM02-Portal),,11/30/2025 02:51:00
Xander Lindeboom (500159),Microsoft Active Directory,FS-HRM02-RO (avo.local/Demo/Groups/FS-HRM02-RO),,08/02/2025 15:01:00
Xander Lindeboom (500159),Microsoft Active Directory,TEAM-HRM02 (avo.local/Demo/Groups/TEAM-HRM02),,10/31/2025 23:58:00
Hanna Kalisvaart (500160),Microsoft Active Directory,SEC-Antivirus (avo.local/Demo/Groups/SEC-Antivirus),,09/09/2025 11:42:00
Hanna Kalisvaart (500160),Microsoft Active Directory,SEC-DiskEncryption (avo.local/Demo/Groups/SEC-DiskEncryption),,05/27/2026 10:19:00
Hanna Kalisvaart (500160),Microsoft Active Directory,SEC-MFA-Enrolled (avo.local/Demo/Groups/SEC-MFA-Enrolled),,07/23/2025 10:21:00
Hanna Kalisvaart (500160),Microsoft Active Directory,SEC-Endpoint-Protection (avo.local/Demo/Groups/SEC-Endpoint-Protection),,02/27/2026 04:29:00
Hanna Kalisvaart (500160),Microsoft Active Directory,APP-Intranet (avo.local/Demo/Groups/APP-Intranet),,05/12/2025 16:34:00
Hanna Kalisvaart (500160),Microsoft Active Directory,FS-CA060-RO (avo.local/Demo/Groups/FS-CA060-RO),,10/18/2025 03:42:00
Hanna Kalisvaart (500160),Microsoft Active Directory,MBX-CA060 (avo.local/Demo/Groups/MBX-CA060),,04/06/2025 07:47:00
Hanna Kalisvaart (500160),Microsoft Active Directory,APP-Selfservice (avo.local/Demo/Groups/APP-Selfservice),,04/03/2025 13:12:00
Zoë Oosterhuis (500161),Microsoft Active Directory,SEC-DiskEncryption (avo.local/Demo/Groups/SEC-DiskEncryption),,06/03/2025 05:36:00
Zoë Oosterhuis (500161),Microsoft Active Directory,SEC-MFA-Enrolled (avo.local/Demo/Groups/SEC-MFA-Enrolled),,04/30/2025 06:42:00
Zoë Oosterhuis (500161),Microsoft Active Directory,SEC-Endpoint-Protection (avo.local/Demo/Groups/SEC-Endpoint-Protection),,01/12/2026 22:04:00
Zoë Oosterhuis (500161),Microsoft Active Directory,APP-Intranet (avo.local/Demo/Groups/APP-Intranet),,04/30/2025 22:41:00
Zoë Oosterhuis (500161),Microsoft Active Directory,ROLE-Begeleider (avo.local/Demo/Groups/ROLE-Begeleider),,01/05/2026 09:58:00
Zoë Oosterhuis (500161),Microsoft Active Directory,APP-Adobe-AcrobatPro (avo.local/Demo/Groups/APP-Adobe-AcrobatPro),,07/23/2025 16:59:00
Zoë Oosterhuis (500161),Microsoft Active Directory,APP-Visio (avo.local/Demo/Groups/APP-Visio),,06/27/2025 04:58:00
Anne Ipenburg (500162),Microsoft Active Directory,SEC-Antivirus (avo.local/Demo/Groups/SEC-Antivirus),,07/21/2026 15:53:00
Anne Ipenburg (500162),Microsoft Active Directory,SEC-MFA-Enrolled (avo.local/Demo/Groups/SEC-MFA-Enrolled),,08/29/2025 02:17:00
Anne Ipenburg (500162),Microsoft Active Directory,APP-Intranet (avo.local/Demo/Groups/APP-Intranet),,08/01/2026 04:47:00
Anne Ipenburg (500162),Microsoft Active Directory,APP-HRM02-Portal (avo.local/Demo/Groups/APP-HRM02-Portal),,09/02/2025 09:47:00
Anne Ipenburg (500162),Microsoft Active Directory,FS-HRM02-RO (avo.local/Demo/Groups/FS-HRM02-RO),,05/31/2025 10:08:00
Anne Ipenburg (500162),Microsoft Active Directory,FS-HRM02-RW (avo.local/Demo/Groups/FS-HRM02-RW),,12/19/2025 16:31:00
Anne Ipenburg (500162),Microsoft Active Directory,TEAM-HRM02 (avo.local/Demo/Groups/TEAM-HRM02),,05/26/2025 05:17:00
Anne Ipenburg (500162),Microsoft Active Directory,MBX-HRM02 (avo.local/Demo/Groups/MBX-HRM02),,10/23/2025 14:01:00
Bram Terlouw (500163),Microsoft Active Directory,SEC-Antivirus (avo.local/Demo/Groups/SEC-Antivirus),,03/23/2026 01:25:00
Bram Terlouw (500163),Microsoft Active Directory,SEC-MFA-Enrolled (avo.local/Demo/Groups/SEC-MFA-Enrolled),,06/30/2025 22:40:00
Bram Terlouw (500163),Microsoft Active Directory,APP-Intranet (avo.local/Demo/Groups/APP-Intranet),,05/29/2025 17:27:00
Bram Terlouw (500163),Microsoft Active Directory,APP-Office365 (avo.local/Demo/Groups/APP-Office365),,09/01/2025 04:09:00
Eva Nagtegaal (500164),Microsoft Active Directory,SEC-Antivirus (avo.local/Demo/Groups/SEC-Antivirus),,10/28/2025 06:16:00
Eva Nagtegaal (500164),Microsoft Active Directory,SEC-MFA-Enrolled (avo.local/Demo/Groups/SEC-MFA-Enrolled),,05/27/2025 21:34:00
Eva Nagtegaal (500164),Microsoft Active Directory,SEC-Endpoint-Protection (avo.local/Demo/Groups/SEC-Endpoint-Protection),,06/29/2026 11:46:00
Eva Nagtegaal (500164),Microsoft Active Directory,APP-Office365 (avo.local/Demo/Groups/APP-Office365),,07/07/2025 17:31:00
Eva Nagtegaal (500164),Microsoft Active Directory,FS-CA060-RO (avo.local/Demo/Groups/FS-CA060-RO),,07/19/2025 14:04:00
Eva Nagtegaal (500164),Microsoft Active Directory,FS-CA060-RW (avo.local/Demo/Groups/FS-CA060-RW),,04/27/2026 21:31:00
Eva Nagtegaal (500164),Microsoft Active Directory,MBX-CA060 (avo.local/Demo/Groups/MBX-CA060),,12/11/2025 05:50:00
Eva Nagtegaal (500164),Microsoft Active Directory,APP-Selfservice (avo.local/Demo/Groups/APP-Selfservice),,05/28/2026 10:34:00
Olivier Muijs (500165),Microsoft Active Directory,SEC-MFA-Enrolled (avo.local/Demo/Groups/SEC-MFA-Enrolled),,05/14/2026 19:39:00
Olivier Muijs (500165),Microsoft Active Directory,APP-Intranet (avo.local/Demo/Groups/APP-Intranet),,04/24/2025 14:42:00
Bram Aalbers (500166),Microsoft Active Directory,SEC-Antivirus (avo.local/Demo/Groups/SEC-Antivirus),,01/24/2026 01:46:00
Bram Aalbers (500166),Microsoft Active Directory,SEC-DiskEncryption (avo.local/Demo/Groups/SEC-DiskEncryption),,05/11/2026 03:39:00
Bram Aalbers (500166),Microsoft Active Directory,SEC-MFA-Enrolled (avo.local/Demo/Groups/SEC-MFA-Enrolled),,09/03/2025 21:40:00
Bram Aalbers (500166),Microsoft Active Directory,APP-CZ08-Portal (avo.local/Demo/Groups/APP-CZ08-Portal),,02/18/2026 17:57:00
Bram Aalbers (500166),Microsoft Active Directory,FS-CZ08-RO (avo.local/Demo/Groups/FS-CZ08-RO),,06/08/2026 02:53:00
Bram Aalbers (500166),Microsoft Active Directory,FS-CZ08-RW (avo.local/Demo/Groups/FS-CZ08-RW),,03/27/2025 17:39:00
Bram Aalbers (500166),Microsoft Active Directory,MBX-CZ08 (avo.local/Demo/Groups/MBX-CZ08),,05/25/2025 15:54:00
Bram Aalbers (500166),Microsoft Active Directory,ROLE-Begeleider (avo.local/Demo/Groups/ROLE-Begeleider),,05/29/2025 03:12:00
Iris Terlouw (500167),Microsoft Active Directory,SEC-DiskEncryption (avo.local/Demo/Groups/SEC-DiskEncryption),,12/16/2025 09:26:00
Iris Terlouw (500167),Microsoft Active Directory,SEC-MFA-Enrolled (avo.local/Demo/Groups/SEC-MFA-Enrolled),,10/30/2025 07:50:00
Iris Terlouw (500167),Microsoft Active Directory,SEC-Endpoint-Protection (avo.local/Demo/Groups/SEC-Endpoint-Protection),,11/03/2025 07:02:00
Iris Terlouw (500167),Microsoft Active Directory,APP-Intranet (avo.local/Demo/Groups/APP-Intranet),,11/30/2025 11:04:00
Iris Terlouw (500167),Microsoft Active Directory,APP-Office365 (avo.local/Demo/Groups/APP-Office365),,02/23/2026 20:30:00
Iris Terlouw (500167),Microsoft Active Directory,FS-CA010-RO (avo.local/Demo/Groups/FS-CA010-RO),,03/22/2025 22:44:00
Iris Terlouw (500167),Microsoft Active Directory,TEAM-CA010 (avo.local/Demo/Groups/TEAM-CA010),,10/24/2025 14:57:00
Iris Terlouw (500167),Microsoft Active Directory,MBX-CA010 (avo.local/Demo/Groups/MBX-CA010),,05/17/2025 20:47:00
Iris Terlouw (500167),Microsoft Active Directory,APP-Selfservice (avo.local/Demo/Groups/APP-Selfservice),,06/07/2025 03:05:00
Iris Terlouw (500167),Microsoft Active Directory,APP-Adobe-AcrobatPro (avo.local/Demo/Groups/APP-Adobe-AcrobatPro),,06/22/2025 16:48:00
Daan Aalbers (500168),Microsoft Active Directory,SEC-Antivirus (avo.local/Demo/Groups/SEC-Antivirus),,04/06/2026 17:21:00
Daan Aalbers (500168),Microsoft Active Directory,SEC-MFA-Enrolled (avo.local/Demo/Groups/SEC-MFA-Enrolled),,03/31/2025 14:08:00
Daan Aalbers (500168),Microsoft Active Directory,SEC-Endpoint-Protection (avo.local/Demo/Groups/SEC-Endpoint-Protection),,05/03/2025 23:05:00
Daan Aalbers (500168),Microsoft Active Directory,APP-Intranet (avo.local/Demo/Groups/APP-Intranet),,09/22/2025 02:05:00
Daan Aalbers (500168),Microsoft Active Directory,APP-HRM02-Portal (avo.local/Demo/Groups/APP-HRM02-Portal),,08/17/2025 19:41:00
Daan Aalbers (500168),Microsoft Active Directory,FS-HRM02-RO (avo.local/Demo/Groups/FS-HRM02-RO),,05/31/2026 10:17:00
Daan Aalbers (500168),Microsoft Active Directory,MBX-HRM02 (avo.local/Demo/Groups/MBX-HRM02),,10/26/2025 05:31:00
Daan Aalbers (500168),Microsoft Active Directory,APP-Visio (avo.local/Demo/Groups/APP-Visio),,07/29/2025 19:54:00
Finn Muijs (500169),Microsoft Active Directory,SEC-Antivirus (avo.local/Demo/Groups/SEC-Antivirus),,12/12/2025 00:41:00
Finn Muijs (500169),Microsoft Active Directory,SEC-DiskEncryption (avo.local/Demo/Groups/SEC-DiskEncryption),,09/06/2025 05:06:00
Finn Muijs (500169),Microsoft Active Directory,SEC-MFA-Enrolled (avo.local/Demo/Groups/SEC-MFA-Enrolled),,10/16/2025 12:44:00
Finn Muijs (500169),Microsoft Active Directory,APP-Intranet (avo.local/Demo/Groups/APP-Intranet),,06/16/2025 07:27:00
Finn Muijs (500169),Microsoft Active Directory,APP-Adobe-AcrobatPro (avo.local/Demo/Groups/APP-Adobe-AcrobatPro),,03/25/2025 23:16:00
Anne Berkhout (500170),Microsoft Active Directory,SEC-Antivirus (avo.local/Demo/Groups/SEC-Antivirus),,04/11/2026 11:52:00
Anne Berkhout (500170),Microsoft Active Directory,SEC-DiskEncryption (avo.local/Demo/Groups/SEC-DiskEncryption),,06/07/2025 21:33:00
Anne Berkhout (500170),Microsoft Active Directory,SEC-MFA-Enrolled (avo.local/Demo/Groups/SEC-MFA-Enrolled),,01/01/2026 00:27:00
Anne Berkhout (500170),Microsoft Active Directory,SEC-Endpoint-Protection (avo.local/Demo/Groups/SEC-Endpoint-Protection),,06/07/2026 12:09:00
Anne Berkhout (500170),Microsoft Active Directory,APP-Intranet (avo.local/Demo/Groups/APP-Intranet),,06/21/2026 16:09:00
Anne Berkhout (500170),Microsoft Active Directory,APP-Copilot (avo.local/Demo/Groups/APP-Copilot),,03/30/2025 08:48:00
Olivier Pronk (500171),Microsoft Active Directory,SEC-Antivirus (avo.local/Demo/Groups/SEC-Antivirus),,05/11/2025 11:31:00
Olivier Pronk (500171),Microsoft Active Directory,SEC-DiskEncryption (avo.local/Demo/Groups/SEC-DiskEncryption),,06/16/2026 01:22:00
Olivier Pronk (500171),Microsoft Active Directory,SEC-Endpoint-Protection (avo.local/Demo/Groups/SEC-Endpoint-Protection),,10/28/2025 15:45:00
Olivier Pronk (500171),Microsoft Active Directory,APP-Intranet (avo.local/Demo/Groups/APP-Intranet),,06/08/2026 01:53:00
Olivier Pronk (500171),Microsoft Active Directory,APP-Office365 (avo.local/Demo/Groups/APP-Office365),,03/17/2026 18:05:00
Olivier Pronk (500171),Microsoft Active Directory,APP-CB12-Portal (avo.local/Demo/Groups/APP-CB12-Portal),,03/23/2025 21:57:00
Olivier Pronk (500171),Microsoft Active Directory,FS-CB12-RO (avo.local/Demo/Groups/FS-CB12-RO),,11/19/2025 03:44:00
Olivier Pronk (500171),Microsoft Active Directory,MBX-CB12 (avo.local/Demo/Groups/MBX-CB12),,11/09/2025 19:41:00
Xander Coenen (500172),Microsoft Active Directory,SEC-Antivirus (avo.local/Demo/Groups/SEC-Antivirus),,05/19/2026 21:18:00
Xander Coenen (500172),Microsoft Active Directory,SEC-DiskEncryption (avo.local/Demo/Groups/SEC-DiskEncryption),,01/01/2026 15:30:00
Xander Coenen (500172),Microsoft Active Directory,APP-Intranet (avo.local/Demo/Groups/APP-Intranet),,02/06/2026 03:37:00
Xander Coenen (500172),Microsoft Active Directory,APP-Office365 (avo.local/Demo/Groups/APP-Office365),,09/02/2025 18:04:00
Xander Coenen (500172),Microsoft Active Directory,APP-HRM02-Portal (avo.local/Demo/Groups/APP-HRM02-Portal),,03/09/2026 19:37:00
Xander Coenen (500172),Microsoft Active Directory,FS-HRM02-RO (avo.local/Demo/Groups/FS-HRM02-RO),,03/21/2025 22:34:00
Xander Coenen (500172),Microsoft Active Directory,FS-HRM02-RW (avo.local/Demo/Groups/FS-HRM02-RW),,09/14/2025 01:23:00
Xander Coenen (500172),Microsoft Active Directory,TEAM-HRM02 (avo.local/Demo/Groups/TEAM-HRM02),,04/29/2025 08:37:00
Xander Coenen (500172),Microsoft Active Directory,MBX-HRM02 (avo.local/Demo/Groups/MBX-HRM02),,03/06/2026 16:16:00
Xander Coenen (500172),Microsoft Active Directory,FS-Begeleider-DATA (avo.local/Demo/Groups/FS-Begeleider-DATA),,05/12/2026 06:58:00
Yara Gerritsen (500173),Microsoft Active Directory,SEC-Antivirus (avo.local/Demo/Groups/SEC-Antivirus),,06/11/2026 09:32:00
Yara Gerritsen (500173),Microsoft Active Directory,APP-Intranet (avo.local/Demo/Groups/APP-Intranet),,05/16/2025 10:38:00
Yara Gerritsen (500173),Microsoft Active Directory,APP-CA060-Portal (avo.local/Demo/Groups/APP-CA060-Portal),,06/27/2025 10:25:00
Yara Gerritsen (500173),Microsoft Active Directory,FS-CA060-RO (avo.local/Demo/Groups/FS-CA060-RO),,05/09/2025 06:46:00
Gijs Lindeboom (500174),Microsoft Active Directory,SEC-Antivirus (avo.local/Demo/Groups/SEC-Antivirus),,05/13/2025 12:20:00
Gijs Lindeboom (500174),Microsoft Active Directory,SEC-DiskEncryption (avo.local/Demo/Groups/SEC-DiskEncryption),,03/25/2025 02:33:00
Gijs Lindeboom (500174),Microsoft Active Directory,SEC-MFA-Enrolled (avo.local/Demo/Groups/SEC-MFA-Enrolled),,06/30/2025 10:51:00
Gijs Lindeboom (500174),Microsoft Active Directory,SEC-Endpoint-Protection (avo.local/Demo/Groups/SEC-Endpoint-Protection),,12/30/2025 10:17:00
Gijs Lindeboom (500174),Microsoft Active Directory,APP-Intranet (avo.local/Demo/Groups/APP-Intranet),,03/08/2026 20:38:00
Gijs Lindeboom (500174),Microsoft Active Directory,APP-Office365 (avo.local/Demo/Groups/APP-Office365),,09/06/2025 16:45:00
Mila Elzinga (500175),Microsoft Active Directory,SEC-MFA-Enrolled (avo.local/Demo/Groups/SEC-MFA-Enrolled),,04/22/2025 03:02:00
Mila Elzinga (500175),Microsoft Active Directory,SEC-Endpoint-Protection (avo.local/Demo/Groups/SEC-Endpoint-Protection),,09/11/2025 23:06:00
Mila Elzinga (500175),Microsoft Active Directory,APP-Office365 (avo.local/Demo/Groups/APP-Office365),,01/07/2026 20:56:00
Mila Elzinga (500175),Microsoft Active Directory,FS-ICT03-RO (avo.local/Demo/Groups/FS-ICT03-RO),,05/03/2025 22:22:00
Mila Elzinga (500175),Microsoft Active Directory,FS-ICT03-RW (avo.local/Demo/Groups/FS-ICT03-RW),,10/11/2025 14:53:00
Mila Elzinga (500175),Microsoft Active Directory,TEAM-ICT03 (avo.local/Demo/Groups/TEAM-ICT03),,10/25/2025 07:33:00
Mila Elzinga (500175),Microsoft Active Directory,APP-Adobe-AcrobatPro (avo.local/Demo/Groups/APP-Adobe-AcrobatPro),,02/12/2026 20:46:00
Daan Wielenga (500176),Microsoft Active Directory,SEC-DiskEncryption (avo.local/Demo/Groups/SEC-DiskEncryption),,07/01/2026 03:08:00
Daan Wielenga (500176),Microsoft Active Directory,SEC-MFA-Enrolled (avo.local/Demo/Groups/SEC-MFA-Enrolled),,03/14/2026 02:44:00
Daan Wielenga (500176),Microsoft Active Directory,SEC-Endpoint-Protection (avo.local/Demo/Groups/SEC-Endpoint-Protection),,09/03/2025 11:17:00
Finn Dijkgraaf (500177),Microsoft Active Directory,SEC-DiskEncryption (avo.local/Demo/Groups/SEC-DiskEncryption),,01/21/2026 17:09:00
Finn Dijkgraaf (500177),Microsoft Active Directory,SEC-Endpoint-Protection (avo.local/Demo/Groups/SEC-Endpoint-Protection),,12/30/2025 07:52:00
Finn Dijkgraaf (500177),Microsoft Active Directory,APP-Intranet (avo.local/Demo/Groups/APP-Intranet),,03/12/2026 07:24:00
Finn Dijkgraaf (500177),Microsoft Active Directory,APP-Office365 (avo.local/Demo/Groups/APP-Office365),,02/22/2026 16:46:00
Finn Dijkgraaf (500177),Microsoft Active Directory,FS-CB12-RW (avo.local/Demo/Groups/FS-CB12-RW),,10/31/2025 09:12:00
Finn Dijkgraaf (500177),Microsoft Active Directory,APP-Selfservice (avo.local/Demo/Groups/APP-Selfservice),,09/29/2025 03:28:00
Noa Hoekstra (500178),Microsoft Active Directory,SEC-DiskEncryption (avo.local/Demo/Groups/SEC-DiskEncryption),,04/09/2026 05:32:00
Noa Hoekstra (500178),Microsoft Active Directory,SEC-Endpoint-Protection (avo.local/Demo/Groups/SEC-Endpoint-Protection),,09/23/2025 23:41:00
Noa Hoekstra (500178),Microsoft Active Directory,APP-Office365 (avo.local/Demo/Groups/APP-Office365),,12/16/2025 15:03:00
Noa Hoekstra (500178),Microsoft Active Directory,FS-HRM02-RW (avo.local/Demo/Groups/FS-HRM02-RW),,09/29/2025 19:36:00
Noa Hoekstra (500178),Microsoft Active Directory,TEAM-HRM02 (avo.local/Demo/Groups/TEAM-HRM02),,02/12/2026 10:46:00
Noa Jonker (500179),Microsoft Active Directory,SEC-Antivirus (avo.local/Demo/Groups/SEC-Antivirus),,10/03/2025 14:15:00
Noa Jonker (500179),Microsoft Active Directory,SEC-MFA-Enrolled (avo.local/Demo/Groups/SEC-MFA-Enrolled),,06/25/2026 06:26:00
Noa Jonker (500179),Microsoft Active Directory,APP-Intranet (avo.local/Demo/Groups/APP-Intranet),,05/08/2026 10:51:00
Noa Jonker (500179),Microsoft Active Directory,APP-Office365 (avo.local/Demo/Groups/APP-Office365),,04/07/2025 00:44:00
Lars Slootweg (500180),Microsoft Active Directory,SEC-DiskEncryption (avo.local/Demo/Groups/SEC-DiskEncryption),,01/14/2026 06:55:00
Lars Slootweg (500180),Microsoft Active Directory,SEC-MFA-Enrolled (avo.local/Demo/Groups/SEC-MFA-Enrolled),,07/26/2025 13:08:00
Lars Slootweg (500180),Microsoft Active Directory,SEC-Endpoint-Protection (avo.local/Demo/Groups/SEC-Endpoint-Protection),,06/15/2025 00:45:00
Lars Slootweg (500180),Microsoft Active Directory,APP-Intranet (avo.local/Demo/Groups/APP-Intranet),,07/16/2026 21:39:00
Lars Slootweg (500180),Microsoft Active Directory,APP-Office365 (avo.local/Demo/Groups/APP-Office365),,06/30/2026 08:07:00
Lars Slootweg (500180),Microsoft Active Directory,ROLE-Verpleegkundige (avo.local/Demo/Groups/ROLE-Verpleegkundige),,07/16/2026 08:46:00
Lars Slootweg (500180),Microsoft Active Directory,APP-Visio (avo.local/Demo/Groups/APP-Visio),,07/03/2026 11:17:00
Lars Berkhout (500181),Microsoft Active Directory,SEC-Antivirus (avo.local/Demo/Groups/SEC-Antivirus),,06/07/2026 15:38:00
Lars Berkhout (500181),Microsoft Active Directory,SEC-DiskEncryption (avo.local/Demo/Groups/SEC-DiskEncryption),,02/09/2026 22:19:00
Lars Berkhout (500181),Microsoft Active Directory,SEC-MFA-Enrolled (avo.local/Demo/Groups/SEC-MFA-Enrolled),,10/03/2025 18:43:00
Lars Berkhout (500181),Microsoft Active Directory,SEC-Endpoint-Protection (avo.local/Demo/Groups/SEC-Endpoint-Protection),,05/03/2025 21:55:00
Lars Berkhout (500181),Microsoft Active Directory,APP-Intranet (avo.local/Demo/Groups/APP-Intranet),,07/10/2026 09:48:00
Lars Berkhout (500181),Microsoft Active Directory,APP-CB12-Portal (avo.local/Demo/Groups/APP-CB12-Portal),,05/19/2025 08:21:00
Lars Berkhout (500181),Microsoft Active Directory,FS-CB12-RO (avo.local/Demo/Groups/FS-CB12-RO),,05/18/2025 14:09:00
Lars Berkhout (500181),Microsoft Active Directory,FS-CB12-RW (avo.local/Demo/Groups/FS-CB12-RW),,05/13/2026 05:44:00
Lars Berkhout (500181),Microsoft Active Directory,TEAM-CB12 (avo.local/Demo/Groups/TEAM-CB12),,07/01/2025 00:44:00
Lars Berkhout (500181),Microsoft Active Directory,MBX-CB12 (avo.local/Demo/Groups/MBX-CB12),,07/16/2026 15:34:00
Lars Berkhout (500181),Microsoft Active Directory,APP-Selfservice (avo.local/Demo/Groups/APP-Selfservice),,10/24/2025 12:44:00
Hanna Slootweg (500182),Microsoft Active Directory,SEC-Antivirus (avo.local/Demo/Groups/SEC-Antivirus),,04/01/2025 23:03:00
Hanna Slootweg (500182),Microsoft Active Directory,SEC-Endpoint-Protection (avo.local/Demo/Groups/SEC-Endpoint-Protection),,04/17/2025 09:43:00
Hanna Slootweg (500182),Microsoft Active Directory,APP-Intranet (avo.local/Demo/Groups/APP-Intranet),,05/28/2025 05:55:00
Hanna Slootweg (500182),Microsoft Active Directory,APP-Office365 (avo.local/Demo/Groups/APP-Office365),,10/16/2025 21:08:00
Tess Oosterhuis (500183),Microsoft Active Directory,SEC-Antivirus (avo.local/Demo/Groups/SEC-Antivirus),,01/05/2026 04:50:00
Tess Oosterhuis (500183),Microsoft Active Directory,SEC-DiskEncryption (avo.local/Demo/Groups/SEC-DiskEncryption),,02/22/2026 06:52:00
Tess Oosterhuis (500183),Microsoft Active Directory,SEC-MFA-Enrolled (avo.local/Demo/Groups/SEC-MFA-Enrolled),,07/10/2025 03:32:00
Tess Oosterhuis (500183),Microsoft Active Directory,APP-Intranet (avo.local/Demo/Groups/APP-Intranet),,12/08/2025 04:03:00
Vera Kalisvaart (500184),Microsoft Active Directory,SEC-Antivirus (avo.local/Demo/Groups/SEC-Antivirus),,02/17/2026 06:52:00
Vera Kalisvaart (500184),Microsoft Active Directory,SEC-DiskEncryption (avo.local/Demo/Groups/SEC-DiskEncryption),,04/27/2026 11:01:00
Vera Kalisvaart (500184),Microsoft Active Directory,SEC-MFA-Enrolled (avo.local/Demo/Groups/SEC-MFA-Enrolled),,03/07/2026 00:43:00
Vera Kalisvaart (500184),Microsoft Active Directory,SEC-Endpoint-Protection (avo.local/Demo/Groups/SEC-Endpoint-Protection),,07/27/2026 03:21:00
Vera Kalisvaart (500184),Microsoft Active Directory,APP-Intranet (avo.local/Demo/Groups/APP-Intranet),,06/18/2025 10:22:00
Vera Kalisvaart (500184),Microsoft Active Directory,APP-HRM02-Portal (avo.local/Demo/Groups/APP-HRM02-Portal),,01/01/2026 06:40:00
Vera Kalisvaart (500184),Microsoft Active Directory,FS-HRM02-RO (avo.local/Demo/Groups/FS-HRM02-RO),,09/26/2025 21:17:00
Roos Muijs (500185),Microsoft Active Directory,SEC-MFA-Enrolled (avo.local/Demo/Groups/SEC-MFA-Enrolled),,12/04/2025 10:31:00
Roos Muijs (500185),Microsoft Active Directory,APP-Adobe-AcrobatPro (avo.local/Demo/Groups/APP-Adobe-AcrobatPro),,01/23/2026 15:43:00
Noa Zomerdijk (500186),Microsoft Active Directory,SEC-Antivirus (avo.local/Demo/Groups/SEC-Antivirus),,03/30/2026 14:24:00
Noa Zomerdijk (500186),Microsoft Active Directory,SEC-DiskEncryption (avo.local/Demo/Groups/SEC-DiskEncryption),,06/20/2026 22:43:00
Noa Zomerdijk (500186),Microsoft Active Directory,SEC-MFA-Enrolled (avo.local/Demo/Groups/SEC-MFA-Enrolled),,10/29/2025 15:24:00
Noa Zomerdijk (500186),Microsoft Active Directory,SEC-Endpoint-Protection (avo.local/Demo/Groups/SEC-Endpoint-Protection),,02/03/2026 02:15:00
Noa Zomerdijk (500186),Microsoft Active Directory,APP-Intranet (avo.local/Demo/Groups/APP-Intranet),,03/12/2026 07:29:00
Noa Zomerdijk (500186),Microsoft Active Directory,APP-Office365 (avo.local/Demo/Groups/APP-Office365),,02/15/2026 07:56:00
Quinten Wielenga (500187),Microsoft Active Directory,SEC-Antivirus (avo.local/Demo/Groups/SEC-Antivirus),,05/04/2025 20:02:00
Quinten Wielenga (500187),Microsoft Active Directory,SEC-DiskEncryption (avo.local/Demo/Groups/SEC-DiskEncryption),,03/28/2026 02:39:00
Quinten Wielenga (500187),Microsoft Active Directory,SEC-Endpoint-Protection (avo.local/Demo/Groups/SEC-Endpoint-Protection),,06/14/2026 08:10:00
Quinten Wielenga (500187),Microsoft Active Directory,APP-Intranet (avo.local/Demo/Groups/APP-Intranet),,11/24/2025 01:24:00
Quinten Wielenga (500187),Microsoft Active Directory,APP-Office365 (avo.local/Demo/Groups/APP-Office365),,03/26/2026 21:07:00
Lars Muijs (500188),Microsoft Active Directory,SEC-Endpoint-Protection (avo.local/Demo/Groups/SEC-Endpoint-Protection),,04/23/2026 10:52:00
Lars Muijs (500188),Microsoft Active Directory,APP-Intranet (avo.local/Demo/Groups/APP-Intranet),,05/11/2025 10:46:00
Lars Muijs (500188),Microsoft Active Directory,APP-Office365 (avo.local/Demo/Groups/APP-Office365),,12/23/2025 10:12:00
Ursula Elzinga (500189),Microsoft Active Directory,SEC-DiskEncryption (avo.local/Demo/Groups/SEC-DiskEncryption),,07/06/2026 06:31:00
Ursula Elzinga (500189),Microsoft Active Directory,APP-Office365 (avo.local/Demo/Groups/APP-Office365),,08/18/2025 12:17:00
Ursula Elzinga (500189),Microsoft Active Directory,FS-CB12-RO (avo.local/Demo/Groups/FS-CB12-RO),,08/04/2025 11:42:00
Ursula Elzinga (500189),Microsoft Active Directory,FS-CB12-RW (avo.local/Demo/Groups/FS-CB12-RW),,02/17/2026 04:40:00
Hanna Oosterhuis (500190),Microsoft Active Directory,SEC-DiskEncryption (avo.local/Demo/Groups/SEC-DiskEncryption),,10/20/2025 02:30:00
Hanna Oosterhuis (500190),Microsoft Active Directory,SEC-MFA-Enrolled (avo.local/Demo/Groups/SEC-MFA-Enrolled),,04/23/2025 19:10:00
Hanna Oosterhuis (500190),Microsoft Active Directory,SEC-Endpoint-Protection (avo.local/Demo/Groups/SEC-Endpoint-Protection),,05/06/2025 07:13:00
Hanna Oosterhuis (500190),Microsoft Active Directory,APP-Intranet (avo.local/Demo/Groups/APP-Intranet),,07/12/2026 05:52:00
Anne Muijs (500191),Microsoft Active Directory,SEC-Antivirus (avo.local/Demo/Groups/SEC-Antivirus),,06/30/2025 07:23:00
Anne Muijs (500191),Microsoft Active Directory,SEC-DiskEncryption (avo.local/Demo/Groups/SEC-DiskEncryption),,10/11/2025 18:20:00
Anne Muijs (500191),Microsoft Active Directory,SEC-MFA-Enrolled (avo.local/Demo/Groups/SEC-MFA-Enrolled),,03/17/2026 23:21:00
Anne Muijs (500191),Microsoft Active Directory,SEC-Endpoint-Protection (avo.local/Demo/Groups/SEC-Endpoint-Protection),,04/25/2026 02:03:00
Anne Muijs (500191),Microsoft Active Directory,APP-Intranet (avo.local/Demo/Groups/APP-Intranet),,04/13/2026 16:28:00
Anne Muijs (500191),Microsoft Active Directory,APP-Office365 (avo.local/Demo/Groups/APP-Office365),,02/28/2026 05:25:00
Anne Muijs (500191),Microsoft Active Directory,FS-FIN01-RW (avo.local/Demo/Groups/FS-FIN01-RW),,05/05/2025 10:49:00
Anne Muijs (500191),Microsoft Active Directory,TEAM-FIN01 (avo.local/Demo/Groups/TEAM-FIN01),,09/30/2025 13:48:00
Anne Muijs (500191),Microsoft Active Directory,MBX-FIN01 (avo.local/Demo/Groups/MBX-FIN01),,11/20/2025 16:25:00
Finn Berkhout (500192),Microsoft Active Directory,SEC-DiskEncryption (avo.local/Demo/Groups/SEC-DiskEncryption),,03/12/2026 17:11:00
Finn Berkhout (500192),Microsoft Active Directory,SEC-MFA-Enrolled (avo.local/Demo/Groups/SEC-MFA-Enrolled),,08/20/2025 07:34:00
Finn Berkhout (500192),Microsoft Active Directory,APP-Intranet (avo.local/Demo/Groups/APP-Intranet),,10/28/2025 14:46:00
Finn Berkhout (500192),Microsoft Active Directory,APP-Office365 (avo.local/Demo/Groups/APP-Office365),,12/11/2025 03:04:00
Sem Vroegindeweij (500193),Microsoft Active Directory,SEC-Antivirus (avo.local/Demo/Groups/SEC-Antivirus),,02/22/2026 12:51:00
Sem Vroegindeweij (500193),Microsoft Active Directory,SEC-MFA-Enrolled (avo.local/Demo/Groups/SEC-MFA-Enrolled),,07/29/2026 12:18:00
Sem Vroegindeweij (500193),Microsoft Active Directory,FS-ICT03-RO (avo.local/Demo/Groups/FS-ICT03-RO),,04/24/2026 20:07:00
Sem Vroegindeweij (500193),Microsoft Active Directory,FS-ICT03-RW (avo.local/Demo/Groups/FS-ICT03-RW),,06/04/2025 00:52:00
Sem Vroegindeweij (500193),Microsoft Active Directory,TEAM-ICT03 (avo.local/Demo/Groups/TEAM-ICT03),,11/15/2025 23:03:00
Sem Vroegindeweij (500193),Microsoft Active Directory,MBX-ICT03 (avo.local/Demo/Groups/MBX-ICT03),,10/01/2025 06:59:00
Finn Dijkgraaf (500194),Microsoft Active Directory,SEC-Antivirus (avo.local/Demo/Groups/SEC-Antivirus),,07/07/2025 23:15:00
Finn Dijkgraaf (500194),Microsoft Active Directory,SEC-DiskEncryption (avo.local/Demo/Groups/SEC-DiskEncryption),,02/12/2026 06:51:00
Finn Dijkgraaf (500194),Microsoft Active Directory,SEC-MFA-Enrolled (avo.local/Demo/Groups/SEC-MFA-Enrolled),,04/09/2025 09:45:00
Finn Dijkgraaf (500194),Microsoft Active Directory,SEC-Endpoint-Protection (avo.local/Demo/Groups/SEC-Endpoint-Protection),,11/01/2025 15:38:00
Finn Dijkgraaf (500194),Microsoft Active Directory,APP-Intranet (avo.local/Demo/Groups/APP-Intranet),,01/30/2026 06:37:00
Finn Dijkgraaf (500194),Microsoft Active Directory,APP-Office365 (avo.local/Demo/Groups/APP-Office365),,09/02/2025 10:03:00
Finn Dijkgraaf (500194),Microsoft Active Directory,APP-CB12-Portal (avo.local/Demo/Groups/APP-CB12-Portal),,06/17/2026 10:46:00
Finn Dijkgraaf (500194),Microsoft Active Directory,FS-CB12-RO (avo.local/Demo/Groups/FS-CB12-RO),,07/20/2025 21:39:00
Finn Dijkgraaf (500194),Microsoft Active Directory,FS-CB12-RW (avo.local/Demo/Groups/FS-CB12-RW),,09/19/2025 19:17:00
Finn Dijkgraaf (500194),Microsoft Active Directory,TEAM-CB12 (avo.local/Demo/Groups/TEAM-CB12),,03/30/2026 21:31:00
Finn Dijkgraaf (500194),Microsoft Active Directory,APP-Selfservice (avo.local/Demo/Groups/APP-Selfservice),,09/15/2025 05:30:00
Iris Berkhout (500195),Microsoft Active Directory,SEC-DiskEncryption (avo.local/Demo/Groups/SEC-DiskEncryption),,04/26/2025 16:42:00
Iris Berkhout (500195),Microsoft Active Directory,SEC-MFA-Enrolled (avo.local/Demo/Groups/SEC-MFA-Enrolled),,09/06/2025 16:35:00
Iris Berkhout (500195),Microsoft Active Directory,SEC-Endpoint-Protection (avo.local/Demo/Groups/SEC-Endpoint-Protection),,06/21/2025 21:07:00
Iris Berkhout (500195),Microsoft Active Directory,APP-Office365 (avo.local/Demo/Groups/APP-Office365),,03/24/2026 01:54:00
Iris Berkhout (500195),Microsoft Active Directory,APP-CZ08-Portal (avo.local/Demo/Groups/APP-CZ08-Portal),,02/14/2026 09:54:00
Iris Berkhout (500195),Microsoft Active Directory,FS-CZ08-RO (avo.local/Demo/Groups/FS-CZ08-RO),,10/11/2025 23:56:00
Iris Berkhout (500195),Microsoft Active Directory,FS-CZ08-RW (avo.local/Demo/Groups/FS-CZ08-RW),,02/17/2026 01:23:00
Iris Berkhout (500195),Microsoft Active Directory,TEAM-CZ08 (avo.local/Demo/Groups/TEAM-CZ08),,07/08/2026 23:40:00
Iris Berkhout (500195),Microsoft Active Directory,APP-Selfservice (avo.local/Demo/Groups/APP-Selfservice),,07/09/2026 03:50:00
Roos Wielenga (500196),Microsoft Active Directory,SEC-Antivirus (avo.local/Demo/Groups/SEC-Antivirus),,03/20/2026 08:28:00
Roos Wielenga (500196),Microsoft Active Directory,APP-Office365 (avo.local/Demo/Groups/APP-Office365),,08/16/2025 06:20:00
Quinten Berkhout (500197),Microsoft Active Directory,SEC-Antivirus (avo.local/Demo/Groups/SEC-Antivirus),,06/12/2026 05:30:00
Quinten Berkhout (500197),Microsoft Active Directory,SEC-DiskEncryption (avo.local/Demo/Groups/SEC-DiskEncryption),,04/15/2026 06:13:00
Quinten Berkhout (500197),Microsoft Active Directory,SEC-MFA-Enrolled (avo.local/Demo/Groups/SEC-MFA-Enrolled),,05/08/2025 02:40:00
Quinten Berkhout (500197),Microsoft Active Directory,SEC-Endpoint-Protection (avo.local/Demo/Groups/SEC-Endpoint-Protection),,12/05/2025 13:26:00
Quinten Berkhout (500197),Microsoft Active Directory,APP-Intranet (avo.local/Demo/Groups/APP-Intranet),,04/12/2026 01:09:00
Quinten Berkhout (500197),Microsoft Active Directory,APP-Office365 (avo.local/Demo/Groups/APP-Office365),,06/19/2025 01:28:00
Quinten Berkhout (500197),Microsoft Active Directory,APP-FIN01-Portal (avo.local/Demo/Groups/APP-FIN01-Portal),,07/22/2025 11:49:00
Quinten Berkhout (500197),Microsoft Active Directory,FS-FIN01-RO (avo.local/Demo/Groups/FS-FIN01-RO),,10/15/2025 17:36:00
Quinten Berkhout (500197),Microsoft Active Directory,FS-FIN01-RW (avo.local/Demo/Groups/FS-FIN01-RW),,04/23/2026 13:39:00
Quinten Berkhout (500197),Microsoft Active Directory,TEAM-FIN01 (avo.local/Demo/Groups/TEAM-FIN01),,01/13/2026 21:47:00
Quinten Berkhout (500197),Microsoft Active Directory,MBX-FIN01 (avo.local/Demo/Groups/MBX-FIN01),,06/22/2025 15:47:00
Yara Gerritsen (500198),Microsoft Active Directory,SEC-Antivirus (avo.local/Demo/Groups/SEC-Antivirus),,04/28/2026 01:02:00
Yara Gerritsen (500198),Microsoft Active Directory,SEC-MFA-Enrolled (avo.local/Demo/Groups/SEC-MFA-Enrolled),,12/27/2025 18:46:00
Yara Gerritsen (500198),Microsoft Active Directory,APP-Intranet (avo.local/Demo/Groups/APP-Intranet),,12/02/2025 16:41:00
Yara Gerritsen (500198),Microsoft Active Directory,APP-CA010-Portal (avo.local/Demo/Groups/APP-CA010-Portal),,05/22/2026 07:12:00
Yara Gerritsen (500198),Microsoft Active Directory,FS-CA010-RO (avo.local/Demo/Groups/FS-CA010-RO),,10/28/2025 08:53:00
Yara Gerritsen (500198),Microsoft Active Directory,TEAM-CA010 (avo.local/Demo/Groups/TEAM-CA010),,02/19/2026 02:58:00
Mila Aalbers (500199),Microsoft Active Directory,SEC-Antivirus (avo.local/Demo/Groups/SEC-Antivirus),,06/29/2025 06:40:00
Mila Aalbers (500199),Microsoft Active Directory,SEC-DiskEncryption (avo.local/Demo/Groups/SEC-DiskEncryption),,06/12/2025 07:48:00
Mila Aalbers (500199),Microsoft Active Directory,SEC-MFA-Enrolled (avo.local/Demo/Groups/SEC-MFA-Enrolled),,09/25/2025 04:47:00
Mila Aalbers (500199),Microsoft Active Directory,SEC-Endpoint-Protection (avo.local/Demo/Groups/SEC-Endpoint-Protection),,07/23/2025 07:57:00
Mila Aalbers (500199),Microsoft Active Directory,APP-Intranet (avo.local/Demo/Groups/APP-Intranet),,06/01/2026 02:04:00
Mila Aalbers (500199),Microsoft Active Directory,APP-HRM02-Portal (avo.local/Demo/Groups/APP-HRM02-Portal),,02/15/2026 03:19:00
Mila Aalbers (500199),Microsoft Active Directory,FS-HRM02-RW (avo.local/Demo/Groups/FS-HRM02-RW),,01/08/2026 05:57:00
Mila Aalbers (500199),Microsoft Active Directory,TEAM-HRM02 (avo.local/Demo/Groups/TEAM-HRM02),,06/15/2025 23:47:00
Bram Elzinga (500200),Microsoft Active Directory,SEC-DiskEncryption (avo.local/Demo/Groups/SEC-DiskEncryption),,01/27/2026 21:48:00
Bram Elzinga (500200),Microsoft Active Directory,APP-Office365 (avo.local/Demo/Groups/APP-Office365),,06/29/2026 17:54:00
Bram Elzinga (500200),Microsoft Active Directory,APP-CA010-Portal (avo.local/Demo/Groups/APP-CA010-Portal),,03/27/2025 22:52:00
Bram Elzinga (500200),Microsoft Active Directory,FS-CA010-RW (avo.local/Demo/Groups/FS-CA010-RW),,06/02/2025 10:28:00
Bram Elzinga (500200),Microsoft Active Directory,TEAM-CA010 (avo.local/Demo/Groups/TEAM-CA010),,05/11/2026 18:09:00
Bram Elzinga (500200),Microsoft Active Directory,MBX-CA010 (avo.local/Demo/Groups/MBX-CA010),,06/06/2026 13:20:00
Cato Terlouw (500201),Microsoft Active Directory,SEC-Antivirus (avo.local/Demo/Groups/SEC-Antivirus),,09/01/2025 04:33:00
Cato Terlouw (500201),Microsoft Active Directory,SEC-MFA-Enrolled (avo.local/Demo/Groups/SEC-MFA-Enrolled),,05/05/2025 01:16:00
Cato Terlouw (500201),Microsoft Active Directory,SEC-Endpoint-Protection (avo.local/Demo/Groups/SEC-Endpoint-Protection),,04/23/2026 23:41:00
Cato Terlouw (500201),Microsoft Active Directory,APP-Intranet (avo.local/Demo/Groups/APP-Intranet),,05/01/2026 01:33:00
Cato Terlouw (500201),Microsoft Active Directory,APP-Adobe-AcrobatPro (avo.local/Demo/Groups/APP-Adobe-AcrobatPro),,05/02/2025 18:32:00
Ursula Elzinga (500202),Microsoft Active Directory,SEC-Antivirus (avo.local/Demo/Groups/SEC-Antivirus),,01/16/2026 14:48:00
Ursula Elzinga (500202),Microsoft Active Directory,SEC-DiskEncryption (avo.local/Demo/Groups/SEC-DiskEncryption),,03/11/2026 04:02:00
Ursula Elzinga (500202),Microsoft Active Directory,SEC-MFA-Enrolled (avo.local/Demo/Groups/SEC-MFA-Enrolled),,10/02/2025 22:46:00
Ursula Elzinga (500202),Microsoft Active Directory,SEC-Endpoint-Protection (avo.local/Demo/Groups/SEC-Endpoint-Protection),,11/28/2025 13:56:00
Ursula Elzinga (500202),Microsoft Active Directory,APP-Intranet (avo.local/Demo/Groups/APP-Intranet),,10/14/2025 13:58:00
Ursula Elzinga (500202),Microsoft Active Directory,APP-Office365 (avo.local/Demo/Groups/APP-Office365),,03/20/2026 09:44:00
Bram Kalisvaart (500203),Microsoft Active Directory,SEC-Antivirus (avo.local/Demo/Groups/SEC-Antivirus),,08/15/2025 16:22:00
Bram Kalisvaart (500203),Microsoft Active Directory,SEC-DiskEncryption (avo.local/Demo/Groups/SEC-DiskEncryption),,09/05/2025 15:35:00
Bram Kalisvaart (500203),Microsoft Active Directory,SEC-MFA-Enrolled (avo.local/Demo/Groups/SEC-MFA-Enrolled),,08/22/2025 03:28:00
Bram Kalisvaart (500203),Microsoft Active Directory,APP-Intranet (avo.local/Demo/Groups/APP-Intranet),,05/17/2026 19:59:00
Bram Kalisvaart (500203),Microsoft Active Directory,APP-Office365 (avo.local/Demo/Groups/APP-Office365),,07/17/2026 15:23:00
Bram Kalisvaart (500203),Microsoft Active Directory,APP-CA060-Portal (avo.local/Demo/Groups/APP-CA060-Portal),,05/07/2025 20:24:00
Bram Kalisvaart (500203),Microsoft Active Directory,FS-CA060-RO (avo.local/Demo/Groups/FS-CA060-RO),,12/28/2025 17:54:00
Bram Kalisvaart (500203),Microsoft Active Directory,FS-CA060-RW (avo.local/Demo/Groups/FS-CA060-RW),,05/12/2026 15:59:00
Bram Kalisvaart (500203),Microsoft Active Directory,MBX-CA060 (avo.local/Demo/Groups/MBX-CA060),,05/19/2025 22:00:00
Bram Kalisvaart (500203),Microsoft Active Directory,APP-Selfservice (avo.local/Demo/Groups/APP-Selfservice),,02/12/2026 17:57:00
Bram Kalisvaart (500203),Microsoft Active Directory,APP-Adobe-AcrobatPro (avo.local/Demo/Groups/APP-Adobe-AcrobatPro),,07/07/2026 16:18:00
Bram Kalisvaart (500203),Microsoft Active Directory,FS-Begeleider-DATA (avo.local/Demo/Groups/FS-Begeleider-DATA),,01/29/2026 13:13:00
Pien Dijkgraaf (500204),Microsoft Active Directory,SEC-DiskEncryption (avo.local/Demo/Groups/SEC-DiskEncryption),,07/08/2026 07:51:00
Pien Dijkgraaf (500204),Microsoft Active Directory,APP-Office365 (avo.local/Demo/Groups/APP-Office365),,05/03/2025 02:00:00
Pien Dijkgraaf (500204),Microsoft Active Directory,APP-HRM02-Portal (avo.local/Demo/Groups/APP-HRM02-Portal),,07/06/2025 18:14:00
Pien Dijkgraaf (500204),Microsoft Active Directory,FS-HRM02-RO (avo.local/Demo/Groups/FS-HRM02-RO),,07/29/2026 23:19:00
Pien Dijkgraaf (500204),Microsoft Active Directory,FS-HRM02-RW (avo.local/Demo/Groups/FS-HRM02-RW),,05/31/2025 09:07:00
Pien Dijkgraaf (500204),Microsoft Active Directory,TEAM-HRM02 (avo.local/Demo/Groups/TEAM-HRM02),,11/28/2025 14:00:00
Vera Jonker (500205),Microsoft Active Directory,SEC-MFA-Enrolled (avo.local/Demo/Groups/SEC-MFA-Enrolled),,10/20/2025 14:18:00
Vera Jonker (500205),Microsoft Active Directory,SEC-Endpoint-Protection (avo.local/Demo/Groups/SEC-Endpoint-Protection),,01/12/2026 16:01:00
Vera Jonker (500205),Microsoft Active Directory,APP-Intranet (avo.local/Demo/Groups/APP-Intranet),,02/06/2026 14:25:00
Vera Jonker (500205),Microsoft Active Directory,APP-Office365 (avo.local/Demo/Groups/APP-Office365),,08/05/2025 06:29:00
Vera Jonker (500205),Microsoft Active Directory,FS-CA010-RW (avo.local/Demo/Groups/FS-CA010-RW),,02/01/2026 13:33:00
Vera Jonker (500205),Microsoft Active Directory,TEAM-CA010 (avo.local/Demo/Groups/TEAM-CA010),,01/18/2026 20:40:00
Vera Jonker (500205),Microsoft Active Directory,MBX-CA010 (avo.local/Demo/Groups/MBX-CA010),,04/17/2026 14:16:00
Pien Kalisvaart (500206),Microsoft Active Directory,SEC-Antivirus (avo.local/Demo/Groups/SEC-Antivirus),,04/04/2025 03:51:00
Pien Kalisvaart (500206),Microsoft Active Directory,SEC-MFA-Enrolled (avo.local/Demo/Groups/SEC-MFA-Enrolled),,06/16/2026 16:53:00
Pien Kalisvaart (500206),Microsoft Active Directory,SEC-Endpoint-Protection (avo.local/Demo/Groups/SEC-Endpoint-Protection),,03/30/2026 04:08:00
Pien Kalisvaart (500206),Microsoft Active Directory,APP-Intranet (avo.local/Demo/Groups/APP-Intranet),,06/20/2025 15:30:00
Pien Kalisvaart (500206),Microsoft Active Directory,APP-Office365 (avo.local/Demo/Groups/APP-Office365),,08/12/2025 22:58:00
Gijs Vroegindeweij (500207),Microsoft Active Directory,SEC-Antivirus (avo.local/Demo/Groups/SEC-Antivirus),,07/18/2025 07:32:00
Gijs Vroegindeweij (500207),Microsoft Active Directory,SEC-MFA-Enrolled (avo.local/Demo/Groups/SEC-MFA-Enrolled),,01/10/2026 08:10:00
Gijs Vroegindeweij (500207),Microsoft Active Directory,SEC-Endpoint-Protection (avo.local/Demo/Groups/SEC-Endpoint-Protection),,12/26/2025 08:42:00
Gijs Vroegindeweij (500207),Microsoft Active Directory,APP-Intranet (avo.local/Demo/Groups/APP-Intranet),,03/23/2025 00:19:00
Gijs Vroegindeweij (500207),Microsoft Active Directory,APP-Office365 (avo.local/Demo/Groups/APP-Office365),,04/02/2025 15:30:00
Gijs Vroegindeweij (500207),Microsoft Active Directory,FS-CB12-RO (avo.local/Demo/Groups/FS-CB12-RO),,06/02/2026 20:45:00
Gijs Vroegindeweij (500207),Microsoft Active Directory,FS-CB12-RW (avo.local/Demo/Groups/FS-CB12-RW),,11/18/2025 17:43:00
Gijs Vroegindeweij (500207),Microsoft Active Directory,TEAM-CB12 (avo.local/Demo/Groups/TEAM-CB12),,03/19/2026 08:40:00
Gijs Vroegindeweij (500207),Microsoft Active Directory,MBX-CB12 (avo.local/Demo/Groups/MBX-CB12),,06/16/2026 09:08:00
Gijs Vroegindeweij (500207),Microsoft Active Directory,APP-Selfservice (avo.local/Demo/Groups/APP-Selfservice),,03/25/2026 13:29:00
Cato Pronk (500208),Microsoft Active Directory,SEC-Antivirus (avo.local/Demo/Groups/SEC-Antivirus),,12/01/2025 00:42:00
Cato Pronk (500208),Microsoft Active Directory,SEC-DiskEncryption (avo.local/Demo/Groups/SEC-DiskEncryption),,04/03/2026 13:25:00
Cato Pronk (500208),Microsoft Active Directory,SEC-MFA-Enrolled (avo.local/Demo/Groups/SEC-MFA-Enrolled),,02/04/2026 08:12:00
Cato Pronk (500208),Microsoft Active Directory,SEC-Endpoint-Protection (avo.local/Demo/Groups/SEC-Endpoint-Protection),,04/28/2026 06:13:00
Cato Pronk (500208),Microsoft Active Directory,APP-Intranet (avo.local/Demo/Groups/APP-Intranet),,02/04/2026 01:41:00
Cato Pronk (500208),Microsoft Active Directory,APP-Office365 (avo.local/Demo/Groups/APP-Office365),,03/18/2026 17:10:00
Cato Pronk (500208),Microsoft Active Directory,APP-FIN01-Portal (avo.local/Demo/Groups/APP-FIN01-Portal),,03/21/2026 02:01:00
Cato Pronk (500208),Microsoft Active Directory,FS-FIN01-RO (avo.local/Demo/Groups/FS-FIN01-RO),,05/28/2026 10:54:00
Cato Pronk (500208),Microsoft Active Directory,MBX-FIN01 (avo.local/Demo/Groups/MBX-FIN01),,03/26/2025 06:47:00
Mila Vroegindeweij (500209),Microsoft Active Directory,SEC-Antivirus (avo.local/Demo/Groups/SEC-Antivirus),,03/24/2026 01:56:00
Mila Vroegindeweij (500209),Microsoft Active Directory,SEC-DiskEncryption (avo.local/Demo/Groups/SEC-DiskEncryption),,04/21/2025 04:27:00
Mila Vroegindeweij (500209),Microsoft Active Directory,SEC-MFA-Enrolled (avo.local/Demo/Groups/SEC-MFA-Enrolled),,06/02/2025 06:34:00
Mila Vroegindeweij (500209),Microsoft Active Directory,SEC-Endpoint-Protection (avo.local/Demo/Groups/SEC-Endpoint-Protection),,07/19/2026 07:24:00
Mila Vroegindeweij (500209),Microsoft Active Directory,APP-Intranet (avo.local/Demo/Groups/APP-Intranet),,06/10/2025 21:39:00
Finn Zomerdijk (500210),Microsoft Active Directory,SEC-Antivirus (avo.local/Demo/Groups/SEC-Antivirus),,12/12/2025 04:09:00
Finn Zomerdijk (500210),Microsoft Active Directory,SEC-MFA-Enrolled (avo.local/Demo/Groups/SEC-MFA-Enrolled),,06/18/2025 17:29:00
Finn Zomerdijk (500210),Microsoft Active Directory,SEC-Endpoint-Protection (avo.local/Demo/Groups/SEC-Endpoint-Protection),,07/19/2025 00:14:00
Finn Zomerdijk (500210),Microsoft Active Directory,APP-Intranet (avo.local/Demo/Groups/APP-Intranet),,06/22/2025 17:13:00
Finn Zomerdijk (500210),Microsoft Active Directory,APP-Office365 (avo.local/Demo/Groups/APP-Office365),,06/28/2026 16:45:00
Finn Zomerdijk (500210),Microsoft Active Directory,APP-CB12-Portal (avo.local/Demo/Groups/APP-CB12-Portal),,07/03/2025 06:02:00
Finn Zomerdijk (500210),Microsoft Active Directory,FS-CB12-RO (avo.local/Demo/Groups/FS-CB12-RO),,07/24/2026 22:10:00
Finn Zomerdijk (500210),Microsoft Active Directory,MBX-CB12 (avo.local/Demo/Groups/MBX-CB12),,06/20/2026 14:32:00
Noa Berkhout (500211),Microsoft Active Directory,SEC-DiskEncryption (avo.local/Demo/Groups/SEC-DiskEncryption),,10/07/2025 03:22:00
Noa Berkhout (500211),Microsoft Active Directory,APP-Intranet (avo.local/Demo/Groups/APP-Intranet),,12/06/2025 08:11:00
Noa Berkhout (500211),Microsoft Active Directory,APP-Office365 (avo.local/Demo/Groups/APP-Office365),,07/11/2025 00:00:00
Noa Berkhout (500211),Microsoft Active Directory,FS-FIN01-RO (avo.local/Demo/Groups/FS-FIN01-RO),,04/08/2025 14:11:00
Noa Berkhout (500211),Microsoft Active Directory,TEAM-FIN01 (avo.local/Demo/Groups/TEAM-FIN01),,10/26/2025 13:08:00
Noa Berkhout (500211),Microsoft Active Directory,MBX-FIN01 (avo.local/Demo/Groups/MBX-FIN01),,02/12/2026 23:13:00
Noa Berkhout (500211),Microsoft Active Directory,APP-Adobe-AcrobatPro (avo.local/Demo/Groups/APP-Adobe-AcrobatPro),,08/01/2026 01:53:00
Roos Kalisvaart (500212),Microsoft Active Directory,SEC-Antivirus (avo.local/Demo/Groups/SEC-Antivirus),,12/03/2025 01:02:00
Roos Kalisvaart (500212),Microsoft Active Directory,SEC-MFA-Enrolled (avo.local/Demo/Groups/SEC-MFA-Enrolled),,05/02/2025 07:44:00
Roos Kalisvaart (500212),Microsoft Active Directory,APP-Intranet (avo.local/Demo/Groups/APP-Intranet),,09/06/2025 14:49:00
Roos Kalisvaart (500212),Microsoft Active Directory,APP-Office365 (avo.local/Demo/Groups/APP-Office365),,10/17/2025 13:38:00
Roos Kalisvaart (500212),Microsoft Active Directory,APP-ICT03-Portal (avo.local/Demo/Groups/APP-ICT03-Portal),,09/29/2025 05:20:00
Roos Kalisvaart (500212),Microsoft Active Directory,FS-ICT03-RO (avo.local/Demo/Groups/FS-ICT03-RO),,04/19/2025 14:50:00
Roos Kalisvaart (500212),Microsoft Active Directory,FS-ICT03-RW (avo.local/Demo/Groups/FS-ICT03-RW),,11/15/2025 08:37:00
Roos Kalisvaart (500212),Microsoft Active Directory,TEAM-ICT03 (avo.local/Demo/Groups/TEAM-ICT03),,10/18/2025 20:47:00
Roos Kalisvaart (500212),Microsoft Active Directory,MBX-ICT03 (avo.local/Demo/Groups/MBX-ICT03),,05/01/2025 15:23:00
Roos Kalisvaart (500212),Microsoft Active Directory,APP-Adobe-AcrobatPro (avo.local/Demo/Groups/APP-Adobe-AcrobatPro),,01/28/2026 04:26:00
Finn Uijlenbroek (500213),Microsoft Active Directory,SEC-Antivirus (avo.local/Demo/Groups/SEC-Antivirus),,04/19/2026 22:07:00
Finn Uijlenbroek (500213),Microsoft Active Directory,APP-Intranet (avo.local/Demo/Groups/APP-Intranet),,06/18/2026 21:37:00
Finn Uijlenbroek (500213),Microsoft Active Directory,APP-Office365 (avo.local/Demo/Groups/APP-Office365),,01/15/2026 00:24:00
Finn Uijlenbroek (500213),Microsoft Active Directory,APP-CZ08-Portal (avo.local/Demo/Groups/APP-CZ08-Portal),,07/29/2025 09:54:00
Finn Uijlenbroek (500213),Microsoft Active Directory,FS-CZ08-RO (avo.local/Demo/Groups/FS-CZ08-RO),,04/07/2026 03:55:00
Finn Uijlenbroek (500213),Microsoft Active Directory,TEAM-CZ08 (avo.local/Demo/Groups/TEAM-CZ08),,08/22/2025 22:32:00
Finn Uijlenbroek (500213),Microsoft Active Directory,MBX-CZ08 (avo.local/Demo/Groups/MBX-CZ08),,06/12/2026 22:48:00
Finn Uijlenbroek (500213),Microsoft Active Directory,APP-Selfservice (avo.local/Demo/Groups/APP-Selfservice),,04/09/2026 08:57:00
Finn Uijlenbroek (500213),Microsoft Active Directory,ROLE-Verzorgende (avo.local/Demo/Groups/ROLE-Verzorgende),,07/31/2025 04:12:00
Finn Uijlenbroek (500213),Microsoft Active Directory,APP-Copilot (avo.local/Demo/Groups/APP-Copilot),,02/22/2026 04:12:00
Hanna Wielenga (500214),Microsoft Active Directory,SEC-MFA-Enrolled (avo.local/Demo/Groups/SEC-MFA-Enrolled),,11/11/2025 09:56:00
Hanna Wielenga (500214),Microsoft Active Directory,SEC-Endpoint-Protection (avo.local/Demo/Groups/SEC-Endpoint-Protection),,07/19/2026 20:40:00
Hanna Wielenga (500214),Microsoft Active Directory,APP-Intranet (avo.local/Demo/Groups/APP-Intranet),,04/09/2026 15:52:00
Hanna Wielenga (500214),Microsoft Active Directory,FS-HRM02-RO (avo.local/Demo/Groups/FS-HRM02-RO),,07/09/2026 07:37:00
Hanna Wielenga (500214),Microsoft Active Directory,TEAM-HRM02 (avo.local/Demo/Groups/TEAM-HRM02),,08/27/2025 09:25:00
Hanna Wielenga (500214),Microsoft Active Directory,MBX-HRM02 (avo.local/Demo/Groups/MBX-HRM02),,10/03/2025 15:10:00
Hanna Wielenga (500214),Microsoft Active Directory,ROLE-Verpleegkundige (avo.local/Demo/Groups/ROLE-Verpleegkundige),,09/27/2025 08:46:00
Hanna Wielenga (500214),Microsoft Active Directory,APP-Visio (avo.local/Demo/Groups/APP-Visio),,04/25/2025 15:03:00
Iris Wielenga (500215),Microsoft Active Directory,SEC-Antivirus (avo.local/Demo/Groups/SEC-Antivirus),,02/22/2026 09:26:00
Iris Wielenga (500215),Microsoft Active Directory,SEC-DiskEncryption (avo.local/Demo/Groups/SEC-DiskEncryption),,10/27/2025 23:00:00
Iris Wielenga (500215),Microsoft Active Directory,SEC-MFA-Enrolled (avo.local/Demo/Groups/SEC-MFA-Enrolled),,03/16/2026 21:42:00
Iris Wielenga (500215),Microsoft Active Directory,APP-Intranet (avo.local/Demo/Groups/APP-Intranet),,08/12/2025 12:02:00
Iris Wielenga (500215),Microsoft Active Directory,APP-Office365 (avo.local/Demo/Groups/APP-Office365),,02/08/2026 09:09:00
Tess Muijs (500216),Microsoft Active Directory,SEC-Antivirus (avo.local/Demo/Groups/SEC-Antivirus),,03/06/2026 12:09:00
Tess Muijs (500216),Microsoft Active Directory,SEC-MFA-Enrolled (avo.local/Demo/Groups/SEC-MFA-Enrolled),,05/26/2026 12:17:00
Tess Muijs (500216),Microsoft Active Directory,SEC-Endpoint-Protection (avo.local/Demo/Groups/SEC-Endpoint-Protection),,05/05/2026 21:02:00
Tess Muijs (500216),Microsoft Active Directory,APP-Intranet (avo.local/Demo/Groups/APP-Intranet),,07/29/2025 12:48:00
Tess Muijs (500216),Microsoft Active Directory,APP-Office365 (avo.local/Demo/Groups/APP-Office365),,07/26/2026 00:33:00
Tess Muijs (500216),Microsoft Active Directory,TEAM-CA060 (avo.local/Demo/Groups/TEAM-CA060),,02/18/2026 06:13:00
Tess Muijs (500216),Microsoft Active Directory,MBX-CA060 (avo.local/Demo/Groups/MBX-CA060),,04/03/2026 13:31:00
Tess Muijs (500216),Microsoft Active Directory,APP-Adobe-AcrobatPro (avo.local/Demo/Groups/APP-Adobe-AcrobatPro),,04/22/2026 01:29:00
Bram Lindeboom (500217),Microsoft Active Directory,SEC-DiskEncryption (avo.local/Demo/Groups/SEC-DiskEncryption),,05/22/2025 18:07:00
Bram Lindeboom (500217),Microsoft Active Directory,SEC-Endpoint-Protection (avo.local/Demo/Groups/SEC-Endpoint-Protection),,09/24/2025 19:54:00
Bram Lindeboom (500217),Microsoft Active Directory,APP-Intranet (avo.local/Demo/Groups/APP-Intranet),,11/05/2025 11:22:00
Bram Lindeboom (500217),Microsoft Active Directory,APP-Office365 (avo.local/Demo/Groups/APP-Office365),,12/29/2025 18:44:00
Bram Lindeboom (500217),Microsoft Active Directory,FS-CZ08-RO (avo.local/Demo/Groups/FS-CZ08-RO),,06/23/2026 20:59:00
Bram Lindeboom (500217),Microsoft Active Directory,TEAM-CZ08 (avo.local/Demo/Groups/TEAM-CZ08),,11/01/2025 16:35:00
Bram Lindeboom (500217),Microsoft Active Directory,MBX-CZ08 (avo.local/Demo/Groups/MBX-CZ08),,10/18/2025 14:41:00
Bram Lindeboom (500217),Microsoft Active Directory,APP-Selfservice (avo.local/Demo/Groups/APP-Selfservice),,11/18/2025 18:52:00
Bram Lindeboom (500217),Microsoft Active Directory,APP-Visio (avo.local/Demo/Groups/APP-Visio),,10/24/2025 09:29:00
Wout Uijlenbroek (500218),Microsoft Active Directory,SEC-Antivirus (avo.local/Demo/Groups/SEC-Antivirus),,07/25/2025 02:22:00
Wout Uijlenbroek (500218),Microsoft Active Directory,SEC-DiskEncryption (avo.local/Demo/Groups/SEC-DiskEncryption),,03/25/2025 22:34:00
Wout Uijlenbroek (500218),Microsoft Active Directory,SEC-MFA-Enrolled (avo.local/Demo/Groups/SEC-MFA-Enrolled),,05/13/2025 14:41:00
Wout Uijlenbroek (500218),Microsoft Active Directory,SEC-Endpoint-Protection (avo.local/Demo/Groups/SEC-Endpoint-Protection),,03/22/2026 03:52:00
Wout Uijlenbroek (500218),Microsoft Active Directory,APP-Intranet (avo.local/Demo/Groups/APP-Intranet),,02/12/2026 20:38:00
Wout Uijlenbroek (500218),Microsoft Active Directory,APP-Office365 (avo.local/Demo/Groups/APP-Office365),,07/22/2025 08:50:00
Wout Uijlenbroek (500218),Microsoft Active Directory,APP-ICT03-Portal (avo.local/Demo/Groups/APP-ICT03-Portal),,02/04/2026 12:55:00
Wout Uijlenbroek (500218),Microsoft Active Directory,FS-ICT03-RO (avo.local/Demo/Groups/FS-ICT03-RO),,02/21/2026 15:42:00
Wout Uijlenbroek (500218),Microsoft Active Directory,FS-ICT03-RW (avo.local/Demo/Groups/FS-ICT03-RW),,12/29/2025 04:19:00
Wout Uijlenbroek (500218),Microsoft Active Directory,TEAM-ICT03 (avo.local/Demo/Groups/TEAM-ICT03),,07/13/2025 04:56:00
Wout Uijlenbroek (500218),Microsoft Active Directory,MBX-ICT03 (avo.local/Demo/Groups/MBX-ICT03),,04/29/2026 05:22:00
Bram Jonker (500219),Microsoft Active Directory,SEC-Antivirus (avo.local/Demo/Groups/SEC-Antivirus),,04/07/2026 10:28:00
Bram Jonker (500219),Microsoft Active Directory,SEC-DiskEncryption (avo.local/Demo/Groups/SEC-DiskEncryption),,10/23/2025 06:39:00
Bram Jonker (500219),Microsoft Active Directory,SEC-MFA-Enrolled (avo.local/Demo/Groups/SEC-MFA-Enrolled),,04/09/2026 22:05:00
Bram Jonker (500219),Microsoft Active Directory,SEC-Endpoint-Protection (avo.local/Demo/Groups/SEC-Endpoint-Protection),,02/17/2026 14:38:00
Bram Jonker (500219),Microsoft Active Directory,APP-Office365 (avo.local/Demo/Groups/APP-Office365),,07/27/2026 01:32:00
Bram Jonker (500219),Microsoft Active Directory,FS-HRM02-RO (avo.local/Demo/Groups/FS-HRM02-RO),,04/02/2025 05:38:00
Bram Jonker (500219),Microsoft Active Directory,FS-HRM02-RW (avo.local/Demo/Groups/FS-HRM02-RW),,05/15/2026 06:40:00
Bram Jonker (500219),Microsoft Active Directory,TEAM-HRM02 (avo.local/Demo/Groups/TEAM-HRM02),,03/28/2026 22:37:00
Bram Jonker (500219),Microsoft Active Directory,MBX-HRM02 (avo.local/Demo/Groups/MBX-HRM02),,04/26/2025 20:25:00
Bram Jonker (500219),Microsoft Active Directory,ROLE-Begeleider (avo.local/Demo/Groups/ROLE-Begeleider),,04/14/2026 07:22:00
Bram Jonker (500219),Microsoft Active Directory,APP-Visio (avo.local/Demo/Groups/APP-Visio),,02/14/2026 18:51:00
Olivier Pronk (500220),Microsoft Active Directory,SEC-Antivirus (avo.local/Demo/Groups/SEC-Antivirus),,09/11/2025 19:24:00
Olivier Pronk (500220),Microsoft Active Directory,SEC-Endpoint-Protection (avo.local/Demo/Groups/SEC-Endpoint-Protection),,07/08/2026 11:43:00
Olivier Pronk (500220),Microsoft Active Directory,APP-Office365 (avo.local/Demo/Groups/APP-Office365),,06/03/2025 03:19:00
Olivier Pronk (500220),Microsoft Active Directory,APP-CB12-Portal (avo.local/Demo/Groups/APP-CB12-Portal),,02/26/2026 06:08:00
Olivier Pronk (500220),Microsoft Active Directory,APP-Selfservice (avo.local/Demo/Groups/APP-Selfservice),,06/21/2025 22:21:00
Olivier Pronk (500220),Microsoft Active Directory,ROLE-Verpleegkundige (avo.local/Demo/Groups/ROLE-Verpleegkundige),,10/01/2025 20:08:00
Olivier Pronk (500220),Microsoft Active Directory,APP-Visio (avo.local/Demo/Groups/APP-Visio),,04/15/2026 10:00:00
Olivier Pronk (500220),Microsoft Active Directory,APP-Adobe-AcrobatPro (avo.local/Demo/Groups/APP-Adobe-AcrobatPro),,02/06/2026 13:23:00
Olivier Pronk (500220),Microsoft Active Directory,APP-Copilot (avo.local/Demo/Groups/APP-Copilot),,07/01/2026 23:14:00
Finn Fokkema (500221),Microsoft Active Directory,SEC-Antivirus (avo.local/Demo/Groups/SEC-Antivirus),,12/15/2025 13:24:00
Finn Fokkema (500221),Microsoft Active Directory,SEC-DiskEncryption (avo.local/Demo/Groups/SEC-DiskEncryption),,09/11/2025 05:48:00
Finn Fokkema (500221),Microsoft Active Directory,SEC-MFA-Enrolled (avo.local/Demo/Groups/SEC-MFA-Enrolled),,12/25/2025 18:17:00
Finn Fokkema (500221),Microsoft Active Directory,SEC-Endpoint-Protection (avo.local/Demo/Groups/SEC-Endpoint-Protection),,01/07/2026 13:52:00
Finn Fokkema (500221),Microsoft Active Directory,APP-Intranet (avo.local/Demo/Groups/APP-Intranet),,11/15/2025 21:51:00
Finn Fokkema (500221),Microsoft Active Directory,APP-Office365 (avo.local/Demo/Groups/APP-Office365),,06/08/2026 23:30:00
Finn Fokkema (500221),Microsoft Active Directory,APP-FIN01-Portal (avo.local/Demo/Groups/APP-FIN01-Portal),,04/04/2025 04:45:00
Finn Fokkema (500221),Microsoft Active Directory,FS-FIN01-RW (avo.local/Demo/Groups/FS-FIN01-RW),,06/17/2026 05:00:00
Finn Fokkema (500221),Microsoft Active Directory,MBX-FIN01 (avo.local/Demo/Groups/MBX-FIN01),,04/02/2026 08:39:00
Sem Wielenga (500222),Microsoft Active Directory,SEC-Antivirus (avo.local/Demo/Groups/SEC-Antivirus),,07/23/2026 16:16:00
Sem Wielenga (500222),Microsoft Active Directory,SEC-DiskEncryption (avo.local/Demo/Groups/SEC-DiskEncryption),,05/16/2026 11:05:00
Sem Wielenga (500222),Microsoft Active Directory,APP-Intranet (avo.local/Demo/Groups/APP-Intranet),,10/27/2025 01:24:00
Sem Wielenga (500222),Microsoft Active Directory,APP-Office365 (avo.local/Demo/Groups/APP-Office365),,07/19/2025 20:47:00
Sem Wielenga (500222),Microsoft Active Directory,APP-FIN01-Portal (avo.local/Demo/Groups/APP-FIN01-Portal),,07/15/2025 00:36:00
Sem Wielenga (500222),Microsoft Active Directory,FS-FIN01-RO (avo.local/Demo/Groups/FS-FIN01-RO),,06/07/2025 15:01:00
Sem Wielenga (500222),Microsoft Active Directory,FS-FIN01-RW (avo.local/Demo/Groups/FS-FIN01-RW),,10/12/2025 03:06:00
Sem Wielenga (500222),Microsoft Active Directory,TEAM-FIN01 (avo.local/Demo/Groups/TEAM-FIN01),,07/16/2026 05:01:00
Sem Wielenga (500222),Microsoft Active Directory,APP-Adobe-AcrobatPro (avo.local/Demo/Groups/APP-Adobe-AcrobatPro),,02/18/2026 19:24:00
Sem Wielenga (500222),Microsoft Active Directory,FS-Begeleider-DATA (avo.local/Demo/Groups/FS-Begeleider-DATA),,07/25/2025 00:42:00
Tess Gerritsen (500223),Microsoft Active Directory,SEC-Antivirus (avo.local/Demo/Groups/SEC-Antivirus),,02/14/2026 00:12:00
Tess Gerritsen (500223),Microsoft Active Directory,SEC-DiskEncryption (avo.local/Demo/Groups/SEC-DiskEncryption),,10/24/2025 13:02:00
Tess Gerritsen (500223),Microsoft Active Directory,SEC-MFA-Enrolled (avo.local/Demo/Groups/SEC-MFA-Enrolled),,06/05/2026 18:50:00
Tess Gerritsen (500223),Microsoft Active Directory,SEC-Endpoint-Protection (avo.local/Demo/Groups/SEC-Endpoint-Protection),,02/25/2026 01:22:00
Tess Gerritsen (500223),Microsoft Active Directory,APP-Intranet (avo.local/Demo/Groups/APP-Intranet),,12/13/2025 03:34:00
Tess Gerritsen (500223),Microsoft Active Directory,APP-Office365 (avo.local/Demo/Groups/APP-Office365),,11/11/2025 09:20:00
Cato Fokkema (500224),Microsoft Active Directory,SEC-DiskEncryption (avo.local/Demo/Groups/SEC-DiskEncryption),,09/14/2025 17:01:00
Cato Fokkema (500224),Microsoft Active Directory,SEC-MFA-Enrolled (avo.local/Demo/Groups/SEC-MFA-Enrolled),,12/16/2025 09:14:00
Cato Fokkema (500224),Microsoft Active Directory,APP-Intranet (avo.local/Demo/Groups/APP-Intranet),,07/11/2025 12:27:00
Cato Fokkema (500224),Microsoft Active Directory,APP-Office365 (avo.local/Demo/Groups/APP-Office365),,05/30/2025 17:29:00
Cato Fokkema (500224),Microsoft Active Directory,ROLE-Begeleider (avo.local/Demo/Groups/ROLE-Begeleider),,07/16/2025 02:23:00
Cato Fokkema (500224),Microsoft Active Directory,APP-Adobe-AcrobatPro (avo.local/Demo/Groups/APP-Adobe-AcrobatPro),,11/19/2025 05:23:00
Cato Fokkema (500224),Microsoft Active Directory,FS-Begeleider-DATA (avo.local/Demo/Groups/FS-Begeleider-DATA),,11/07/2025 16:35:00
Xander Uijlenbroek (500225),Microsoft Active Directory,SEC-DiskEncryption (avo.local/Demo/Groups/SEC-DiskEncryption),,07/05/2025 20:08:00
Xander Uijlenbroek (500225),Microsoft Active Directory,SEC-MFA-Enrolled (avo.local/Demo/Groups/SEC-MFA-Enrolled),,05/17/2026 10:40:00
Xander Uijlenbroek (500225),Microsoft Active Directory,SEC-Endpoint-Protection (avo.local/Demo/Groups/SEC-Endpoint-Protection),,07/09/2025 19:20:00
Xander Uijlenbroek (500225),Microsoft Active Directory,APP-Office365 (avo.local/Demo/Groups/APP-Office365),,06/24/2026 01:07:00
Xander Uijlenbroek (500225),Microsoft Active Directory,APP-CZ08-Portal (avo.local/Demo/Groups/APP-CZ08-Portal),,04/11/2025 06:13:00
Xander Uijlenbroek (500225),Microsoft Active Directory,FS-CZ08-RW (avo.local/Demo/Groups/FS-CZ08-RW),,07/06/2025 16:09:00
Xander Uijlenbroek (500225),Microsoft Active Directory,TEAM-CZ08 (avo.local/Demo/Groups/TEAM-CZ08),,06/01/2026 20:44:00
Xander Uijlenbroek (500225),Microsoft Active Directory,MBX-CZ08 (avo.local/Demo/Groups/MBX-CZ08),,08/30/2025 05:47:00
Xander Uijlenbroek (500225),Microsoft Active Directory,APP-Selfservice (avo.local/Demo/Groups/APP-Selfservice),,02/19/2026 17:41:00
Wout Muijs (500226),Microsoft Active Directory,SEC-Antivirus (avo.local/Demo/Groups/SEC-Antivirus),,10/12/2025 15:37:00
Wout Muijs (500226),Microsoft Active Directory,SEC-Endpoint-Protection (avo.local/Demo/Groups/SEC-Endpoint-Protection),,02/20/2026 01:53:00
Wout Muijs (500226),Microsoft Active Directory,APP-Intranet (avo.local/Demo/Groups/APP-Intranet),,04/01/2025 21:30:00
Wout Muijs (500226),Microsoft Active Directory,APP-Office365 (avo.local/Demo/Groups/APP-Office365),,02/23/2026 00:03:00
Wout Muijs (500226),Microsoft Active Directory,FS-HRM02-RO (avo.local/Demo/Groups/FS-HRM02-RO),,12/10/2025 18:43:00
Wout Muijs (500226),Microsoft Active Directory,FS-HRM02-RW (avo.local/Demo/Groups/FS-HRM02-RW),,06/15/2025 15:52:00
Wout Muijs (500226),Microsoft Active Directory,MBX-HRM02 (avo.local/Demo/Groups/MBX-HRM02),,08/14/2025 21:05:00
Wout Muijs (500226),Microsoft Active Directory,APP-Visio (avo.local/Demo/Groups/APP-Visio),,03/14/2026 11:15:00
Olivier Dijkgraaf (500227),Microsoft Active Directory,SEC-Antivirus (avo.local/Demo/Groups/SEC-Antivirus),,08/04/2025 09:21:00
Olivier Dijkgraaf (500227),Microsoft Active Directory,SEC-MFA-Enrolled (avo.local/Demo/Groups/SEC-MFA-Enrolled),,12/14/2025 01:26:00
Olivier Dijkgraaf (500227),Microsoft Active Directory,APP-Office365 (avo.local/Demo/Groups/APP-Office365),,05/02/2025 02:53:00
Olivier Dijkgraaf (500227),Microsoft Active Directory,APP-CA010-Portal (avo.local/Demo/Groups/APP-CA010-Portal),,12/17/2025 00:26:00
Olivier Dijkgraaf (500227),Microsoft Active Directory,FS-CA010-RO (avo.local/Demo/Groups/FS-CA010-RO),,05/17/2026 07:19:00
Olivier Dijkgraaf (500227),Microsoft Active Directory,FS-CA010-RW (avo.local/Demo/Groups/FS-CA010-RW),,07/13/2026 07:54:00
Olivier Dijkgraaf (500227),Microsoft Active Directory,TEAM-CA010 (avo.local/Demo/Groups/TEAM-CA010),,11/02/2025 12:53:00
Olivier Dijkgraaf (500227),Microsoft Active Directory,MBX-CA010 (avo.local/Demo/Groups/MBX-CA010),,06/23/2026 21:52:00
Olivier Dijkgraaf (500227),Microsoft Active Directory,APP-Selfservice (avo.local/Demo/Groups/APP-Selfservice),,11/21/2025 10:08:00
Jasper Oosterhuis (500228),Microsoft Active Directory,SEC-Antivirus (avo.local/Demo/Groups/SEC-Antivirus),,08/17/2025 18:05:00
Jasper Oosterhuis (500228),Microsoft Active Directory,SEC-DiskEncryption (avo.local/Demo/Groups/SEC-DiskEncryption),,07/08/2026 17:45:00
Jasper Oosterhuis (500228),Microsoft Active Directory,SEC-MFA-Enrolled (avo.local/Demo/Groups/SEC-MFA-Enrolled),,03/27/2025 06:10:00
Jasper Oosterhuis (500228),Microsoft Active Directory,SEC-Endpoint-Protection (avo.local/Demo/Groups/SEC-Endpoint-Protection),,04/05/2026 23:38:00
Jasper Oosterhuis (500228),Microsoft Active Directory,APP-Office365 (avo.local/Demo/Groups/APP-Office365),,03/30/2025 18:41:00
Jasper Oosterhuis (500228),Microsoft Active Directory,APP-CA010-Portal (avo.local/Demo/Groups/APP-CA010-Portal),,03/14/2026 07:31:00
Jasper Oosterhuis (500228),Microsoft Active Directory,TEAM-CA010 (avo.local/Demo/Groups/TEAM-CA010),,06/28/2026 18:01:00
Jasper Oosterhuis (500228),Microsoft Active Directory,APP-Adobe-AcrobatPro (avo.local/Demo/Groups/APP-Adobe-AcrobatPro),,06/28/2025 23:10:00
Jasper Oosterhuis (500228),Microsoft Active Directory,FS-Begeleider-DATA (avo.local/Demo/Groups/FS-Begeleider-DATA),,03/21/2025 07:18:00
Anne Oosterhuis (500229),Microsoft Active Directory,SEC-DiskEncryption (avo.local/Demo/Groups/SEC-DiskEncryption),,01/25/2026 11:33:00
Anne Oosterhuis (500229),Microsoft Active Directory,SEC-MFA-Enrolled (avo.local/Demo/Groups/SEC-MFA-Enrolled),,05/16/2025 10:14:00
Anne Oosterhuis (500229),Microsoft Active Directory,SEC-Endpoint-Protection (avo.local/Demo/Groups/SEC-Endpoint-Protection),,03/18/2026 11:20:00
Anne Oosterhuis (500229),Microsoft Active Directory,APP-Intranet (avo.local/Demo/Groups/APP-Intranet),,04/28/2026 08:12:00
Anne Oosterhuis (500229),Microsoft Active Directory,APP-Office365 (avo.local/Demo/Groups/APP-Office365),,04/27/2025 10:37:00
Xander Zomerdijk (500230),Microsoft Active Directory,SEC-Antivirus (avo.local/Demo/Groups/SEC-Antivirus),,06/15/2025 16:17:00
Xander Zomerdijk (500230),Microsoft Active Directory,SEC-DiskEncryption (avo.local/Demo/Groups/SEC-DiskEncryption),,12/30/2025 03:36:00
Xander Zomerdijk (500230),Microsoft Active Directory,SEC-MFA-Enrolled (avo.local/Demo/Groups/SEC-MFA-Enrolled),,06/29/2026 15:07:00
Xander Zomerdijk (500230),Microsoft Active Directory,SEC-Endpoint-Protection (avo.local/Demo/Groups/SEC-Endpoint-Protection),,01/12/2026 21:14:00
Xander Zomerdijk (500230),Microsoft Active Directory,APP-Intranet (avo.local/Demo/Groups/APP-Intranet),,07/20/2026 13:21:00
Xander Zomerdijk (500230),Microsoft Active Directory,MBX-CB12 (avo.local/Demo/Groups/MBX-CB12),,03/07/2026 07:38:00
Xander Zomerdijk (500230),Microsoft Active Directory,APP-Selfservice (avo.local/Demo/Groups/APP-Selfservice),,07/24/2025 10:21:00
Xander Zomerdijk (500230),Microsoft Active Directory,ROLE-Begeleider (avo.local/Demo/Groups/ROLE-Begeleider),,02/08/2026 00:50:00
Xander Zomerdijk (500230),Microsoft Active Directory,APP-Adobe-AcrobatPro (avo.local/Demo/Groups/APP-Adobe-AcrobatPro),,07/22/2025 16:44:00
Xander Zomerdijk (500230),Microsoft Active Directory,FS-Begeleider-DATA (avo.local/Demo/Groups/FS-Begeleider-DATA),,07/26/2026 04:29:00
Jasper Uijlenbroek (500231),Microsoft Active Directory,SEC-Antivirus (avo.local/Demo/Groups/SEC-Antivirus),,01/09/2026 09:07:00
Jasper Uijlenbroek (500231),Microsoft Active Directory,SEC-Endpoint-Protection (avo.local/Demo/Groups/SEC-Endpoint-Protection),,07/02/2026 18:36:00
Jasper Uijlenbroek (500231),Microsoft Active Directory,APP-Intranet (avo.local/Demo/Groups/APP-Intranet),,11/19/2025 20:34:00
Jasper Uijlenbroek (500231),Microsoft Active Directory,APP-Office365 (avo.local/Demo/Groups/APP-Office365),,05/11/2026 01:39:00
Jasper Uijlenbroek (500231),Microsoft Active Directory,APP-Adobe-AcrobatPro (avo.local/Demo/Groups/APP-Adobe-AcrobatPro),,12/06/2025 12:28:00
Yara Quaedvlieg (500232),Microsoft Active Directory,SEC-Antivirus (avo.local/Demo/Groups/SEC-Antivirus),,08/02/2026 15:22:00
Yara Quaedvlieg (500232),Microsoft Active Directory,SEC-DiskEncryption (avo.local/Demo/Groups/SEC-DiskEncryption),,03/27/2025 12:07:00
Yara Quaedvlieg (500232),Microsoft Active Directory,APP-Intranet (avo.local/Demo/Groups/APP-Intranet),,05/22/2025 16:04:00
Yara Quaedvlieg (500232),Microsoft Active Directory,APP-Visio (avo.local/Demo/Groups/APP-Visio),,02/05/2026 06:23:00
Cato Wielenga (500233),Microsoft Active Directory,SEC-DiskEncryption (avo.local/Demo/Groups/SEC-DiskEncryption),,01/06/2026 10:45:00
Cato Wielenga (500233),Microsoft Active Directory,SEC-MFA-Enrolled (avo.local/Demo/Groups/SEC-MFA-Enrolled),,02/11/2026 19:32:00
Cato Wielenga (500233),Microsoft Active Directory,SEC-Endpoint-Protection (avo.local/Demo/Groups/SEC-Endpoint-Protection),,03/24/2025 01:38:00
Cato Wielenga (500233),Microsoft Active Directory,APP-Intranet (avo.local/Demo/Groups/APP-Intranet),,10/17/2025 23:52:00
Cato Wielenga (500233),Microsoft Active Directory,ROLE-Verzorgende (avo.local/Demo/Groups/ROLE-Verzorgende),,02/12/2026 12:14:00
Cato Wielenga (500233),Microsoft Active Directory,APP-Copilot (avo.local/Demo/Groups/APP-Copilot),,05/30/2025 11:50:00
Olivier Uijlenbroek (500234),Microsoft Active Directory,SEC-MFA-Enrolled (avo.local/Demo/Groups/SEC-MFA-Enrolled),,04/15/2025 00:53:00
Olivier Uijlenbroek (500234),Microsoft Active Directory,APP-Office365 (avo.local/Demo/Groups/APP-Office365),,06/21/2025 08:52:00
Olivier Uijlenbroek (500234),Microsoft Active Directory,ROLE-Begeleider (avo.local/Demo/Groups/ROLE-Begeleider),,02/13/2026 13:03:00
Olivier Uijlenbroek (500234),Microsoft Active Directory,APP-Visio (avo.local/Demo/Groups/APP-Visio),,04/24/2026 09:17:00
Bram Quaedvlieg (500235),Microsoft Active Directory,SEC-DiskEncryption (avo.local/Demo/Groups/SEC-DiskEncryption),,06/15/2026 06:30:00
Bram Quaedvlieg (500235),Microsoft Active Directory,SEC-MFA-Enrolled (avo.local/Demo/Groups/SEC-MFA-Enrolled),,06/29/2026 09:51:00
Bram Quaedvlieg (500235),Microsoft Active Directory,SEC-Endpoint-Protection (avo.local/Demo/Groups/SEC-Endpoint-Protection),,06/15/2026 22:27:00
Bram Quaedvlieg (500235),Microsoft Active Directory,APP-CA010-Portal (avo.local/Demo/Groups/APP-CA010-Portal),,04/06/2026 04:19:00
Bram Quaedvlieg (500235),Microsoft Active Directory,FS-CA010-RO (avo.local/Demo/Groups/FS-CA010-RO),,11/10/2025 08:17:00
Bram Quaedvlieg (500235),Microsoft Active Directory,FS-CA010-RW (avo.local/Demo/Groups/FS-CA010-RW),,08/15/2025 01:54:00
Bram Quaedvlieg (500235),Microsoft Active Directory,TEAM-CA010 (avo.local/Demo/Groups/TEAM-CA010),,06/03/2026 20:01:00
Bram Quaedvlieg (500235),Microsoft Active Directory,MBX-CA010 (avo.local/Demo/Groups/MBX-CA010),,10/07/2025 12:48:00
Bram Quaedvlieg (500235),Microsoft Active Directory,APP-Selfservice (avo.local/Demo/Groups/APP-Selfservice),,09/11/2025 05:21:00
Bram Quaedvlieg (500235),Microsoft Active Directory,APP-Visio (avo.local/Demo/Groups/APP-Visio),,07/07/2026 09:39:00
Bram Oosterhuis (500236),Microsoft Active Directory,SEC-Antivirus (avo.local/Demo/Groups/SEC-Antivirus),,08/09/2025 10:14:00
Bram Oosterhuis (500236),Microsoft Active Directory,APP-Intranet (avo.local/Demo/Groups/APP-Intranet),,08/14/2025 12:20:00
Bram Oosterhuis (500236),Microsoft Active Directory,APP-Office365 (avo.local/Demo/Groups/APP-Office365),,02/20/2026 00:46:00
Sem Zomerdijk (500237),Microsoft Active Directory,SEC-MFA-Enrolled (avo.local/Demo/Groups/SEC-MFA-Enrolled),,09/27/2025 10:49:00
Sem Zomerdijk (500237),Microsoft Active Directory,SEC-Endpoint-Protection (avo.local/Demo/Groups/SEC-Endpoint-Protection),,09/23/2025 18:58:00
Sem Zomerdijk (500237),Microsoft Active Directory,APP-Office365 (avo.local/Demo/Groups/APP-Office365),,08/18/2025 17:24:00
Sem Zomerdijk (500237),Microsoft Active Directory,FS-CZ08-RO (avo.local/Demo/Groups/FS-CZ08-RO),,08/03/2025 06:58:00
Sem Zomerdijk (500237),Microsoft Active Directory,FS-CZ08-RW (avo.local/Demo/Groups/FS-CZ08-RW),,08/19/2025 05:55:00
Sem Zomerdijk (500237),Microsoft Active Directory,TEAM-CZ08 (avo.local/Demo/Groups/TEAM-CZ08),,07/04/2026 13:48:00
Sem Zomerdijk (500237),Microsoft Active Directory,MBX-CZ08 (avo.local/Demo/Groups/MBX-CZ08),,06/26/2026 08:57:00
Sem Zomerdijk (500237),Microsoft Active Directory,APP-Visio (avo.local/Demo/Groups/APP-Visio),,11/12/2025 02:04:00
Ursula Ipenburg (500238),Microsoft Active Directory,SEC-DiskEncryption (avo.local/Demo/Groups/SEC-DiskEncryption),,08/23/2025 13:49:00
Ursula Ipenburg (500238),Microsoft Active Directory,SEC-Endpoint-Protection (avo.local/Demo/Groups/SEC-Endpoint-Protection),,04/11/2025 07:46:00
Ursula Ipenburg (500238),Microsoft Active Directory,APP-Intranet (avo.local/Demo/Groups/APP-Intranet),,06/10/2026 19:29:00
Ursula Ipenburg (500238),Microsoft Active Directory,APP-Office365 (avo.local/Demo/Groups/APP-Office365),,03/30/2026 12:55:00
Ursula Ipenburg (500238),Microsoft Active Directory,APP-CA010-Portal (avo.local/Demo/Groups/APP-CA010-Portal),,06/11/2026 19:22:00
Ursula Ipenburg (500238),Microsoft Active Directory,FS-CA010-RO (avo.local/Demo/Groups/FS-CA010-RO),,10/07/2025 10:54:00
Ursula Ipenburg (500238),Microsoft Active Directory,FS-CA010-RW (avo.local/Demo/Groups/FS-CA010-RW),,12/08/2025 11:22:00
Ursula Ipenburg (500238),Microsoft Active Directory,TEAM-CA010 (avo.local/Demo/Groups/TEAM-CA010),,11/10/2025 08:55:00
Ursula Ipenburg (500238),Microsoft Active Directory,APP-Selfservice (avo.local/Demo/Groups/APP-Selfservice),,07/23/2025 20:10:00
Ursula Ipenburg (500238),Microsoft Active Directory,ROLE-Verzorgende (avo.local/Demo/Groups/ROLE-Verzorgende),,05/26/2026 00:50:00
Ursula Ipenburg (500238),Microsoft Active Directory,APP-Copilot (avo.local/Demo/Groups/APP-Copilot),,09/25/2025 04:52:00
Xander Ipenburg (500239),Microsoft Active Directory,SEC-DiskEncryption (avo.local/Demo/Groups/SEC-DiskEncryption),,01/10/2026 08:35:00
Xander Ipenburg (500239),Microsoft Active Directory,SEC-Endpoint-Protection (avo.local/Demo/Groups/SEC-Endpoint-Protection),,01/14/2026 12:49:00
Xander Ipenburg (500239),Microsoft Active Directory,APP-Intranet (avo.local/Demo/Groups/APP-Intranet),,07/18/2026 20:00:00
Xander Ipenburg (500239),Microsoft Active Directory,APP-Office365 (avo.local/Demo/Groups/APP-Office365),,10/06/2025 12:24:00
Zoë Kalisvaart (500240),Microsoft Active Directory,SEC-DiskEncryption (avo.local/Demo/Groups/SEC-DiskEncryption),,04/28/2026 22:19:00
Zoë Kalisvaart (500240),Microsoft Active Directory,SEC-Endpoint-Protection (avo.local/Demo/Groups/SEC-Endpoint-Protection),,06/06/2025 22:15:00
Zoë Kalisvaart (500240),Microsoft Active Directory,APP-Intranet (avo.local/Demo/Groups/APP-Intranet),,05/11/2025 18:56:00
Zoë Kalisvaart (500240),Microsoft Active Directory,APP-Office365 (avo.local/Demo/Groups/APP-Office365),,10/12/2025 00:54:00
Zoë Kalisvaart (500240),Microsoft Active Directory,APP-CB12-Portal (avo.local/Demo/Groups/APP-CB12-Portal),,04/01/2026 14:45:00
Zoë Kalisvaart (500240),Microsoft Active Directory,TEAM-CB12 (avo.local/Demo/Groups/TEAM-CB12),,03/07/2026 18:58:00
Zoë Kalisvaart (500240),Microsoft Active Directory,APP-Selfservice (avo.local/Demo/Groups/APP-Selfservice),,01/19/2026 12:04:00
Pien Gerritsen (500241),Microsoft Active Directory,SEC-Antivirus (avo.local/Demo/Groups/SEC-Antivirus),,06/22/2026 05:33:00
Pien Gerritsen (500241),Microsoft Active Directory,SEC-DiskEncryption (avo.local/Demo/Groups/SEC-DiskEncryption),,04/07/2025 17:39:00
Pien Gerritsen (500241),Microsoft Active Directory,SEC-MFA-Enrolled (avo.local/Demo/Groups/SEC-MFA-Enrolled),,07/11/2026 19:45:00
Pien Gerritsen (500241),Microsoft Active Directory,SEC-Endpoint-Protection (avo.local/Demo/Groups/SEC-Endpoint-Protection),,10/01/2025 04:52:00
Pien Gerritsen (500241),Microsoft Active Directory,APP-Office365 (avo.local/Demo/Groups/APP-Office365),,05/26/2026 03:48:00
Pien Gerritsen (500241),Microsoft Active Directory,APP-CA010-Portal (avo.local/Demo/Groups/APP-CA010-Portal),,03/24/2025 04:21:00
Pien Gerritsen (500241),Microsoft Active Directory,FS-CA010-RW (avo.local/Demo/Groups/FS-CA010-RW),,07/29/2026 15:21:00
Pien Gerritsen (500241),Microsoft Active Directory,MBX-CA010 (avo.local/Demo/Groups/MBX-CA010),,06/08/2026 15:56:00
Pien Gerritsen (500241),Microsoft Active Directory,APP-Selfservice (avo.local/Demo/Groups/APP-Selfservice),,02/14/2026 10:56:00
Kim Fokkema (500242),Microsoft Active Directory,SEC-DiskEncryption (avo.local/Demo/Groups/SEC-DiskEncryption),,12/10/2025 18:03:00
Kim Fokkema (500242),Microsoft Active Directory,SEC-Endpoint-Protection (avo.local/Demo/Groups/SEC-Endpoint-Protection),,02/09/2026 02:54:00
Kim Fokkema (500242),Microsoft Active Directory,APP-Intranet (avo.local/Demo/Groups/APP-Intranet),,09/15/2025 00:04:00
Kim Fokkema (500242),Microsoft Active Directory,APP-Office365 (avo.local/Demo/Groups/APP-Office365),,03/24/2026 22:08:00
Kim Fokkema (500242),Microsoft Active Directory,ROLE-Begeleider (avo.local/Demo/Groups/ROLE-Begeleider),,05/20/2026 23:34:00
Kim Fokkema (500242),Microsoft Active Directory,APP-Visio (avo.local/Demo/Groups/APP-Visio),,02/06/2026 07:46:00
Yara Berkhout (500243),Microsoft Active Directory,SEC-Antivirus (avo.local/Demo/Groups/SEC-Antivirus),,04/16/2026 21:16:00
Yara Berkhout (500243),Microsoft Active Directory,SEC-DiskEncryption (avo.local/Demo/Groups/SEC-DiskEncryption),,06/25/2025 03:34:00
Yara Berkhout (500243),Microsoft Active Directory,SEC-MFA-Enrolled (avo.local/Demo/Groups/SEC-MFA-Enrolled),,06/08/2025 07:21:00
Yara Berkhout (500243),Microsoft Active Directory,APP-Office365 (avo.local/Demo/Groups/APP-Office365),,11/02/2025 11:23:00
Yara Berkhout (500243),Microsoft Active Directory,APP-Visio (avo.local/Demo/Groups/APP-Visio),,06/01/2025 11:58:00
Quinten Uijlenbroek (500244),Microsoft Active Directory,SEC-Antivirus (avo.local/Demo/Groups/SEC-Antivirus),,11/20/2025 10:50:00
Quinten Uijlenbroek (500244),Microsoft Active Directory,SEC-MFA-Enrolled (avo.local/Demo/Groups/SEC-MFA-Enrolled),,03/13/2026 10:41:00
Quinten Uijlenbroek (500244),Microsoft Active Directory,SEC-Endpoint-Protection (avo.local/Demo/Groups/SEC-Endpoint-Protection),,05/15/2026 19:57:00
Quinten Uijlenbroek (500244),Microsoft Active Directory,APP-Office365 (avo.local/Demo/Groups/APP-Office365),,07/17/2025 21:17:00
Quinten Uijlenbroek (500244),Microsoft Active Directory,APP-ICT03-Portal (avo.local/Demo/Groups/APP-ICT03-Portal),,07/28/2026 19:05:00
Quinten Uijlenbroek (500244),Microsoft Active Directory,FS-ICT03-RW (avo.local/Demo/Groups/FS-ICT03-RW),,10/11/2025 12:07:00
Quinten Uijlenbroek (500244),Microsoft Active Directory,TEAM-ICT03 (avo.local/Demo/Groups/TEAM-ICT03),,01/07/2026 23:54:00
Quinten Uijlenbroek (500244),Microsoft Active Directory,MBX-ICT03 (avo.local/Demo/Groups/MBX-ICT03),,06/05/2025 14:42:00
Quinten Uijlenbroek (500244),Microsoft Active Directory,APP-Selfservice (avo.local/Demo/Groups/APP-Selfservice),,07/27/2026 16:53:00
Quinten Coenen (500245),Microsoft Active Directory,SEC-DiskEncryption (avo.local/Demo/Groups/SEC-DiskEncryption),,05/28/2026 06:15:00
Quinten Coenen (500245),Microsoft Active Directory,SEC-MFA-Enrolled (avo.local/Demo/Groups/SEC-MFA-Enrolled),,05/19/2025 17:01:00
Quinten Coenen (500245),Microsoft Active Directory,SEC-Endpoint-Protection (avo.local/Demo/Groups/SEC-Endpoint-Protection),,05/07/2025 21:24:00
Quinten Coenen (500245),Microsoft Active Directory,APP-Intranet (avo.local/Demo/Groups/APP-Intranet),,04/24/2025 23:10:00
Quinten Coenen (500245),Microsoft Active Directory,APP-Office365 (avo.local/Demo/Groups/APP-Office365),,06/28/2025 04:46:00
Cato Berkhout (500246),Microsoft Active Directory,SEC-MFA-Enrolled (avo.local/Demo/Groups/SEC-MFA-Enrolled),,07/24/2026 12:02:00
Lars Lindeboom (500247),Microsoft Active Directory,SEC-MFA-Enrolled (avo.local/Demo/Groups/SEC-MFA-Enrolled),,02/13/2026 05:05:00
Lars Lindeboom (500247),Microsoft Active Directory,SEC-Endpoint-Protection (avo.local/Demo/Groups/SEC-Endpoint-Protection),,07/08/2025 13:50:00
Lars Lindeboom (500247),Microsoft Active Directory,APP-Intranet (avo.local/Demo/Groups/APP-Intranet),,06/29/2026 12:29:00
Lars Lindeboom (500247),Microsoft Active Directory,APP-Office365 (avo.local/Demo/Groups/APP-Office365),,07/09/2025 10:40:00
Lars Lindeboom (500247),Microsoft Active Directory,APP-HRM02-Portal (avo.local/Demo/Groups/APP-HRM02-Portal),,12/19/2025 18:32:00
Lars Lindeboom (500247),Microsoft Active Directory,FS-HRM02-RO (avo.local/Demo/Groups/FS-HRM02-RO),,05/20/2026 20:39:00
Lars Lindeboom (500247),Microsoft Active Directory,MBX-HRM02 (avo.local/Demo/Groups/MBX-HRM02),,07/25/2025 10:56:00
Olivier Gerritsen (500248),Microsoft Active Directory,SEC-Antivirus (avo.local/Demo/Groups/SEC-Antivirus),,01/15/2026 14:28:00
Olivier Gerritsen (500248),Microsoft Active Directory,SEC-DiskEncryption (avo.local/Demo/Groups/SEC-DiskEncryption),,04/29/2026 09:45:00
Olivier Gerritsen (500248),Microsoft Active Directory,SEC-MFA-Enrolled (avo.local/Demo/Groups/SEC-MFA-Enrolled),,05/26/2026 19:19:00
Olivier Gerritsen (500248),Microsoft Active Directory,SEC-Endpoint-Protection (avo.local/Demo/Groups/SEC-Endpoint-Protection),,01/20/2026 21:20:00
Olivier Gerritsen (500248),Microsoft Active Directory,APP-CA010-Portal (avo.local/Demo/Groups/APP-CA010-Portal),,04/07/2026 20:04:00
Olivier Gerritsen (500248),Microsoft Active Directory,FS-CA010-RO (avo.local/Demo/Groups/FS-CA010-RO),,04/08/2026 03:16:00
Olivier Gerritsen (500248),Microsoft Active Directory,FS-CA010-RW (avo.local/Demo/Groups/FS-CA010-RW),,10/23/2025 23:29:00
Olivier Gerritsen (500248),Microsoft Active Directory,TEAM-CA010 (avo.local/Demo/Groups/TEAM-CA010),,01/23/2026 01:12:00
Olivier Gerritsen (500248),Microsoft Active Directory,MBX-CA010 (avo.local/Demo/Groups/MBX-CA010),,05/19/2026 22:17:00
Ursula Oosterhuis (500249),Microsoft Active Directory,SEC-Antivirus (avo.local/Demo/Groups/SEC-Antivirus),,01/18/2026 14:51:00
Ursula Oosterhuis (500249),Microsoft Active Directory,SEC-Endpoint-Protection (avo.local/Demo/Groups/SEC-Endpoint-Protection),,12/24/2025 20:51:00
Ursula Oosterhuis (500249),Microsoft Active Directory,APP-Intranet (avo.local/Demo/Groups/APP-Intranet),,06/10/2026 04:04:00
Ursula Oosterhuis (500249),Microsoft Active Directory,APP-CA060-Portal (avo.local/Demo/Groups/APP-CA060-Portal),,05/21/2025 12:24:00
Ursula Oosterhuis (500249),Microsoft Active Directory,FS-CA060-RO (avo.local/Demo/Groups/FS-CA060-RO),,08/17/2025 20:14:00
Ursula Oosterhuis (500249),Microsoft Active Directory,MBX-CA060 (avo.local/Demo/Groups/MBX-CA060),,07/05/2025 19:19:00
Yara Ipenburg (500250),Microsoft Active Directory,SEC-Antivirus (avo.local/Demo/Groups/SEC-Antivirus),,04/30/2026 06:57:00
Yara Ipenburg (500250),Microsoft Active Directory,SEC-DiskEncryption (avo.local/Demo/Groups/SEC-DiskEncryption),,10/24/2025 05:19:00
Yara Ipenburg (500250),Microsoft Active Directory,SEC-MFA-Enrolled (avo.local/Demo/Groups/SEC-MFA-Enrolled),,02/26/2026 01:33:00
Yara Ipenburg (500250),Microsoft Active Directory,SEC-Endpoint-Protection (avo.local/Demo/Groups/SEC-Endpoint-Protection),,07/21/2026 08:08:00
Yara Ipenburg (500250),Microsoft Active Directory,FS-HRM02-RO (avo.local/Demo/Groups/FS-HRM02-RO),,05/23/2026 23:52:00
Yara Ipenburg (500250),Microsoft Active Directory,FS-HRM02-RW (avo.local/Demo/Groups/FS-HRM02-RW),,01/03/2026 15:53:00
Yara Ipenburg (500250),Microsoft Active Directory,MBX-HRM02 (avo.local/Demo/Groups/MBX-HRM02),,06/23/2025 15:52:00
Yara Ipenburg (500250),Microsoft Active Directory,ROLE-Begeleider (avo.local/Demo/Groups/ROLE-Begeleider),,05/26/2025 02:57:00
Yara Ipenburg (500250),Microsoft Active Directory,APP-Visio (avo.local/Demo/Groups/APP-Visio),,10/28/2025 06:24:00
Finn Zomerdijk (500251),Microsoft Active Directory,SEC-DiskEncryption (avo.local/Demo/Groups/SEC-DiskEncryption),,08/12/2025 06:37:00
Finn Zomerdijk (500251),Microsoft Active Directory,SEC-MFA-Enrolled (avo.local/Demo/Groups/SEC-MFA-Enrolled),,09/30/2025 09:28:00
Finn Zomerdijk (500251),Microsoft Active Directory,APP-Office365 (avo.local/Demo/Groups/APP-Office365),,11/28/2025 01:12:00
Noa Kalisvaart (500252),Microsoft Active Directory,SEC-Antivirus (avo.local/Demo/Groups/SEC-Antivirus),,05/19/2026 07:22:00
Noa Kalisvaart (500252),Microsoft Active Directory,SEC-DiskEncryption (avo.local/Demo/Groups/SEC-DiskEncryption),,03/18/2026 07:22:00
Noa Kalisvaart (500252),Microsoft Active Directory,SEC-MFA-Enrolled (avo.local/Demo/Groups/SEC-MFA-Enrolled),,07/16/2026 17:41:00
Noa Kalisvaart (500252),Microsoft Active Directory,SEC-Endpoint-Protection (avo.local/Demo/Groups/SEC-Endpoint-Protection),,09/21/2025 04:15:00
Noa Kalisvaart (500252),Microsoft Active Directory,APP-Intranet (avo.local/Demo/Groups/APP-Intranet),,04/17/2025 07:15:00
Pien Hoekstra (500253),Microsoft Active Directory,SEC-Antivirus (avo.local/Demo/Groups/SEC-Antivirus),,07/06/2026 10:36:00
Pien Hoekstra (500253),Microsoft Active Directory,SEC-DiskEncryption (avo.local/Demo/Groups/SEC-DiskEncryption),,03/03/2026 03:28:00
Pien Hoekstra (500253),Microsoft Active Directory,APP-Intranet (avo.local/Demo/Groups/APP-Intranet),,11/09/2025 00:26:00
Pien Hoekstra (500253),Microsoft Active Directory,APP-Adobe-AcrobatPro (avo.local/Demo/Groups/APP-Adobe-AcrobatPro),,06/27/2025 19:46:00
Gijs Fokkema (500254),Microsoft Active Directory,SEC-Antivirus (avo.local/Demo/Groups/SEC-Antivirus),,09/14/2025 00:57:00
Gijs Fokkema (500254),Microsoft Active Directory,SEC-MFA-Enrolled (avo.local/Demo/Groups/SEC-MFA-Enrolled),,05/09/2025 16:55:00
Gijs Fokkema (500254),Microsoft Active Directory,APP-CB12-Portal (avo.local/Demo/Groups/APP-CB12-Portal),,11/14/2025 14:25:00
Gijs Fokkema (500254),Microsoft Active Directory,FS-CB12-RO (avo.local/Demo/Groups/FS-CB12-RO),,03/16/2026 03:20:00
Gijs Fokkema (500254),Microsoft Active Directory,FS-CB12-RW (avo.local/Demo/Groups/FS-CB12-RW),,07/21/2026 19:31:00
Gijs Fokkema (500254),Microsoft Active Directory,TEAM-CB12 (avo.local/Demo/Groups/TEAM-CB12),,11/05/2025 09:32:00
Gijs Fokkema (500254),Microsoft Active Directory,MBX-CB12 (avo.local/Demo/Groups/MBX-CB12),,09/24/2025 17:46:00
Gijs Fokkema (500255),Microsoft Active Directory,SEC-Antivirus (avo.local/Demo/Groups/SEC-Antivirus),,09/05/2025 20:15:00
Gijs Fokkema (500255),Microsoft Active Directory,SEC-DiskEncryption (avo.local/Demo/Groups/SEC-DiskEncryption),,03/28/2026 17:21:00
Gijs Fokkema (500255),Microsoft Active Directory,SEC-MFA-Enrolled (avo.local/Demo/Groups/SEC-MFA-Enrolled),,08/20/2025 04:35:00
Gijs Fokkema (500255),Microsoft Active Directory,SEC-Endpoint-Protection (avo.local/Demo/Groups/SEC-Endpoint-Protection),,07/17/2025 09:32:00
Gijs Fokkema (500255),Microsoft Active Directory,APP-Office365 (avo.local/Demo/Groups/APP-Office365),,04/15/2026 02:51:00
Gijs Fokkema (500255),Microsoft Active Directory,APP-Adobe-AcrobatPro (avo.local/Demo/Groups/APP-Adobe-AcrobatPro),,12/12/2025 06:55:00
Hanna Jonker (500256),Microsoft Active Directory,SEC-Antivirus (avo.local/Demo/Groups/SEC-Antivirus),,02/16/2026 21:40:00
Hanna Jonker (500256),Microsoft Active Directory,SEC-MFA-Enrolled (avo.local/Demo/Groups/SEC-MFA-Enrolled),,10/01/2025 12:51:00
Hanna Jonker (500256),Microsoft Active Directory,SEC-Endpoint-Protection (avo.local/Demo/Groups/SEC-Endpoint-Protection),,01/08/2026 13:13:00
Hanna Jonker (500256),Microsoft Active Directory,APP-Office365 (avo.local/Demo/Groups/APP-Office365),,07/10/2025 17:37:00
Hanna Jonker (500256),Microsoft Active Directory,APP-CB12-Portal (avo.local/Demo/Groups/APP-CB12-Portal),,02/07/2026 07:47:00
Hanna Jonker (500256),Microsoft Active Directory,FS-CB12-RW (avo.local/Demo/Groups/FS-CB12-RW),,06/11/2026 15:56:00
Hanna Jonker (500256),Microsoft Active Directory,MBX-CB12 (avo.local/Demo/Groups/MBX-CB12),,12/06/2025 18:24:00
Hanna Jonker (500256),Microsoft Active Directory,APP-Selfservice (avo.local/Demo/Groups/APP-Selfservice),,05/24/2025 21:54:00
Vera Kalisvaart (500257),Microsoft Active Directory,SEC-MFA-Enrolled (avo.local/Demo/Groups/SEC-MFA-Enrolled),,05/27/2025 05:16:00
Vera Kalisvaart (500257),Microsoft Active Directory,APP-Intranet (avo.local/Demo/Groups/APP-Intranet),,05/20/2026 11:45:00
Vera Kalisvaart (500257),Microsoft Active Directory,APP-Office365 (avo.local/Demo/Groups/APP-Office365),,09/21/2025 03:50:00
Vera Kalisvaart (500257),Microsoft Active Directory,FS-CZ08-RO (avo.local/Demo/Groups/FS-CZ08-RO),,11/14/2025 08:07:00
Vera Kalisvaart (500257),Microsoft Active Directory,TEAM-CZ08 (avo.local/Demo/Groups/TEAM-CZ08),,07/30/2026 19:25:00
Vera Kalisvaart (500257),Microsoft Active Directory,APP-Selfservice (avo.local/Demo/Groups/APP-Selfservice),,06/13/2026 03:03:00
Hanna Quaedvlieg (500258),Microsoft Active Directory,SEC-Antivirus (avo.local/Demo/Groups/SEC-Antivirus),,06/09/2025 17:42:00
Hanna Quaedvlieg (500258),Microsoft Active Directory,SEC-MFA-Enrolled (avo.local/Demo/Groups/SEC-MFA-Enrolled),,08/21/2025 01:27:00
Hanna Quaedvlieg (500258),Microsoft Active Directory,SEC-Endpoint-Protection (avo.local/Demo/Groups/SEC-Endpoint-Protection),,03/16/2026 17:09:00
Hanna Quaedvlieg (500258),Microsoft Active Directory,APP-Office365 (avo.local/Demo/Groups/APP-Office365),,05/01/2025 22:37:00
Pien Ipenburg (500259),Microsoft Active Directory,SEC-Antivirus (avo.local/Demo/Groups/SEC-Antivirus),,11/24/2025 00:13:00
Pien Ipenburg (500259),Microsoft Active Directory,SEC-DiskEncryption (avo.local/Demo/Groups/SEC-DiskEncryption),,05/18/2026 03:22:00
Pien Ipenburg (500259),Microsoft Active Directory,SEC-MFA-Enrolled (avo.local/Demo/Groups/SEC-MFA-Enrolled),,06/20/2025 22:44:00
Pien Ipenburg (500259),Microsoft Active Directory,SEC-Endpoint-Protection (avo.local/Demo/Groups/SEC-Endpoint-Protection),,09/02/2025 21:09:00
Pien Ipenburg (500259),Microsoft Active Directory,APP-CZ08-Portal (avo.local/Demo/Groups/APP-CZ08-Portal),,10/23/2025 18:13:00
Pien Ipenburg (500259),Microsoft Active Directory,FS-CZ08-RO (avo.local/Demo/Groups/FS-CZ08-RO),,01/20/2026 02:00:00
Pien Ipenburg (500259),Microsoft Active Directory,FS-CZ08-RW (avo.local/Demo/Groups/FS-CZ08-RW),,02/08/2026 20:44:00
Pien Ipenburg (500259),Microsoft Active Directory,TEAM-CZ08 (avo.local/Demo/Groups/TEAM-CZ08),,04/29/2025 18:56:00
Pien Ipenburg (500259),Microsoft Active Directory,APP-Selfservice (avo.local/Demo/Groups/APP-Selfservice),,04/24/2025 21:27:00
Pien Ipenburg (500259),Microsoft Active Directory,ROLE-Verzorgende (avo.local/Demo/Groups/ROLE-Verzorgende),,06/29/2025 02:04:00
Pien Ipenburg (500259),Microsoft Active Directory,APP-Copilot (avo.local/Demo/Groups/APP-Copilot),,05/28/2026 13:08:00
Finn Vroegindeweij (500260),Microsoft Active Directory,SEC-Antivirus (avo.local/Demo/Groups/SEC-Antivirus),,10/09/2025 22:41:00
Finn Vroegindeweij (500260),Microsoft Active Directory,SEC-DiskEncryption (avo.local/Demo/Groups/SEC-DiskEncryption),,06/01/2025 19:49:00
Finn Vroegindeweij (500260),Microsoft Active Directory,SEC-MFA-Enrolled (avo.local/Demo/Groups/SEC-MFA-Enrolled),,01/02/2026 18:18:00
Finn Vroegindeweij (500260),Microsoft Active Directory,SEC-Endpoint-Protection (avo.local/Demo/Groups/SEC-Endpoint-Protection),,08/02/2026 09:13:00
Finn Vroegindeweij (500260),Microsoft Active Directory,APP-Intranet (avo.local/Demo/Groups/APP-Intranet),,01/22/2026 04:27:00
Finn Vroegindeweij (500260),Microsoft Active Directory,APP-Office365 (avo.local/Demo/Groups/APP-Office365),,05/25/2026 08:53:00
Finn Vroegindeweij (500260),Microsoft Active Directory,APP-HRM02-Portal (avo.local/Demo/Groups/APP-HRM02-Portal),,11/08/2025 14:03:00
Finn Vroegindeweij (500260),Microsoft Active Directory,FS-HRM02-RO (avo.local/Demo/Groups/FS-HRM02-RO),,06/26/2026 10:42:00
Finn Vroegindeweij (500260),Microsoft Active Directory,FS-HRM02-RW (avo.local/Demo/Groups/FS-HRM02-RW),,06/29/2025 23:01:00
Finn Vroegindeweij (500260),Microsoft Active Directory,TEAM-HRM02 (avo.local/Demo/Groups/TEAM-HRM02),,07/10/2025 17:49:00
Finn Vroegindeweij (500260),Microsoft Active Directory,MBX-HRM02 (avo.local/Demo/Groups/MBX-HRM02),,04/13/2025 14:06:00
Finn Vroegindeweij (500260),Microsoft Active Directory,ROLE-Verpleegkundige (avo.local/Demo/Groups/ROLE-Verpleegkundige),,04/04/2025 10:51:00
Finn Vroegindeweij (500260),Microsoft Active Directory,APP-Visio (avo.local/Demo/Groups/APP-Visio),,05/03/2026 11:47:00
Finn Vroegindeweij (500260),Microsoft Active Directory,MBX-CA010 (avo.local/Demo/Groups/MBX-CA010),,09/10/2025 21:33:00
Quinten Fokkema (500261),Microsoft Active Directory,SEC-Antivirus (avo.local/Demo/Groups/SEC-Antivirus),,11/20/2025 02:59:00
Quinten Fokkema (500261),Microsoft Active Directory,SEC-DiskEncryption (avo.local/Demo/Groups/SEC-DiskEncryption),,07/11/2026 12:10:00
Quinten Fokkema (500261),Microsoft Active Directory,SEC-MFA-Enrolled (avo.local/Demo/Groups/SEC-MFA-Enrolled),,04/17/2026 19:56:00
Quinten Fokkema (500261),Microsoft Active Directory,APP-Intranet (avo.local/Demo/Groups/APP-Intranet),,05/02/2025 00:05:00
Quinten Fokkema (500261),Microsoft Active Directory,APP-Office365 (avo.local/Demo/Groups/APP-Office365),,07/17/2025 13:49:00
Ursula Pronk (500262),Microsoft Active Directory,SEC-DiskEncryption (avo.local/Demo/Groups/SEC-DiskEncryption),,06/09/2025 10:32:00
Ursula Pronk (500262),Microsoft Active Directory,SEC-MFA-Enrolled (avo.local/Demo/Groups/SEC-MFA-Enrolled),,05/15/2026 03:10:00
Ursula Pronk (500262),Microsoft Active Directory,APP-Office365 (avo.local/Demo/Groups/APP-Office365),,08/29/2025 07:34:00
Ursula Pronk (500262),Microsoft Active Directory,APP-CA010-Portal (avo.local/Demo/Groups/APP-CA010-Portal),,12/24/2025 12:12:00
Ursula Pronk (500262),Microsoft Active Directory,FS-CA010-RO (avo.local/Demo/Groups/FS-CA010-RO),,04/12/2025 18:40:00
Ursula Pronk (500262),Microsoft Active Directory,FS-CA010-RW (avo.local/Demo/Groups/FS-CA010-RW),,05/29/2025 13:56:00
Ursula Pronk (500262),Microsoft Active Directory,MBX-CA010 (avo.local/Demo/Groups/MBX-CA010),,01/23/2026 21:50:00
Vera Oosterhuis (500263),Microsoft Active Directory,SEC-Antivirus (avo.local/Demo/Groups/SEC-Antivirus),,06/26/2026 15:06:00
Vera Oosterhuis (500263),Microsoft Active Directory,SEC-DiskEncryption (avo.local/Demo/Groups/SEC-DiskEncryption),,07/17/2026 23:35:00
Vera Oosterhuis (500263),Microsoft Active Directory,SEC-MFA-Enrolled (avo.local/Demo/Groups/SEC-MFA-Enrolled),,11/24/2025 14:37:00
Vera Oosterhuis (500263),Microsoft Active Directory,SEC-Endpoint-Protection (avo.local/Demo/Groups/SEC-Endpoint-Protection),,11/15/2025 04:33:00
Vera Oosterhuis (500263),Microsoft Active Directory,APP-Intranet (avo.local/Demo/Groups/APP-Intranet),,10/02/2025 18:01:00
Vera Oosterhuis (500263),Microsoft Active Directory,APP-Office365 (avo.local/Demo/Groups/APP-Office365),,09/23/2025 18:29:00
Sem Gerritsen (500264),Microsoft Active Directory,SEC-Antivirus (avo.local/Demo/Groups/SEC-Antivirus),,12/06/2025 08:54:00
Sem Gerritsen (500264),Microsoft Active Directory,SEC-DiskEncryption (avo.local/Demo/Groups/SEC-DiskEncryption),,04/23/2026 20:28:00
Sem Gerritsen (500264),Microsoft Active Directory,SEC-MFA-Enrolled (avo.local/Demo/Groups/SEC-MFA-Enrolled),,06/07/2025 14:02:00
Sem Gerritsen (500264),Microsoft Active Directory,APP-Office365 (avo.local/Demo/Groups/APP-Office365),,12/26/2025 02:15:00
Sem Gerritsen (500264),Microsoft Active Directory,ROLE-Begeleider (avo.local/Demo/Groups/ROLE-Begeleider),,06/20/2025 06:09:00
Xander Aalbers (500265),Microsoft Active Directory,SEC-DiskEncryption (avo.local/Demo/Groups/SEC-DiskEncryption),,09/28/2025 03:45:00
Xander Aalbers (500265),Microsoft Active Directory,SEC-MFA-Enrolled (avo.local/Demo/Groups/SEC-MFA-Enrolled),,04/15/2026 21:50:00
Xander Aalbers (500265),Microsoft Active Directory,APP-Intranet (avo.local/Demo/Groups/APP-Intranet),,01/29/2026 20:47:00
Daan Zomerdijk (500266),Microsoft Active Directory,SEC-Antivirus (avo.local/Demo/Groups/SEC-Antivirus),,10/09/2025 07:50:00
Daan Zomerdijk (500266),Microsoft Active Directory,SEC-DiskEncryption (avo.local/Demo/Groups/SEC-DiskEncryption),,03/25/2026 17:21:00
Daan Zomerdijk (500266),Microsoft Active Directory,SEC-MFA-Enrolled (avo.local/Demo/Groups/SEC-MFA-Enrolled),,05/17/2025 11:04:00
Daan Zomerdijk (500266),Microsoft Active Directory,SEC-Endpoint-Protection (avo.local/Demo/Groups/SEC-Endpoint-Protection),,12/28/2025 16:37:00
Daan Zomerdijk (500266),Microsoft Active Directory,APP-Intranet (avo.local/Demo/Groups/APP-Intranet),,06/08/2026 06:22:00
Daan Zomerdijk (500266),Microsoft Active Directory,APP-Office365 (avo.local/Demo/Groups/APP-Office365),,11/20/2025 01:04:00
Daan Zomerdijk (500266),Microsoft Active Directory,APP-CB12-Portal (avo.local/Demo/Groups/APP-CB12-Portal),,07/12/2026 01:54:00
Daan Zomerdijk (500266),Microsoft Active Directory,FS-CB12-RO (avo.local/Demo/Groups/FS-CB12-RO),,10/25/2025 22:00:00
Daan Zomerdijk (500266),Microsoft Active Directory,FS-CB12-RW (avo.local/Demo/Groups/FS-CB12-RW),,11/21/2025 12:09:00
Daan Zomerdijk (500266),Microsoft Active Directory,TEAM-CB12 (avo.local/Demo/Groups/TEAM-CB12),,12/22/2025 03:46:00
Daan Zomerdijk (500266),Microsoft Active Directory,APP-Selfservice (avo.local/Demo/Groups/APP-Selfservice),,11/10/2025 00:58:00
Noa Jonker (500267),Microsoft Active Directory,SEC-Antivirus (avo.local/Demo/Groups/SEC-Antivirus),,05/24/2025 19:37:00
Noa Jonker (500267),Microsoft Active Directory,SEC-DiskEncryption (avo.local/Demo/Groups/SEC-DiskEncryption),,11/15/2025 22:47:00
Noa Jonker (500267),Microsoft Active Directory,SEC-MFA-Enrolled (avo.local/Demo/Groups/SEC-MFA-Enrolled),,09/10/2025 22:14:00
Noa Jonker (500267),Microsoft Active Directory,SEC-Endpoint-Protection (avo.local/Demo/Groups/SEC-Endpoint-Protection),,12/12/2025 01:37:00
Noa Jonker (500267),Microsoft Active Directory,APP-Intranet (avo.local/Demo/Groups/APP-Intranet),,01/13/2026 16:26:00
Noa Jonker (500267),Microsoft Active Directory,ROLE-Begeleider (avo.local/Demo/Groups/ROLE-Begeleider),,02/18/2026 01:49:00
Noa Jonker (500267),Microsoft Active Directory,APP-Adobe-AcrobatPro (avo.local/Demo/Groups/APP-Adobe-AcrobatPro),,10/14/2025 09:02:00
Noa Jonker (500267),Microsoft Active Directory,FS-Begeleider-DATA (avo.local/Demo/Groups/FS-Begeleider-DATA),,07/20/2025 20:07:00
Olivier Lindeboom (500268),Microsoft Active Directory,SEC-MFA-Enrolled (avo.local/Demo/Groups/SEC-MFA-Enrolled),,05/12/2025 11:04:00
Olivier Lindeboom (500268),Microsoft Active Directory,APP-Office365 (avo.local/Demo/Groups/APP-Office365),,02/15/2026 16:02:00
Anne Jonker (500269),Microsoft Active Directory,SEC-DiskEncryption (avo.local/Demo/Groups/SEC-DiskEncryption),,12/20/2025 04:34:00
Anne Jonker (500269),Microsoft Active Directory,SEC-MFA-Enrolled (avo.local/Demo/Groups/SEC-MFA-Enrolled),,10/15/2025 18:43:00
Anne Jonker (500269),Microsoft Active Directory,APP-Intranet (avo.local/Demo/Groups/APP-Intranet),,04/14/2025 19:26:00
Anne Jonker (500269),Microsoft Active Directory,APP-Office365 (avo.local/Demo/Groups/APP-Office365),,03/31/2026 02:05:00
Roos Hoekstra (500270),Microsoft Active Directory,SEC-Antivirus (avo.local/Demo/Groups/SEC-Antivirus),,06/27/2025 20:46:00
Roos Hoekstra (500270),Microsoft Active Directory,SEC-DiskEncryption (avo.local/Demo/Groups/SEC-DiskEncryption),,07/25/2025 05:39:00
Roos Hoekstra (500270),Microsoft Active Directory,SEC-MFA-Enrolled (avo.local/Demo/Groups/SEC-MFA-Enrolled),,06/08/2025 03:32:00
Roos Hoekstra (500270),Microsoft Active Directory,APP-Intranet (avo.local/Demo/Groups/APP-Intranet),,03/23/2025 08:03:00
Roos Hoekstra (500270),Microsoft Active Directory,APP-Office365 (avo.local/Demo/Groups/APP-Office365),,07/21/2025 09:36:00
Roos Hoekstra (500270),Microsoft Active Directory,APP-CB12-Portal (avo.local/Demo/Groups/APP-CB12-Portal),,03/15/2026 07:33:00
Roos Hoekstra (500270),Microsoft Active Directory,FS-CB12-RO (avo.local/Demo/Groups/FS-CB12-RO),,08/14/2025 08:04:00
Roos Hoekstra (500270),Microsoft Active Directory,TEAM-CB12 (avo.local/Demo/Groups/TEAM-CB12),,06/21/2025 07:33:00
Roos Hoekstra (500270),Microsoft Active Directory,MBX-CB12 (avo.local/Demo/Groups/MBX-CB12),,07/09/2025 12:23:00
Roos Hoekstra (500270),Microsoft Active Directory,APP-Selfservice (avo.local/Demo/Groups/APP-Selfservice),,06/10/2025 02:48:00
Zoë Berkhout (500271),Microsoft Active Directory,SEC-Antivirus (avo.local/Demo/Groups/SEC-Antivirus),,05/17/2026 09:01:00
Zoë Berkhout (500271),Microsoft Active Directory,SEC-DiskEncryption (avo.local/Demo/Groups/SEC-DiskEncryption),,04/07/2026 10:37:00
Zoë Berkhout (500271),Microsoft Active Directory,SEC-MFA-Enrolled (avo.local/Demo/Groups/SEC-MFA-Enrolled),,09/28/2025 09:10:00
Zoë Berkhout (500271),Microsoft Active Directory,SEC-Endpoint-Protection (avo.local/Demo/Groups/SEC-Endpoint-Protection),,12/13/2025 15:56:00
Zoë Berkhout (500271),Microsoft Active Directory,APP-Intranet (avo.local/Demo/Groups/APP-Intranet),,04/09/2025 18:22:00
Zoë Berkhout (500271),Microsoft Active Directory,APP-Office365 (avo.local/Demo/Groups/APP-Office365),,11/23/2025 08:16:00
Jasper Slootweg (500272),Microsoft Active Directory,SEC-MFA-Enrolled (avo.local/Demo/Groups/SEC-MFA-Enrolled),,10/01/2025 11:49:00
Jasper Slootweg (500272),Microsoft Active Directory,SEC-Endpoint-Protection (avo.local/Demo/Groups/SEC-Endpoint-Protection),,07/18/2026 09:24:00
Jasper Slootweg (500272),Microsoft Active Directory,APP-Intranet (avo.local/Demo/Groups/APP-Intranet),,10/31/2025 00:22:00
Pien Zomerdijk (500273),Microsoft Active Directory,SEC-Antivirus (avo.local/Demo/Groups/SEC-Antivirus),,07/24/2025 18:18:00
Pien Zomerdijk (500273),Microsoft Active Directory,SEC-DiskEncryption (avo.local/Demo/Groups/SEC-DiskEncryption),,10/20/2025 06:29:00
Pien Zomerdijk (500273),Microsoft Active Directory,SEC-MFA-Enrolled (avo.local/Demo/Groups/SEC-MFA-Enrolled),,06/02/2026 02:47:00
Pien Zomerdijk (500273),Microsoft Active Directory,SEC-Endpoint-Protection (avo.local/Demo/Groups/SEC-Endpoint-Protection),,10/12/2025 03:36:00
Pien Zomerdijk (500273),Microsoft Active Directory,APP-Intranet (avo.local/Demo/Groups/APP-Intranet),,04/17/2025 00:21:00
Pien Zomerdijk (500273),Microsoft Active Directory,APP-Office365 (avo.local/Demo/Groups/APP-Office365),,05/28/2025 11:21:00
Pien Zomerdijk (500273),Microsoft Active Directory,APP-CA010-Portal (avo.local/Demo/Groups/APP-CA010-Portal),,11/01/2025 11:47:00
Pien Zomerdijk (500273),Microsoft Active Directory,FS-CA010-RO (avo.local/Demo/Groups/FS-CA010-RO),,11/03/2025 14:49:00
Pien Zomerdijk (500273),Microsoft Active Directory,FS-CA010-RW (avo.local/Demo/Groups/FS-CA010-RW),,04/28/2026 07:19:00
Pien Zomerdijk (500273),Microsoft Active Directory,TEAM-CA010 (avo.local/Demo/Groups/TEAM-CA010),,04/02/2025 22:07:00
Pien Zomerdijk (500273),Microsoft Active Directory,APP-Selfservice (avo.local/Demo/Groups/APP-Selfservice),,06/05/2026 15:57:00
Pien Zomerdijk (500273),Microsoft Active Directory,ROLE-Verzorgende (avo.local/Demo/Groups/ROLE-Verzorgende),,12/05/2025 22:53:00
Pien Zomerdijk (500273),Microsoft Active Directory,APP-Copilot (avo.local/Demo/Groups/APP-Copilot),,10/27/2025 04:14:00
Lars Hoekstra (500274),Microsoft Active Directory,SEC-Antivirus (avo.local/Demo/Groups/SEC-Antivirus),,12/10/2025 21:44:00
Lars Hoekstra (500274),Microsoft Active Directory,SEC-MFA-Enrolled (avo.local/Demo/Groups/SEC-MFA-Enrolled),,06/19/2025 04:09:00
Lars Hoekstra (500274),Microsoft Active Directory,SEC-Endpoint-Protection (avo.local/Demo/Groups/SEC-Endpoint-Protection),,03/09/2026 23:37:00
Lars Hoekstra (500274),Microsoft Active Directory,APP-Office365 (avo.local/Demo/Groups/APP-Office365),,12/22/2025 03:25:00
Lars Hoekstra (500274),Microsoft Active Directory,APP-CA060-Portal (avo.local/Demo/Groups/APP-CA060-Portal),,05/10/2025 01:26:00
Lars Hoekstra (500274),Microsoft Active Directory,FS-CA060-RO (avo.local/Demo/Groups/FS-CA060-RO),,11/07/2025 20:29:00
Lars Hoekstra (500274),Microsoft Active Directory,TEAM-CA060 (avo.local/Demo/Groups/TEAM-CA060),,03/09/2026 07:35:00
Lars Hoekstra (500274),Microsoft Active Directory,MBX-CA060 (avo.local/Demo/Groups/MBX-CA060),,02/23/2026 04:10:00
Lars Hoekstra (500274),Microsoft Active Directory,ROLE-Begeleider (avo.local/Demo/Groups/ROLE-Begeleider),,06/12/2026 21:44:00
Lars Hoekstra (500274),Microsoft Active Directory,APP-Adobe-AcrobatPro (avo.local/Demo/Groups/APP-Adobe-AcrobatPro),,10/04/2025 01:13:00
Lars Hoekstra (500274),Microsoft Active Directory,FS-Begeleider-DATA (avo.local/Demo/Groups/FS-Begeleider-DATA),,06/27/2025 00:13:00
Anne Pronk (500275),Microsoft Active Directory,SEC-Antivirus (avo.local/Demo/Groups/SEC-Antivirus),,02/06/2026 03:55:00
Anne Pronk (500275),Microsoft Active Directory,SEC-Endpoint-Protection (avo.local/Demo/Groups/SEC-Endpoint-Protection),,06/28/2026 18:10:00
Anne Pronk (500275),Microsoft Active Directory,APP-Intranet (avo.local/Demo/Groups/APP-Intranet),,02/20/2026 12:10:00
Anne Pronk (500275),Microsoft Active Directory,APP-Office365 (avo.local/Demo/Groups/APP-Office365),,10/24/2025 00:45:00
Lars Pronk (500276),Microsoft Active Directory,SEC-Antivirus (avo.local/Demo/Groups/SEC-Antivirus),,02/26/2026 04:59:00
Lars Pronk (500276),Microsoft Active Directory,SEC-DiskEncryption (avo.local/Demo/Groups/SEC-DiskEncryption),,09/23/2025 03:53:00
Lars Pronk (500276),Microsoft Active Directory,SEC-MFA-Enrolled (avo.local/Demo/Groups/SEC-MFA-Enrolled),,07/03/2025 12:52:00
Lars Pronk (500276),Microsoft Active Directory,SEC-Endpoint-Protection (avo.local/Demo/Groups/SEC-Endpoint-Protection),,11/08/2025 00:03:00
Lars Muijs (500277),Microsoft Active Directory,SEC-DiskEncryption (avo.local/Demo/Groups/SEC-DiskEncryption),,07/31/2026 15:55:00
Lars Muijs (500277),Microsoft Active Directory,SEC-MFA-Enrolled (avo.local/Demo/Groups/SEC-MFA-Enrolled),,12/31/2025 09:21:00
Lars Muijs (500277),Microsoft Active Directory,APP-Intranet (avo.local/Demo/Groups/APP-Intranet),,06/29/2025 12:09:00
Lars Muijs (500277),Microsoft Active Directory,APP-Office365 (avo.local/Demo/Groups/APP-Office365),,02/14/2026 15:45:00
Lars Muijs (500277),Microsoft Active Directory,APP-HRM02-Portal (avo.local/Demo/Groups/APP-HRM02-Portal),,08/04/2025 16:32:00
Lars Muijs (500277),Microsoft Active Directory,FS-HRM02-RW (avo.local/Demo/Groups/FS-HRM02-RW),,08/29/2025 19:00:00
Lars Muijs (500277),Microsoft Active Directory,TEAM-HRM02 (avo.local/Demo/Groups/TEAM-HRM02),,06/22/2025 03:29:00
Lars Muijs (500277),Microsoft Active Directory,APP-Adobe-AcrobatPro (avo.local/Demo/Groups/APP-Adobe-AcrobatPro),,05/14/2026 12:28:00
Noa Lindeboom (500278),Microsoft Active Directory,SEC-DiskEncryption (avo.local/Demo/Groups/SEC-DiskEncryption),,11/01/2025 11:09:00
Noa Lindeboom (500278),Microsoft Active Directory,SEC-MFA-Enrolled (avo.local/Demo/Groups/SEC-MFA-Enrolled),,03/01/2026 04:48:00
Noa Lindeboom (500278),Microsoft Active Directory,SEC-Endpoint-Protection (avo.local/Demo/Groups/SEC-Endpoint-Protection),,09/08/2025 09:57:00
Noa Lindeboom (500278),Microsoft Active Directory,APP-Intranet (avo.local/Demo/Groups/APP-Intranet),,09/02/2025 17:17:00
Noa Lindeboom (500278),Microsoft Active Directory,APP-Office365 (avo.local/Demo/Groups/APP-Office365),,08/21/2025 02:22:00
Noa Lindeboom (500278),Microsoft Active Directory,APP-HRM02-Portal (avo.local/Demo/Groups/APP-HRM02-Portal),,12/22/2025 00:25:00
Noa Lindeboom (500278),Microsoft Active Directory,FS-HRM02-RO (avo.local/Demo/Groups/FS-HRM02-RO),,02/20/2026 20:55:00
Hanna Hoekstra (500279),Microsoft Active Directory,SEC-Antivirus (avo.local/Demo/Groups/SEC-Antivirus),,10/31/2025 12:43:00
Hanna Hoekstra (500279),Microsoft Active Directory,SEC-DiskEncryption (avo.local/Demo/Groups/SEC-DiskEncryption),,09/10/2025 22:26:00
Hanna Hoekstra (500279),Microsoft Active Directory,SEC-MFA-Enrolled (avo.local/Demo/Groups/SEC-MFA-Enrolled),,05/09/2026 11:55:00
Hanna Hoekstra (500279),Microsoft Active Directory,SEC-Endpoint-Protection (avo.local/Demo/Groups/SEC-Endpoint-Protection),,02/14/2026 10:50:00
Hanna Hoekstra (500279),Microsoft Active Directory,APP-Intranet (avo.local/Demo/Groups/APP-Intranet),,03/09/2026 11:58:00
Hanna Hoekstra (500279),Microsoft Active Directory,APP-Office365 (avo.local/Demo/Groups/APP-Office365),,03/03/2026 18:17:00
Hanna Hoekstra (500279),Microsoft Active Directory,APP-CA010-Portal (avo.local/Demo/Groups/APP-CA010-Portal),,05/21/2026 03:35:00
Hanna Hoekstra (500279),Microsoft Active Directory,APP-Selfservice (avo.local/Demo/Groups/APP-Selfservice),,07/22/2026 05:46:00
Pien Jonker (500280),Microsoft Active Directory,SEC-Antivirus (avo.local/Demo/Groups/SEC-Antivirus),,05/05/2025 15:40:00
Pien Jonker (500280),Microsoft Active Directory,SEC-DiskEncryption (avo.local/Demo/Groups/SEC-DiskEncryption),,09/18/2025 08:25:00
Pien Jonker (500280),Microsoft Active Directory,SEC-MFA-Enrolled (avo.local/Demo/Groups/SEC-MFA-Enrolled),,05/23/2026 16:18:00
Pien Jonker (500280),Microsoft Active Directory,SEC-Endpoint-Protection (avo.local/Demo/Groups/SEC-Endpoint-Protection),,07/09/2025 20:12:00
Pien Jonker (500280),Microsoft Active Directory,APP-Office365 (avo.local/Demo/Groups/APP-Office365),,10/21/2025 00:56:00
Pien Jonker (500280),Microsoft Active Directory,APP-Adobe-AcrobatPro (avo.local/Demo/Groups/APP-Adobe-AcrobatPro),,11/22/2025 09:00:00
Eva Muijs (500281),Microsoft Active Directory,SEC-Antivirus (avo.local/Demo/Groups/SEC-Antivirus),,07/08/2026 17:40:00
Eva Muijs (500281),Microsoft Active Directory,SEC-DiskEncryption (avo.local/Demo/Groups/SEC-DiskEncryption),,07/18/2025 04:57:00
Eva Muijs (500281),Microsoft Active Directory,SEC-MFA-Enrolled (avo.local/Demo/Groups/SEC-MFA-Enrolled),,12/01/2025 12:52:00
Eva Muijs (500281),Microsoft Active Directory,SEC-Endpoint-Protection (avo.local/Demo/Groups/SEC-Endpoint-Protection),,10/01/2025 13:00:00
Eva Muijs (500281),Microsoft Active Directory,APP-Intranet (avo.local/Demo/Groups/APP-Intranet),,05/06/2026 02:36:00
Eva Muijs (500281),Microsoft Active Directory,FS-ICT03-RW (avo.local/Demo/Groups/FS-ICT03-RW),,03/02/2026 00:12:00
Eva Muijs (500281),Microsoft Active Directory,MBX-ICT03 (avo.local/Demo/Groups/MBX-ICT03),,02/06/2026 04:57:00
Sem Aalbers (500282),Microsoft Active Directory,SEC-MFA-Enrolled (avo.local/Demo/Groups/SEC-MFA-Enrolled),,08/09/2025 04:46:00
Sem Aalbers (500282),Microsoft Active Directory,SEC-Endpoint-Protection (avo.local/Demo/Groups/SEC-Endpoint-Protection),,05/28/2026 02:48:00
Sem Aalbers (500282),Microsoft Active Directory,APP-Intranet (avo.local/Demo/Groups/APP-Intranet),,07/17/2025 21:52:00
Sem Aalbers (500282),Microsoft Active Directory,APP-Office365 (avo.local/Demo/Groups/APP-Office365),,05/16/2026 10:17:00
Finn Dijkgraaf (500283),Microsoft Active Directory,SEC-Antivirus (avo.local/Demo/Groups/SEC-Antivirus),,07/08/2025 11:58:00
Finn Dijkgraaf (500283),Microsoft Active Directory,SEC-DiskEncryption (avo.local/Demo/Groups/SEC-DiskEncryption),,04/15/2026 07:28:00
Finn Dijkgraaf (500283),Microsoft Active Directory,SEC-Endpoint-Protection (avo.local/Demo/Groups/SEC-Endpoint-Protection),,10/24/2025 18:41:00
Finn Dijkgraaf (500283),Microsoft Active Directory,APP-Intranet (avo.local/Demo/Groups/APP-Intranet),,02/14/2026 19:39:00
Finn Dijkgraaf (500283),Microsoft Active Directory,APP-Office365 (avo.local/Demo/Groups/APP-Office365),,06/30/2026 07:03:00
Finn Dijkgraaf (500283),Microsoft Active Directory,APP-CA010-Portal (avo.local/Demo/Groups/APP-CA010-Portal),,12/17/2025 22:55:00
Finn Dijkgraaf (500283),Microsoft Active Directory,FS-CA010-RO (avo.local/Demo/Groups/FS-CA010-RO),,05/10/2026 03:52:00
Finn Dijkgraaf (500283),Microsoft Active Directory,TEAM-CA010 (avo.local/Demo/Groups/TEAM-CA010),,11/12/2025 14:40:00
Finn Dijkgraaf (500283),Microsoft Active Directory,MBX-CA010 (avo.local/Demo/Groups/MBX-CA010),,01/31/2026 22:25:00
Finn Dijkgraaf (500283),Microsoft Active Directory,APP-Selfservice (avo.local/Demo/Groups/APP-Selfservice),,07/09/2025 10:26:00
Mila Lindeboom (500284),Microsoft Active Directory,SEC-Antivirus (avo.local/Demo/Groups/SEC-Antivirus),,01/15/2026 22:50:00
Mila Lindeboom (500284),Microsoft Active Directory,SEC-DiskEncryption (avo.local/Demo/Groups/SEC-DiskEncryption),,11/15/2025 18:40:00
Mila Lindeboom (500284),Microsoft Active Directory,SEC-MFA-Enrolled (avo.local/Demo/Groups/SEC-MFA-Enrolled),,04/14/2025 18:50:00
Mila Lindeboom (500284),Microsoft Active Directory,APP-Intranet (avo.local/Demo/Groups/APP-Intranet),,12/07/2025 08:28:00
Mila Lindeboom (500284),Microsoft Active Directory,APP-Office365 (avo.local/Demo/Groups/APP-Office365),,06/21/2025 06:29:00
Tess Wielenga (500285),Microsoft Active Directory,SEC-MFA-Enrolled (avo.local/Demo/Groups/SEC-MFA-Enrolled),,03/16/2026 22:43:00
Tess Wielenga (500285),Microsoft Active Directory,SEC-Endpoint-Protection (avo.local/Demo/Groups/SEC-Endpoint-Protection),,03/23/2026 15:44:00
Tess Wielenga (500285),Microsoft Active Directory,APP-Office365 (avo.local/Demo/Groups/APP-Office365),,09/30/2025 10:53:00
Tess Wielenga (500285),Microsoft Active Directory,ROLE-Begeleider (avo.local/Demo/Groups/ROLE-Begeleider),,04/23/2026 06:06:00
Wout Lindeboom (500286),Microsoft Active Directory,SEC-Antivirus (avo.local/Demo/Groups/SEC-Antivirus),,08/27/2025 16:27:00
Wout Lindeboom (500286),Microsoft Active Directory,SEC-Endpoint-Protection (avo.local/Demo/Groups/SEC-Endpoint-Protection),,04/13/2025 13:01:00
Wout Lindeboom (500286),Microsoft Active Directory,APP-Intranet (avo.local/Demo/Groups/APP-Intranet),,05/26/2025 20:46:00
Wout Lindeboom (500286),Microsoft Active Directory,APP-HRM02-Portal (avo.local/Demo/Groups/APP-HRM02-Portal),,10/11/2025 19:56:00
Wout Lindeboom (500286),Microsoft Active Directory,FS-HRM02-RW (avo.local/Demo/Groups/FS-HRM02-RW),,08/09/2025 20:00:00
Wout Lindeboom (500286),Microsoft Active Directory,TEAM-HRM02 (avo.local/Demo/Groups/TEAM-HRM02),,06/25/2025 14:45:00
Wout Lindeboom (500286),Microsoft Active Directory,MBX-HRM02 (avo.local/Demo/Groups/MBX-HRM02),,09/07/2025 16:20:00
Wout Lindeboom (500286),Microsoft Active Directory,ROLE-Verpleegkundige (avo.local/Demo/Groups/ROLE-Verpleegkundige),,08/23/2025 19:40:00
Jasper Lindeboom (500287),Microsoft Active Directory,SEC-DiskEncryption (avo.local/Demo/Groups/SEC-DiskEncryption),,10/05/2025 11:54:00
Jasper Lindeboom (500287),Microsoft Active Directory,SEC-MFA-Enrolled (avo.local/Demo/Groups/SEC-MFA-Enrolled),,06/25/2026 07:00:00
Jasper Lindeboom (500287),Microsoft Active Directory,APP-Intranet (avo.local/Demo/Groups/APP-Intranet),,12/25/2025 16:24:00
Jasper Lindeboom (500287),Microsoft Active Directory,APP-Office365 (avo.local/Demo/Groups/APP-Office365),,04/04/2026 06:19:00
Jasper Lindeboom (500287),Microsoft Active Directory,ROLE-Begeleider (avo.local/Demo/Groups/ROLE-Begeleider),,06/26/2026 06:11:00
Jasper Lindeboom (500287),Microsoft Active Directory,APP-Visio (avo.local/Demo/Groups/APP-Visio),,05/21/2026 18:30:00
Hanna Muijs (500288),Microsoft Active Directory,SEC-Antivirus (avo.local/Demo/Groups/SEC-Antivirus),,06/03/2025 10:17:00
Hanna Muijs (500288),Microsoft Active Directory,SEC-DiskEncryption (avo.local/Demo/Groups/SEC-DiskEncryption),,10/19/2025 20:40:00
Hanna Muijs (500288),Microsoft Active Directory,SEC-Endpoint-Protection (avo.local/Demo/Groups/SEC-Endpoint-Protection),,02/19/2026 19:44:00
Hanna Muijs (500288),Microsoft Active Directory,APP-Intranet (avo.local/Demo/Groups/APP-Intranet),,04/14/2026 09:33:00
Pien Fokkema (500289),Microsoft Active Directory,SEC-Antivirus (avo.local/Demo/Groups/SEC-Antivirus),,06/28/2026 23:41:00
Pien Fokkema (500289),Microsoft Active Directory,APP-Intranet (avo.local/Demo/Groups/APP-Intranet),,04/16/2025 10:01:00
Pien Fokkema (500289),Microsoft Active Directory,APP-Office365 (avo.local/Demo/Groups/APP-Office365),,04/06/2026 23:30:00
Yara Berkhout (500290),Microsoft Active Directory,SEC-Antivirus (avo.local/Demo/Groups/SEC-Antivirus),,03/25/2026 18:45:00
Yara Berkhout (500290),Microsoft Active Directory,APP-Office365 (avo.local/Demo/Groups/APP-Office365),,09/07/2025 08:59:00
Yara Berkhout (500290),Microsoft Active Directory,APP-HRM02-Portal (avo.local/Demo/Groups/APP-HRM02-Portal),,09/27/2025 21:20:00
Yara Berkhout (500290),Microsoft Active Directory,FS-HRM02-RW (avo.local/Demo/Groups/FS-HRM02-RW),,06/08/2026 03:04:00
Yara Berkhout (500290),Microsoft Active Directory,TEAM-HRM02 (avo.local/Demo/Groups/TEAM-HRM02),,05/18/2026 17:28:00
Yara Berkhout (500290),Microsoft Active Directory,MBX-HRM02 (avo.local/Demo/Groups/MBX-HRM02),,06/09/2026 06:34:00
Yara Berkhout (500290),Microsoft Active Directory,ROLE-Begeleider (avo.local/Demo/Groups/ROLE-Begeleider),,01/27/2026 13:10:00
Xander Hoekstra (500291),Microsoft Active Directory,SEC-Antivirus (avo.local/Demo/Groups/SEC-Antivirus),,07/31/2025 02:50:00
Xander Hoekstra (500291),Microsoft Active Directory,SEC-DiskEncryption (avo.local/Demo/Groups/SEC-DiskEncryption),,05/08/2025 15:12:00
Xander Hoekstra (500291),Microsoft Active Directory,APP-Office365 (avo.local/Demo/Groups/APP-Office365),,04/11/2025 10:24:00
Xander Hoekstra (500291),Microsoft Active Directory,ROLE-Verzorgende (avo.local/Demo/Groups/ROLE-Verzorgende),,08/01/2026 06:51:00
Xander Hoekstra (500291),Microsoft Active Directory,APP-Copilot (avo.local/Demo/Groups/APP-Copilot),,08/11/2025 22:16:00
Gijs Dijkgraaf (500292),Microsoft Active Directory,SEC-Antivirus (avo.local/Demo/Groups/SEC-Antivirus),,07/26/2025 07:11:00
Gijs Dijkgraaf (500292),Microsoft Active Directory,SEC-DiskEncryption (avo.local/Demo/Groups/SEC-DiskEncryption),,06/16/2026 19:20:00
Gijs Dijkgraaf (500292),Microsoft Active Directory,SEC-MFA-Enrolled (avo.local/Demo/Groups/SEC-MFA-Enrolled),,02/12/2026 02:27:00
Gijs Dijkgraaf (500292),Microsoft Active Directory,APP-Intranet (avo.local/Demo/Groups/APP-Intranet),,04/04/2026 19:49:00
Gijs Dijkgraaf (500292),Microsoft Active Directory,APP-Office365 (avo.local/Demo/Groups/APP-Office365),,12/02/2025 18:26:00
Ursula Kalisvaart (500293),Microsoft Active Directory,SEC-MFA-Enrolled (avo.local/Demo/Groups/SEC-MFA-Enrolled),,06/27/2025 14:01:00
Ursula Kalisvaart (500293),Microsoft Active Directory,SEC-Endpoint-Protection (avo.local/Demo/Groups/SEC-Endpoint-Protection),,08/27/2025 00:30:00
Ursula Kalisvaart (500293),Microsoft Active Directory,APP-Intranet (avo.local/Demo/Groups/APP-Intranet),,05/09/2026 09:15:00
Ursula Kalisvaart (500293),Microsoft Active Directory,FS-CB12-RO (avo.local/Demo/Groups/FS-CB12-RO),,02/05/2026 07:19:00
Ursula Kalisvaart (500293),Microsoft Active Directory,FS-CB12-RW (avo.local/Demo/Groups/FS-CB12-RW),,07/08/2026 04:40:00
Ursula Kalisvaart (500293),Microsoft Active Directory,TEAM-CB12 (avo.local/Demo/Groups/TEAM-CB12),,12/19/2025 18:28:00
Zoë Elzinga (500294),Microsoft Active Directory,SEC-Antivirus (avo.local/Demo/Groups/SEC-Antivirus),,06/08/2025 05:40:00
Zoë Elzinga (500294),Microsoft Active Directory,SEC-MFA-Enrolled (avo.local/Demo/Groups/SEC-MFA-Enrolled),,09/27/2025 06:37:00
Zoë Elzinga (500294),Microsoft Active Directory,SEC-Endpoint-Protection (avo.local/Demo/Groups/SEC-Endpoint-Protection),,06/01/2026 20:56:00
Zoë Elzinga (500294),Microsoft Active Directory,APP-Intranet (avo.local/Demo/Groups/APP-Intranet),,04/26/2026 10:58:00
Zoë Elzinga (500294),Microsoft Active Directory,APP-Office365 (avo.local/Demo/Groups/APP-Office365),,05/18/2026 16:33:00
Zoë Elzinga (500294),Microsoft Active Directory,APP-HRM02-Portal (avo.local/Demo/Groups/APP-HRM02-Portal),,03/24/2025 07:51:00
Zoë Elzinga (500294),Microsoft Active Directory,FS-HRM02-RO (avo.local/Demo/Groups/FS-HRM02-RO),,06/22/2025 09:51:00
Zoë Elzinga (500294),Microsoft Active Directory,FS-HRM02-RW (avo.local/Demo/Groups/FS-HRM02-RW),,06/02/2025 16:26:00
Zoë Elzinga (500294),Microsoft Active Directory,TEAM-HRM02 (avo.local/Demo/Groups/TEAM-HRM02),,04/01/2026 05:25:00
Zoë Elzinga (500294),Microsoft Active Directory,MBX-HRM02 (avo.local/Demo/Groups/MBX-HRM02),,12/21/2025 14:00:00
Zoë Elzinga (500294),Microsoft Active Directory,APP-Visio (avo.local/Demo/Groups/APP-Visio),,06/19/2026 22:31:00
Lars Uijlenbroek (500295),Microsoft Active Directory,SEC-Antivirus (avo.local/Demo/Groups/SEC-Antivirus),,04/29/2025 14:58:00
Lars Uijlenbroek (500295),Microsoft Active Directory,SEC-DiskEncryption (avo.local/Demo/Groups/SEC-DiskEncryption),,10/20/2025 23:23:00
Lars Uijlenbroek (500295),Microsoft Active Directory,SEC-MFA-Enrolled (avo.local/Demo/Groups/SEC-MFA-Enrolled),,08/11/2025 00:37:00
Lars Uijlenbroek (500295),Microsoft Active Directory,APP-Intranet (avo.local/Demo/Groups/APP-Intranet),,09/16/2025 19:21:00
Lars Uijlenbroek (500295),Microsoft Active Directory,APP-ICT03-Portal (avo.local/Demo/Groups/APP-ICT03-Portal),,11/11/2025 11:40:00
Lars Uijlenbroek (500295),Microsoft Active Directory,FS-ICT03-RW (avo.local/Demo/Groups/FS-ICT03-RW),,03/21/2025 22:22:00
Lars Uijlenbroek (500295),Microsoft Active Directory,TEAM-ICT03 (avo.local/Demo/Groups/TEAM-ICT03),,07/13/2026 11:32:00
Lars Uijlenbroek (500295),Microsoft Active Directory,ROLE-Begeleider (avo.local/Demo/Groups/ROLE-Begeleider),,04/02/2026 08:41:00
Lars Uijlenbroek (500295),Microsoft Active Directory,APP-Adobe-AcrobatPro (avo.local/Demo/Groups/APP-Adobe-AcrobatPro),,08/08/2025 23:34:00
Daan Berkhout (500296),Microsoft Active Directory,SEC-DiskEncryption (avo.local/Demo/Groups/SEC-DiskEncryption),,12/09/2025 20:19:00
Daan Berkhout (500296),Microsoft Active Directory,SEC-MFA-Enrolled (avo.local/Demo/Groups/SEC-MFA-Enrolled),,09/23/2025 18:49:00
Daan Berkhout (500296),Microsoft Active Directory,SEC-Endpoint-Protection (avo.local/Demo/Groups/SEC-Endpoint-Protection),,09/26/2025 22:10:00
Daan Berkhout (500296),Microsoft Active Directory,APP-Intranet (avo.local/Demo/Groups/APP-Intranet),,07/16/2026 10:02:00
Daan Berkhout (500296),Microsoft Active Directory,APP-Office365 (avo.local/Demo/Groups/APP-Office365),,01/07/2026 05:42:00
Daan Berkhout (500296),Microsoft Active Directory,APP-HRM02-Portal (avo.local/Demo/Groups/APP-HRM02-Portal),,05/27/2026 23:46:00
Daan Berkhout (500296),Microsoft Active Directory,FS-HRM02-RO (avo.local/Demo/Groups/FS-HRM02-RO),,04/23/2026 19:39:00
Daan Berkhout (500296),Microsoft Active Directory,FS-HRM02-RW (avo.local/Demo/Groups/FS-HRM02-RW),,08/12/2025 18:43:00
Wout Aalbers (500297),Microsoft Active Directory,SEC-Antivirus (avo.local/Demo/Groups/SEC-Antivirus),,06/27/2026 08:47:00
Wout Aalbers (500297),Microsoft Active Directory,SEC-DiskEncryption (avo.local/Demo/Groups/SEC-DiskEncryption),,12/12/2025 12:23:00
Wout Aalbers (500297),Microsoft Active Directory,SEC-MFA-Enrolled (avo.local/Demo/Groups/SEC-MFA-Enrolled),,04/29/2026 19:01:00
Wout Aalbers (500297),Microsoft Active Directory,SEC-Endpoint-Protection (avo.local/Demo/Groups/SEC-Endpoint-Protection),,10/13/2025 21:59:00
Wout Aalbers (500297),Microsoft Active Directory,APP-Office365 (avo.local/Demo/Groups/APP-Office365),,01/22/2026 06:57:00
Wout Aalbers (500297),Microsoft Active Directory,APP-CA060-Portal (avo.local/Demo/Groups/APP-CA060-Portal),,03/06/2026 11:23:00
Wout Aalbers (500297),Microsoft Active Directory,FS-CA060-RO (avo.local/Demo/Groups/FS-CA060-RO),,09/01/2025 12:12:00
Wout Aalbers (500297),Microsoft Active Directory,FS-CA060-RW (avo.local/Demo/Groups/FS-CA060-RW),,09/10/2025 19:20:00
Wout Aalbers (500297),Microsoft Active Directory,APP-Adobe-AcrobatPro (avo.local/Demo/Groups/APP-Adobe-AcrobatPro),,09/30/2025 09:26:00
Wout Aalbers (500297),Microsoft Active Directory,FS-Begeleider-DATA (avo.local/Demo/Groups/FS-Begeleider-DATA),,05/26/2026 11:28:00
Wout Aalbers (500297),Microsoft Active Directory,MBX-FIN01 (avo.local/Demo/Groups/MBX-FIN01),,02/15/2026 04:59:00
Wout Aalbers (500297),Microsoft Active Directory,FS-FIN01-RW (avo.local/Demo/Groups/FS-FIN01-RW),,04/03/2025 07:46:00
Olivier Dijkgraaf (500298),Microsoft Active Directory,SEC-Antivirus (avo.local/Demo/Groups/SEC-Antivirus),,02/06/2026 15:39:00
Olivier Dijkgraaf (500298),Microsoft Active Directory,SEC-MFA-Enrolled (avo.local/Demo/Groups/SEC-MFA-Enrolled),,06/30/2026 09:08:00
Olivier Dijkgraaf (500298),Microsoft Active Directory,SEC-Endpoint-Protection (avo.local/Demo/Groups/SEC-Endpoint-Protection),,03/24/2025 04:45:00
Olivier Dijkgraaf (500298),Microsoft Active Directory,APP-Intranet (avo.local/Demo/Groups/APP-Intranet),,10/06/2025 18:11:00
Olivier Dijkgraaf (500298),Microsoft Active Directory,APP-Office365 (avo.local/Demo/Groups/APP-Office365),,11/10/2025 16:32:00
Olivier Dijkgraaf (500298),Microsoft Active Directory,FS-CB12-RO (avo.local/Demo/Groups/FS-CB12-RO),,04/04/2026 03:55:00
Olivier Dijkgraaf (500298),Microsoft Active Directory,TEAM-CB12 (avo.local/Demo/Groups/TEAM-CB12),,07/09/2026 20:12:00
Olivier Dijkgraaf (500298),Microsoft Active Directory,MBX-CB12 (avo.local/Demo/Groups/MBX-CB12),,06/10/2026 08:31:00
Olivier Dijkgraaf (500298),Microsoft Active Directory,APP-Selfservice (avo.local/Demo/Groups/APP-Selfservice),,04/04/2025 03:07:00
Olivier Dijkgraaf (500298),Microsoft Active Directory,ROLE-Verzorgende (avo.local/Demo/Groups/ROLE-Verzorgende),,03/02/2026 04:57:00
Olivier Dijkgraaf (500298),Microsoft Active Directory,APP-Copilot (avo.local/Demo/Groups/APP-Copilot),,07/02/2026 01:22:00
Hanna Fokkema (500299),Microsoft Active Directory,SEC-DiskEncryption (avo.local/Demo/Groups/SEC-DiskEncryption),,07/28/2025 09:08:00
Hanna Fokkema (500299),Microsoft Active Directory,SEC-MFA-Enrolled (avo.local/Demo/Groups/SEC-MFA-Enrolled),,04/18/2026 12:09:00
Hanna Fokkema (500299),Microsoft Active Directory,SEC-Endpoint-Protection (avo.local/Demo/Groups/SEC-Endpoint-Protection),,05/22/2026 08:28:00
Hanna Fokkema (500299),Microsoft Active Directory,APP-Intranet (avo.local/Demo/Groups/APP-Intranet),,06/13/2026 04:17:00
Hanna Fokkema (500299),Microsoft Active Directory,FS-ICT03-RO (avo.local/Demo/Groups/FS-ICT03-RO),,02/08/2026 18:28:00
Hanna Fokkema (500299),Microsoft Active Directory,FS-ICT03-RW (avo.local/Demo/Groups/FS-ICT03-RW),,03/20/2026 07:53:00
Hanna Fokkema (500299),Microsoft Active Directory,TEAM-ICT03 (avo.local/Demo/Groups/TEAM-ICT03),,06/06/2026 15:09:00
Hanna Fokkema (500299),Microsoft Active Directory,MBX-ICT03 (avo.local/Demo/Groups/MBX-ICT03),,05/23/2025 08:19:00
Gijs Dijkgraaf (500300),Microsoft Active Directory,SEC-Antivirus (avo.local/Demo/Groups/SEC-Antivirus),,10/02/2025 03:48:00
Gijs Dijkgraaf (500300),Microsoft Active Directory,SEC-DiskEncryption (avo.local/Demo/Groups/SEC-DiskEncryption),,11/11/2025 04:57:00
Gijs Dijkgraaf (500300),Microsoft Active Directory,SEC-Endpoint-Protection (avo.local/Demo/Groups/SEC-Endpoint-Protection),,12/21/2025 01:38:00
Gijs Dijkgraaf (500300),Microsoft Active Directory,APP-Intranet (avo.local/Demo/Groups/APP-Intranet),,03/01/2026 14:47:00
Gijs Dijkgraaf (500300),Microsoft Active Directory,APP-Office365 (avo.local/Demo/Groups/APP-Office365),,03/16/2026 11:11:00
Gijs Dijkgraaf (500300),Microsoft Active Directory,APP-HRM02-Portal (avo.local/Demo/Groups/APP-HRM02-Portal),,05/12/2025 06:39:00
Gijs Dijkgraaf (500300),Microsoft Active Directory,FS-HRM02-RO (avo.local/Demo/Groups/FS-HRM02-RO),,02/04/2026 01:20:00
Gijs Dijkgraaf (500300),Microsoft Active Directory,FS-HRM02-RW (avo.local/Demo/Groups/FS-HRM02-RW),,01/22/2026 07:07:00
Gijs Dijkgraaf (500300),Microsoft Active Directory,TEAM-HRM02 (avo.local/Demo/Groups/TEAM-HRM02),,04/30/2026 04:48:00
Gijs Dijkgraaf (500300),Microsoft Active Directory,MBX-HRM02 (avo.local/Demo/Groups/MBX-HRM02),,03/13/2026 14:10:00
Sem Kalisvaart (500301),Microsoft Active Directory,SEC-Antivirus (avo.local/Demo/Groups/SEC-Antivirus),,12/08/2025 19:44:00
Sem Kalisvaart (500301),Microsoft Active Directory,APP-Intranet (avo.local/Demo/Groups/APP-Intranet),,10/25/2025 21:51:00
Sem Kalisvaart (500301),Microsoft Active Directory,APP-Office365 (avo.local/Demo/Groups/APP-Office365),,04/23/2026 15:35:00
Roos Fokkema (500302),Microsoft Active Directory,SEC-Antivirus (avo.local/Demo/Groups/SEC-Antivirus),,12/21/2025 16:31:00
Roos Fokkema (500302),Microsoft Active Directory,SEC-MFA-Enrolled (avo.local/Demo/Groups/SEC-MFA-Enrolled),,07/17/2025 08:40:00
Roos Fokkema (500302),Microsoft Active Directory,APP-Office365 (avo.local/Demo/Groups/APP-Office365),,02/22/2026 07:37:00
Roos Fokkema (500302),Microsoft Active Directory,APP-CZ08-Portal (avo.local/Demo/Groups/APP-CZ08-Portal),,05/08/2025 21:21:00
Roos Fokkema (500302),Microsoft Active Directory,FS-CZ08-RO (avo.local/Demo/Groups/FS-CZ08-RO),,12/21/2025 13:07:00
Roos Fokkema (500302),Microsoft Active Directory,FS-CZ08-RW (avo.local/Demo/Groups/FS-CZ08-RW),,08/02/2025 06:40:00
Roos Fokkema (500302),Microsoft Active Directory,TEAM-CZ08 (avo.local/Demo/Groups/TEAM-CZ08),,08/22/2025 11:14:00
Roos Fokkema (500302),Microsoft Active Directory,MBX-CZ08 (avo.local/Demo/Groups/MBX-CZ08),,11/16/2025 02:57:00
Roos Fokkema (500302),Microsoft Active Directory,APP-Selfservice (avo.local/Demo/Groups/APP-Selfservice),,05/09/2025 01:06:00
Zoë Ipenburg (500303),Microsoft Active Directory,SEC-Antivirus (avo.local/Demo/Groups/SEC-Antivirus),,02/09/2026 19:00:00
Zoë Ipenburg (500303),Microsoft Active Directory,SEC-Endpoint-Protection (avo.local/Demo/Groups/SEC-Endpoint-Protection),,06/06/2025 13:14:00
Zoë Ipenburg (500303),Microsoft Active Directory,TEAM-CB12 (avo.local/Demo/Groups/TEAM-CB12),,08/08/2025 19:36:00
Zoë Ipenburg (500303),Microsoft Active Directory,MBX-CB12 (avo.local/Demo/Groups/MBX-CB12),,12/19/2025 19:40:00
Zoë Ipenburg (500303),Microsoft Active Directory,APP-Selfservice (avo.local/Demo/Groups/APP-Selfservice),,11/04/2025 15:35:00
Zoë Ipenburg (500303),Microsoft Active Directory,APP-Adobe-AcrobatPro (avo.local/Demo/Groups/APP-Adobe-AcrobatPro),,08/28/2025 06:20:00
Eva Muijs (500304),Microsoft Active Directory,SEC-Antivirus (avo.local/Demo/Groups/SEC-Antivirus),,03/01/2026 23:13:00
Eva Muijs (500304),Microsoft Active Directory,SEC-MFA-Enrolled (avo.local/Demo/Groups/SEC-MFA-Enrolled),,05/02/2025 20:12:00
Eva Muijs (500304),Microsoft Active Directory,SEC-Endpoint-Protection (avo.local/Demo/Groups/SEC-Endpoint-Protection),,02/22/2026 18:26:00
Eva Muijs (500304),Microsoft Active Directory,APP-Intranet (avo.local/Demo/Groups/APP-Intranet),,10/16/2025 15:23:00
Eva Muijs (500304),Microsoft Active Directory,APP-Office365 (avo.local/Demo/Groups/APP-Office365),,09/08/2025 12:41:00
Eva Muijs (500304),Microsoft Active Directory,FS-CA060-RW (avo.local/Demo/Groups/FS-CA060-RW),,03/12/2026 00:08:00
Eva Muijs (500304),Microsoft Active Directory,MBX-CA060 (avo.local/Demo/Groups/MBX-CA060),,03/19/2026 00:55:00
Eva Muijs (500304),Microsoft Active Directory,APP-Selfservice (avo.local/Demo/Groups/APP-Selfservice),,12/17/2025 05:22:00
Kim Kalisvaart (500305),Microsoft Active Directory,SEC-Antivirus (avo.local/Demo/Groups/SEC-Antivirus),,04/11/2026 02:54:00
Kim Kalisvaart (500305),Microsoft Active Directory,SEC-DiskEncryption (avo.local/Demo/Groups/SEC-DiskEncryption),,12/27/2025 00:22:00
Kim Kalisvaart (500305),Microsoft Active Directory,SEC-Endpoint-Protection (avo.local/Demo/Groups/SEC-Endpoint-Protection),,11/10/2025 08:52:00
Kim Kalisvaart (500305),Microsoft Active Directory,APP-Intranet (avo.local/Demo/Groups/APP-Intranet),,07/13/2026 04:41:00
Kim Kalisvaart (500305),Microsoft Active Directory,APP-Office365 (avo.local/Demo/Groups/APP-Office365),,09/28/2025 23:29:00
Kim Kalisvaart (500305),Microsoft Active Directory,APP-CA060-Portal (avo.local/Demo/Groups/APP-CA060-Portal),,09/03/2025 09:57:00
Kim Kalisvaart (500305),Microsoft Active Directory,TEAM-CA060 (avo.local/Demo/Groups/TEAM-CA060),,10/30/2025 04:11:00
Kim Kalisvaart (500305),Microsoft Active Directory,MBX-CA060 (avo.local/Demo/Groups/MBX-CA060),,05/17/2025 18:23:00
Kim Elzinga (500306),Microsoft Active Directory,SEC-DiskEncryption (avo.local/Demo/Groups/SEC-DiskEncryption),,02/19/2026 03:27:00
Kim Elzinga (500306),Microsoft Active Directory,SEC-MFA-Enrolled (avo.local/Demo/Groups/SEC-MFA-Enrolled),,08/01/2025 10:31:00
Kim Elzinga (500306),Microsoft Active Directory,APP-Office365 (avo.local/Demo/Groups/APP-Office365),,05/21/2025 23:02:00
Mila Muijs (500307),Microsoft Active Directory,SEC-Antivirus (avo.local/Demo/Groups/SEC-Antivirus),,07/12/2025 14:15:00
Mila Muijs (500307),Microsoft Active Directory,SEC-MFA-Enrolled (avo.local/Demo/Groups/SEC-MFA-Enrolled),,07/02/2026 21:58:00
Mila Muijs (500307),Microsoft Active Directory,SEC-Endpoint-Protection (avo.local/Demo/Groups/SEC-Endpoint-Protection),,12/13/2025 00:35:00
Mila Muijs (500307),Microsoft Active Directory,APP-Intranet (avo.local/Demo/Groups/APP-Intranet),,06/23/2026 04:54:00
Mila Muijs (500307),Microsoft Active Directory,APP-Office365 (avo.local/Demo/Groups/APP-Office365),,01/24/2026 11:58:00
Mila Muijs (500307),Microsoft Active Directory,FS-Begeleider-DATA (avo.local/Demo/Groups/FS-Begeleider-DATA),,10/21/2025 19:26:00
Olivier Uijlenbroek (500308),Microsoft Active Directory,SEC-Antivirus (avo.local/Demo/Groups/SEC-Antivirus),,07/08/2025 22:59:00
Olivier Uijlenbroek (500308),Microsoft Active Directory,SEC-DiskEncryption (avo.local/Demo/Groups/SEC-DiskEncryption),,04/15/2026 18:53:00
Olivier Uijlenbroek (500308),Microsoft Active Directory,SEC-MFA-Enrolled (avo.local/Demo/Groups/SEC-MFA-Enrolled),,03/23/2025 00:49:00
Olivier Uijlenbroek (500308),Microsoft Active Directory,APP-Intranet (avo.local/Demo/Groups/APP-Intranet),,08/20/2025 09:52:00
Olivier Uijlenbroek (500308),Microsoft Active Directory,APP-Office365 (avo.local/Demo/Groups/APP-Office365),,03/25/2025 22:26:00
Olivier Uijlenbroek (500308),Microsoft Active Directory,APP-CA060-Portal (avo.local/Demo/Groups/APP-CA060-Portal),,09/21/2025 16:11:00
Olivier Uijlenbroek (500308),Microsoft Active Directory,FS-CA060-RO (avo.local/Demo/Groups/FS-CA060-RO),,11/10/2025 14:30:00
Olivier Uijlenbroek (500308),Microsoft Active Directory,FS-CA060-RW (avo.local/Demo/Groups/FS-CA060-RW),,10/22/2025 16:52:00
Olivier Uijlenbroek (500308),Microsoft Active Directory,TEAM-CA060 (avo.local/Demo/Groups/TEAM-CA060),,02/03/2026 04:30:00
Olivier Uijlenbroek (500308),Microsoft Active Directory,MBX-CA060 (avo.local/Demo/Groups/MBX-CA060),,03/25/2025 22:51:00
Olivier Uijlenbroek (500308),Microsoft Active Directory,FS-CZ08-RO (avo.local/Demo/Groups/FS-CZ08-RO),,02/08/2026 22:12:00
Olivier Uijlenbroek (500308),Microsoft Active Directory,TEAM-CZ08 (avo.local/Demo/Groups/TEAM-CZ08),,02/05/2026 19:59:00
Ursula Hoekstra (500309),Microsoft Active Directory,SEC-Antivirus (avo.local/Demo/Groups/SEC-Antivirus),,07/23/2025 19:51:00
Ursula Hoekstra (500309),Microsoft Active Directory,SEC-DiskEncryption (avo.local/Demo/Groups/SEC-DiskEncryption),,07/22/2025 02:16:00
Ursula Hoekstra (500309),Microsoft Active Directory,SEC-MFA-Enrolled (avo.local/Demo/Groups/SEC-MFA-Enrolled),,05/28/2026 18:25:00
Ursula Hoekstra (500309),Microsoft Active Directory,APP-Intranet (avo.local/Demo/Groups/APP-Intranet),,02/13/2026 19:59:00
Ursula Coenen (500310),Microsoft Active Directory,SEC-DiskEncryption (avo.local/Demo/Groups/SEC-DiskEncryption),,01/09/2026 20:49:00
Ursula Coenen (500310),Microsoft Active Directory,SEC-MFA-Enrolled (avo.local/Demo/Groups/SEC-MFA-Enrolled),,06/16/2026 00:56:00
Ursula Coenen (500310),Microsoft Active Directory,SEC-Endpoint-Protection (avo.local/Demo/Groups/SEC-Endpoint-Protection),,03/07/2026 05:26:00
Ursula Coenen (500310),Microsoft Active Directory,APP-Office365 (avo.local/Demo/Groups/APP-Office365),,06/14/2026 08:06:00
Ursula Coenen (500310),Microsoft Active Directory,FS-CB12-RO (avo.local/Demo/Groups/FS-CB12-RO),,10/10/2025 21:49:00
Ursula Coenen (500310),Microsoft Active Directory,FS-CB12-RW (avo.local/Demo/Groups/FS-CB12-RW),,05/29/2025 15:03:00
Ursula Coenen (500310),Microsoft Active Directory,TEAM-CB12 (avo.local/Demo/Groups/TEAM-CB12),,05/30/2025 11:19:00
Ursula Coenen (500310),Microsoft Active Directory,MBX-CB12 (avo.local/Demo/Groups/MBX-CB12),,04/05/2025 01:46:00
Ursula Coenen (500310),Microsoft Active Directory,FS-ICT03-RW (avo.local/Demo/Groups/FS-ICT03-RW),,06/17/2025 04:03:00
Ursula Coenen (500310),Microsoft Active Directory,TEAM-ICT03 (avo.local/Demo/Groups/TEAM-ICT03),,02/20/2026 16:44:00
Cato Kalisvaart (500311),Microsoft Active Directory,SEC-Antivirus (avo.local/Demo/Groups/SEC-Antivirus),,08/19/2025 11:54:00
Cato Kalisvaart (500311),Microsoft Active Directory,SEC-DiskEncryption (avo.local/Demo/Groups/SEC-DiskEncryption),,04/01/2025 05:47:00
Cato Kalisvaart (500311),Microsoft Active Directory,SEC-Endpoint-Protection (avo.local/Demo/Groups/SEC-Endpoint-Protection),,06/16/2026 21:07:00
Cato Kalisvaart (500311),Microsoft Active Directory,ROLE-Begeleider (avo.local/Demo/Groups/ROLE-Begeleider),,06/03/2026 04:31:00
Cato Kalisvaart (500311),Microsoft Active Directory,APP-Adobe-AcrobatPro (avo.local/Demo/Groups/APP-Adobe-AcrobatPro),,04/30/2026 01:28:00
Cato Kalisvaart (500311),Microsoft Active Directory,FS-Begeleider-DATA (avo.local/Demo/Groups/FS-Begeleider-DATA),,01/17/2026 03:52:00
Bram Coenen (500312),Microsoft Active Directory,SEC-Antivirus (avo.local/Demo/Groups/SEC-Antivirus),,08/03/2025 16:29:00
Bram Coenen (500312),Microsoft Active Directory,SEC-DiskEncryption (avo.local/Demo/Groups/SEC-DiskEncryption),,01/23/2026 08:32:00
Bram Coenen (500312),Microsoft Active Directory,SEC-MFA-Enrolled (avo.local/Demo/Groups/SEC-MFA-Enrolled),,02/24/2026 06:53:00
Bram Coenen (500312),Microsoft Active Directory,SEC-Endpoint-Protection (avo.local/Demo/Groups/SEC-Endpoint-Protection),,05/21/2025 00:50:00
Bram Coenen (500312),Microsoft Active Directory,APP-Intranet (avo.local/Demo/Groups/APP-Intranet),,01/25/2026 05:36:00
Bram Coenen (500312),Microsoft Active Directory,APP-Office365 (avo.local/Demo/Groups/APP-Office365),,07/11/2025 00:33:00
Bram Coenen (500312),Microsoft Active Directory,FS-FIN01-RO (avo.local/Demo/Groups/FS-FIN01-RO),,06/17/2025 15:00:00
Bram Coenen (500312),Microsoft Active Directory,FS-FIN01-RW (avo.local/Demo/Groups/FS-FIN01-RW),,07/09/2025 01:42:00
Bram Coenen (500312),Microsoft Active Directory,MBX-FIN01 (avo.local/Demo/Groups/MBX-FIN01),,10/22/2025 23:34:00
Noa Hoekstra (500313),Microsoft Active Directory,SEC-Antivirus (avo.local/Demo/Groups/SEC-Antivirus),,03/13/2026 06:13:00
Noa Hoekstra (500313),Microsoft Active Directory,SEC-MFA-Enrolled (avo.local/Demo/Groups/SEC-MFA-Enrolled),,01/14/2026 23:50:00
Noa Hoekstra (500313),Microsoft Active Directory,SEC-Endpoint-Protection (avo.local/Demo/Groups/SEC-Endpoint-Protection),,02/26/2026 07:05:00
Noa Hoekstra (500313),Microsoft Active Directory,APP-Office365 (avo.local/Demo/Groups/APP-Office365),,02/18/2026 14:37:00
Noa Hoekstra (500313),Microsoft Active Directory,ROLE-Begeleider (avo.local/Demo/Groups/ROLE-Begeleider),,04/16/2026 00:56:00
Noa Hoekstra (500313),Microsoft Active Directory,FS-Begeleider-DATA (avo.local/Demo/Groups/FS-Begeleider-DATA),,07/29/2026 21:49:00
Xander Fokkema (500314),Microsoft Active Directory,SEC-Antivirus (avo.local/Demo/Groups/SEC-Antivirus),,03/24/2026 11:17:00
Xander Fokkema (500314),Microsoft Active Directory,SEC-DiskEncryption (avo.local/Demo/Groups/SEC-DiskEncryption),,06/29/2026 20:14:00
Xander Fokkema (500314),Microsoft Active Directory,SEC-Endpoint-Protection (avo.local/Demo/Groups/SEC-Endpoint-Protection),,09/19/2025 22:22:00
Xander Fokkema (500314),Microsoft Active Directory,APP-Intranet (avo.local/Demo/Groups/APP-Intranet),,02/21/2026 16:56:00
Xander Fokkema (500314),Microsoft Active Directory,APP-Office365 (avo.local/Demo/Groups/APP-Office365),,03/06/2026 13:15:00
Xander Fokkema (500314),Microsoft Active Directory,FS-FIN01-RO (avo.local/Demo/Groups/FS-FIN01-RO),,05/09/2025 12:17:00
Xander Fokkema (500314),Microsoft Active Directory,FS-FIN01-RW (avo.local/Demo/Groups/FS-FIN01-RW),,05/29/2026 10:14:00
Xander Fokkema (500314),Microsoft Active Directory,TEAM-FIN01 (avo.local/Demo/Groups/TEAM-FIN01),,05/26/2026 16:43:00
Iris Dijkgraaf (500315),Microsoft Active Directory,SEC-Antivirus (avo.local/Demo/Groups/SEC-Antivirus),,05/02/2026 17:12:00
Iris Dijkgraaf (500315),Microsoft Active Directory,SEC-DiskEncryption (avo.local/Demo/Groups/SEC-DiskEncryption),,04/01/2025 03:26:00
Iris Dijkgraaf (500315),Microsoft Active Directory,SEC-MFA-Enrolled (avo.local/Demo/Groups/SEC-MFA-Enrolled),,06/22/2025 17:52:00
Iris Dijkgraaf (500315),Microsoft Active Directory,SEC-Endpoint-Protection (avo.local/Demo/Groups/SEC-Endpoint-Protection),,02/06/2026 16:55:00
Iris Dijkgraaf (500315),Microsoft Active Directory,APP-Intranet (avo.local/Demo/Groups/APP-Intranet),,04/09/2026 03:05:00
Iris Dijkgraaf (500315),Microsoft Active Directory,APP-Office365 (avo.local/Demo/Groups/APP-Office365),,06/19/2025 16:07:00
Iris Dijkgraaf (500315),Microsoft Active Directory,APP-CA010-Portal (avo.local/Demo/Groups/APP-CA010-Portal),,03/21/2026 18:42:00
Iris Dijkgraaf (500315),Microsoft Active Directory,FS-CA010-RO (avo.local/Demo/Groups/FS-CA010-RO),,04/05/2026 15:26:00
Iris Dijkgraaf (500315),Microsoft Active Directory,FS-CA010-RW (avo.local/Demo/Groups/FS-CA010-RW),,07/16/2025 14:55:00
Iris Dijkgraaf (500315),Microsoft Active Directory,TEAM-CA010 (avo.local/Demo/Groups/TEAM-CA010),,05/17/2026 00:06:00
Iris Dijkgraaf (500315),Microsoft Active Directory,APP-Selfservice (avo.local/Demo/Groups/APP-Selfservice),,05/13/2026 21:31:00
Iris Dijkgraaf (500315),Microsoft Active Directory,ROLE-Begeleider (avo.local/Demo/Groups/ROLE-Begeleider),,06/08/2025 21:13:00
Yara Roozendaal (500316),Microsoft Active Directory,SEC-MFA-Enrolled (avo.local/Demo/Groups/SEC-MFA-Enrolled),,07/21/2025 17:14:00
Yara Roozendaal (500316),Microsoft Active Directory,APP-Intranet (avo.local/Demo/Groups/APP-Intranet),,02/06/2026 06:22:00
Yara Roozendaal (500316),Microsoft Active Directory,APP-Office365 (avo.local/Demo/Groups/APP-Office365),,08/06/2025 07:12:00
Yara Roozendaal (500316),Microsoft Active Directory,APP-ICT03-Portal (avo.local/Demo/Groups/APP-ICT03-Portal),,06/09/2025 08:02:00
Yara Roozendaal (500316),Microsoft Active Directory,FS-ICT03-RO (avo.local/Demo/Groups/FS-ICT03-RO),,06/01/2025 14:33:00
Yara Roozendaal (500316),Microsoft Active Directory,TEAM-ICT03 (avo.local/Demo/Groups/TEAM-ICT03),,07/22/2025 08:15:00
Yara Roozendaal (500316),Microsoft Active Directory,MBX-ICT03 (avo.local/Demo/Groups/MBX-ICT03),,11/08/2025 14:51:00
Kim Fokkema (500317),Microsoft Active Directory,SEC-Antivirus (avo.local/Demo/Groups/SEC-Antivirus),,03/15/2026 08:35:00
Kim Fokkema (500317),Microsoft Active Directory,SEC-Endpoint-Protection (avo.local/Demo/Groups/SEC-Endpoint-Protection),,06/07/2025 05:20:00
Kim Fokkema (500317),Microsoft Active Directory,APP-Intranet (avo.local/Demo/Groups/APP-Intranet),,06/27/2025 23:26:00
Kim Fokkema (500317),Microsoft Active Directory,APP-Office365 (avo.local/Demo/Groups/APP-Office365),,05/21/2025 07:22:00
Kim Fokkema (500317),Microsoft Active Directory,FS-ICT03-RW (avo.local/Demo/Groups/FS-ICT03-RW),,12/18/2025 13:59:00
Kim Fokkema (500317),Microsoft Active Directory,TEAM-ICT03 (avo.local/Demo/Groups/TEAM-ICT03),,07/13/2025 10:04:00
Ursula Vroegindeweij (500318),Microsoft Active Directory,SEC-Antivirus (avo.local/Demo/Groups/SEC-Antivirus),,01/25/2026 01:03:00
Ursula Vroegindeweij (500318),Microsoft Active Directory,SEC-DiskEncryption (avo.local/Demo/Groups/SEC-DiskEncryption),,02/09/2026 11:01:00
Ursula Vroegindeweij (500318),Microsoft Active Directory,SEC-MFA-Enrolled (avo.local/Demo/Groups/SEC-MFA-Enrolled),,12/02/2025 17:51:00
Ursula Vroegindeweij (500318),Microsoft Active Directory,APP-Intranet (avo.local/Demo/Groups/APP-Intranet),,01/18/2026 06:34:00
Lars Nagtegaal (500319),Microsoft Active Directory,SEC-Antivirus (avo.local/Demo/Groups/SEC-Antivirus),,11/13/2025 00:57:00
Lars Nagtegaal (500319),Microsoft Active Directory,SEC-MFA-Enrolled (avo.local/Demo/Groups/SEC-MFA-Enrolled),,06/03/2026 05:45:00
Lars Nagtegaal (500319),Microsoft Active Directory,SEC-Endpoint-Protection (avo.local/Demo/Groups/SEC-Endpoint-Protection),,01/22/2026 08:07:00
Lars Nagtegaal (500319),Microsoft Active Directory,APP-Intranet (avo.local/Demo/Groups/APP-Intranet),,05/03/2025 02:11:00
Lars Nagtegaal (500319),Microsoft Active Directory,APP-ICT03-Portal (avo.local/Demo/Groups/APP-ICT03-Portal),,03/16/2026 05:16:00
Lars Nagtegaal (500319),Microsoft Active Directory,FS-ICT03-RO (avo.local/Demo/Groups/FS-ICT03-RO),,02/14/2026 15:41:00
Lars Nagtegaal (500319),Microsoft Active Directory,FS-ICT03-RW (avo.local/Demo/Groups/FS-ICT03-RW),,09/22/2025 00:42:00
Lars Nagtegaal (500319),Microsoft Active Directory,TEAM-ICT03 (avo.local/Demo/Groups/TEAM-ICT03),,06/27/2026 20:02:00
Lars Nagtegaal (500319),Microsoft Active Directory,MBX-ICT03 (avo.local/Demo/Groups/MBX-ICT03),,05/06/2025 11:26:00
Lars Nagtegaal (500319),Microsoft Active Directory,APP-Adobe-AcrobatPro (avo.local/Demo/Groups/APP-Adobe-AcrobatPro),,03/09/2026 19:08:00
