Person,System,EntitlementName,Operation,CreatedOn,FinishedOn,Origins,Result
Noa Roozendaal (500000),Microsoft Active Directory,SEC-DiskEncryption (avo.local/Demo/Groups/SEC-DiskEncryption),Grant,01/17/2026 07:34:00,01/17/2026 07:34:09,Import,Succeeded
Noa Roozendaal (500000),Microsoft Active Directory,SEC-Endpoint-Protection (avo.local/Demo/Groups/SEC-Endpoint-Protection),Grant,12/13/2025 19:05:00,12/13/2025 19:05:48,ContractUpdate,Succeeded
Noa Roozendaal (500000),Microsoft Active Directory,APP-Intranet (avo.local/Demo/Groups/APP-Intranet),Grant,12/23/2025 02:21:00,12/23/2025 02:21:12,BusinessRuleUpdate,Succeeded
Noa Roozendaal (500000),Microsoft Active Directory,APP-Office365 (avo.local/Demo/Groups/APP-Office365),Grant,10/21/2025 11:18:00,10/21/2025 11:18:53,PersonUpdate,Succeeded
Noa Roozendaal (500000),Microsoft Active Directory,ROLE-Verpleegkundige (avo.local/Demo/Groups/ROLE-Verpleegkundige),Grant,03/01/2026 07:31:00,03/01/2026 07:31:32,BusinessRuleUpdate,Succeeded
Noa Roozendaal (500000),Microsoft Active Directory,APP-Visio (avo.local/Demo/Groups/APP-Visio),Grant,05/31/2026 10:12:00,05/31/2026 10:12:09,ContractUpdate,Succeeded
Yara Vroegindeweij (500001),Microsoft Active Directory,SEC-Antivirus (avo.local/Demo/Groups/SEC-Antivirus),Grant,03/26/2026 21:27:00,03/26/2026 21:27:25,BusinessRuleUpdate,Succeeded
Yara Vroegindeweij (500001),Microsoft Active Directory,SEC-Antivirus (avo.local/Demo/Groups/SEC-Antivirus),Revoke,04/22/2026 21:27:00,04/22/2026 21:27:30,ContractUpdate,Succeeded
Yara Vroegindeweij (500001),Microsoft Active Directory,SEC-Antivirus (avo.local/Demo/Groups/SEC-Antivirus),Grant,05/06/2026 21:27:00,05/06/2026 21:27:28,ContractUpdate,Succeeded
Yara Vroegindeweij (500001),Microsoft Active Directory,SEC-DiskEncryption (avo.local/Demo/Groups/SEC-DiskEncryption),Grant,09/06/2025 02:17:00,09/06/2025 02:17:37,BusinessRuleUpdate,Succeeded
Yara Vroegindeweij (500001),Microsoft Active Directory,SEC-MFA-Enrolled (avo.local/Demo/Groups/SEC-MFA-Enrolled),Grant,05/16/2025 10:14:00,05/16/2025 10:15:23,ContractUpdate,Succeeded
Yara Vroegindeweij (500001),Microsoft Active Directory,SEC-Endpoint-Protection (avo.local/Demo/Groups/SEC-Endpoint-Protection),Grant,12/26/2025 08:14:00,12/26/2025 08:14:03,Import,Succeeded
Olivier Ipenburg (500002),Microsoft Active Directory,APP-Intranet (avo.local/Demo/Groups/APP-Intranet),Grant,03/30/2025 05:13:00,03/30/2025 05:13:12,PersonUpdate,Succeeded
Cato Roozendaal (500003),Microsoft Active Directory,SEC-DiskEncryption (avo.local/Demo/Groups/SEC-DiskEncryption),Grant,12/26/2025 08:43:00,12/26/2025 08:44:27,PersonUpdate,Succeeded
Cato Roozendaal (500003),Microsoft Active Directory,SEC-MFA-Enrolled (avo.local/Demo/Groups/SEC-MFA-Enrolled),Grant,04/28/2026 01:50:00,04/28/2026 01:50:09,BusinessRuleUpdate,Succeeded
Cato Roozendaal (500003),Microsoft Active Directory,SEC-Endpoint-Protection (avo.local/Demo/Groups/SEC-Endpoint-Protection),Grant,05/04/2025 07:22:00,05/04/2025 07:22:08,BusinessRuleUpdate,Succeeded
Cato Roozendaal (500003),Microsoft Active Directory,APP-Office365 (avo.local/Demo/Groups/APP-Office365),Grant,09/06/2025 01:07:00,09/06/2025 01:08:10,Import,Succeeded
Cato Roozendaal (500003),Microsoft Active Directory,APP-FIN01-Portal (avo.local/Demo/Groups/APP-FIN01-Portal),Grant,01/16/2026 08:00:00,01/16/2026 08:00:41,BusinessRuleUpdate,Succeeded
Cato Roozendaal (500003),Microsoft Active Directory,FS-FIN01-RW (avo.local/Demo/Groups/FS-FIN01-RW),Grant,06/13/2025 11:53:00,06/13/2025 11:54:11,ContractUpdate,Succeeded
Cato Roozendaal (500003),Microsoft Active Directory,TEAM-FIN01 (avo.local/Demo/Groups/TEAM-FIN01),Grant,06/28/2025 14:24:00,06/28/2025 14:24:23,PersonUpdate,Succeeded
Cato Roozendaal (500003),Microsoft Active Directory,ROLE-Verzorgende (avo.local/Demo/Groups/ROLE-Verzorgende),Grant,03/21/2025 04:59:00,03/21/2025 05:00:11,ContractUpdate,Succeeded
Cato Roozendaal (500003),Microsoft Active Directory,APP-Copilot (avo.local/Demo/Groups/APP-Copilot),Grant,03/10/2026 22:23:00,03/10/2026 22:23:30,BusinessRuleUpdate,Succeeded
Iris Zomerdijk (500004),Microsoft Active Directory,SEC-Antivirus (avo.local/Demo/Groups/SEC-Antivirus),Grant,03/29/2025 13:08:00,03/29/2025 13:08:55,Import,Succeeded
Iris Zomerdijk (500004),Microsoft Active Directory,SEC-DiskEncryption (avo.local/Demo/Groups/SEC-DiskEncryption),Grant,04/14/2026 13:08:00,04/14/2026 13:08:21,Import,Succeeded
Iris Zomerdijk (500004),Microsoft Active Directory,SEC-MFA-Enrolled (avo.local/Demo/Groups/SEC-MFA-Enrolled),Grant,02/14/2026 04:28:00,02/14/2026 04:28:35,ContractUpdate,Succeeded
Iris Zomerdijk (500004),Microsoft Active Directory,APP-Intranet (avo.local/Demo/Groups/APP-Intranet),Grant,09/29/2025 16:36:00,09/29/2025 16:36:27,ContractUpdate,Succeeded
Iris Zomerdijk (500004),Microsoft Active Directory,APP-Office365 (avo.local/Demo/Groups/APP-Office365),Grant,03/25/2025 07:52:00,03/25/2025 07:52:41,BusinessRuleUpdate,Succeeded
Iris Zomerdijk (500004),Microsoft Active Directory,ROLE-Begeleider (avo.local/Demo/Groups/ROLE-Begeleider),Grant,02/04/2026 08:40:00,02/04/2026 08:41:15,PersonUpdate,Succeeded
Iris Zomerdijk (500004),Microsoft Active Directory,APP-Visio (avo.local/Demo/Groups/APP-Visio),Grant,06/01/2025 03:56:00,06/01/2025 03:56:53,BusinessRuleUpdate,Succeeded
Iris Zomerdijk (500004),Microsoft Active Directory,FS-FIN01-RO (avo.local/Demo/Groups/FS-FIN01-RO),Grant,08/05/2025 03:17:00,08/05/2025 03:17:44,ContractUpdate,Succeeded
Iris Zomerdijk (500004),Microsoft Active Directory,MBX-FIN01 (avo.local/Demo/Groups/MBX-FIN01),Grant,05/29/2026 20:16:00,05/29/2026 20:16:30,PersonUpdate,Succeeded
Jasper Coenen (500005),Microsoft Active Directory,SEC-Antivirus (avo.local/Demo/Groups/SEC-Antivirus),Grant,06/14/2026 19:29:00,06/14/2026 19:29:24,PersonUpdate,Succeeded
Jasper Coenen (500005),Microsoft Active Directory,SEC-DiskEncryption (avo.local/Demo/Groups/SEC-DiskEncryption),Grant,04/19/2026 16:01:00,04/19/2026 16:01:26,Import,Succeeded
Jasper Coenen (500005),Microsoft Active Directory,SEC-DiskEncryption (avo.local/Demo/Groups/SEC-DiskEncryption),Revoke,05/06/2026 16:01:00,05/06/2026 16:02:27,ContractUpdate,Succeeded
Jasper Coenen (500005),Microsoft Active Directory,SEC-DiskEncryption (avo.local/Demo/Groups/SEC-DiskEncryption),Grant,05/11/2026 16:01:00,05/11/2026 16:01:06,ContractUpdate,Succeeded
Jasper Coenen (500005),Microsoft Active Directory,SEC-MFA-Enrolled (avo.local/Demo/Groups/SEC-MFA-Enrolled),Grant,07/25/2025 19:05:00,07/25/2025 19:06:29,ContractUpdate,Succeeded
Jasper Coenen (500005),Microsoft Active Directory,APP-Intranet (avo.local/Demo/Groups/APP-Intranet),Grant,06/06/2026 16:27:00,06/06/2026 16:27:41,PersonUpdate,Succeeded
Jasper Coenen (500005),Microsoft Active Directory,APP-Office365 (avo.local/Demo/Groups/APP-Office365),Grant,05/04/2026 20:33:00,05/04/2026 20:33:10,ContractUpdate,Succeeded
Jasper Coenen (500005),Microsoft Active Directory,APP-CA060-Portal (avo.local/Demo/Groups/APP-CA060-Portal),Grant,03/05/2026 02:08:00,03/05/2026 02:08:50,ContractUpdate,Succeeded
Jasper Coenen (500005),Microsoft Active Directory,FS-CA060-RO (avo.local/Demo/Groups/FS-CA060-RO),Grant,12/02/2025 03:04:00,12/02/2025 03:04:49,ContractUpdate,Succeeded
Jasper Coenen (500005),Microsoft Active Directory,FS-CA060-RW (avo.local/Demo/Groups/FS-CA060-RW),Grant,12/07/2025 06:38:00,12/07/2025 06:38:06,Import,Succeeded
Jasper Coenen (500005),Microsoft Active Directory,MBX-CA060 (avo.local/Demo/Groups/MBX-CA060),Grant,06/14/2025 19:05:00,06/14/2025 19:05:21,Import,Succeeded
Jasper Coenen (500005),Microsoft Active Directory,APP-Selfservice (avo.local/Demo/Groups/APP-Selfservice),Grant,05/03/2025 11:21:00,05/03/2025 11:21:07,ContractUpdate,Succeeded
Quinten Pronk (500006),Microsoft Active Directory,SEC-Antivirus (avo.local/Demo/Groups/SEC-Antivirus),Grant,06/22/2025 10:32:00,06/22/2025 10:32:45,PersonUpdate,Succeeded
Quinten Pronk (500006),Microsoft Active Directory,SEC-MFA-Enrolled (avo.local/Demo/Groups/SEC-MFA-Enrolled),Grant,01/29/2026 08:52:00,01/29/2026 08:52:56,ContractUpdate,Succeeded
Quinten Pronk (500006),Microsoft Active Directory,APP-Intranet (avo.local/Demo/Groups/APP-Intranet),Grant,01/16/2026 07:10:00,01/16/2026 07:10:17,Import,Succeeded
Quinten Pronk (500006),Microsoft Active Directory,APP-Office365 (avo.local/Demo/Groups/APP-Office365),Grant,05/18/2026 06:02:00,05/18/2026 06:02:27,Import,Succeeded
Quinten Pronk (500006),Microsoft Active Directory,APP-CA010-Portal (avo.local/Demo/Groups/APP-CA010-Portal),Grant,08/05/2025 14:49:00,08/05/2025 14:50:27,ContractUpdate,Succeeded
Quinten Pronk (500006),Microsoft Active Directory,FS-CA010-RO (avo.local/Demo/Groups/FS-CA010-RO),Grant,05/25/2025 20:02:00,05/25/2025 20:02:37,ContractUpdate,Succeeded
Quinten Pronk (500006),Microsoft Active Directory,TEAM-CA010 (avo.local/Demo/Groups/TEAM-CA010),Grant,11/01/2025 18:03:00,11/01/2025 18:03:24,BusinessRuleUpdate,Succeeded
Quinten Pronk (500006),Microsoft Active Directory,MBX-CA010 (avo.local/Demo/Groups/MBX-CA010),Grant,04/29/2026 04:20:00,04/29/2026 04:20:43,BusinessRuleUpdate,Succeeded
Quinten Pronk (500006),Microsoft Active Directory,APP-Selfservice (avo.local/Demo/Groups/APP-Selfservice),Grant,12/08/2025 02:24:00,12/08/2025 02:24:29,ContractUpdate,Succeeded
Quinten Pronk (500006),Microsoft Active Directory,APP-Adobe-AcrobatPro (avo.local/Demo/Groups/APP-Adobe-AcrobatPro),Grant,05/30/2025 08:49:00,05/30/2025 08:49:28,ContractUpdate,Succeeded
Kim Terlouw (500007),Microsoft Active Directory,SEC-DiskEncryption (avo.local/Demo/Groups/SEC-DiskEncryption),Grant,07/10/2025 02:54:00,07/10/2025 02:54:35,Import,Succeeded
Kim Terlouw (500007),Microsoft Active Directory,SEC-Endpoint-Protection (avo.local/Demo/Groups/SEC-Endpoint-Protection),Grant,10/06/2025 17:37:00,10/06/2025 17:38:27,PersonUpdate,Succeeded
Kim Terlouw (500007),Microsoft Active Directory,APP-Intranet (avo.local/Demo/Groups/APP-Intranet),Grant,03/21/2025 04:01:00,03/21/2025 04:01:40,PersonUpdate,Succeeded
Kim Terlouw (500007),Microsoft Active Directory,APP-Office365 (avo.local/Demo/Groups/APP-Office365),Grant,02/08/2026 08:52:00,02/08/2026 08:52:39,Import,Succeeded
Hanna Slootweg (500008),Microsoft Active Directory,SEC-Antivirus (avo.local/Demo/Groups/SEC-Antivirus),Grant,01/15/2026 21:23:00,01/15/2026 21:24:23,PersonUpdate,Succeeded
Hanna Slootweg (500008),Microsoft Active Directory,SEC-DiskEncryption (avo.local/Demo/Groups/SEC-DiskEncryption),Grant,03/25/2025 07:50:00,03/25/2025 07:50:15,BusinessRuleUpdate,Succeeded
Hanna Slootweg (500008),Microsoft Active Directory,SEC-MFA-Enrolled (avo.local/Demo/Groups/SEC-MFA-Enrolled),Grant,10/01/2025 07:46:00,10/01/2025 07:46:23,PersonUpdate,Succeeded
Hanna Slootweg (500008),Microsoft Active Directory,SEC-MFA-Enrolled (avo.local/Demo/Groups/SEC-MFA-Enrolled),Revoke,10/21/2025 07:46:00,10/21/2025 07:47:12,ContractUpdate,Succeeded
Hanna Slootweg (500008),Microsoft Active Directory,SEC-MFA-Enrolled (avo.local/Demo/Groups/SEC-MFA-Enrolled),Grant,11/07/2025 07:46:00,11/07/2025 07:47:30,ContractUpdate,Succeeded
Hanna Slootweg (500008),Microsoft Active Directory,SEC-Endpoint-Protection (avo.local/Demo/Groups/SEC-Endpoint-Protection),Grant,08/07/2025 00:21:00,08/07/2025 00:21:24,PersonUpdate,Succeeded
Hanna Slootweg (500008),Microsoft Active Directory,APP-Office365 (avo.local/Demo/Groups/APP-Office365),Grant,11/10/2025 06:07:00,11/10/2025 06:07:09,BusinessRuleUpdate,Succeeded
Hanna Slootweg (500008),Microsoft Active Directory,APP-CA060-Portal (avo.local/Demo/Groups/APP-CA060-Portal),Grant,07/15/2025 07:31:00,07/15/2025 07:32:24,Import,Succeeded
Hanna Slootweg (500008),Microsoft Active Directory,FS-CA060-RO (avo.local/Demo/Groups/FS-CA060-RO),Grant,11/30/2025 18:36:00,11/30/2025 18:36:32,PersonUpdate,Succeeded
Hanna Slootweg (500008),Microsoft Active Directory,FS-CA060-RW (avo.local/Demo/Groups/FS-CA060-RW),Grant,09/12/2025 21:24:00,09/12/2025 21:25:12,Import,Succeeded
Jasper Roozendaal (500009),Microsoft Active Directory,SEC-DiskEncryption (avo.local/Demo/Groups/SEC-DiskEncryption),Grant,05/17/2026 15:40:00,05/17/2026 15:40:26,Import,Succeeded
Jasper Roozendaal (500009),Microsoft Active Directory,APP-Intranet (avo.local/Demo/Groups/APP-Intranet),Grant,01/09/2026 07:47:00,01/09/2026 07:47:59,PersonUpdate,Succeeded
Jasper Roozendaal (500009),Microsoft Active Directory,FS-FIN01-RO (avo.local/Demo/Groups/FS-FIN01-RO),Grant,12/09/2025 06:29:00,12/09/2025 06:30:03,PersonUpdate,Succeeded
Jasper Roozendaal (500009),Microsoft Active Directory,FS-FIN01-RW (avo.local/Demo/Groups/FS-FIN01-RW),Grant,02/03/2026 20:17:00,02/03/2026 20:18:23,BusinessRuleUpdate,Succeeded
Jasper Roozendaal (500009),Microsoft Active Directory,TEAM-FIN01 (avo.local/Demo/Groups/TEAM-FIN01),Grant,11/09/2025 12:42:00,11/09/2025 12:42:45,BusinessRuleUpdate,Succeeded
Lars Ipenburg (500010),Microsoft Active Directory,SEC-Antivirus (avo.local/Demo/Groups/SEC-Antivirus),Grant,10/23/2025 18:51:00,10/23/2025 18:52:04,PersonUpdate,Succeeded
Lars Ipenburg (500010),Microsoft Active Directory,SEC-MFA-Enrolled (avo.local/Demo/Groups/SEC-MFA-Enrolled),Grant,10/27/2025 09:51:00,10/27/2025 09:52:29,PersonUpdate,Succeeded
Lars Ipenburg (500010),Microsoft Active Directory,SEC-Endpoint-Protection (avo.local/Demo/Groups/SEC-Endpoint-Protection),Grant,12/24/2025 07:04:00,12/24/2025 07:04:42,PersonUpdate,Succeeded
Lars Ipenburg (500010),Microsoft Active Directory,APP-CZ08-Portal (avo.local/Demo/Groups/APP-CZ08-Portal),Grant,04/25/2025 10:09:00,04/25/2025 10:09:01,PersonUpdate,Succeeded
Lars Ipenburg (500010),Microsoft Active Directory,FS-CZ08-RW (avo.local/Demo/Groups/FS-CZ08-RW),Grant,06/01/2025 19:12:00,06/01/2025 19:12:44,BusinessRuleUpdate,Succeeded
Lars Ipenburg (500010),Microsoft Active Directory,TEAM-CZ08 (avo.local/Demo/Groups/TEAM-CZ08),Grant,11/09/2025 03:07:00,11/09/2025 03:07:08,ContractUpdate,Succeeded
Lars Ipenburg (500010),Microsoft Active Directory,MBX-CZ08 (avo.local/Demo/Groups/MBX-CZ08),Grant,06/18/2025 10:04:00,06/18/2025 10:05:21,PersonUpdate,Succeeded
Lars Ipenburg (500010),Microsoft Active Directory,APP-Selfservice (avo.local/Demo/Groups/APP-Selfservice),Grant,10/08/2025 11:12:00,10/08/2025 11:13:16,ContractUpdate,Succeeded
Anne Hoekstra (500011),Microsoft Active Directory,SEC-Antivirus (avo.local/Demo/Groups/SEC-Antivirus),Grant,10/30/2025 18:17:00,10/30/2025 18:17:37,PersonUpdate,Succeeded
Anne Hoekstra (500011),Microsoft Active Directory,SEC-DiskEncryption (avo.local/Demo/Groups/SEC-DiskEncryption),Grant,12/28/2025 01:16:00,12/28/2025 01:16:33,Import,Succeeded
Anne Hoekstra (500011),Microsoft Active Directory,SEC-MFA-Enrolled (avo.local/Demo/Groups/SEC-MFA-Enrolled),Grant,05/20/2026 16:16:00,05/20/2026 16:16:47,BusinessRuleUpdate,Succeeded
Anne Hoekstra (500011),Microsoft Active Directory,SEC-Endpoint-Protection (avo.local/Demo/Groups/SEC-Endpoint-Protection),Grant,11/21/2025 13:22:00,11/21/2025 13:22:27,ContractUpdate,Succeeded
Anne Hoekstra (500011),Microsoft Active Directory,APP-Office365 (avo.local/Demo/Groups/APP-Office365),Grant,04/24/2025 03:04:00,04/24/2025 03:05:13,PersonUpdate,Succeeded
Anne Hoekstra (500011),Microsoft Active Directory,APP-ICT03-Portal (avo.local/Demo/Groups/APP-ICT03-Portal),Grant,07/28/2026 20:48:00,07/28/2026 20:48:28,Import,Succeeded
Anne Hoekstra (500011),Microsoft Active Directory,FS-ICT03-RO (avo.local/Demo/Groups/FS-ICT03-RO),Grant,05/16/2025 05:00:00,05/16/2025 05:00:34,PersonUpdate,Succeeded
Anne Hoekstra (500011),Microsoft Active Directory,FS-ICT03-RW (avo.local/Demo/Groups/FS-ICT03-RW),Grant,07/02/2026 17:25:00,07/02/2026 17:26:22,ContractUpdate,Succeeded
Anne Hoekstra (500011),Microsoft Active Directory,TEAM-ICT03 (avo.local/Demo/Groups/TEAM-ICT03),Grant,06/05/2026 10:54:00,06/05/2026 10:54:36,ContractUpdate,Succeeded
Anne Hoekstra (500011),Microsoft Active Directory,ROLE-Verpleegkundige (avo.local/Demo/Groups/ROLE-Verpleegkundige),Grant,02/03/2026 02:28:00,02/03/2026 02:29:06,PersonUpdate,Succeeded
Anne Hoekstra (500011),Microsoft Active Directory,APP-Visio (avo.local/Demo/Groups/APP-Visio),Grant,12/11/2025 08:19:00,12/11/2025 08:19:48,Import,Succeeded
Eva Gerritsen (500012),Microsoft Active Directory,SEC-DiskEncryption (avo.local/Demo/Groups/SEC-DiskEncryption),Grant,05/19/2026 19:32:00,05/19/2026 19:33:18,Import,Succeeded
Eva Gerritsen (500012),Microsoft Active Directory,SEC-MFA-Enrolled (avo.local/Demo/Groups/SEC-MFA-Enrolled),Grant,07/05/2025 12:39:00,07/05/2025 12:40:01,Import,Succeeded
Eva Gerritsen (500012),Microsoft Active Directory,APP-Intranet (avo.local/Demo/Groups/APP-Intranet),Grant,03/16/2026 20:36:00,03/16/2026 20:36:47,BusinessRuleUpdate,Succeeded
Eva Gerritsen (500012),Microsoft Active Directory,APP-CZ08-Portal (avo.local/Demo/Groups/APP-CZ08-Portal),Grant,10/22/2025 13:06:00,10/22/2025 13:06:37,PersonUpdate,Succeeded
Eva Gerritsen (500012),Microsoft Active Directory,FS-CZ08-RW (avo.local/Demo/Groups/FS-CZ08-RW),Grant,05/19/2026 05:19:00,05/19/2026 05:20:18,BusinessRuleUpdate,Succeeded
Eva Gerritsen (500012),Microsoft Active Directory,TEAM-CZ08 (avo.local/Demo/Groups/TEAM-CZ08),Grant,05/03/2026 01:37:00,05/03/2026 01:38:23,BusinessRuleUpdate,Succeeded
Eva Gerritsen (500012),Microsoft Active Directory,TEAM-CZ08 (avo.local/Demo/Groups/TEAM-CZ08),Revoke,05/23/2026 01:37:00,05/23/2026 01:37:52,ContractUpdate,Succeeded
Eva Gerritsen (500012),Microsoft Active Directory,TEAM-CZ08 (avo.local/Demo/Groups/TEAM-CZ08),Grant,06/02/2026 01:37:00,06/02/2026 01:37:09,ContractUpdate,Succeeded
Eva Gerritsen (500012),Microsoft Active Directory,APP-Selfservice (avo.local/Demo/Groups/APP-Selfservice),Grant,05/02/2026 12:04:00,05/02/2026 12:05:27,Import,Succeeded
Bram Wielenga (500013),Microsoft Active Directory,SEC-Antivirus (avo.local/Demo/Groups/SEC-Antivirus),Grant,07/15/2025 02:17:00,07/15/2025 02:17:40,BusinessRuleUpdate,Succeeded
Bram Wielenga (500013),Microsoft Active Directory,SEC-DiskEncryption (avo.local/Demo/Groups/SEC-DiskEncryption),Grant,11/26/2025 12:54:00,11/26/2025 12:54:51,Import,Succeeded
Bram Wielenga (500013),Microsoft Active Directory,SEC-MFA-Enrolled (avo.local/Demo/Groups/SEC-MFA-Enrolled),Grant,05/10/2025 14:03:00,05/10/2025 14:03:03,BusinessRuleUpdate,Succeeded
Bram Wielenga (500013),Microsoft Active Directory,APP-Office365 (avo.local/Demo/Groups/APP-Office365),Grant,03/31/2026 00:06:00,03/31/2026 00:06:12,PersonUpdate,Succeeded
Bram Wielenga (500013),Microsoft Active Directory,APP-HRM02-Portal (avo.local/Demo/Groups/APP-HRM02-Portal),Grant,12/06/2025 08:05:00,12/06/2025 08:05:44,Import,Succeeded
Bram Wielenga (500013),Microsoft Active Directory,FS-HRM02-RO (avo.local/Demo/Groups/FS-HRM02-RO),Grant,03/18/2026 10:55:00,03/18/2026 10:55:33,Import,Succeeded
Bram Wielenga (500013),Microsoft Active Directory,FS-HRM02-RW (avo.local/Demo/Groups/FS-HRM02-RW),Grant,12/22/2025 11:58:00,12/22/2025 11:59:02,Import,Succeeded
Bram Wielenga (500013),Microsoft Active Directory,TEAM-HRM02 (avo.local/Demo/Groups/TEAM-HRM02),Grant,03/15/2026 20:13:00,03/15/2026 20:13:50,BusinessRuleUpdate,Succeeded
Bram Wielenga (500013),Microsoft Active Directory,MBX-HRM02 (avo.local/Demo/Groups/MBX-HRM02),Grant,12/02/2025 04:07:00,12/02/2025 04:07:24,ContractUpdate,Succeeded
Xander Uijlenbroek (500014),Microsoft Active Directory,SEC-Antivirus (avo.local/Demo/Groups/SEC-Antivirus),Grant,04/12/2026 03:25:00,04/12/2026 03:25:06,ContractUpdate,Succeeded
Xander Uijlenbroek (500014),Microsoft Active Directory,SEC-DiskEncryption (avo.local/Demo/Groups/SEC-DiskEncryption),Grant,04/22/2025 07:31:00,04/22/2025 07:31:18,Import,Succeeded
Xander Uijlenbroek (500014),Microsoft Active Directory,SEC-MFA-Enrolled (avo.local/Demo/Groups/SEC-MFA-Enrolled),Grant,11/24/2025 23:32:00,11/24/2025 23:32:27,Import,Succeeded
Xander Uijlenbroek (500014),Microsoft Active Directory,APP-Intranet (avo.local/Demo/Groups/APP-Intranet),Grant,05/31/2025 07:08:00,05/31/2025 07:09:26,BusinessRuleUpdate,Succeeded
Xander Uijlenbroek (500014),Microsoft Active Directory,APP-Office365 (avo.local/Demo/Groups/APP-Office365),Grant,12/11/2025 08:33:00,12/11/2025 08:33:17,PersonUpdate,Succeeded
Xander Uijlenbroek (500014),Microsoft Active Directory,TEAM-FIN01 (avo.local/Demo/Groups/TEAM-FIN01),Grant,07/09/2026 18:28:00,07/09/2026 18:28:36,Import,Succeeded
Sem Zomerdijk (500015),Microsoft Active Directory,SEC-Antivirus (avo.local/Demo/Groups/SEC-Antivirus),Grant,05/29/2025 01:27:00,05/29/2025 01:27:53,ContractUpdate,Succeeded
Sem Zomerdijk (500015),Microsoft Active Directory,SEC-DiskEncryption (avo.local/Demo/Groups/SEC-DiskEncryption),Grant,05/01/2026 15:20:00,05/01/2026 15:20:42,ContractUpdate,Succeeded
Sem Zomerdijk (500015),Microsoft Active Directory,APP-Intranet (avo.local/Demo/Groups/APP-Intranet),Grant,12/17/2025 06:00:00,12/17/2025 06:00:32,PersonUpdate,Succeeded
Sem Zomerdijk (500015),Microsoft Active Directory,APP-Office365 (avo.local/Demo/Groups/APP-Office365),Grant,10/23/2025 12:26:00,10/23/2025 12:27:20,ContractUpdate,Succeeded
Sem Zomerdijk (500015),Microsoft Active Directory,APP-Office365 (avo.local/Demo/Groups/APP-Office365),Revoke,10/24/2025 12:26:00,10/24/2025 12:26:07,ContractUpdate,Succeeded
Sem Zomerdijk (500015),Microsoft Active Directory,APP-Office365 (avo.local/Demo/Groups/APP-Office365),Grant,11/06/2025 12:26:00,11/06/2025 12:26:35,ContractUpdate,Succeeded
Sem Zomerdijk (500015),Microsoft Active Directory,FS-CA010-RW (avo.local/Demo/Groups/FS-CA010-RW),Grant,07/25/2026 06:24:00,07/25/2026 06:24:51,Import,Succeeded
Sem Zomerdijk (500015),Microsoft Active Directory,TEAM-CA010 (avo.local/Demo/Groups/TEAM-CA010),Grant,06/08/2025 02:25:00,06/08/2025 02:25:47,Import,Succeeded
Sem Zomerdijk (500015),Microsoft Active Directory,MBX-CA010 (avo.local/Demo/Groups/MBX-CA010),Grant,10/10/2025 11:14:00,10/10/2025 11:15:13,BusinessRuleUpdate,Succeeded
Sem Zomerdijk (500015),Microsoft Active Directory,APP-Selfservice (avo.local/Demo/Groups/APP-Selfservice),Grant,09/23/2025 20:38:00,09/23/2025 20:38:59,PersonUpdate,Succeeded
Kim Oosterhuis (500016),Microsoft Active Directory,SEC-MFA-Enrolled (avo.local/Demo/Groups/SEC-MFA-Enrolled),Grant,11/17/2025 20:04:00,11/17/2025 20:04:02,Import,Succeeded
Kim Oosterhuis (500016),Microsoft Active Directory,SEC-Endpoint-Protection (avo.local/Demo/Groups/SEC-Endpoint-Protection),Grant,09/15/2025 04:42:00,09/15/2025 04:43:21,Import,Succeeded
Kim Oosterhuis (500016),Microsoft Active Directory,APP-Intranet (avo.local/Demo/Groups/APP-Intranet),Grant,01/01/2026 01:18:00,01/01/2026 01:18:44,PersonUpdate,Succeeded
Kim Oosterhuis (500016),Microsoft Active Directory,FS-CZ08-RO (avo.local/Demo/Groups/FS-CZ08-RO),Grant,06/13/2025 08:56:00,06/13/2025 08:56:32,Import,Succeeded
Kim Oosterhuis (500016),Microsoft Active Directory,FS-CZ08-RW (avo.local/Demo/Groups/FS-CZ08-RW),Grant,01/28/2026 06:42:00,01/28/2026 06:43:26,PersonUpdate,Succeeded
Kim Oosterhuis (500016),Microsoft Active Directory,APP-Selfservice (avo.local/Demo/Groups/APP-Selfservice),Grant,10/06/2025 06:41:00,10/06/2025 06:41:05,Import,Succeeded
Olivier Fokkema (500017),Microsoft Active Directory,SEC-Antivirus (avo.local/Demo/Groups/SEC-Antivirus),Grant,06/24/2026 09:27:00,06/24/2026 09:27:32,BusinessRuleUpdate,Succeeded
Olivier Fokkema (500017),Microsoft Active Directory,SEC-DiskEncryption (avo.local/Demo/Groups/SEC-DiskEncryption),Grant,08/18/2025 06:34:00,08/18/2025 06:34:24,BusinessRuleUpdate,Succeeded
Olivier Fokkema (500017),Microsoft Active Directory,SEC-MFA-Enrolled (avo.local/Demo/Groups/SEC-MFA-Enrolled),Grant,01/19/2026 15:48:00,01/19/2026 15:48:58,PersonUpdate,Succeeded
Olivier Fokkema (500017),Microsoft Active Directory,APP-Intranet (avo.local/Demo/Groups/APP-Intranet),Grant,07/31/2025 09:34:00,07/31/2025 09:34:24,ContractUpdate,Succeeded
Olivier Fokkema (500017),Microsoft Active Directory,APP-Office365 (avo.local/Demo/Groups/APP-Office365),Grant,02/19/2026 12:50:00,02/19/2026 12:50:28,BusinessRuleUpdate,Succeeded
Wout Oosterhuis (500018),Microsoft Active Directory,SEC-Antivirus (avo.local/Demo/Groups/SEC-Antivirus),Grant,04/08/2025 18:59:00,04/08/2025 19:00:04,ContractUpdate,Succeeded
Wout Oosterhuis (500018),Microsoft Active Directory,SEC-DiskEncryption (avo.local/Demo/Groups/SEC-DiskEncryption),Grant,10/20/2025 00:04:00,10/20/2025 00:04:36,BusinessRuleUpdate,Succeeded
Wout Oosterhuis (500018),Microsoft Active Directory,SEC-Endpoint-Protection (avo.local/Demo/Groups/SEC-Endpoint-Protection),Grant,03/30/2025 20:10:00,03/30/2025 20:10:49,PersonUpdate,Succeeded
Wout Oosterhuis (500018),Microsoft Active Directory,APP-Intranet (avo.local/Demo/Groups/APP-Intranet),Grant,10/12/2025 16:38:00,10/12/2025 16:38:22,ContractUpdate,Succeeded
Wout Oosterhuis (500018),Microsoft Active Directory,APP-Office365 (avo.local/Demo/Groups/APP-Office365),Grant,07/27/2026 02:44:00,07/27/2026 02:44:35,Import,Succeeded
Wout Oosterhuis (500018),Microsoft Active Directory,FS-HRM02-RO (avo.local/Demo/Groups/FS-HRM02-RO),Grant,01/11/2026 09:00:00,01/11/2026 09:01:27,BusinessRuleUpdate,Succeeded
Wout Oosterhuis (500018),Microsoft Active Directory,FS-HRM02-RW (avo.local/Demo/Groups/FS-HRM02-RW),Grant,03/17/2026 20:42:00,03/17/2026 20:42:34,PersonUpdate,Succeeded
Wout Oosterhuis (500018),Microsoft Active Directory,TEAM-HRM02 (avo.local/Demo/Groups/TEAM-HRM02),Grant,03/25/2025 13:01:00,03/25/2025 13:02:05,ContractUpdate,Succeeded
Wout Oosterhuis (500018),Microsoft Active Directory,MBX-HRM02 (avo.local/Demo/Groups/MBX-HRM02),Grant,11/19/2025 04:47:00,11/19/2025 04:47:39,ContractUpdate,Succeeded
Quinten Aalbers (500019),Microsoft Active Directory,SEC-Antivirus (avo.local/Demo/Groups/SEC-Antivirus),Grant,12/05/2025 00:55:00,12/05/2025 00:55:22,PersonUpdate,Succeeded
Quinten Aalbers (500019),Microsoft Active Directory,SEC-DiskEncryption (avo.local/Demo/Groups/SEC-DiskEncryption),Grant,11/04/2025 18:24:00,11/04/2025 18:24:24,PersonUpdate,Succeeded
Quinten Aalbers (500019),Microsoft Active Directory,SEC-MFA-Enrolled (avo.local/Demo/Groups/SEC-MFA-Enrolled),Grant,01/07/2026 13:52:00,01/07/2026 13:52:54,Import,Succeeded
Quinten Aalbers (500019),Microsoft Active Directory,SEC-Endpoint-Protection (avo.local/Demo/Groups/SEC-Endpoint-Protection),Grant,04/07/2026 03:02:00,04/07/2026 03:02:08,PersonUpdate,Succeeded
Quinten Aalbers (500019),Microsoft Active Directory,APP-Office365 (avo.local/Demo/Groups/APP-Office365),Grant,07/15/2025 20:12:00,07/15/2025 20:13:20,BusinessRuleUpdate,Succeeded
Wout Nagtegaal (500020),Microsoft Active Directory,SEC-Antivirus (avo.local/Demo/Groups/SEC-Antivirus),Grant,12/04/2025 18:08:00,12/04/2025 18:08:57,PersonUpdate,Succeeded
Wout Nagtegaal (500020),Microsoft Active Directory,SEC-DiskEncryption (avo.local/Demo/Groups/SEC-DiskEncryption),Grant,09/08/2025 09:44:00,09/08/2025 09:44:02,PersonUpdate,Succeeded
Wout Nagtegaal (500020),Microsoft Active Directory,SEC-MFA-Enrolled (avo.local/Demo/Groups/SEC-MFA-Enrolled),Grant,04/13/2025 00:24:00,04/13/2025 00:24:28,ContractUpdate,Succeeded
Iris Coenen (500021),Microsoft Active Directory,SEC-Antivirus (avo.local/Demo/Groups/SEC-Antivirus),Grant,05/23/2026 16:31:00,05/23/2026 16:31:04,BusinessRuleUpdate,Succeeded
Iris Coenen (500021),Microsoft Active Directory,SEC-Antivirus (avo.local/Demo/Groups/SEC-Antivirus),Revoke,06/23/2026 16:31:00,06/23/2026 16:31:48,ContractUpdate,Succeeded
Iris Coenen (500021),Microsoft Active Directory,SEC-Antivirus (avo.local/Demo/Groups/SEC-Antivirus),Grant,07/07/2026 16:31:00,07/07/2026 16:32:13,ContractUpdate,Succeeded
Iris Coenen (500021),Microsoft Active Directory,SEC-DiskEncryption (avo.local/Demo/Groups/SEC-DiskEncryption),Grant,08/10/2025 21:08:00,08/10/2025 21:09:29,Import,Succeeded
Iris Coenen (500021),Microsoft Active Directory,SEC-MFA-Enrolled (avo.local/Demo/Groups/SEC-MFA-Enrolled),Grant,05/30/2025 22:36:00,05/30/2025 22:37:13,Import,Succeeded
Iris Coenen (500021),Microsoft Active Directory,SEC-Endpoint-Protection (avo.local/Demo/Groups/SEC-Endpoint-Protection),Grant,05/29/2026 12:33:00,05/29/2026 12:33:43,BusinessRuleUpdate,Succeeded
Iris Coenen (500021),Microsoft Active Directory,APP-Intranet (avo.local/Demo/Groups/APP-Intranet),Grant,12/24/2025 21:56:00,12/24/2025 21:56:15,ContractUpdate,Succeeded
Iris Coenen (500021),Microsoft Active Directory,APP-CA060-Portal (avo.local/Demo/Groups/APP-CA060-Portal),Grant,07/02/2026 06:28:00,07/02/2026 06:29:14,PersonUpdate,Succeeded
Iris Coenen (500021),Microsoft Active Directory,FS-CA060-RW (avo.local/Demo/Groups/FS-CA060-RW),Grant,11/06/2025 12:51:00,11/06/2025 12:51:14,PersonUpdate,Succeeded
Iris Coenen (500021),Microsoft Active Directory,TEAM-CA060 (avo.local/Demo/Groups/TEAM-CA060),Grant,01/08/2026 02:06:00,01/08/2026 02:06:58,ContractUpdate,Succeeded
Iris Coenen (500021),Microsoft Active Directory,MBX-CA060 (avo.local/Demo/Groups/MBX-CA060),Grant,07/28/2025 12:27:00,07/28/2025 12:27:01,PersonUpdate,Succeeded
Noa Hoekstra (500022),Microsoft Active Directory,SEC-Antivirus (avo.local/Demo/Groups/SEC-Antivirus),Grant,05/02/2026 03:47:00,05/02/2026 03:48:25,Import,Succeeded
Noa Hoekstra (500022),Microsoft Active Directory,SEC-MFA-Enrolled (avo.local/Demo/Groups/SEC-MFA-Enrolled),Grant,07/18/2026 10:43:00,07/18/2026 10:43:47,ContractUpdate,Succeeded
Noa Hoekstra (500022),Microsoft Active Directory,SEC-Endpoint-Protection (avo.local/Demo/Groups/SEC-Endpoint-Protection),Grant,10/21/2025 10:33:00,10/21/2025 10:34:17,Import,Succeeded
Noa Hoekstra (500022),Microsoft Active Directory,APP-Office365 (avo.local/Demo/Groups/APP-Office365),Grant,06/01/2025 11:01:00,06/01/2025 11:01:04,ContractUpdate,Succeeded
Noa Hoekstra (500022),Microsoft Active Directory,APP-FIN01-Portal (avo.local/Demo/Groups/APP-FIN01-Portal),Grant,06/23/2025 10:37:00,06/23/2025 10:37:45,PersonUpdate,Succeeded
Noa Hoekstra (500022),Microsoft Active Directory,FS-FIN01-RO (avo.local/Demo/Groups/FS-FIN01-RO),Grant,04/19/2025 10:38:00,04/19/2025 10:39:20,ContractUpdate,Succeeded
Noa Hoekstra (500022),Microsoft Active Directory,FS-FIN01-RW (avo.local/Demo/Groups/FS-FIN01-RW),Grant,04/19/2026 19:11:00,04/19/2026 19:12:08,ContractUpdate,Succeeded
Noa Hoekstra (500022),Microsoft Active Directory,MBX-FIN01 (avo.local/Demo/Groups/MBX-FIN01),Grant,04/23/2025 15:49:00,04/23/2025 15:49:56,ContractUpdate,Succeeded
Noa Hoekstra (500022),Microsoft Active Directory,MBX-FIN01 (avo.local/Demo/Groups/MBX-FIN01),Revoke,06/09/2025 15:49:00,06/09/2025 15:49:33,ContractUpdate,Succeeded
Noa Hoekstra (500022),Microsoft Active Directory,MBX-FIN01 (avo.local/Demo/Groups/MBX-FIN01),Grant,06/29/2025 15:49:00,06/29/2025 15:50:06,ContractUpdate,Succeeded
Noa Hoekstra (500022),Microsoft Active Directory,ROLE-Begeleider (avo.local/Demo/Groups/ROLE-Begeleider),Grant,07/29/2026 02:33:00,07/29/2026 02:33:30,BusinessRuleUpdate,Succeeded
Noa Hoekstra (500022),Microsoft Active Directory,APP-Visio (avo.local/Demo/Groups/APP-Visio),Grant,01/09/2026 13:17:00,01/09/2026 13:17:45,Import,Succeeded
Anne Gerritsen (500023),Microsoft Active Directory,SEC-Antivirus (avo.local/Demo/Groups/SEC-Antivirus),Grant,06/26/2026 17:02:00,06/26/2026 17:02:07,PersonUpdate,Succeeded
Anne Gerritsen (500023),Microsoft Active Directory,SEC-DiskEncryption (avo.local/Demo/Groups/SEC-DiskEncryption),Grant,03/19/2026 12:48:00,03/19/2026 12:48:12,Import,Succeeded
Anne Gerritsen (500023),Microsoft Active Directory,SEC-MFA-Enrolled (avo.local/Demo/Groups/SEC-MFA-Enrolled),Grant,10/20/2025 21:01:00,10/20/2025 21:01:29,Import,Succeeded
Anne Gerritsen (500023),Microsoft Active Directory,SEC-Endpoint-Protection (avo.local/Demo/Groups/SEC-Endpoint-Protection),Grant,03/16/2026 11:35:00,03/16/2026 11:35:36,BusinessRuleUpdate,Succeeded
Anne Gerritsen (500023),Microsoft Active Directory,APP-Office365 (avo.local/Demo/Groups/APP-Office365),Grant,09/17/2025 01:48:00,09/17/2025 01:48:48,Import,Succeeded
Anne Gerritsen (500023),Microsoft Active Directory,ROLE-Verzorgende (avo.local/Demo/Groups/ROLE-Verzorgende),Grant,07/25/2025 23:36:00,07/25/2025 23:37:27,ContractUpdate,Succeeded
Pien Kalisvaart (500024),Microsoft Active Directory,SEC-Antivirus (avo.local/Demo/Groups/SEC-Antivirus),Grant,07/02/2025 14:48:00,07/02/2025 14:48:41,ContractUpdate,Succeeded
Pien Kalisvaart (500024),Microsoft Active Directory,SEC-DiskEncryption (avo.local/Demo/Groups/SEC-DiskEncryption),Grant,05/21/2026 00:40:00,05/21/2026 00:40:40,PersonUpdate,Succeeded
Pien Kalisvaart (500024),Microsoft Active Directory,SEC-MFA-Enrolled (avo.local/Demo/Groups/SEC-MFA-Enrolled),Grant,05/11/2026 03:13:00,05/11/2026 03:13:52,Import,Succeeded
Pien Kalisvaart (500024),Microsoft Active Directory,SEC-Endpoint-Protection (avo.local/Demo/Groups/SEC-Endpoint-Protection),Grant,10/20/2025 07:44:00,10/20/2025 07:44:40,PersonUpdate,Succeeded
Pien Kalisvaart (500024),Microsoft Active Directory,APP-Intranet (avo.local/Demo/Groups/APP-Intranet),Grant,06/23/2026 07:11:00,06/23/2026 07:11:21,BusinessRuleUpdate,Succeeded
Pien Kalisvaart (500024),Microsoft Active Directory,FS-ICT03-RW (avo.local/Demo/Groups/FS-ICT03-RW),Grant,02/12/2026 12:57:00,02/12/2026 12:57:54,BusinessRuleUpdate,Succeeded
Pien Kalisvaart (500024),Microsoft Active Directory,TEAM-ICT03 (avo.local/Demo/Groups/TEAM-ICT03),Grant,01/12/2026 01:09:00,01/12/2026 01:09:10,Import,Succeeded
Pien Kalisvaart (500024),Microsoft Active Directory,MBX-ICT03 (avo.local/Demo/Groups/MBX-ICT03),Grant,06/07/2026 14:58:00,06/07/2026 14:58:10,Import,Succeeded
Noa Coenen (500025),Microsoft Active Directory,SEC-DiskEncryption (avo.local/Demo/Groups/SEC-DiskEncryption),Grant,10/11/2025 12:44:00,10/11/2025 12:44:19,BusinessRuleUpdate,Succeeded
Noa Coenen (500025),Microsoft Active Directory,APP-Office365 (avo.local/Demo/Groups/APP-Office365),Grant,09/29/2025 23:19:00,09/29/2025 23:19:54,Import,Succeeded
Noa Coenen (500025),Microsoft Active Directory,APP-CB12-Portal (avo.local/Demo/Groups/APP-CB12-Portal),Grant,04/19/2025 21:30:00,04/19/2025 21:30:29,PersonUpdate,Succeeded
Noa Coenen (500025),Microsoft Active Directory,TEAM-CB12 (avo.local/Demo/Groups/TEAM-CB12),Grant,02/26/2026 16:26:00,02/26/2026 16:26:37,PersonUpdate,Succeeded
Noa Coenen (500025),Microsoft Active Directory,APP-Selfservice (avo.local/Demo/Groups/APP-Selfservice),Grant,09/28/2025 07:01:00,09/28/2025 07:01:16,BusinessRuleUpdate,Succeeded
Noa Coenen (500025),Microsoft Active Directory,ROLE-Verzorgende (avo.local/Demo/Groups/ROLE-Verzorgende),Grant,02/15/2026 19:56:00,02/15/2026 19:57:02,Import,Succeeded
Noa Coenen (500025),Microsoft Active Directory,APP-Copilot (avo.local/Demo/Groups/APP-Copilot),Grant,06/25/2026 22:49:00,06/25/2026 22:49:03,Import,Succeeded
Vera Coenen (500026),Microsoft Active Directory,SEC-Antivirus (avo.local/Demo/Groups/SEC-Antivirus),Grant,06/30/2025 10:29:00,06/30/2025 10:29:02,Import,Succeeded
Vera Coenen (500026),Microsoft Active Directory,SEC-DiskEncryption (avo.local/Demo/Groups/SEC-DiskEncryption),Grant,04/19/2025 04:49:00,04/19/2025 04:49:37,BusinessRuleUpdate,Succeeded
Vera Coenen (500026),Microsoft Active Directory,SEC-MFA-Enrolled (avo.local/Demo/Groups/SEC-MFA-Enrolled),Grant,08/30/2025 20:35:00,08/30/2025 20:35:46,Import,Succeeded
Vera Coenen (500026),Microsoft Active Directory,SEC-Endpoint-Protection (avo.local/Demo/Groups/SEC-Endpoint-Protection),Grant,04/09/2026 12:56:00,04/09/2026 12:56:12,ContractUpdate,Succeeded
Vera Coenen (500026),Microsoft Active Directory,SEC-Endpoint-Protection (avo.local/Demo/Groups/SEC-Endpoint-Protection),Revoke,04/30/2026 12:56:00,04/30/2026 12:56:47,ContractUpdate,Succeeded
Vera Coenen (500026),Microsoft Active Directory,SEC-Endpoint-Protection (avo.local/Demo/Groups/SEC-Endpoint-Protection),Grant,05/13/2026 12:56:00,05/13/2026 12:57:14,ContractUpdate,Succeeded
Vera Coenen (500026),Microsoft Active Directory,APP-Intranet (avo.local/Demo/Groups/APP-Intranet),Grant,04/27/2025 23:41:00,04/27/2025 23:41:27,BusinessRuleUpdate,Succeeded
Vera Coenen (500026),Microsoft Active Directory,APP-Office365 (avo.local/Demo/Groups/APP-Office365),Grant,09/12/2025 15:54:00,09/12/2025 15:54:44,PersonUpdate,Succeeded
Kim Coenen (500027),Microsoft Active Directory,SEC-Antivirus (avo.local/Demo/Groups/SEC-Antivirus),Grant,10/20/2025 02:50:00,10/20/2025 02:50:28,ContractUpdate,Succeeded
Kim Coenen (500027),Microsoft Active Directory,SEC-DiskEncryption (avo.local/Demo/Groups/SEC-DiskEncryption),Grant,09/30/2025 06:00:00,09/30/2025 06:01:15,BusinessRuleUpdate,Succeeded
Kim Coenen (500027),Microsoft Active Directory,SEC-Endpoint-Protection (avo.local/Demo/Groups/SEC-Endpoint-Protection),Grant,03/28/2025 15:22:00,03/28/2025 15:22:25,BusinessRuleUpdate,Succeeded
Kim Coenen (500027),Microsoft Active Directory,APP-Intranet (avo.local/Demo/Groups/APP-Intranet),Grant,07/08/2026 18:34:00,07/08/2026 18:34:48,Import,Succeeded
Kim Coenen (500027),Microsoft Active Directory,APP-Office365 (avo.local/Demo/Groups/APP-Office365),Grant,03/20/2026 20:02:00,03/20/2026 20:02:28,BusinessRuleUpdate,Succeeded
Kim Coenen (500027),Microsoft Active Directory,APP-FIN01-Portal (avo.local/Demo/Groups/APP-FIN01-Portal),Grant,05/16/2025 17:42:00,05/16/2025 17:42:19,ContractUpdate,Succeeded
Kim Coenen (500027),Microsoft Active Directory,APP-Copilot (avo.local/Demo/Groups/APP-Copilot),Grant,11/12/2025 14:21:00,11/12/2025 14:21:08,BusinessRuleUpdate,Succeeded
Wout Quaedvlieg (500028),Microsoft Active Directory,SEC-Antivirus (avo.local/Demo/Groups/SEC-Antivirus),Grant,04/19/2026 13:45:00,04/19/2026 13:45:40,BusinessRuleUpdate,Succeeded
Wout Quaedvlieg (500028),Microsoft Active Directory,SEC-DiskEncryption (avo.local/Demo/Groups/SEC-DiskEncryption),Grant,03/18/2026 10:20:00,03/18/2026 10:21:11,ContractUpdate,Succeeded
Wout Quaedvlieg (500028),Microsoft Active Directory,SEC-MFA-Enrolled (avo.local/Demo/Groups/SEC-MFA-Enrolled),Grant,03/16/2026 16:41:00,03/16/2026 16:41:52,ContractUpdate,Succeeded
Wout Quaedvlieg (500028),Microsoft Active Directory,APP-Office365 (avo.local/Demo/Groups/APP-Office365),Grant,01/11/2026 07:23:00,01/11/2026 07:24:18,ContractUpdate,Succeeded
Wout Quaedvlieg (500028),Microsoft Active Directory,APP-Copilot (avo.local/Demo/Groups/APP-Copilot),Grant,05/26/2026 04:38:00,05/26/2026 04:38:11,BusinessRuleUpdate,Succeeded
Iris Pronk (500029),Microsoft Active Directory,SEC-Antivirus (avo.local/Demo/Groups/SEC-Antivirus),Grant,04/08/2026 11:39:00,04/08/2026 11:39:11,ContractUpdate,Succeeded
Iris Pronk (500029),Microsoft Active Directory,SEC-Endpoint-Protection (avo.local/Demo/Groups/SEC-Endpoint-Protection),Grant,05/31/2026 21:53:00,05/31/2026 21:54:22,Import,Succeeded
Iris Pronk (500029),Microsoft Active Directory,APP-Intranet (avo.local/Demo/Groups/APP-Intranet),Grant,03/13/2026 13:44:00,03/13/2026 13:44:36,ContractUpdate,Succeeded
Iris Pronk (500029),Microsoft Active Directory,APP-Office365 (avo.local/Demo/Groups/APP-Office365),Grant,05/05/2025 18:05:00,05/05/2025 18:06:16,Import,Succeeded
Noa Zomerdijk (500030),Microsoft Active Directory,SEC-Antivirus (avo.local/Demo/Groups/SEC-Antivirus),Grant,08/25/2025 23:35:00,08/25/2025 23:36:09,BusinessRuleUpdate,Succeeded
Noa Zomerdijk (500030),Microsoft Active Directory,SEC-MFA-Enrolled (avo.local/Demo/Groups/SEC-MFA-Enrolled),Grant,08/30/2025 09:54:00,08/30/2025 09:54:40,PersonUpdate,Succeeded
Noa Zomerdijk (500030),Microsoft Active Directory,SEC-Endpoint-Protection (avo.local/Demo/Groups/SEC-Endpoint-Protection),Grant,03/25/2025 14:26:00,03/25/2025 14:26:23,ContractUpdate,Succeeded
Noa Zomerdijk (500030),Microsoft Active Directory,APP-Office365 (avo.local/Demo/Groups/APP-Office365),Grant,05/05/2026 17:51:00,05/05/2026 17:51:49,ContractUpdate,Succeeded
Noa Zomerdijk (500030),Microsoft Active Directory,ROLE-Verzorgende (avo.local/Demo/Groups/ROLE-Verzorgende),Grant,11/25/2025 02:16:00,11/25/2025 02:17:02,PersonUpdate,Succeeded
Noa Zomerdijk (500030),Microsoft Active Directory,APP-Copilot (avo.local/Demo/Groups/APP-Copilot),Grant,08/22/2025 18:30:00,08/22/2025 18:30:22,ContractUpdate,Succeeded
Lars Roozendaal (500031),Microsoft Active Directory,SEC-Antivirus (avo.local/Demo/Groups/SEC-Antivirus),Grant,12/31/2025 18:33:00,12/31/2025 18:33:51,PersonUpdate,Succeeded
Lars Roozendaal (500031),Microsoft Active Directory,SEC-DiskEncryption (avo.local/Demo/Groups/SEC-DiskEncryption),Grant,06/29/2025 05:44:00,06/29/2025 05:44:14,ContractUpdate,Succeeded
Lars Roozendaal (500031),Microsoft Active Directory,SEC-Endpoint-Protection (avo.local/Demo/Groups/SEC-Endpoint-Protection),Grant,04/26/2026 00:09:00,04/26/2026 00:10:19,PersonUpdate,Succeeded
Lars Roozendaal (500031),Microsoft Active Directory,APP-Intranet (avo.local/Demo/Groups/APP-Intranet),Grant,01/30/2026 05:49:00,01/30/2026 05:49:19,ContractUpdate,Succeeded
Lars Roozendaal (500031),Microsoft Active Directory,APP-Office365 (avo.local/Demo/Groups/APP-Office365),Grant,02/21/2026 23:16:00,02/21/2026 23:16:37,BusinessRuleUpdate,Succeeded
Lars Roozendaal (500031),Microsoft Active Directory,APP-CB12-Portal (avo.local/Demo/Groups/APP-CB12-Portal),Grant,05/30/2026 20:58:00,05/30/2026 20:58:11,Import,Succeeded
Lars Roozendaal (500031),Microsoft Active Directory,FS-CB12-RO (avo.local/Demo/Groups/FS-CB12-RO),Grant,07/01/2026 15:53:00,07/01/2026 15:53:16,Import,Succeeded
Lars Roozendaal (500031),Microsoft Active Directory,FS-CB12-RW (avo.local/Demo/Groups/FS-CB12-RW),Grant,07/06/2025 04:34:00,07/06/2025 04:35:21,Import,Succeeded
Lars Roozendaal (500031),Microsoft Active Directory,APP-Adobe-AcrobatPro (avo.local/Demo/Groups/APP-Adobe-AcrobatPro),Grant,02/18/2026 03:27:00,02/18/2026 03:28:19,BusinessRuleUpdate,Succeeded
Lars Roozendaal (500031),Microsoft Active Directory,APP-Adobe-AcrobatPro (avo.local/Demo/Groups/APP-Adobe-AcrobatPro),Revoke,03/16/2026 03:27:00,03/16/2026 03:27:24,ContractUpdate,Succeeded
Lars Roozendaal (500031),Microsoft Active Directory,APP-Adobe-AcrobatPro (avo.local/Demo/Groups/APP-Adobe-AcrobatPro),Grant,04/02/2026 03:27:00,04/02/2026 03:28:30,ContractUpdate,Succeeded
Yara Roozendaal (500032),Microsoft Active Directory,SEC-Antivirus (avo.local/Demo/Groups/SEC-Antivirus),Grant,05/03/2025 09:37:00,05/03/2025 09:37:29,PersonUpdate,Succeeded
Yara Roozendaal (500032),Microsoft Active Directory,SEC-DiskEncryption (avo.local/Demo/Groups/SEC-DiskEncryption),Grant,07/29/2025 06:38:00,07/29/2025 06:39:00,PersonUpdate,Succeeded
Yara Roozendaal (500032),Microsoft Active Directory,SEC-Endpoint-Protection (avo.local/Demo/Groups/SEC-Endpoint-Protection),Grant,12/13/2025 16:15:00,12/13/2025 16:15:20,PersonUpdate,Succeeded
Yara Roozendaal (500032),Microsoft Active Directory,APP-Intranet (avo.local/Demo/Groups/APP-Intranet),Grant,07/27/2025 11:52:00,07/27/2025 11:52:13,BusinessRuleUpdate,Succeeded
Yara Roozendaal (500032),Microsoft Active Directory,APP-Selfservice (avo.local/Demo/Groups/APP-Selfservice),Grant,06/26/2025 08:53:00,06/26/2025 08:54:08,Import,Succeeded
Olivier Ipenburg (500033),Microsoft Active Directory,SEC-Antivirus (avo.local/Demo/Groups/SEC-Antivirus),Grant,08/19/2025 04:00:00,08/19/2025 04:00:27,BusinessRuleUpdate,Succeeded
Olivier Ipenburg (500033),Microsoft Active Directory,SEC-DiskEncryption (avo.local/Demo/Groups/SEC-DiskEncryption),Grant,03/01/2026 00:16:00,03/01/2026 00:16:36,Import,Succeeded
Olivier Ipenburg (500033),Microsoft Active Directory,SEC-MFA-Enrolled (avo.local/Demo/Groups/SEC-MFA-Enrolled),Grant,06/03/2025 03:01:00,06/03/2025 03:02:16,PersonUpdate,Succeeded
Olivier Ipenburg (500033),Microsoft Active Directory,APP-Office365 (avo.local/Demo/Groups/APP-Office365),Grant,12/08/2025 04:21:00,12/08/2025 04:21:39,ContractUpdate,Succeeded
Olivier Ipenburg (500033),Microsoft Active Directory,APP-HRM02-Portal (avo.local/Demo/Groups/APP-HRM02-Portal),Grant,07/13/2025 17:44:00,07/13/2025 17:44:42,Import,Succeeded
Olivier Ipenburg (500033),Microsoft Active Directory,FS-HRM02-RO (avo.local/Demo/Groups/FS-HRM02-RO),Grant,03/26/2026 06:03:00,03/26/2026 06:04:09,ContractUpdate,Succeeded
Olivier Ipenburg (500033),Microsoft Active Directory,FS-HRM02-RO (avo.local/Demo/Groups/FS-HRM02-RO),Revoke,04/27/2026 06:03:00,04/27/2026 06:03:49,ContractUpdate,Succeeded
Olivier Ipenburg (500033),Microsoft Active Directory,FS-HRM02-RO (avo.local/Demo/Groups/FS-HRM02-RO),Grant,04/29/2026 06:03:00,04/29/2026 06:04:18,ContractUpdate,Succeeded
Olivier Ipenburg (500033),Microsoft Active Directory,TEAM-HRM02 (avo.local/Demo/Groups/TEAM-HRM02),Grant,04/04/2026 22:06:00,04/04/2026 22:06:20,PersonUpdate,Succeeded
Olivier Ipenburg (500033),Microsoft Active Directory,MBX-HRM02 (avo.local/Demo/Groups/MBX-HRM02),Grant,07/27/2026 01:17:00,07/27/2026 01:18:22,PersonUpdate,Succeeded
Pien Muijs (500034),Microsoft Active Directory,SEC-Antivirus (avo.local/Demo/Groups/SEC-Antivirus),Grant,04/01/2025 07:05:00,04/01/2025 07:05:34,Import,Succeeded
Pien Muijs (500034),Microsoft Active Directory,SEC-Endpoint-Protection (avo.local/Demo/Groups/SEC-Endpoint-Protection),Grant,06/13/2026 15:33:00,06/13/2026 15:34:04,PersonUpdate,Succeeded
Pien Muijs (500034),Microsoft Active Directory,APP-Office365 (avo.local/Demo/Groups/APP-Office365),Grant,03/30/2025 16:27:00,03/30/2025 16:27:20,BusinessRuleUpdate,Succeeded
Xander Dijkgraaf (500035),Microsoft Active Directory,SEC-Antivirus (avo.local/Demo/Groups/SEC-Antivirus),Grant,06/10/2025 03:45:00,06/10/2025 03:46:01,Import,Succeeded
Xander Dijkgraaf (500035),Microsoft Active Directory,SEC-MFA-Enrolled (avo.local/Demo/Groups/SEC-MFA-Enrolled),Grant,06/09/2026 01:49:00,06/09/2026 01:49:57,PersonUpdate,Succeeded
Xander Dijkgraaf (500035),Microsoft Active Directory,SEC-Endpoint-Protection (avo.local/Demo/Groups/SEC-Endpoint-Protection),Grant,05/19/2025 12:32:00,05/19/2025 12:32:39,BusinessRuleUpdate,Succeeded
Xander Dijkgraaf (500035),Microsoft Active Directory,FS-FIN01-RW (avo.local/Demo/Groups/FS-FIN01-RW),Grant,04/11/2025 04:38:00,04/11/2025 04:39:16,Import,Succeeded
Xander Dijkgraaf (500035),Microsoft Active Directory,TEAM-FIN01 (avo.local/Demo/Groups/TEAM-FIN01),Grant,02/07/2026 20:41:00,02/07/2026 20:41:25,BusinessRuleUpdate,Succeeded
Xander Dijkgraaf (500035),Microsoft Active Directory,MBX-FIN01 (avo.local/Demo/Groups/MBX-FIN01),Grant,03/21/2026 03:34:00,03/21/2026 03:34:10,BusinessRuleUpdate,Succeeded
Roos Jonker (500036),Microsoft Active Directory,SEC-DiskEncryption (avo.local/Demo/Groups/SEC-DiskEncryption),Grant,06/30/2026 23:26:00,06/30/2026 23:26:52,ContractUpdate,Succeeded
Roos Jonker (500036),Microsoft Active Directory,SEC-MFA-Enrolled (avo.local/Demo/Groups/SEC-MFA-Enrolled),Grant,03/01/2026 07:47:00,03/01/2026 07:47:21,Import,Succeeded
Roos Jonker (500036),Microsoft Active Directory,SEC-Endpoint-Protection (avo.local/Demo/Groups/SEC-Endpoint-Protection),Grant,01/23/2026 07:17:00,01/23/2026 07:18:27,PersonUpdate,Succeeded
Roos Jonker (500036),Microsoft Active Directory,APP-Intranet (avo.local/Demo/Groups/APP-Intranet),Grant,06/21/2025 08:18:00,06/21/2025 08:19:13,PersonUpdate,Succeeded
Roos Jonker (500036),Microsoft Active Directory,APP-Office365 (avo.local/Demo/Groups/APP-Office365),Grant,06/11/2026 22:07:00,06/11/2026 22:07:02,PersonUpdate,Succeeded
Bram Roozendaal (500037),Microsoft Active Directory,SEC-Antivirus (avo.local/Demo/Groups/SEC-Antivirus),Grant,05/11/2025 04:36:00,05/11/2025 04:36:08,Import,Succeeded
Bram Roozendaal (500037),Microsoft Active Directory,SEC-MFA-Enrolled (avo.local/Demo/Groups/SEC-MFA-Enrolled),Grant,07/12/2026 23:49:00,07/12/2026 23:49:48,PersonUpdate,Succeeded
Bram Roozendaal (500037),Microsoft Active Directory,SEC-Endpoint-Protection (avo.local/Demo/Groups/SEC-Endpoint-Protection),Grant,03/19/2026 22:24:00,03/19/2026 22:24:08,PersonUpdate,Succeeded
Bram Roozendaal (500037),Microsoft Active Directory,APP-Intranet (avo.local/Demo/Groups/APP-Intranet),Grant,06/02/2026 20:31:00,06/02/2026 20:31:59,PersonUpdate,Succeeded
Bram Roozendaal (500037),Microsoft Active Directory,APP-Office365 (avo.local/Demo/Groups/APP-Office365),Grant,09/12/2025 21:40:00,09/12/2025 21:40:47,ContractUpdate,Succeeded
Pien Pronk (500038),Microsoft Active Directory,SEC-MFA-Enrolled (avo.local/Demo/Groups/SEC-MFA-Enrolled),Grant,07/30/2025 04:45:00,07/30/2025 04:45:24,PersonUpdate,Succeeded
Pien Pronk (500038),Microsoft Active Directory,SEC-Endpoint-Protection (avo.local/Demo/Groups/SEC-Endpoint-Protection),Grant,02/26/2026 01:55:00,02/26/2026 01:55:48,Import,Succeeded
Pien Pronk (500038),Microsoft Active Directory,APP-Intranet (avo.local/Demo/Groups/APP-Intranet),Grant,06/09/2025 00:45:00,06/09/2025 00:46:29,PersonUpdate,Succeeded
Pien Pronk (500038),Microsoft Active Directory,APP-Office365 (avo.local/Demo/Groups/APP-Office365),Grant,01/08/2026 23:14:00,01/08/2026 23:14:13,PersonUpdate,Succeeded
Pien Pronk (500038),Microsoft Active Directory,APP-HRM02-Portal (avo.local/Demo/Groups/APP-HRM02-Portal),Grant,10/28/2025 04:51:00,10/28/2025 04:51:55,ContractUpdate,Succeeded
Pien Pronk (500038),Microsoft Active Directory,FS-HRM02-RW (avo.local/Demo/Groups/FS-HRM02-RW),Grant,03/15/2026 10:06:00,03/15/2026 10:07:29,ContractUpdate,Succeeded
Pien Pronk (500038),Microsoft Active Directory,TEAM-HRM02 (avo.local/Demo/Groups/TEAM-HRM02),Grant,04/01/2025 15:29:00,04/01/2025 15:29:35,PersonUpdate,Succeeded
Pien Pronk (500038),Microsoft Active Directory,MBX-HRM02 (avo.local/Demo/Groups/MBX-HRM02),Grant,12/26/2025 07:03:00,12/26/2025 07:03:37,Import,Succeeded
Pien Pronk (500038),Microsoft Active Directory,ROLE-Verpleegkundige (avo.local/Demo/Groups/ROLE-Verpleegkundige),Grant,06/17/2026 17:04:00,06/17/2026 17:04:33,PersonUpdate,Succeeded
Pien Pronk (500038),Microsoft Active Directory,APP-Visio (avo.local/Demo/Groups/APP-Visio),Grant,06/25/2025 23:57:00,06/25/2025 23:57:49,BusinessRuleUpdate,Succeeded
Xander Quaedvlieg (500039),Microsoft Active Directory,SEC-MFA-Enrolled (avo.local/Demo/Groups/SEC-MFA-Enrolled),Grant,04/17/2025 11:18:00,04/17/2025 11:18:15,Import,Succeeded
Xander Quaedvlieg (500039),Microsoft Active Directory,SEC-Endpoint-Protection (avo.local/Demo/Groups/SEC-Endpoint-Protection),Grant,04/12/2025 08:06:00,04/12/2025 08:06:31,ContractUpdate,Succeeded
Xander Quaedvlieg (500039),Microsoft Active Directory,APP-Intranet (avo.local/Demo/Groups/APP-Intranet),Grant,04/21/2025 11:44:00,04/21/2025 11:44:40,Import,Succeeded
Xander Quaedvlieg (500039),Microsoft Active Directory,APP-Office365 (avo.local/Demo/Groups/APP-Office365),Grant,04/18/2026 13:51:00,04/18/2026 13:51:01,BusinessRuleUpdate,Succeeded
Xander Quaedvlieg (500039),Microsoft Active Directory,APP-ICT03-Portal (avo.local/Demo/Groups/APP-ICT03-Portal),Grant,05/22/2025 01:18:00,05/22/2025 01:19:03,ContractUpdate,Succeeded
Xander Quaedvlieg (500039),Microsoft Active Directory,TEAM-ICT03 (avo.local/Demo/Groups/TEAM-ICT03),Grant,06/28/2026 05:40:00,06/28/2026 05:40:50,ContractUpdate,Succeeded
Xander Quaedvlieg (500039),Microsoft Active Directory,TEAM-ICT03 (avo.local/Demo/Groups/TEAM-ICT03),Revoke,08/03/2026 23:00:00,08/03/2026 23:00:26,ContractUpdate,Succeeded
Xander Quaedvlieg (500039),Microsoft Active Directory,TEAM-ICT03 (avo.local/Demo/Groups/TEAM-ICT03),Grant,08/03/2026 23:00:00,08/03/2026 23:00:43,ContractUpdate,Succeeded
Xander Quaedvlieg (500039),Microsoft Active Directory,MBX-ICT03 (avo.local/Demo/Groups/MBX-ICT03),Grant,10/19/2025 21:04:00,10/19/2025 21:05:00,Import,Succeeded
Kim Dijkgraaf (500040),Microsoft Active Directory,SEC-Antivirus (avo.local/Demo/Groups/SEC-Antivirus),Grant,03/27/2026 02:43:00,03/27/2026 02:43:38,PersonUpdate,Succeeded
Kim Dijkgraaf (500040),Microsoft Active Directory,SEC-DiskEncryption (avo.local/Demo/Groups/SEC-DiskEncryption),Grant,01/31/2026 03:57:00,01/31/2026 03:57:23,BusinessRuleUpdate,Succeeded
Kim Dijkgraaf (500040),Microsoft Active Directory,SEC-Endpoint-Protection (avo.local/Demo/Groups/SEC-Endpoint-Protection),Grant,06/25/2025 09:39:00,06/25/2025 09:40:28,BusinessRuleUpdate,Succeeded
Kim Dijkgraaf (500040),Microsoft Active Directory,APP-Intranet (avo.local/Demo/Groups/APP-Intranet),Grant,04/06/2025 23:24:00,04/06/2025 23:24:24,BusinessRuleUpdate,Succeeded
Kim Dijkgraaf (500040),Microsoft Active Directory,APP-Office365 (avo.local/Demo/Groups/APP-Office365),Grant,03/30/2025 04:53:00,03/30/2025 04:54:20,PersonUpdate,Succeeded
Kim Dijkgraaf (500040),Microsoft Active Directory,APP-HRM02-Portal (avo.local/Demo/Groups/APP-HRM02-Portal),Grant,09/26/2025 00:06:00,09/26/2025 00:07:27,BusinessRuleUpdate,Succeeded
Kim Dijkgraaf (500040),Microsoft Active Directory,FS-HRM02-RO (avo.local/Demo/Groups/FS-HRM02-RO),Grant,07/18/2025 00:23:00,07/18/2025 00:23:53,Import,Succeeded
Kim Dijkgraaf (500040),Microsoft Active Directory,FS-HRM02-RW (avo.local/Demo/Groups/FS-HRM02-RW),Grant,07/25/2025 22:58:00,07/25/2025 22:58:29,BusinessRuleUpdate,Succeeded
Kim Dijkgraaf (500040),Microsoft Active Directory,TEAM-HRM02 (avo.local/Demo/Groups/TEAM-HRM02),Grant,03/12/2026 13:10:00,03/12/2026 13:11:22,PersonUpdate,Succeeded
Kim Dijkgraaf (500040),Microsoft Active Directory,APP-Adobe-AcrobatPro (avo.local/Demo/Groups/APP-Adobe-AcrobatPro),Grant,06/28/2025 13:21:00,06/28/2025 13:21:07,PersonUpdate,Succeeded
Wout Dijkgraaf (500041),Microsoft Active Directory,SEC-Antivirus (avo.local/Demo/Groups/SEC-Antivirus),Grant,06/03/2025 10:35:00,06/03/2025 10:36:15,BusinessRuleUpdate,Succeeded
Wout Dijkgraaf (500041),Microsoft Active Directory,SEC-DiskEncryption (avo.local/Demo/Groups/SEC-DiskEncryption),Grant,02/02/2026 18:45:00,02/02/2026 18:45:23,ContractUpdate,Succeeded
Wout Dijkgraaf (500041),Microsoft Active Directory,SEC-MFA-Enrolled (avo.local/Demo/Groups/SEC-MFA-Enrolled),Grant,12/25/2025 04:28:00,12/25/2025 04:29:01,BusinessRuleUpdate,Succeeded
Wout Dijkgraaf (500041),Microsoft Active Directory,SEC-Endpoint-Protection (avo.local/Demo/Groups/SEC-Endpoint-Protection),Grant,04/24/2026 07:25:00,04/24/2026 07:25:06,PersonUpdate,Succeeded
Wout Dijkgraaf (500041),Microsoft Active Directory,SEC-Endpoint-Protection (avo.local/Demo/Groups/SEC-Endpoint-Protection),Revoke,05/01/2026 07:25:00,05/01/2026 07:26:11,ContractUpdate,Succeeded
Wout Dijkgraaf (500041),Microsoft Active Directory,SEC-Endpoint-Protection (avo.local/Demo/Groups/SEC-Endpoint-Protection),Grant,05/06/2026 07:25:00,05/06/2026 07:26:28,ContractUpdate,Succeeded
Wout Dijkgraaf (500041),Microsoft Active Directory,APP-Office365 (avo.local/Demo/Groups/APP-Office365),Grant,07/28/2026 17:03:00,07/28/2026 17:03:33,PersonUpdate,Succeeded
Wout Dijkgraaf (500041),Microsoft Active Directory,APP-Adobe-AcrobatPro (avo.local/Demo/Groups/APP-Adobe-AcrobatPro),Grant,01/28/2026 10:46:00,01/28/2026 10:47:20,ContractUpdate,Succeeded
Ursula Terlouw (500042),Microsoft Active Directory,SEC-Antivirus (avo.local/Demo/Groups/SEC-Antivirus),Grant,11/07/2025 07:22:00,11/07/2025 07:22:13,PersonUpdate,Succeeded
Ursula Terlouw (500042),Microsoft Active Directory,SEC-DiskEncryption (avo.local/Demo/Groups/SEC-DiskEncryption),Grant,03/29/2026 22:04:00,03/29/2026 22:05:09,Import,Succeeded
Ursula Terlouw (500042),Microsoft Active Directory,APP-Intranet (avo.local/Demo/Groups/APP-Intranet),Grant,04/04/2025 13:10:00,04/04/2025 13:11:14,PersonUpdate,Succeeded
Ursula Terlouw (500042),Microsoft Active Directory,APP-Intranet (avo.local/Demo/Groups/APP-Intranet),Revoke,05/08/2025 13:10:00,05/08/2025 13:11:00,ContractUpdate,Succeeded
Ursula Terlouw (500042),Microsoft Active Directory,APP-Intranet (avo.local/Demo/Groups/APP-Intranet),Grant,05/26/2025 13:10:00,05/26/2025 13:10:55,ContractUpdate,Succeeded
Ursula Terlouw (500042),Microsoft Active Directory,APP-Office365 (avo.local/Demo/Groups/APP-Office365),Grant,05/04/2026 04:08:00,05/04/2026 04:08:53,ContractUpdate,Succeeded
Ursula Terlouw (500042),Microsoft Active Directory,APP-CA010-Portal (avo.local/Demo/Groups/APP-CA010-Portal),Grant,06/21/2025 20:53:00,06/21/2025 20:53:40,PersonUpdate,Succeeded
Ursula Terlouw (500042),Microsoft Active Directory,FS-CA010-RW (avo.local/Demo/Groups/FS-CA010-RW),Grant,03/31/2025 18:10:00,03/31/2025 18:10:14,Import,Succeeded
Ursula Terlouw (500042),Microsoft Active Directory,MBX-CA010 (avo.local/Demo/Groups/MBX-CA010),Grant,04/19/2025 19:44:00,04/19/2025 19:45:15,ContractUpdate,Succeeded
Ursula Terlouw (500042),Microsoft Active Directory,APP-Selfservice (avo.local/Demo/Groups/APP-Selfservice),Grant,07/11/2025 15:52:00,07/11/2025 15:52:18,PersonUpdate,Succeeded
Zoë Slootweg (500043),Microsoft Active Directory,SEC-Antivirus (avo.local/Demo/Groups/SEC-Antivirus),Grant,09/01/2025 05:33:00,09/01/2025 05:34:13,Import,Succeeded
Zoë Slootweg (500043),Microsoft Active Directory,SEC-DiskEncryption (avo.local/Demo/Groups/SEC-DiskEncryption),Grant,11/09/2025 18:49:00,11/09/2025 18:49:24,BusinessRuleUpdate,Succeeded
Zoë Slootweg (500043),Microsoft Active Directory,SEC-MFA-Enrolled (avo.local/Demo/Groups/SEC-MFA-Enrolled),Grant,06/12/2025 13:48:00,06/12/2025 13:48:15,PersonUpdate,Succeeded
Zoë Slootweg (500043),Microsoft Active Directory,SEC-Endpoint-Protection (avo.local/Demo/Groups/SEC-Endpoint-Protection),Grant,03/10/2026 03:01:00,03/10/2026 03:01:27,ContractUpdate,Succeeded
Zoë Slootweg (500043),Microsoft Active Directory,APP-Intranet (avo.local/Demo/Groups/APP-Intranet),Grant,08/28/2025 12:51:00,08/28/2025 12:52:16,ContractUpdate,Succeeded
Zoë Slootweg (500043),Microsoft Active Directory,APP-Office365 (avo.local/Demo/Groups/APP-Office365),Grant,06/19/2026 22:27:00,06/19/2026 22:27:30,ContractUpdate,Succeeded
Zoë Slootweg (500043),Microsoft Active Directory,APP-Adobe-AcrobatPro (avo.local/Demo/Groups/APP-Adobe-AcrobatPro),Grant,05/21/2026 02:58:00,05/21/2026 02:59:21,PersonUpdate,Succeeded
Eva Berkhout (500044),Microsoft Active Directory,SEC-DiskEncryption (avo.local/Demo/Groups/SEC-DiskEncryption),Grant,11/09/2025 11:57:00,11/09/2025 11:57:31,PersonUpdate,Succeeded
Eva Berkhout (500044),Microsoft Active Directory,SEC-MFA-Enrolled (avo.local/Demo/Groups/SEC-MFA-Enrolled),Grant,03/30/2026 09:30:00,03/30/2026 09:30:04,BusinessRuleUpdate,Succeeded
Eva Berkhout (500044),Microsoft Active Directory,SEC-MFA-Enrolled (avo.local/Demo/Groups/SEC-MFA-Enrolled),Revoke,04/03/2026 09:30:00,04/03/2026 09:30:49,ContractUpdate,Succeeded
Eva Berkhout (500044),Microsoft Active Directory,SEC-MFA-Enrolled (avo.local/Demo/Groups/SEC-MFA-Enrolled),Grant,04/13/2026 09:30:00,04/13/2026 09:30:21,ContractUpdate,Succeeded
Eva Berkhout (500044),Microsoft Active Directory,APP-Intranet (avo.local/Demo/Groups/APP-Intranet),Grant,11/01/2025 20:47:00,11/01/2025 20:47:39,PersonUpdate,Succeeded
Eva Berkhout (500044),Microsoft Active Directory,APP-HRM02-Portal (avo.local/Demo/Groups/APP-HRM02-Portal),Grant,06/14/2026 21:39:00,06/14/2026 21:40:28,BusinessRuleUpdate,Succeeded
Eva Berkhout (500044),Microsoft Active Directory,FS-HRM02-RO (avo.local/Demo/Groups/FS-HRM02-RO),Grant,04/08/2025 11:39:00,04/08/2025 11:39:22,ContractUpdate,Succeeded
Eva Berkhout (500044),Microsoft Active Directory,FS-HRM02-RW (avo.local/Demo/Groups/FS-HRM02-RW),Grant,05/03/2025 20:13:00,05/03/2025 20:13:47,BusinessRuleUpdate,Succeeded
Eva Berkhout (500044),Microsoft Active Directory,MBX-HRM02 (avo.local/Demo/Groups/MBX-HRM02),Grant,07/24/2026 20:32:00,07/24/2026 20:33:19,ContractUpdate,Succeeded
Gijs Nagtegaal (500045),Microsoft Active Directory,SEC-Antivirus (avo.local/Demo/Groups/SEC-Antivirus),Grant,07/03/2025 22:33:00,07/03/2025 22:33:58,Import,Succeeded
Gijs Nagtegaal (500045),Microsoft Active Directory,SEC-DiskEncryption (avo.local/Demo/Groups/SEC-DiskEncryption),Grant,05/13/2026 10:07:00,05/13/2026 10:07:23,ContractUpdate,Succeeded
Gijs Nagtegaal (500045),Microsoft Active Directory,SEC-MFA-Enrolled (avo.local/Demo/Groups/SEC-MFA-Enrolled),Grant,08/06/2025 02:27:00,08/06/2025 02:27:11,BusinessRuleUpdate,Succeeded
Gijs Nagtegaal (500045),Microsoft Active Directory,APP-Intranet (avo.local/Demo/Groups/APP-Intranet),Grant,05/31/2026 17:01:00,05/31/2026 17:01:14,PersonUpdate,Succeeded
Gijs Nagtegaal (500045),Microsoft Active Directory,APP-Office365 (avo.local/Demo/Groups/APP-Office365),Grant,08/30/2025 16:43:00,08/30/2025 16:44:06,Import,Succeeded
Mila Aalbers (500046),Microsoft Active Directory,SEC-Antivirus (avo.local/Demo/Groups/SEC-Antivirus),Grant,07/26/2026 19:48:00,07/26/2026 19:49:12,ContractUpdate,Succeeded
Mila Aalbers (500046),Microsoft Active Directory,SEC-DiskEncryption (avo.local/Demo/Groups/SEC-DiskEncryption),Grant,01/12/2026 12:17:00,01/12/2026 12:18:18,PersonUpdate,Succeeded
Mila Aalbers (500046),Microsoft Active Directory,APP-Intranet (avo.local/Demo/Groups/APP-Intranet),Grant,06/03/2026 08:27:00,06/03/2026 08:28:12,BusinessRuleUpdate,Succeeded
Mila Aalbers (500046),Microsoft Active Directory,APP-Office365 (avo.local/Demo/Groups/APP-Office365),Grant,04/11/2025 04:44:00,04/11/2025 04:44:15,ContractUpdate,Succeeded
Mila Aalbers (500046),Microsoft Active Directory,APP-Adobe-AcrobatPro (avo.local/Demo/Groups/APP-Adobe-AcrobatPro),Grant,07/04/2025 05:57:00,07/04/2025 05:58:30,BusinessRuleUpdate,Succeeded
Ursula Berkhout (500047),Microsoft Active Directory,SEC-Antivirus (avo.local/Demo/Groups/SEC-Antivirus),Grant,05/30/2026 12:50:00,05/30/2026 12:50:48,Import,Succeeded
Ursula Berkhout (500047),Microsoft Active Directory,SEC-Endpoint-Protection (avo.local/Demo/Groups/SEC-Endpoint-Protection),Grant,11/03/2025 23:02:00,11/03/2025 23:03:07,ContractUpdate,Succeeded
Ursula Berkhout (500047),Microsoft Active Directory,APP-Intranet (avo.local/Demo/Groups/APP-Intranet),Grant,02/11/2026 18:00:00,02/11/2026 18:00:06,BusinessRuleUpdate,Succeeded
Ursula Berkhout (500047),Microsoft Active Directory,APP-Office365 (avo.local/Demo/Groups/APP-Office365),Grant,05/29/2026 12:39:00,05/29/2026 12:39:45,BusinessRuleUpdate,Succeeded
Ursula Berkhout (500047),Microsoft Active Directory,FS-ICT03-RO (avo.local/Demo/Groups/FS-ICT03-RO),Grant,05/17/2025 15:00:00,05/17/2025 15:00:42,PersonUpdate,Succeeded
Ursula Berkhout (500047),Microsoft Active Directory,FS-ICT03-RW (avo.local/Demo/Groups/FS-ICT03-RW),Grant,02/26/2026 08:01:00,02/26/2026 08:02:17,ContractUpdate,Succeeded
Ursula Berkhout (500047),Microsoft Active Directory,TEAM-ICT03 (avo.local/Demo/Groups/TEAM-ICT03),Grant,06/24/2026 09:09:00,06/24/2026 09:09:34,Import,Succeeded
Ursula Berkhout (500047),Microsoft Active Directory,MBX-ICT03 (avo.local/Demo/Groups/MBX-ICT03),Grant,05/08/2025 00:12:00,05/08/2025 00:12:24,BusinessRuleUpdate,Succeeded
Ursula Berkhout (500047),Microsoft Active Directory,ROLE-Verpleegkundige (avo.local/Demo/Groups/ROLE-Verpleegkundige),Grant,04/05/2026 11:07:00,04/05/2026 11:07:05,BusinessRuleUpdate,Succeeded
Ursula Berkhout (500047),Microsoft Active Directory,APP-Visio (avo.local/Demo/Groups/APP-Visio),Grant,07/06/2026 03:05:00,07/06/2026 03:05:47,BusinessRuleUpdate,Succeeded
Lars Elzinga (500048),Microsoft Active Directory,SEC-Antivirus (avo.local/Demo/Groups/SEC-Antivirus),Grant,12/21/2025 14:11:00,12/21/2025 14:11:22,ContractUpdate,Succeeded
Lars Elzinga (500048),Microsoft Active Directory,SEC-DiskEncryption (avo.local/Demo/Groups/SEC-DiskEncryption),Grant,06/08/2025 01:21:00,06/08/2025 01:21:28,Import,Succeeded
Lars Elzinga (500048),Microsoft Active Directory,SEC-MFA-Enrolled (avo.local/Demo/Groups/SEC-MFA-Enrolled),Grant,03/27/2026 21:51:00,03/27/2026 21:51:37,PersonUpdate,Succeeded
Lars Elzinga (500048),Microsoft Active Directory,SEC-Endpoint-Protection (avo.local/Demo/Groups/SEC-Endpoint-Protection),Grant,04/02/2025 21:02:00,04/02/2025 21:02:06,ContractUpdate,Succeeded
Lars Elzinga (500048),Microsoft Active Directory,APP-Intranet (avo.local/Demo/Groups/APP-Intranet),Grant,04/11/2025 19:54:00,04/11/2025 19:54:48,ContractUpdate,Succeeded
Lars Elzinga (500048),Microsoft Active Directory,APP-Office365 (avo.local/Demo/Groups/APP-Office365),Grant,07/22/2026 22:50:00,07/22/2026 22:50:50,Import,Succeeded
Lars Elzinga (500048),Microsoft Active Directory,APP-FIN01-Portal (avo.local/Demo/Groups/APP-FIN01-Portal),Grant,07/02/2026 05:22:00,07/02/2026 05:22:32,BusinessRuleUpdate,Succeeded
Lars Elzinga (500048),Microsoft Active Directory,MBX-FIN01 (avo.local/Demo/Groups/MBX-FIN01),Grant,06/07/2026 05:11:00,06/07/2026 05:11:46,BusinessRuleUpdate,Succeeded
Gijs Coenen (500049),Microsoft Active Directory,SEC-DiskEncryption (avo.local/Demo/Groups/SEC-DiskEncryption),Grant,07/04/2025 21:07:00,07/04/2025 21:07:22,PersonUpdate,Succeeded
Gijs Coenen (500049),Microsoft Active Directory,SEC-MFA-Enrolled (avo.local/Demo/Groups/SEC-MFA-Enrolled),Grant,06/05/2025 23:29:00,06/05/2025 23:30:14,BusinessRuleUpdate,Succeeded
Gijs Coenen (500049),Microsoft Active Directory,SEC-Endpoint-Protection (avo.local/Demo/Groups/SEC-Endpoint-Protection),Grant,03/31/2026 19:39:00,03/31/2026 19:39:12,BusinessRuleUpdate,Succeeded
Gijs Coenen (500049),Microsoft Active Directory,APP-Intranet (avo.local/Demo/Groups/APP-Intranet),Grant,06/09/2026 07:16:00,06/09/2026 07:16:38,ContractUpdate,Succeeded
Gijs Coenen (500049),Microsoft Active Directory,APP-Office365 (avo.local/Demo/Groups/APP-Office365),Grant,06/05/2026 01:47:00,06/05/2026 01:47:35,ContractUpdate,Succeeded
Gijs Coenen (500049),Microsoft Active Directory,APP-Visio (avo.local/Demo/Groups/APP-Visio),Grant,06/12/2026 01:50:00,06/12/2026 01:50:06,ContractUpdate,Succeeded
Gijs Wielenga (500050),Microsoft Active Directory,SEC-MFA-Enrolled (avo.local/Demo/Groups/SEC-MFA-Enrolled),Grant,11/20/2025 16:21:00,11/20/2025 16:22:12,PersonUpdate,Succeeded
Gijs Wielenga (500050),Microsoft Active Directory,SEC-Endpoint-Protection (avo.local/Demo/Groups/SEC-Endpoint-Protection),Grant,06/26/2026 01:15:00,06/26/2026 01:15:29,BusinessRuleUpdate,Succeeded
Gijs Wielenga (500050),Microsoft Active Directory,APP-Office365 (avo.local/Demo/Groups/APP-Office365),Grant,05/24/2026 04:53:00,05/24/2026 04:53:19,Import,Succeeded
Gijs Wielenga (500050),Microsoft Active Directory,ROLE-Verzorgende (avo.local/Demo/Groups/ROLE-Verzorgende),Grant,06/13/2026 18:05:00,06/13/2026 18:05:11,BusinessRuleUpdate,Succeeded
Gijs Wielenga (500050),Microsoft Active Directory,APP-Copilot (avo.local/Demo/Groups/APP-Copilot),Grant,06/20/2026 05:53:00,06/20/2026 05:54:06,BusinessRuleUpdate,Succeeded
Eva Wielenga (500051),Microsoft Active Directory,SEC-Antivirus (avo.local/Demo/Groups/SEC-Antivirus),Grant,01/24/2026 08:19:00,01/24/2026 08:19:26,Import,Succeeded
Eva Wielenga (500051),Microsoft Active Directory,SEC-DiskEncryption (avo.local/Demo/Groups/SEC-DiskEncryption),Grant,02/21/2026 02:38:00,02/21/2026 02:38:05,Import,Succeeded
Eva Wielenga (500051),Microsoft Active Directory,SEC-MFA-Enrolled (avo.local/Demo/Groups/SEC-MFA-Enrolled),Grant,06/27/2025 07:28:00,06/27/2025 07:28:32,BusinessRuleUpdate,Succeeded
Eva Wielenga (500051),Microsoft Active Directory,SEC-Endpoint-Protection (avo.local/Demo/Groups/SEC-Endpoint-Protection),Grant,12/19/2025 23:55:00,12/19/2025 23:55:43,BusinessRuleUpdate,Succeeded
Eva Wielenga (500051),Microsoft Active Directory,APP-Intranet (avo.local/Demo/Groups/APP-Intranet),Grant,03/08/2026 01:44:00,03/08/2026 01:44:52,BusinessRuleUpdate,Succeeded
Eva Wielenga (500051),Microsoft Active Directory,APP-Office365 (avo.local/Demo/Groups/APP-Office365),Grant,05/01/2026 18:13:00,05/01/2026 18:13:03,Import,Succeeded
Eva Wielenga (500051),Microsoft Active Directory,TEAM-CA010 (avo.local/Demo/Groups/TEAM-CA010),Grant,05/13/2025 16:00:00,05/13/2025 16:01:23,PersonUpdate,Succeeded
Eva Wielenga (500051),Microsoft Active Directory,FS-CA010-RO (avo.local/Demo/Groups/FS-CA010-RO),Grant,09/19/2025 15:05:00,09/19/2025 15:05:18,ContractUpdate,Succeeded
Xander Roozendaal (500052),Microsoft Active Directory,SEC-Antivirus (avo.local/Demo/Groups/SEC-Antivirus),Grant,06/01/2025 06:16:00,06/01/2025 06:16:26,Import,Succeeded
Xander Roozendaal (500052),Microsoft Active Directory,SEC-DiskEncryption (avo.local/Demo/Groups/SEC-DiskEncryption),Grant,11/21/2025 01:29:00,11/21/2025 01:29:12,BusinessRuleUpdate,Succeeded
Xander Roozendaal (500052),Microsoft Active Directory,SEC-MFA-Enrolled (avo.local/Demo/Groups/SEC-MFA-Enrolled),Grant,09/29/2025 19:22:00,09/29/2025 19:22:54,PersonUpdate,Succeeded
Xander Roozendaal (500052),Microsoft Active Directory,SEC-Endpoint-Protection (avo.local/Demo/Groups/SEC-Endpoint-Protection),Grant,05/04/2025 15:57:00,05/04/2025 15:58:18,BusinessRuleUpdate,Succeeded
Xander Roozendaal (500052),Microsoft Active Directory,APP-Office365 (avo.local/Demo/Groups/APP-Office365),Grant,07/12/2025 11:56:00,07/12/2025 11:56:53,PersonUpdate,Succeeded
Xander Roozendaal (500052),Microsoft Active Directory,APP-HRM02-Portal (avo.local/Demo/Groups/APP-HRM02-Portal),Grant,06/26/2026 06:15:00,06/26/2026 06:15:40,ContractUpdate,Succeeded
Xander Roozendaal (500052),Microsoft Active Directory,ROLE-Begeleider (avo.local/Demo/Groups/ROLE-Begeleider),Grant,08/08/2025 17:50:00,08/08/2025 17:51:25,ContractUpdate,Succeeded
Pien Berkhout (500053),Microsoft Active Directory,SEC-Antivirus (avo.local/Demo/Groups/SEC-Antivirus),Grant,11/17/2025 16:42:00,11/17/2025 16:42:18,BusinessRuleUpdate,Succeeded
Pien Berkhout (500053),Microsoft Active Directory,SEC-DiskEncryption (avo.local/Demo/Groups/SEC-DiskEncryption),Grant,12/26/2025 01:10:00,12/26/2025 01:11:06,Import,Succeeded
Pien Berkhout (500053),Microsoft Active Directory,SEC-MFA-Enrolled (avo.local/Demo/Groups/SEC-MFA-Enrolled),Grant,01/11/2026 03:59:00,01/11/2026 04:00:06,ContractUpdate,Succeeded
Pien Berkhout (500053),Microsoft Active Directory,SEC-Endpoint-Protection (avo.local/Demo/Groups/SEC-Endpoint-Protection),Grant,03/23/2026 08:54:00,03/23/2026 08:54:16,Import,Succeeded
Pien Berkhout (500053),Microsoft Active Directory,APP-Office365 (avo.local/Demo/Groups/APP-Office365),Grant,07/06/2025 15:37:00,07/06/2025 15:38:23,ContractUpdate,Succeeded
Zoë Lindeboom (500054),Microsoft Active Directory,SEC-Antivirus (avo.local/Demo/Groups/SEC-Antivirus),Grant,06/14/2025 11:15:00,06/14/2025 11:15:04,PersonUpdate,Succeeded
Zoë Lindeboom (500054),Microsoft Active Directory,SEC-DiskEncryption (avo.local/Demo/Groups/SEC-DiskEncryption),Grant,06/22/2026 14:18:00,06/22/2026 14:19:21,PersonUpdate,Succeeded
Zoë Lindeboom (500054),Microsoft Active Directory,SEC-MFA-Enrolled (avo.local/Demo/Groups/SEC-MFA-Enrolled),Grant,02/05/2026 16:33:00,02/05/2026 16:34:14,BusinessRuleUpdate,Succeeded
Zoë Lindeboom (500054),Microsoft Active Directory,SEC-MFA-Enrolled (avo.local/Demo/Groups/SEC-MFA-Enrolled),Revoke,03/23/2026 16:33:00,03/23/2026 16:33:34,ContractUpdate,Succeeded
Zoë Lindeboom (500054),Microsoft Active Directory,SEC-MFA-Enrolled (avo.local/Demo/Groups/SEC-MFA-Enrolled),Grant,04/06/2026 16:33:00,04/06/2026 16:34:21,ContractUpdate,Succeeded
Zoë Lindeboom (500054),Microsoft Active Directory,SEC-Endpoint-Protection (avo.local/Demo/Groups/SEC-Endpoint-Protection),Grant,04/17/2026 05:03:00,04/17/2026 05:03:16,ContractUpdate,Succeeded
Zoë Lindeboom (500054),Microsoft Active Directory,APP-Office365 (avo.local/Demo/Groups/APP-Office365),Grant,04/07/2025 16:41:00,04/07/2025 16:41:23,PersonUpdate,Succeeded
Zoë Lindeboom (500054),Microsoft Active Directory,APP-ICT03-Portal (avo.local/Demo/Groups/APP-ICT03-Portal),Grant,10/09/2025 21:31:00,10/09/2025 21:31:10,BusinessRuleUpdate,Succeeded
Zoë Lindeboom (500054),Microsoft Active Directory,FS-ICT03-RO (avo.local/Demo/Groups/FS-ICT03-RO),Grant,12/30/2025 21:56:00,12/30/2025 21:57:29,BusinessRuleUpdate,Succeeded
Zoë Lindeboom (500054),Microsoft Active Directory,FS-ICT03-RW (avo.local/Demo/Groups/FS-ICT03-RW),Grant,08/08/2025 05:43:00,08/08/2025 05:43:12,Import,Succeeded
Zoë Lindeboom (500054),Microsoft Active Directory,TEAM-ICT03 (avo.local/Demo/Groups/TEAM-ICT03),Grant,08/01/2025 10:36:00,08/01/2025 10:36:29,BusinessRuleUpdate,Succeeded
Zoë Lindeboom (500054),Microsoft Active Directory,MBX-ICT03 (avo.local/Demo/Groups/MBX-ICT03),Grant,11/12/2025 12:09:00,11/12/2025 12:10:18,ContractUpdate,Succeeded
Kim Quaedvlieg (500055),Microsoft Active Directory,SEC-Antivirus (avo.local/Demo/Groups/SEC-Antivirus),Grant,07/14/2026 09:34:00,07/14/2026 09:35:11,Import,Succeeded
Kim Quaedvlieg (500055),Microsoft Active Directory,SEC-DiskEncryption (avo.local/Demo/Groups/SEC-DiskEncryption),Grant,05/18/2025 20:13:00,05/18/2025 20:14:13,PersonUpdate,Succeeded
Kim Quaedvlieg (500055),Microsoft Active Directory,SEC-DiskEncryption (avo.local/Demo/Groups/SEC-DiskEncryption),Revoke,07/12/2025 20:13:00,07/12/2025 20:13:08,ContractUpdate,Succeeded
Kim Quaedvlieg (500055),Microsoft Active Directory,SEC-DiskEncryption (avo.local/Demo/Groups/SEC-DiskEncryption),Grant,07/21/2025 20:13:00,07/21/2025 20:13:06,ContractUpdate,Succeeded
Kim Quaedvlieg (500055),Microsoft Active Directory,SEC-MFA-Enrolled (avo.local/Demo/Groups/SEC-MFA-Enrolled),Grant,04/01/2026 15:43:00,04/01/2026 15:44:21,Import,Succeeded
Kim Quaedvlieg (500055),Microsoft Active Directory,APP-Office365 (avo.local/Demo/Groups/APP-Office365),Grant,05/24/2026 11:17:00,05/24/2026 11:18:11,Import,Succeeded
Kim Quaedvlieg (500055),Microsoft Active Directory,APP-ICT03-Portal (avo.local/Demo/Groups/APP-ICT03-Portal),Grant,07/16/2025 03:55:00,07/16/2025 03:55:53,ContractUpdate,Succeeded
Kim Quaedvlieg (500055),Microsoft Active Directory,FS-ICT03-RO (avo.local/Demo/Groups/FS-ICT03-RO),Grant,11/27/2025 11:57:00,11/27/2025 11:57:46,BusinessRuleUpdate,Succeeded
Kim Quaedvlieg (500055),Microsoft Active Directory,FS-ICT03-RW (avo.local/Demo/Groups/FS-ICT03-RW),Grant,05/19/2025 17:21:00,05/19/2025 17:22:14,PersonUpdate,Succeeded
Kim Quaedvlieg (500055),Microsoft Active Directory,TEAM-ICT03 (avo.local/Demo/Groups/TEAM-ICT03),Grant,02/20/2026 07:02:00,02/20/2026 07:02:12,BusinessRuleUpdate,Succeeded
Iris Zomerdijk (500056),Microsoft Active Directory,SEC-Antivirus (avo.local/Demo/Groups/SEC-Antivirus),Grant,03/30/2025 09:13:00,03/30/2025 09:13:22,ContractUpdate,Succeeded
Iris Zomerdijk (500056),Microsoft Active Directory,SEC-Endpoint-Protection (avo.local/Demo/Groups/SEC-Endpoint-Protection),Grant,03/30/2026 03:55:00,03/30/2026 03:56:09,BusinessRuleUpdate,Succeeded
Iris Zomerdijk (500056),Microsoft Active Directory,APP-Intranet (avo.local/Demo/Groups/APP-Intranet),Grant,09/13/2025 21:10:00,09/13/2025 21:10:55,Import,Succeeded
Iris Zomerdijk (500056),Microsoft Active Directory,APP-Office365 (avo.local/Demo/Groups/APP-Office365),Grant,11/25/2025 10:50:00,11/25/2025 10:51:05,Import,Succeeded
Iris Zomerdijk (500056),Microsoft Active Directory,APP-Office365 (avo.local/Demo/Groups/APP-Office365),Revoke,01/08/2026 10:50:00,01/08/2026 10:50:49,ContractUpdate,Succeeded
Iris Zomerdijk (500056),Microsoft Active Directory,APP-Office365 (avo.local/Demo/Groups/APP-Office365),Grant,01/28/2026 10:50:00,01/28/2026 10:50:34,ContractUpdate,Succeeded
Iris Zomerdijk (500056),Microsoft Active Directory,ROLE-Verzorgende (avo.local/Demo/Groups/ROLE-Verzorgende),Grant,07/11/2025 23:53:00,07/11/2025 23:53:39,Import,Succeeded
Iris Zomerdijk (500056),Microsoft Active Directory,APP-Copilot (avo.local/Demo/Groups/APP-Copilot),Grant,12/10/2025 04:22:00,12/10/2025 04:22:34,BusinessRuleUpdate,Succeeded
Sem Quaedvlieg (500057),Microsoft Active Directory,SEC-Antivirus (avo.local/Demo/Groups/SEC-Antivirus),Grant,12/14/2025 03:05:00,12/14/2025 03:05:19,BusinessRuleUpdate,Succeeded
Sem Quaedvlieg (500057),Microsoft Active Directory,SEC-DiskEncryption (avo.local/Demo/Groups/SEC-DiskEncryption),Grant,07/14/2026 23:11:00,07/14/2026 23:12:01,BusinessRuleUpdate,Succeeded
Sem Quaedvlieg (500057),Microsoft Active Directory,SEC-MFA-Enrolled (avo.local/Demo/Groups/SEC-MFA-Enrolled),Grant,09/30/2025 14:34:00,09/30/2025 14:35:09,ContractUpdate,Succeeded
Sem Quaedvlieg (500057),Microsoft Active Directory,SEC-Endpoint-Protection (avo.local/Demo/Groups/SEC-Endpoint-Protection),Grant,04/06/2026 03:40:00,04/06/2026 03:40:33,BusinessRuleUpdate,Succeeded
Sem Quaedvlieg (500057),Microsoft Active Directory,APP-Office365 (avo.local/Demo/Groups/APP-Office365),Grant,08/11/2025 17:20:00,08/11/2025 17:21:23,BusinessRuleUpdate,Succeeded
Sem Quaedvlieg (500057),Microsoft Active Directory,FS-CA060-RO (avo.local/Demo/Groups/FS-CA060-RO),Grant,04/08/2025 09:55:00,04/08/2025 09:55:46,Import,Succeeded
Sem Quaedvlieg (500057),Microsoft Active Directory,TEAM-CA060 (avo.local/Demo/Groups/TEAM-CA060),Grant,09/01/2025 13:46:00,09/01/2025 13:46:34,ContractUpdate,Succeeded
Sem Quaedvlieg (500057),Microsoft Active Directory,MBX-CA060 (avo.local/Demo/Groups/MBX-CA060),Grant,03/16/2026 07:33:00,03/16/2026 07:34:21,BusinessRuleUpdate,Succeeded
Sem Quaedvlieg (500057),Microsoft Active Directory,APP-Selfservice (avo.local/Demo/Groups/APP-Selfservice),Grant,06/03/2025 07:32:00,06/03/2025 07:33:27,Import,Succeeded
Hanna Pronk (500058),Microsoft Active Directory,SEC-Antivirus (avo.local/Demo/Groups/SEC-Antivirus),Grant,08/15/2025 18:03:00,08/15/2025 18:03:41,ContractUpdate,Succeeded
Hanna Pronk (500058),Microsoft Active Directory,SEC-MFA-Enrolled (avo.local/Demo/Groups/SEC-MFA-Enrolled),Grant,04/28/2026 08:56:00,04/28/2026 08:56:02,Import,Succeeded
Hanna Pronk (500058),Microsoft Active Directory,SEC-Endpoint-Protection (avo.local/Demo/Groups/SEC-Endpoint-Protection),Grant,12/05/2025 08:31:00,12/05/2025 08:32:29,ContractUpdate,Succeeded
Hanna Pronk (500058),Microsoft Active Directory,APP-Office365 (avo.local/Demo/Groups/APP-Office365),Grant,09/05/2025 10:15:00,09/05/2025 10:15:51,BusinessRuleUpdate,Succeeded
Hanna Pronk (500058),Microsoft Active Directory,APP-Adobe-AcrobatPro (avo.local/Demo/Groups/APP-Adobe-AcrobatPro),Grant,01/29/2026 12:22:00,01/29/2026 12:23:28,PersonUpdate,Succeeded
Tess Slootweg (500059),Microsoft Active Directory,SEC-Antivirus (avo.local/Demo/Groups/SEC-Antivirus),Grant,03/12/2026 09:24:00,03/12/2026 09:25:30,ContractUpdate,Succeeded
Tess Slootweg (500059),Microsoft Active Directory,SEC-Antivirus (avo.local/Demo/Groups/SEC-Antivirus),Revoke,04/12/2026 09:24:00,04/12/2026 09:24:50,ContractUpdate,Succeeded
Tess Slootweg (500059),Microsoft Active Directory,SEC-Antivirus (avo.local/Demo/Groups/SEC-Antivirus),Grant,04/20/2026 09:24:00,04/20/2026 09:25:30,ContractUpdate,Succeeded
Tess Slootweg (500059),Microsoft Active Directory,SEC-DiskEncryption (avo.local/Demo/Groups/SEC-DiskEncryption),Grant,06/09/2025 15:54:00,06/09/2025 15:54:51,ContractUpdate,Succeeded
Tess Slootweg (500059),Microsoft Active Directory,SEC-MFA-Enrolled (avo.local/Demo/Groups/SEC-MFA-Enrolled),Grant,02/22/2026 08:16:00,02/22/2026 08:16:19,PersonUpdate,Succeeded
Tess Slootweg (500059),Microsoft Active Directory,SEC-Endpoint-Protection (avo.local/Demo/Groups/SEC-Endpoint-Protection),Grant,03/25/2026 08:31:00,03/25/2026 08:31:02,ContractUpdate,Succeeded
Tess Slootweg (500059),Microsoft Active Directory,APP-Intranet (avo.local/Demo/Groups/APP-Intranet),Grant,07/11/2025 20:35:00,07/11/2025 20:35:22,Import,Succeeded
Tess Slootweg (500059),Microsoft Active Directory,APP-Office365 (avo.local/Demo/Groups/APP-Office365),Grant,02/08/2026 05:19:00,02/08/2026 05:19:52,PersonUpdate,Succeeded
Noa Berkhout (500060),Microsoft Active Directory,SEC-DiskEncryption (avo.local/Demo/Groups/SEC-DiskEncryption),Grant,11/02/2025 17:37:00,11/02/2025 17:38:26,BusinessRuleUpdate,Succeeded
Noa Berkhout (500060),Microsoft Active Directory,SEC-Endpoint-Protection (avo.local/Demo/Groups/SEC-Endpoint-Protection),Grant,04/27/2026 05:10:00,04/27/2026 05:11:30,ContractUpdate,Succeeded
Noa Berkhout (500060),Microsoft Active Directory,APP-Intranet (avo.local/Demo/Groups/APP-Intranet),Grant,05/03/2025 17:08:00,05/03/2025 17:09:08,BusinessRuleUpdate,Succeeded
Noa Berkhout (500060),Microsoft Active Directory,APP-Office365 (avo.local/Demo/Groups/APP-Office365),Grant,11/03/2025 23:06:00,11/03/2025 23:06:10,Import,Succeeded
Noa Berkhout (500060),Microsoft Active Directory,ROLE-Verpleegkundige (avo.local/Demo/Groups/ROLE-Verpleegkundige),Grant,05/06/2026 15:20:00,05/06/2026 15:21:16,BusinessRuleUpdate,Succeeded
Noa Berkhout (500060),Microsoft Active Directory,APP-Visio (avo.local/Demo/Groups/APP-Visio),Grant,06/28/2026 00:02:00,06/28/2026 00:02:27,Import,Succeeded
Finn Quaedvlieg (500061),Microsoft Active Directory,SEC-DiskEncryption (avo.local/Demo/Groups/SEC-DiskEncryption),Grant,04/25/2026 20:13:00,04/25/2026 20:13:40,BusinessRuleUpdate,Succeeded
Finn Quaedvlieg (500061),Microsoft Active Directory,SEC-MFA-Enrolled (avo.local/Demo/Groups/SEC-MFA-Enrolled),Grant,07/07/2026 07:14:00,07/07/2026 07:15:01,BusinessRuleUpdate,Succeeded
Finn Quaedvlieg (500061),Microsoft Active Directory,APP-Intranet (avo.local/Demo/Groups/APP-Intranet),Grant,12/07/2025 06:54:00,12/07/2025 06:55:04,Import,Succeeded
Finn Quaedvlieg (500061),Microsoft Active Directory,APP-Office365 (avo.local/Demo/Groups/APP-Office365),Grant,06/03/2025 21:22:00,06/03/2025 21:22:59,PersonUpdate,Succeeded
Vera Jonker (500062),Microsoft Active Directory,SEC-Antivirus (avo.local/Demo/Groups/SEC-Antivirus),Grant,04/23/2026 22:27:00,04/23/2026 22:28:22,ContractUpdate,Succeeded
Vera Jonker (500062),Microsoft Active Directory,SEC-DiskEncryption (avo.local/Demo/Groups/SEC-DiskEncryption),Grant,10/13/2025 14:50:00,10/13/2025 14:51:12,BusinessRuleUpdate,Succeeded
Vera Jonker (500062),Microsoft Active Directory,SEC-MFA-Enrolled (avo.local/Demo/Groups/SEC-MFA-Enrolled),Grant,06/30/2025 13:27:00,06/30/2025 13:27:42,PersonUpdate,Succeeded
Vera Jonker (500062),Microsoft Active Directory,SEC-Endpoint-Protection (avo.local/Demo/Groups/SEC-Endpoint-Protection),Grant,08/16/2025 10:12:00,08/16/2025 10:12:15,BusinessRuleUpdate,Succeeded
Vera Jonker (500062),Microsoft Active Directory,APP-Office365 (avo.local/Demo/Groups/APP-Office365),Grant,06/17/2026 18:29:00,06/17/2026 18:29:12,Import,Succeeded
Zoë Hoekstra (500063),Microsoft Active Directory,SEC-Antivirus (avo.local/Demo/Groups/SEC-Antivirus),Grant,08/29/2025 18:34:00,08/29/2025 18:34:48,Import,Succeeded
Zoë Hoekstra (500063),Microsoft Active Directory,SEC-DiskEncryption (avo.local/Demo/Groups/SEC-DiskEncryption),Grant,09/06/2025 08:19:00,09/06/2025 08:20:19,ContractUpdate,Succeeded
Zoë Hoekstra (500063),Microsoft Active Directory,SEC-MFA-Enrolled (avo.local/Demo/Groups/SEC-MFA-Enrolled),Grant,03/07/2026 10:54:00,03/07/2026 10:54:37,ContractUpdate,Succeeded
Zoë Hoekstra (500063),Microsoft Active Directory,APP-Intranet (avo.local/Demo/Groups/APP-Intranet),Grant,03/04/2026 08:47:00,03/04/2026 08:47:35,BusinessRuleUpdate,Succeeded
Zoë Hoekstra (500063),Microsoft Active Directory,APP-Office365 (avo.local/Demo/Groups/APP-Office365),Grant,01/13/2026 14:35:00,01/13/2026 14:35:56,ContractUpdate,Succeeded
Zoë Hoekstra (500063),Microsoft Active Directory,APP-CA010-Portal (avo.local/Demo/Groups/APP-CA010-Portal),Grant,11/10/2025 18:14:00,11/10/2025 18:14:30,Import,Succeeded
Zoë Hoekstra (500063),Microsoft Active Directory,FS-CA010-RW (avo.local/Demo/Groups/FS-CA010-RW),Grant,04/22/2025 07:34:00,04/22/2025 07:34:34,Import,Succeeded
Zoë Hoekstra (500063),Microsoft Active Directory,TEAM-CA010 (avo.local/Demo/Groups/TEAM-CA010),Grant,04/19/2026 05:26:00,04/19/2026 05:26:05,Import,Succeeded
Zoë Hoekstra (500063),Microsoft Active Directory,MBX-CA010 (avo.local/Demo/Groups/MBX-CA010),Grant,09/19/2025 16:38:00,09/19/2025 16:39:14,BusinessRuleUpdate,Succeeded
Zoë Hoekstra (500063),Microsoft Active Directory,APP-Selfservice (avo.local/Demo/Groups/APP-Selfservice),Grant,05/02/2025 00:06:00,05/02/2025 00:07:12,PersonUpdate,Succeeded
Zoë Hoekstra (500063),Microsoft Active Directory,APP-Visio (avo.local/Demo/Groups/APP-Visio),Grant,10/06/2025 11:45:00,10/06/2025 11:45:39,Import,Succeeded
Hanna Roozendaal (500064),Microsoft Active Directory,SEC-Antivirus (avo.local/Demo/Groups/SEC-Antivirus),Grant,07/15/2026 10:00:00,07/15/2026 10:00:34,Import,Succeeded
Hanna Roozendaal (500064),Microsoft Active Directory,SEC-DiskEncryption (avo.local/Demo/Groups/SEC-DiskEncryption),Grant,09/03/2025 22:19:00,09/03/2025 22:20:04,BusinessRuleUpdate,Succeeded
Hanna Roozendaal (500064),Microsoft Active Directory,APP-Intranet (avo.local/Demo/Groups/APP-Intranet),Grant,12/19/2025 05:20:00,12/19/2025 05:20:47,BusinessRuleUpdate,Succeeded
Hanna Roozendaal (500064),Microsoft Active Directory,APP-Office365 (avo.local/Demo/Groups/APP-Office365),Grant,06/06/2025 00:58:00,06/06/2025 00:59:00,Import,Succeeded
Daan Berkhout (500065),Microsoft Active Directory,SEC-MFA-Enrolled (avo.local/Demo/Groups/SEC-MFA-Enrolled),Grant,05/23/2026 18:06:00,05/23/2026 18:06:15,Import,Succeeded
Daan Berkhout (500065),Microsoft Active Directory,APP-Intranet (avo.local/Demo/Groups/APP-Intranet),Grant,01/12/2026 02:49:00,01/12/2026 02:49:57,PersonUpdate,Succeeded
Daan Berkhout (500065),Microsoft Active Directory,APP-Office365 (avo.local/Demo/Groups/APP-Office365),Grant,06/22/2025 17:50:00,06/22/2025 17:51:03,Import,Succeeded
Daan Berkhout (500065),Microsoft Active Directory,APP-CB12-Portal (avo.local/Demo/Groups/APP-CB12-Portal),Grant,12/18/2025 18:27:00,12/18/2025 18:28:25,PersonUpdate,Succeeded
Daan Berkhout (500065),Microsoft Active Directory,FS-CB12-RO (avo.local/Demo/Groups/FS-CB12-RO),Grant,12/12/2025 14:52:00,12/12/2025 14:53:07,BusinessRuleUpdate,Succeeded
Daan Berkhout (500065),Microsoft Active Directory,FS-CB12-RW (avo.local/Demo/Groups/FS-CB12-RW),Grant,03/29/2026 08:36:00,03/29/2026 08:36:49,PersonUpdate,Succeeded
Daan Berkhout (500065),Microsoft Active Directory,FS-CB12-RW (avo.local/Demo/Groups/FS-CB12-RW),Revoke,04/14/2026 08:36:00,04/14/2026 08:36:38,ContractUpdate,Succeeded
Daan Berkhout (500065),Microsoft Active Directory,FS-CB12-RW (avo.local/Demo/Groups/FS-CB12-RW),Grant,04/15/2026 08:36:00,04/15/2026 08:37:05,ContractUpdate,Succeeded
Daan Berkhout (500065),Microsoft Active Directory,TEAM-CB12 (avo.local/Demo/Groups/TEAM-CB12),Grant,12/13/2025 03:49:00,12/13/2025 03:50:18,ContractUpdate,Succeeded
Daan Berkhout (500065),Microsoft Active Directory,APP-Selfservice (avo.local/Demo/Groups/APP-Selfservice),Grant,05/26/2025 21:41:00,05/26/2025 21:41:22,BusinessRuleUpdate,Succeeded
Daan Berkhout (500065),Microsoft Active Directory,ROLE-Verzorgende (avo.local/Demo/Groups/ROLE-Verzorgende),Grant,05/05/2025 04:24:00,05/05/2025 04:25:30,BusinessRuleUpdate,Succeeded
Hanna Coenen (500066),Microsoft Active Directory,SEC-Antivirus (avo.local/Demo/Groups/SEC-Antivirus),Grant,03/31/2026 19:44:00,03/31/2026 19:44:27,Import,Succeeded
Hanna Coenen (500066),Microsoft Active Directory,SEC-MFA-Enrolled (avo.local/Demo/Groups/SEC-MFA-Enrolled),Grant,07/10/2026 07:17:00,07/10/2026 07:17:53,Import,Succeeded
Hanna Coenen (500066),Microsoft Active Directory,SEC-Endpoint-Protection (avo.local/Demo/Groups/SEC-Endpoint-Protection),Grant,03/08/2026 20:41:00,03/08/2026 20:41:26,Import,Succeeded
Hanna Coenen (500066),Microsoft Active Directory,APP-Intranet (avo.local/Demo/Groups/APP-Intranet),Grant,11/05/2025 18:16:00,11/05/2025 18:16:02,ContractUpdate,Succeeded
Hanna Coenen (500066),Microsoft Active Directory,APP-Office365 (avo.local/Demo/Groups/APP-Office365),Grant,07/19/2025 21:57:00,07/19/2025 21:58:19,BusinessRuleUpdate,Succeeded
Hanna Coenen (500066),Microsoft Active Directory,APP-ICT03-Portal (avo.local/Demo/Groups/APP-ICT03-Portal),Grant,01/22/2026 21:22:00,01/22/2026 21:22:18,BusinessRuleUpdate,Succeeded
Hanna Coenen (500066),Microsoft Active Directory,FS-ICT03-RO (avo.local/Demo/Groups/FS-ICT03-RO),Grant,10/06/2025 02:41:00,10/06/2025 02:42:03,BusinessRuleUpdate,Succeeded
Hanna Coenen (500066),Microsoft Active Directory,TEAM-ICT03 (avo.local/Demo/Groups/TEAM-ICT03),Grant,04/08/2026 08:39:00,04/08/2026 08:39:58,ContractUpdate,Succeeded
Hanna Coenen (500066),Microsoft Active Directory,MBX-ICT03 (avo.local/Demo/Groups/MBX-ICT03),Grant,07/22/2026 12:12:00,07/22/2026 12:13:14,PersonUpdate,Succeeded
Pien Jonker (500067),Microsoft Active Directory,SEC-DiskEncryption (avo.local/Demo/Groups/SEC-DiskEncryption),Grant,04/29/2026 16:05:00,04/29/2026 16:05:19,BusinessRuleUpdate,Succeeded
Pien Jonker (500067),Microsoft Active Directory,SEC-MFA-Enrolled (avo.local/Demo/Groups/SEC-MFA-Enrolled),Grant,03/08/2026 15:57:00,03/08/2026 15:57:56,BusinessRuleUpdate,Succeeded
Pien Jonker (500067),Microsoft Active Directory,SEC-Endpoint-Protection (avo.local/Demo/Groups/SEC-Endpoint-Protection),Grant,07/23/2025 07:42:00,07/23/2025 07:42:13,ContractUpdate,Succeeded
Pien Jonker (500067),Microsoft Active Directory,APP-Office365 (avo.local/Demo/Groups/APP-Office365),Grant,07/21/2026 23:56:00,07/21/2026 23:56:42,Import,Succeeded
Pien Jonker (500067),Microsoft Active Directory,APP-Office365 (avo.local/Demo/Groups/APP-Office365),Revoke,07/24/2026 23:56:00,07/24/2026 23:57:29,ContractUpdate,Succeeded
Pien Jonker (500067),Microsoft Active Directory,APP-Office365 (avo.local/Demo/Groups/APP-Office365),Grant,08/03/2026 23:00:00,08/03/2026 23:00:49,ContractUpdate,Succeeded
Pien Jonker (500067),Microsoft Active Directory,APP-CA060-Portal (avo.local/Demo/Groups/APP-CA060-Portal),Grant,01/08/2026 12:03:00,01/08/2026 12:03:05,PersonUpdate,Succeeded
Pien Jonker (500067),Microsoft Active Directory,FS-CA060-RO (avo.local/Demo/Groups/FS-CA060-RO),Grant,07/10/2025 03:41:00,07/10/2025 03:41:07,Import,Succeeded
Pien Jonker (500067),Microsoft Active Directory,TEAM-CA060 (avo.local/Demo/Groups/TEAM-CA060),Grant,04/28/2025 01:53:00,04/28/2025 01:53:26,Import,Succeeded
Pien Jonker (500067),Microsoft Active Directory,APP-Selfservice (avo.local/Demo/Groups/APP-Selfservice),Grant,05/01/2025 18:42:00,05/01/2025 18:42:55,PersonUpdate,Succeeded
Pien Jonker (500067),Microsoft Active Directory,MBX-HRM02 (avo.local/Demo/Groups/MBX-HRM02),Grant,07/30/2026 07:22:00,07/30/2026 07:23:21,BusinessRuleUpdate,Succeeded
Pien Jonker (500067),Microsoft Active Directory,FS-HRM02-RO (avo.local/Demo/Groups/FS-HRM02-RO),Grant,05/29/2026 20:25:00,05/29/2026 20:26:25,BusinessRuleUpdate,Succeeded
Jasper Kalisvaart (500068),Microsoft Active Directory,SEC-Antivirus (avo.local/Demo/Groups/SEC-Antivirus),Grant,04/11/2026 15:12:00,04/11/2026 15:12:40,Import,Succeeded
Jasper Kalisvaart (500068),Microsoft Active Directory,SEC-DiskEncryption (avo.local/Demo/Groups/SEC-DiskEncryption),Grant,07/27/2025 22:10:00,07/27/2025 22:10:58,PersonUpdate,Succeeded
Jasper Kalisvaart (500068),Microsoft Active Directory,SEC-Endpoint-Protection (avo.local/Demo/Groups/SEC-Endpoint-Protection),Grant,09/16/2025 16:06:00,09/16/2025 16:06:37,ContractUpdate,Succeeded
Jasper Kalisvaart (500068),Microsoft Active Directory,APP-Intranet (avo.local/Demo/Groups/APP-Intranet),Grant,04/19/2025 02:12:00,04/19/2025 02:12:06,BusinessRuleUpdate,Succeeded
Jasper Kalisvaart (500068),Microsoft Active Directory,APP-Office365 (avo.local/Demo/Groups/APP-Office365),Grant,12/01/2025 03:38:00,12/01/2025 03:38:28,Import,Succeeded
Gijs Nagtegaal (500069),Microsoft Active Directory,SEC-Antivirus (avo.local/Demo/Groups/SEC-Antivirus),Grant,07/11/2026 08:54:00,07/11/2026 08:55:04,PersonUpdate,Succeeded
Gijs Nagtegaal (500069),Microsoft Active Directory,SEC-DiskEncryption (avo.local/Demo/Groups/SEC-DiskEncryption),Grant,10/22/2025 00:47:00,10/22/2025 00:48:15,BusinessRuleUpdate,Succeeded
Gijs Nagtegaal (500069),Microsoft Active Directory,SEC-MFA-Enrolled (avo.local/Demo/Groups/SEC-MFA-Enrolled),Grant,02/20/2026 07:55:00,02/20/2026 07:55:15,ContractUpdate,Succeeded
Gijs Nagtegaal (500069),Microsoft Active Directory,SEC-Endpoint-Protection (avo.local/Demo/Groups/SEC-Endpoint-Protection),Grant,09/12/2025 10:31:00,09/12/2025 10:32:03,PersonUpdate,Succeeded
Gijs Nagtegaal (500069),Microsoft Active Directory,APP-Intranet (avo.local/Demo/Groups/APP-Intranet),Grant,03/24/2026 10:51:00,03/24/2026 10:51:27,Import,Succeeded
Gijs Nagtegaal (500069),Microsoft Active Directory,APP-Office365 (avo.local/Demo/Groups/APP-Office365),Grant,05/19/2025 13:48:00,05/19/2025 13:48:21,PersonUpdate,Succeeded
Gijs Nagtegaal (500069),Microsoft Active Directory,APP-CA060-Portal (avo.local/Demo/Groups/APP-CA060-Portal),Grant,05/16/2026 10:31:00,05/16/2026 10:31:09,PersonUpdate,Succeeded
Gijs Nagtegaal (500069),Microsoft Active Directory,FS-CA060-RW (avo.local/Demo/Groups/FS-CA060-RW),Grant,04/18/2026 04:10:00,04/18/2026 04:11:26,BusinessRuleUpdate,Succeeded
Gijs Nagtegaal (500069),Microsoft Active Directory,TEAM-CA060 (avo.local/Demo/Groups/TEAM-CA060),Grant,06/26/2025 13:30:00,06/26/2025 13:30:50,BusinessRuleUpdate,Succeeded
Gijs Nagtegaal (500069),Microsoft Active Directory,APP-Selfservice (avo.local/Demo/Groups/APP-Selfservice),Grant,04/07/2026 21:14:00,04/07/2026 21:15:08,BusinessRuleUpdate,Succeeded
Lars Pronk (500070),Microsoft Active Directory,SEC-Antivirus (avo.local/Demo/Groups/SEC-Antivirus),Grant,04/04/2026 07:08:00,04/04/2026 07:09:29,Import,Succeeded
Lars Pronk (500070),Microsoft Active Directory,SEC-DiskEncryption (avo.local/Demo/Groups/SEC-DiskEncryption),Grant,02/05/2026 12:54:00,02/05/2026 12:55:06,Import,Succeeded
Lars Pronk (500070),Microsoft Active Directory,SEC-MFA-Enrolled (avo.local/Demo/Groups/SEC-MFA-Enrolled),Grant,05/19/2026 08:28:00,05/19/2026 08:28:54,BusinessRuleUpdate,Succeeded
Lars Pronk (500070),Microsoft Active Directory,APP-Intranet (avo.local/Demo/Groups/APP-Intranet),Grant,07/06/2025 09:07:00,07/06/2025 09:07:45,ContractUpdate,Succeeded
Lars Pronk (500070),Microsoft Active Directory,APP-Intranet (avo.local/Demo/Groups/APP-Intranet),Revoke,07/27/2025 09:07:00,07/27/2025 09:07:59,ContractUpdate,Succeeded
Lars Pronk (500070),Microsoft Active Directory,APP-Intranet (avo.local/Demo/Groups/APP-Intranet),Grant,08/15/2025 09:07:00,08/15/2025 09:08:01,ContractUpdate,Succeeded
Lars Pronk (500070),Microsoft Active Directory,APP-Office365 (avo.local/Demo/Groups/APP-Office365),Grant,05/28/2026 19:57:00,05/28/2026 19:57:39,BusinessRuleUpdate,Succeeded
Pien Nagtegaal (500071),Microsoft Active Directory,SEC-MFA-Enrolled (avo.local/Demo/Groups/SEC-MFA-Enrolled),Grant,07/15/2026 12:50:00,07/15/2026 12:51:06,BusinessRuleUpdate,Succeeded
Pien Nagtegaal (500071),Microsoft Active Directory,SEC-Endpoint-Protection (avo.local/Demo/Groups/SEC-Endpoint-Protection),Grant,07/03/2026 19:46:00,07/03/2026 19:46:55,Import,Succeeded
Pien Nagtegaal (500071),Microsoft Active Directory,APP-Office365 (avo.local/Demo/Groups/APP-Office365),Grant,11/13/2025 01:33:00,11/13/2025 01:33:58,PersonUpdate,Succeeded
Pien Nagtegaal (500071),Microsoft Active Directory,APP-CA010-Portal (avo.local/Demo/Groups/APP-CA010-Portal),Grant,06/29/2026 21:04:00,06/29/2026 21:04:47,ContractUpdate,Succeeded
Pien Nagtegaal (500071),Microsoft Active Directory,FS-CA010-RO (avo.local/Demo/Groups/FS-CA010-RO),Grant,01/20/2026 08:27:00,01/20/2026 08:27:58,Import,Succeeded
Pien Nagtegaal (500071),Microsoft Active Directory,FS-CA010-RW (avo.local/Demo/Groups/FS-CA010-RW),Grant,09/08/2025 04:06:00,09/08/2025 04:06:05,BusinessRuleUpdate,Succeeded
Pien Nagtegaal (500071),Microsoft Active Directory,TEAM-CA010 (avo.local/Demo/Groups/TEAM-CA010),Grant,02/03/2026 22:49:00,02/03/2026 22:49:36,PersonUpdate,Succeeded
Pien Nagtegaal (500071),Microsoft Active Directory,MBX-CA010 (avo.local/Demo/Groups/MBX-CA010),Grant,03/22/2025 19:37:00,03/22/2025 19:37:28,ContractUpdate,Succeeded
Pien Nagtegaal (500071),Microsoft Active Directory,APP-Selfservice (avo.local/Demo/Groups/APP-Selfservice),Grant,01/07/2026 06:14:00,01/07/2026 06:14:14,BusinessRuleUpdate,Succeeded
Hanna Coenen (500072),Microsoft Active Directory,SEC-DiskEncryption (avo.local/Demo/Groups/SEC-DiskEncryption),Grant,12/26/2025 21:10:00,12/26/2025 21:10:22,BusinessRuleUpdate,Succeeded
Hanna Coenen (500072),Microsoft Active Directory,SEC-MFA-Enrolled (avo.local/Demo/Groups/SEC-MFA-Enrolled),Grant,12/17/2025 07:48:00,12/17/2025 07:48:53,BusinessRuleUpdate,Succeeded
Hanna Coenen (500072),Microsoft Active Directory,SEC-MFA-Enrolled (avo.local/Demo/Groups/SEC-MFA-Enrolled),Revoke,12/29/2025 07:48:00,12/29/2025 07:49:17,ContractUpdate,Succeeded
Hanna Coenen (500072),Microsoft Active Directory,SEC-MFA-Enrolled (avo.local/Demo/Groups/SEC-MFA-Enrolled),Grant,01/13/2026 07:48:00,01/13/2026 07:48:10,ContractUpdate,Succeeded
Hanna Coenen (500072),Microsoft Active Directory,SEC-Endpoint-Protection (avo.local/Demo/Groups/SEC-Endpoint-Protection),Grant,04/07/2026 06:06:00,04/07/2026 06:06:49,PersonUpdate,Succeeded
Hanna Coenen (500072),Microsoft Active Directory,SEC-Endpoint-Protection (avo.local/Demo/Groups/SEC-Endpoint-Protection),Revoke,05/23/2026 06:06:00,05/23/2026 06:07:01,ContractUpdate,Succeeded
Hanna Coenen (500072),Microsoft Active Directory,SEC-Endpoint-Protection (avo.local/Demo/Groups/SEC-Endpoint-Protection),Grant,05/25/2026 06:06:00,05/25/2026 06:06:34,ContractUpdate,Succeeded
Hanna Coenen (500072),Microsoft Active Directory,APP-Intranet (avo.local/Demo/Groups/APP-Intranet),Grant,04/14/2025 09:41:00,04/14/2025 09:41:01,Import,Succeeded
Hanna Coenen (500072),Microsoft Active Directory,APP-Office365 (avo.local/Demo/Groups/APP-Office365),Grant,06/02/2026 17:10:00,06/02/2026 17:10:11,ContractUpdate,Succeeded
Hanna Coenen (500072),Microsoft Active Directory,ROLE-Verpleegkundige (avo.local/Demo/Groups/ROLE-Verpleegkundige),Grant,05/26/2026 02:28:00,05/26/2026 02:28:58,ContractUpdate,Succeeded
Lars Gerritsen (500073),Microsoft Active Directory,SEC-Antivirus (avo.local/Demo/Groups/SEC-Antivirus),Grant,02/18/2026 01:40:00,02/18/2026 01:40:45,ContractUpdate,Succeeded
Lars Gerritsen (500073),Microsoft Active Directory,SEC-DiskEncryption (avo.local/Demo/Groups/SEC-DiskEncryption),Grant,07/21/2026 03:53:00,07/21/2026 03:53:48,ContractUpdate,Succeeded
Lars Gerritsen (500073),Microsoft Active Directory,SEC-Endpoint-Protection (avo.local/Demo/Groups/SEC-Endpoint-Protection),Grant,03/06/2026 19:35:00,03/06/2026 19:35:06,BusinessRuleUpdate,Succeeded
Lars Gerritsen (500073),Microsoft Active Directory,APP-Intranet (avo.local/Demo/Groups/APP-Intranet),Grant,05/21/2025 13:51:00,05/21/2025 13:51:23,BusinessRuleUpdate,Succeeded
Lars Gerritsen (500073),Microsoft Active Directory,APP-CZ08-Portal (avo.local/Demo/Groups/APP-CZ08-Portal),Grant,04/22/2026 18:34:00,04/22/2026 18:34:12,Import,Succeeded
Lars Gerritsen (500073),Microsoft Active Directory,FS-CZ08-RO (avo.local/Demo/Groups/FS-CZ08-RO),Grant,09/30/2025 16:15:00,09/30/2025 16:15:38,ContractUpdate,Succeeded
Lars Gerritsen (500073),Microsoft Active Directory,APP-Adobe-AcrobatPro (avo.local/Demo/Groups/APP-Adobe-AcrobatPro),Grant,07/20/2026 13:08:00,07/20/2026 13:08:38,Import,Succeeded
Lars Gerritsen (500073),Microsoft Active Directory,FS-Begeleider-DATA (avo.local/Demo/Groups/FS-Begeleider-DATA),Grant,06/11/2025 01:22:00,06/11/2025 01:23:07,BusinessRuleUpdate,Succeeded
Olivier Quaedvlieg (500074),Microsoft Active Directory,SEC-Antivirus (avo.local/Demo/Groups/SEC-Antivirus),Grant,12/03/2025 13:13:00,12/03/2025 13:13:03,ContractUpdate,Succeeded
Olivier Quaedvlieg (500074),Microsoft Active Directory,SEC-Endpoint-Protection (avo.local/Demo/Groups/SEC-Endpoint-Protection),Grant,07/21/2026 07:11:00,07/21/2026 07:11:12,ContractUpdate,Succeeded
Olivier Quaedvlieg (500074),Microsoft Active Directory,APP-Intranet (avo.local/Demo/Groups/APP-Intranet),Grant,04/23/2025 16:14:00,04/23/2025 16:14:18,BusinessRuleUpdate,Succeeded
Olivier Quaedvlieg (500074),Microsoft Active Directory,APP-Office365 (avo.local/Demo/Groups/APP-Office365),Grant,10/05/2025 04:32:00,10/05/2025 04:32:21,PersonUpdate,Succeeded
Sem Berkhout (500075),Microsoft Active Directory,SEC-Antivirus (avo.local/Demo/Groups/SEC-Antivirus),Grant,05/27/2025 12:22:00,05/27/2025 12:22:33,PersonUpdate,Succeeded
Sem Berkhout (500075),Microsoft Active Directory,SEC-MFA-Enrolled (avo.local/Demo/Groups/SEC-MFA-Enrolled),Grant,09/04/2025 00:23:00,09/04/2025 00:23:31,Import,Succeeded
Sem Berkhout (500075),Microsoft Active Directory,APP-Intranet (avo.local/Demo/Groups/APP-Intranet),Grant,02/06/2026 17:04:00,02/06/2026 17:04:32,ContractUpdate,Succeeded
Sem Berkhout (500075),Microsoft Active Directory,APP-Office365 (avo.local/Demo/Groups/APP-Office365),Grant,02/02/2026 05:39:00,02/02/2026 05:39:28,Import,Succeeded
Sem Berkhout (500075),Microsoft Active Directory,ROLE-Begeleider (avo.local/Demo/Groups/ROLE-Begeleider),Grant,07/03/2026 13:34:00,07/03/2026 13:34:13,Import,Succeeded
Daan Fokkema (500076),Microsoft Active Directory,SEC-Antivirus (avo.local/Demo/Groups/SEC-Antivirus),Grant,07/19/2025 16:10:00,07/19/2025 16:10:49,PersonUpdate,Succeeded
Daan Fokkema (500076),Microsoft Active Directory,SEC-DiskEncryption (avo.local/Demo/Groups/SEC-DiskEncryption),Grant,06/04/2025 10:55:00,06/04/2025 10:56:29,ContractUpdate,Succeeded
Daan Fokkema (500076),Microsoft Active Directory,SEC-MFA-Enrolled (avo.local/Demo/Groups/SEC-MFA-Enrolled),Grant,03/03/2026 13:34:00,03/03/2026 13:34:55,Import,Succeeded
Daan Fokkema (500076),Microsoft Active Directory,APP-Intranet (avo.local/Demo/Groups/APP-Intranet),Grant,07/20/2026 08:23:00,07/20/2026 08:24:14,ContractUpdate,Succeeded
Daan Fokkema (500076),Microsoft Active Directory,APP-ICT03-Portal (avo.local/Demo/Groups/APP-ICT03-Portal),Grant,04/04/2025 21:38:00,04/04/2025 21:38:24,Import,Succeeded
Daan Fokkema (500076),Microsoft Active Directory,APP-ICT03-Portal (avo.local/Demo/Groups/APP-ICT03-Portal),Revoke,05/29/2025 21:38:00,05/29/2025 21:38:51,ContractUpdate,Succeeded
Daan Fokkema (500076),Microsoft Active Directory,APP-ICT03-Portal (avo.local/Demo/Groups/APP-ICT03-Portal),Grant,06/01/2025 21:38:00,06/01/2025 21:38:43,ContractUpdate,Succeeded
Daan Fokkema (500076),Microsoft Active Directory,FS-ICT03-RO (avo.local/Demo/Groups/FS-ICT03-RO),Grant,05/01/2026 18:32:00,05/01/2026 18:33:30,ContractUpdate,Succeeded
Daan Fokkema (500076),Microsoft Active Directory,TEAM-ICT03 (avo.local/Demo/Groups/TEAM-ICT03),Grant,05/11/2026 21:42:00,05/11/2026 21:42:37,ContractUpdate,Succeeded
Wout Jonker (500077),Microsoft Active Directory,SEC-Antivirus (avo.local/Demo/Groups/SEC-Antivirus),Grant,10/14/2025 12:35:00,10/14/2025 12:35:13,ContractUpdate,Succeeded
Wout Jonker (500077),Microsoft Active Directory,SEC-DiskEncryption (avo.local/Demo/Groups/SEC-DiskEncryption),Grant,05/11/2026 12:22:00,05/11/2026 12:23:11,PersonUpdate,Succeeded
Wout Jonker (500077),Microsoft Active Directory,SEC-Endpoint-Protection (avo.local/Demo/Groups/SEC-Endpoint-Protection),Grant,08/09/2025 01:16:00,08/09/2025 01:16:10,ContractUpdate,Succeeded
Wout Jonker (500077),Microsoft Active Directory,SEC-Endpoint-Protection (avo.local/Demo/Groups/SEC-Endpoint-Protection),Revoke,08/18/2025 01:16:00,08/18/2025 01:16:30,ContractUpdate,Succeeded
Wout Jonker (500077),Microsoft Active Directory,SEC-Endpoint-Protection (avo.local/Demo/Groups/SEC-Endpoint-Protection),Grant,08/21/2025 01:16:00,08/21/2025 01:16:35,ContractUpdate,Succeeded
Wout Jonker (500077),Microsoft Active Directory,APP-Intranet (avo.local/Demo/Groups/APP-Intranet),Grant,08/06/2025 14:12:00,08/06/2025 14:13:25,PersonUpdate,Succeeded
Hanna Roozendaal (500078),Microsoft Active Directory,SEC-Antivirus (avo.local/Demo/Groups/SEC-Antivirus),Grant,06/07/2026 15:34:00,06/07/2026 15:34:14,Import,Succeeded
Hanna Roozendaal (500078),Microsoft Active Directory,SEC-MFA-Enrolled (avo.local/Demo/Groups/SEC-MFA-Enrolled),Grant,06/01/2025 21:24:00,06/01/2025 21:25:27,Import,Succeeded
Hanna Roozendaal (500078),Microsoft Active Directory,SEC-Endpoint-Protection (avo.local/Demo/Groups/SEC-Endpoint-Protection),Grant,04/17/2025 16:43:00,04/17/2025 16:43:56,Import,Succeeded
Hanna Roozendaal (500078),Microsoft Active Directory,APP-Intranet (avo.local/Demo/Groups/APP-Intranet),Grant,07/25/2025 08:01:00,07/25/2025 08:02:27,BusinessRuleUpdate,Succeeded
Hanna Roozendaal (500078),Microsoft Active Directory,APP-Office365 (avo.local/Demo/Groups/APP-Office365),Grant,07/29/2026 21:13:00,07/29/2026 21:14:30,PersonUpdate,Succeeded
Hanna Roozendaal (500078),Microsoft Active Directory,APP-CB12-Portal (avo.local/Demo/Groups/APP-CB12-Portal),Grant,04/07/2026 23:04:00,04/07/2026 23:05:04,PersonUpdate,Succeeded
Hanna Roozendaal (500078),Microsoft Active Directory,FS-CB12-RO (avo.local/Demo/Groups/FS-CB12-RO),Grant,07/04/2025 19:37:00,07/04/2025 19:37:02,Import,Succeeded
Hanna Roozendaal (500078),Microsoft Active Directory,FS-CB12-RW (avo.local/Demo/Groups/FS-CB12-RW),Grant,05/10/2025 16:17:00,05/10/2025 16:17:53,Import,Succeeded
Hanna Roozendaal (500078),Microsoft Active Directory,TEAM-CB12 (avo.local/Demo/Groups/TEAM-CB12),Grant,09/03/2025 19:09:00,09/03/2025 19:09:20,BusinessRuleUpdate,Succeeded
Hanna Roozendaal (500078),Microsoft Active Directory,MBX-CB12 (avo.local/Demo/Groups/MBX-CB12),Grant,09/25/2025 05:20:00,09/25/2025 05:20:30,Import,Succeeded
Tess Terlouw (500079),Microsoft Active Directory,SEC-Antivirus (avo.local/Demo/Groups/SEC-Antivirus),Grant,07/24/2026 06:40:00,07/24/2026 06:40:40,ContractUpdate,Succeeded
Tess Terlouw (500079),Microsoft Active Directory,SEC-DiskEncryption (avo.local/Demo/Groups/SEC-DiskEncryption),Grant,09/25/2025 01:38:00,09/25/2025 01:38:57,Import,Succeeded
Tess Terlouw (500079),Microsoft Active Directory,SEC-MFA-Enrolled (avo.local/Demo/Groups/SEC-MFA-Enrolled),Grant,03/24/2026 08:26:00,03/24/2026 08:27:04,Import,Succeeded
Tess Terlouw (500079),Microsoft Active Directory,SEC-Endpoint-Protection (avo.local/Demo/Groups/SEC-Endpoint-Protection),Grant,04/14/2026 05:30:00,04/14/2026 05:30:13,PersonUpdate,Succeeded
Tess Terlouw (500079),Microsoft Active Directory,APP-Office365 (avo.local/Demo/Groups/APP-Office365),Grant,05/27/2026 16:06:00,05/27/2026 16:06:25,BusinessRuleUpdate,Succeeded
Tess Terlouw (500079),Microsoft Active Directory,APP-CB12-Portal (avo.local/Demo/Groups/APP-CB12-Portal),Grant,01/01/2026 21:45:00,01/01/2026 21:45:27,BusinessRuleUpdate,Succeeded
Tess Terlouw (500079),Microsoft Active Directory,APP-CB12-Portal (avo.local/Demo/Groups/APP-CB12-Portal),Revoke,01/26/2026 21:45:00,01/26/2026 21:45:31,ContractUpdate,Succeeded
Tess Terlouw (500079),Microsoft Active Directory,APP-CB12-Portal (avo.local/Demo/Groups/APP-CB12-Portal),Grant,01/31/2026 21:45:00,01/31/2026 21:45:05,ContractUpdate,Succeeded
Tess Terlouw (500079),Microsoft Active Directory,FS-CB12-RO (avo.local/Demo/Groups/FS-CB12-RO),Grant,12/24/2025 10:41:00,12/24/2025 10:42:09,Import,Succeeded
Tess Terlouw (500079),Microsoft Active Directory,FS-CB12-RW (avo.local/Demo/Groups/FS-CB12-RW),Grant,05/09/2025 16:07:00,05/09/2025 16:07:44,Import,Succeeded
Tess Terlouw (500079),Microsoft Active Directory,TEAM-CB12 (avo.local/Demo/Groups/TEAM-CB12),Grant,07/13/2026 06:12:00,07/13/2026 06:13:27,ContractUpdate,Succeeded
Tess Terlouw (500079),Microsoft Active Directory,MBX-CB12 (avo.local/Demo/Groups/MBX-CB12),Grant,11/12/2025 07:08:00,11/12/2025 07:08:18,Import,Succeeded
Tess Terlouw (500079),Microsoft Active Directory,APP-Selfservice (avo.local/Demo/Groups/APP-Selfservice),Grant,03/28/2025 08:11:00,03/28/2025 08:12:25,BusinessRuleUpdate,Succeeded
Tess Terlouw (500079),Microsoft Active Directory,ROLE-Begeleider (avo.local/Demo/Groups/ROLE-Begeleider),Grant,06/07/2026 14:28:00,06/07/2026 14:28:09,ContractUpdate,Succeeded
Roos Fokkema (500080),Microsoft Active Directory,SEC-Antivirus (avo.local/Demo/Groups/SEC-Antivirus),Grant,03/09/2026 07:26:00,03/09/2026 07:26:41,PersonUpdate,Succeeded
Roos Fokkema (500080),Microsoft Active Directory,SEC-DiskEncryption (avo.local/Demo/Groups/SEC-DiskEncryption),Grant,08/28/2025 13:54:00,08/28/2025 13:54:15,BusinessRuleUpdate,Succeeded
Roos Fokkema (500080),Microsoft Active Directory,SEC-Endpoint-Protection (avo.local/Demo/Groups/SEC-Endpoint-Protection),Grant,05/15/2025 21:58:00,05/15/2025 21:58:29,PersonUpdate,Succeeded
Roos Fokkema (500080),Microsoft Active Directory,APP-Intranet (avo.local/Demo/Groups/APP-Intranet),Grant,09/01/2025 09:54:00,09/01/2025 09:54:12,ContractUpdate,Succeeded
Roos Fokkema (500080),Microsoft Active Directory,APP-Office365 (avo.local/Demo/Groups/APP-Office365),Grant,01/19/2026 09:46:00,01/19/2026 09:46:30,Import,Succeeded
Roos Fokkema (500080),Microsoft Active Directory,APP-CZ08-Portal (avo.local/Demo/Groups/APP-CZ08-Portal),Grant,10/20/2025 12:26:00,10/20/2025 12:26:50,BusinessRuleUpdate,Succeeded
Roos Fokkema (500080),Microsoft Active Directory,FS-CZ08-RO (avo.local/Demo/Groups/FS-CZ08-RO),Grant,03/20/2026 22:02:00,03/20/2026 22:02:52,Import,Succeeded
Roos Fokkema (500080),Microsoft Active Directory,FS-CZ08-RO (avo.local/Demo/Groups/FS-CZ08-RO),Revoke,04/05/2026 22:02:00,04/05/2026 22:02:50,ContractUpdate,Succeeded
Roos Fokkema (500080),Microsoft Active Directory,FS-CZ08-RO (avo.local/Demo/Groups/FS-CZ08-RO),Grant,04/07/2026 22:02:00,04/07/2026 22:02:22,ContractUpdate,Succeeded
Roos Fokkema (500080),Microsoft Active Directory,TEAM-CZ08 (avo.local/Demo/Groups/TEAM-CZ08),Grant,08/27/2025 18:30:00,08/27/2025 18:30:28,BusinessRuleUpdate,Succeeded
Roos Fokkema (500080),Microsoft Active Directory,APP-Selfservice (avo.local/Demo/Groups/APP-Selfservice),Grant,06/03/2026 11:57:00,06/03/2026 11:57:02,Import,Succeeded
Roos Fokkema (500080),Microsoft Active Directory,ROLE-Verpleegkundige (avo.local/Demo/Groups/ROLE-Verpleegkundige),Grant,09/08/2025 03:06:00,09/08/2025 03:07:01,PersonUpdate,Succeeded
Roos Fokkema (500080),Microsoft Active Directory,APP-Visio (avo.local/Demo/Groups/APP-Visio),Grant,06/03/2026 23:53:00,06/03/2026 23:54:28,ContractUpdate,Succeeded
Pien Aalbers (500081),Microsoft Active Directory,SEC-DiskEncryption (avo.local/Demo/Groups/SEC-DiskEncryption),Grant,07/12/2026 08:24:00,07/12/2026 08:25:12,ContractUpdate,Succeeded
Pien Aalbers (500081),Microsoft Active Directory,SEC-MFA-Enrolled (avo.local/Demo/Groups/SEC-MFA-Enrolled),Grant,12/31/2025 15:06:00,12/31/2025 15:06:42,ContractUpdate,Succeeded
Pien Aalbers (500081),Microsoft Active Directory,SEC-Endpoint-Protection (avo.local/Demo/Groups/SEC-Endpoint-Protection),Grant,01/25/2026 20:16:00,01/25/2026 20:16:08,Import,Succeeded
Pien Aalbers (500081),Microsoft Active Directory,APP-Intranet (avo.local/Demo/Groups/APP-Intranet),Grant,12/12/2025 08:54:00,12/12/2025 08:54:06,ContractUpdate,Succeeded
Mila Nagtegaal (500082),Microsoft Active Directory,SEC-DiskEncryption (avo.local/Demo/Groups/SEC-DiskEncryption),Grant,10/08/2025 16:39:00,10/08/2025 16:39:18,BusinessRuleUpdate,Succeeded
Mila Nagtegaal (500082),Microsoft Active Directory,APP-Intranet (avo.local/Demo/Groups/APP-Intranet),Grant,08/01/2025 03:58:00,08/01/2025 03:58:34,PersonUpdate,Succeeded
Mila Nagtegaal (500082),Microsoft Active Directory,APP-Office365 (avo.local/Demo/Groups/APP-Office365),Grant,04/03/2026 02:26:00,04/03/2026 02:27:29,Import,Succeeded
Mila Nagtegaal (500082),Microsoft Active Directory,FS-ICT03-RO (avo.local/Demo/Groups/FS-ICT03-RO),Grant,06/28/2026 14:03:00,06/28/2026 14:04:15,Import,Succeeded
Mila Nagtegaal (500082),Microsoft Active Directory,FS-ICT03-RW (avo.local/Demo/Groups/FS-ICT03-RW),Grant,04/16/2025 16:33:00,04/16/2025 16:34:25,Import,Succeeded
Mila Nagtegaal (500082),Microsoft Active Directory,FS-ICT03-RW (avo.local/Demo/Groups/FS-ICT03-RW),Revoke,06/04/2025 16:33:00,06/04/2025 16:33:55,ContractUpdate,Succeeded
Mila Nagtegaal (500082),Microsoft Active Directory,FS-ICT03-RW (avo.local/Demo/Groups/FS-ICT03-RW),Grant,06/12/2025 16:33:00,06/12/2025 16:34:30,ContractUpdate,Succeeded
Mila Nagtegaal (500082),Microsoft Active Directory,MBX-ICT03 (avo.local/Demo/Groups/MBX-ICT03),Grant,07/23/2025 18:59:00,07/23/2025 19:00:22,BusinessRuleUpdate,Succeeded
Mila Nagtegaal (500082),Microsoft Active Directory,MBX-ICT03 (avo.local/Demo/Groups/MBX-ICT03),Revoke,08/12/2025 18:59:00,08/12/2025 18:59:38,ContractUpdate,Succeeded
Mila Nagtegaal (500082),Microsoft Active Directory,MBX-ICT03 (avo.local/Demo/Groups/MBX-ICT03),Grant,08/22/2025 18:59:00,08/22/2025 18:59:08,ContractUpdate,Succeeded
Mila Nagtegaal (500082),Microsoft Active Directory,APP-Adobe-AcrobatPro (avo.local/Demo/Groups/APP-Adobe-AcrobatPro),Grant,05/22/2026 08:38:00,05/22/2026 08:39:28,Import,Succeeded
Quinten Oosterhuis (500083),Microsoft Active Directory,SEC-Antivirus (avo.local/Demo/Groups/SEC-Antivirus),Grant,12/20/2025 08:02:00,12/20/2025 08:03:25,Import,Succeeded
Quinten Oosterhuis (500083),Microsoft Active Directory,SEC-Endpoint-Protection (avo.local/Demo/Groups/SEC-Endpoint-Protection),Grant,05/12/2026 01:52:00,05/12/2026 01:53:25,Import,Succeeded
Quinten Oosterhuis (500083),Microsoft Active Directory,APP-Intranet (avo.local/Demo/Groups/APP-Intranet),Grant,12/15/2025 17:17:00,12/15/2025 17:17:22,ContractUpdate,Succeeded
Quinten Oosterhuis (500083),Microsoft Active Directory,APP-Office365 (avo.local/Demo/Groups/APP-Office365),Grant,04/23/2025 01:20:00,04/23/2025 01:20:37,Import,Succeeded
Quinten Oosterhuis (500083),Microsoft Active Directory,FS-CZ08-RW (avo.local/Demo/Groups/FS-CZ08-RW),Grant,06/28/2026 06:48:00,06/28/2026 06:49:00,BusinessRuleUpdate,Succeeded
Quinten Oosterhuis (500083),Microsoft Active Directory,FS-CZ08-RW (avo.local/Demo/Groups/FS-CZ08-RW),Revoke,07/07/2026 06:48:00,07/07/2026 06:48:43,ContractUpdate,Succeeded
Quinten Oosterhuis (500083),Microsoft Active Directory,FS-CZ08-RW (avo.local/Demo/Groups/FS-CZ08-RW),Grant,07/23/2026 06:48:00,07/23/2026 06:48:07,ContractUpdate,Succeeded
Quinten Oosterhuis (500083),Microsoft Active Directory,TEAM-CZ08 (avo.local/Demo/Groups/TEAM-CZ08),Grant,06/12/2025 02:46:00,06/12/2025 02:47:13,PersonUpdate,Succeeded
Mila Uijlenbroek (500084),Microsoft Active Directory,SEC-Antivirus (avo.local/Demo/Groups/SEC-Antivirus),Grant,06/27/2025 08:42:00,06/27/2025 08:42:51,Import,Succeeded
Mila Uijlenbroek (500084),Microsoft Active Directory,SEC-MFA-Enrolled (avo.local/Demo/Groups/SEC-MFA-Enrolled),Grant,04/09/2025 10:42:00,04/09/2025 10:42:29,BusinessRuleUpdate,Succeeded
Mila Uijlenbroek (500084),Microsoft Active Directory,APP-Intranet (avo.local/Demo/Groups/APP-Intranet),Grant,09/14/2025 08:31:00,09/14/2025 08:32:12,BusinessRuleUpdate,Succeeded
Mila Uijlenbroek (500084),Microsoft Active Directory,APP-Office365 (avo.local/Demo/Groups/APP-Office365),Grant,10/01/2025 01:33:00,10/01/2025 01:33:14,BusinessRuleUpdate,Succeeded
Roos Jonker (500085),Microsoft Active Directory,SEC-Antivirus (avo.local/Demo/Groups/SEC-Antivirus),Grant,07/25/2025 17:48:00,07/25/2025 17:48:59,PersonUpdate,Succeeded
Roos Jonker (500085),Microsoft Active Directory,SEC-DiskEncryption (avo.local/Demo/Groups/SEC-DiskEncryption),Grant,04/16/2026 12:47:00,04/16/2026 12:47:51,ContractUpdate,Succeeded
Roos Jonker (500085),Microsoft Active Directory,SEC-MFA-Enrolled (avo.local/Demo/Groups/SEC-MFA-Enrolled),Grant,10/21/2025 00:24:00,10/21/2025 00:24:29,ContractUpdate,Succeeded
Roos Jonker (500085),Microsoft Active Directory,APP-Office365 (avo.local/Demo/Groups/APP-Office365),Grant,06/27/2025 16:06:00,06/27/2025 16:06:30,BusinessRuleUpdate,Succeeded
Roos Jonker (500085),Microsoft Active Directory,APP-Office365 (avo.local/Demo/Groups/APP-Office365),Revoke,07/17/2025 16:06:00,07/17/2025 16:06:26,ContractUpdate,Succeeded
Roos Jonker (500085),Microsoft Active Directory,APP-Office365 (avo.local/Demo/Groups/APP-Office365),Grant,07/19/2025 16:06:00,07/19/2025 16:06:03,ContractUpdate,Succeeded
Roos Jonker (500085),Microsoft Active Directory,FS-ICT03-RO (avo.local/Demo/Groups/FS-ICT03-RO),Grant,11/16/2025 06:19:00,11/16/2025 06:19:03,BusinessRuleUpdate,Succeeded
Roos Jonker (500085),Microsoft Active Directory,FS-ICT03-RW (avo.local/Demo/Groups/FS-ICT03-RW),Grant,11/13/2025 18:01:00,11/13/2025 18:01:23,BusinessRuleUpdate,Succeeded
Roos Jonker (500085),Microsoft Active Directory,TEAM-ICT03 (avo.local/Demo/Groups/TEAM-ICT03),Grant,04/13/2025 12:30:00,04/13/2025 12:30:48,Import,Succeeded
Vera Roozendaal (500086),Microsoft Active Directory,SEC-MFA-Enrolled (avo.local/Demo/Groups/SEC-MFA-Enrolled),Grant,03/18/2026 00:10:00,03/18/2026 00:10:57,PersonUpdate,Succeeded
Vera Roozendaal (500086),Microsoft Active Directory,SEC-Endpoint-Protection (avo.local/Demo/Groups/SEC-Endpoint-Protection),Grant,09/20/2025 10:44:00,09/20/2025 10:44:48,PersonUpdate,Succeeded
Vera Roozendaal (500086),Microsoft Active Directory,APP-Intranet (avo.local/Demo/Groups/APP-Intranet),Grant,05/27/2026 22:20:00,05/27/2026 22:21:09,Import,Succeeded
Anne Roozendaal (500087),Microsoft Active Directory,SEC-DiskEncryption (avo.local/Demo/Groups/SEC-DiskEncryption),Grant,01/19/2026 01:38:00,01/19/2026 01:38:51,PersonUpdate,Succeeded
Anne Roozendaal (500087),Microsoft Active Directory,SEC-MFA-Enrolled (avo.local/Demo/Groups/SEC-MFA-Enrolled),Grant,09/06/2025 15:46:00,09/06/2025 15:46:31,Import,Succeeded
Anne Roozendaal (500087),Microsoft Active Directory,SEC-Endpoint-Protection (avo.local/Demo/Groups/SEC-Endpoint-Protection),Grant,04/10/2026 23:14:00,04/10/2026 23:14:48,BusinessRuleUpdate,Succeeded
Anne Roozendaal (500087),Microsoft Active Directory,APP-Office365 (avo.local/Demo/Groups/APP-Office365),Grant,11/24/2025 04:31:00,11/24/2025 04:31:16,Import,Succeeded
Anne Roozendaal (500087),Microsoft Active Directory,APP-CB12-Portal (avo.local/Demo/Groups/APP-CB12-Portal),Grant,09/09/2025 10:30:00,09/09/2025 10:30:37,PersonUpdate,Succeeded
Anne Roozendaal (500087),Microsoft Active Directory,FS-CB12-RO (avo.local/Demo/Groups/FS-CB12-RO),Grant,07/12/2025 13:57:00,07/12/2025 13:57:17,ContractUpdate,Succeeded
Anne Roozendaal (500087),Microsoft Active Directory,FS-CB12-RW (avo.local/Demo/Groups/FS-CB12-RW),Grant,01/24/2026 18:04:00,01/24/2026 18:04:35,Import,Succeeded
Anne Roozendaal (500087),Microsoft Active Directory,TEAM-CB12 (avo.local/Demo/Groups/TEAM-CB12),Grant,08/16/2025 17:40:00,08/16/2025 17:40:38,Import,Succeeded
Anne Roozendaal (500087),Microsoft Active Directory,APP-Selfservice (avo.local/Demo/Groups/APP-Selfservice),Grant,07/11/2026 17:33:00,07/11/2026 17:33:17,Import,Succeeded
Anne Roozendaal (500087),Microsoft Active Directory,APP-Adobe-AcrobatPro (avo.local/Demo/Groups/APP-Adobe-AcrobatPro),Grant,07/13/2025 13:50:00,07/13/2025 13:50:56,BusinessRuleUpdate,Succeeded
Quinten Jonker (500088),Microsoft Active Directory,SEC-Antivirus (avo.local/Demo/Groups/SEC-Antivirus),Grant,07/09/2025 10:32:00,07/09/2025 10:32:58,ContractUpdate,Succeeded
Quinten Jonker (500088),Microsoft Active Directory,SEC-DiskEncryption (avo.local/Demo/Groups/SEC-DiskEncryption),Grant,09/16/2025 07:03:00,09/16/2025 07:04:25,ContractUpdate,Succeeded
Quinten Jonker (500088),Microsoft Active Directory,SEC-MFA-Enrolled (avo.local/Demo/Groups/SEC-MFA-Enrolled),Grant,06/03/2025 09:35:00,06/03/2025 09:36:12,Import,Succeeded
Quinten Jonker (500088),Microsoft Active Directory,APP-Intranet (avo.local/Demo/Groups/APP-Intranet),Grant,01/08/2026 15:27:00,01/08/2026 15:27:52,ContractUpdate,Succeeded
Quinten Jonker (500088),Microsoft Active Directory,APP-CB12-Portal (avo.local/Demo/Groups/APP-CB12-Portal),Grant,07/29/2026 13:46:00,07/29/2026 13:46:57,Import,Succeeded
Quinten Jonker (500088),Microsoft Active Directory,FS-CB12-RO (avo.local/Demo/Groups/FS-CB12-RO),Grant,07/24/2026 06:11:00,07/24/2026 06:12:29,ContractUpdate,Succeeded
Quinten Jonker (500088),Microsoft Active Directory,TEAM-CB12 (avo.local/Demo/Groups/TEAM-CB12),Grant,09/10/2025 23:01:00,09/10/2025 23:01:13,ContractUpdate,Succeeded
Quinten Jonker (500088),Microsoft Active Directory,MBX-CB12 (avo.local/Demo/Groups/MBX-CB12),Grant,06/12/2025 06:03:00,06/12/2025 06:03:51,BusinessRuleUpdate,Succeeded
Quinten Jonker (500088),Microsoft Active Directory,APP-Selfservice (avo.local/Demo/Groups/APP-Selfservice),Grant,05/02/2025 11:42:00,05/02/2025 11:42:25,BusinessRuleUpdate,Succeeded
Quinten Jonker (500088),Microsoft Active Directory,ROLE-Begeleider (avo.local/Demo/Groups/ROLE-Begeleider),Grant,07/17/2026 01:52:00,07/17/2026 01:52:19,BusinessRuleUpdate,Succeeded
Quinten Jonker (500088),Microsoft Active Directory,APP-Adobe-AcrobatPro (avo.local/Demo/Groups/APP-Adobe-AcrobatPro),Grant,10/17/2025 01:54:00,10/17/2025 01:54:45,Import,Succeeded
Quinten Jonker (500088),Microsoft Active Directory,FS-Begeleider-DATA (avo.local/Demo/Groups/FS-Begeleider-DATA),Grant,04/28/2025 19:10:00,04/28/2025 19:10:45,Import,Succeeded
Quinten Jonker (500088),Microsoft Active Directory,FS-Begeleider-DATA (avo.local/Demo/Groups/FS-Begeleider-DATA),Revoke,05/31/2025 19:10:00,05/31/2025 19:11:01,ContractUpdate,Succeeded
Quinten Jonker (500088),Microsoft Active Directory,FS-Begeleider-DATA (avo.local/Demo/Groups/FS-Begeleider-DATA),Grant,06/01/2025 19:10:00,06/01/2025 19:10:57,ContractUpdate,Succeeded
Eva Fokkema (500089),Microsoft Active Directory,SEC-Antivirus (avo.local/Demo/Groups/SEC-Antivirus),Grant,10/15/2025 03:32:00,10/15/2025 03:32:41,Import,Succeeded
Eva Fokkema (500089),Microsoft Active Directory,SEC-MFA-Enrolled (avo.local/Demo/Groups/SEC-MFA-Enrolled),Grant,11/05/2025 06:11:00,11/05/2025 06:11:16,BusinessRuleUpdate,Succeeded
Eva Fokkema (500089),Microsoft Active Directory,APP-Intranet (avo.local/Demo/Groups/APP-Intranet),Grant,02/23/2026 07:17:00,02/23/2026 07:18:23,PersonUpdate,Succeeded
Eva Fokkema (500089),Microsoft Active Directory,APP-Office365 (avo.local/Demo/Groups/APP-Office365),Grant,07/07/2026 07:19:00,07/07/2026 07:19:30,ContractUpdate,Succeeded
Eva Fokkema (500089),Microsoft Active Directory,APP-CB12-Portal (avo.local/Demo/Groups/APP-CB12-Portal),Grant,10/25/2025 10:14:00,10/25/2025 10:14:47,ContractUpdate,Succeeded
Eva Fokkema (500089),Microsoft Active Directory,APP-CB12-Portal (avo.local/Demo/Groups/APP-CB12-Portal),Revoke,11/27/2025 10:14:00,11/27/2025 10:14:45,ContractUpdate,Succeeded
Eva Fokkema (500089),Microsoft Active Directory,APP-CB12-Portal (avo.local/Demo/Groups/APP-CB12-Portal),Grant,12/17/2025 10:14:00,12/17/2025 10:15:26,ContractUpdate,Succeeded
Eva Fokkema (500089),Microsoft Active Directory,FS-CB12-RW (avo.local/Demo/Groups/FS-CB12-RW),Grant,01/16/2026 08:55:00,01/16/2026 08:55:38,ContractUpdate,Succeeded
Eva Fokkema (500089),Microsoft Active Directory,TEAM-CB12 (avo.local/Demo/Groups/TEAM-CB12),Grant,05/15/2025 15:05:00,05/15/2025 15:06:12,ContractUpdate,Succeeded
Eva Fokkema (500089),Microsoft Active Directory,MBX-CB12 (avo.local/Demo/Groups/MBX-CB12),Grant,07/26/2026 10:39:00,07/26/2026 10:40:23,PersonUpdate,Succeeded
Eva Fokkema (500089),Microsoft Active Directory,ROLE-Begeleider (avo.local/Demo/Groups/ROLE-Begeleider),Grant,04/20/2025 02:08:00,04/20/2025 02:09:21,ContractUpdate,Succeeded
Olivier Roozendaal (500090),Microsoft Active Directory,SEC-Antivirus (avo.local/Demo/Groups/SEC-Antivirus),Grant,07/01/2025 19:38:00,07/01/2025 19:38:10,PersonUpdate,Succeeded
Olivier Roozendaal (500090),Microsoft Active Directory,SEC-MFA-Enrolled (avo.local/Demo/Groups/SEC-MFA-Enrolled),Grant,05/08/2025 23:52:00,05/08/2025 23:52:27,PersonUpdate,Succeeded
Olivier Roozendaal (500090),Microsoft Active Directory,SEC-Endpoint-Protection (avo.local/Demo/Groups/SEC-Endpoint-Protection),Grant,06/14/2025 10:04:00,06/14/2025 10:05:03,Import,Succeeded
Olivier Roozendaal (500090),Microsoft Active Directory,APP-Intranet (avo.local/Demo/Groups/APP-Intranet),Grant,06/18/2026 07:28:00,06/18/2026 07:28:42,ContractUpdate,Succeeded
Olivier Roozendaal (500090),Microsoft Active Directory,APP-Office365 (avo.local/Demo/Groups/APP-Office365),Grant,03/14/2026 17:54:00,03/14/2026 17:55:13,BusinessRuleUpdate,Succeeded
Olivier Roozendaal (500090),Microsoft Active Directory,FS-CA010-RO (avo.local/Demo/Groups/FS-CA010-RO),Grant,10/25/2025 20:20:00,10/25/2025 20:20:08,PersonUpdate,Succeeded
Olivier Roozendaal (500090),Microsoft Active Directory,FS-CA010-RW (avo.local/Demo/Groups/FS-CA010-RW),Grant,10/23/2025 07:20:00,10/23/2025 07:20:09,BusinessRuleUpdate,Succeeded
Olivier Roozendaal (500090),Microsoft Active Directory,TEAM-CA010 (avo.local/Demo/Groups/TEAM-CA010),Grant,12/21/2025 06:55:00,12/21/2025 06:56:25,BusinessRuleUpdate,Succeeded
Olivier Roozendaal (500090),Microsoft Active Directory,MBX-CA010 (avo.local/Demo/Groups/MBX-CA010),Grant,04/15/2025 02:02:00,04/15/2025 02:02:08,BusinessRuleUpdate,Succeeded
Olivier Roozendaal (500090),Microsoft Active Directory,APP-Selfservice (avo.local/Demo/Groups/APP-Selfservice),Grant,01/22/2026 20:50:00,01/22/2026 20:51:17,PersonUpdate,Succeeded
Olivier Roozendaal (500090),Microsoft Active Directory,ROLE-Begeleider (avo.local/Demo/Groups/ROLE-Begeleider),Grant,11/12/2025 11:24:00,11/12/2025 11:24:38,PersonUpdate,Succeeded
Olivier Roozendaal (500090),Microsoft Active Directory,APP-Adobe-AcrobatPro (avo.local/Demo/Groups/APP-Adobe-AcrobatPro),Grant,05/12/2025 01:28:00,05/12/2025 01:28:12,PersonUpdate,Succeeded
Olivier Roozendaal (500090),Microsoft Active Directory,FS-Begeleider-DATA (avo.local/Demo/Groups/FS-Begeleider-DATA),Grant,03/01/2026 23:57:00,03/01/2026 23:57:43,BusinessRuleUpdate,Succeeded
Ursula Dijkgraaf (500091),Microsoft Active Directory,SEC-Antivirus (avo.local/Demo/Groups/SEC-Antivirus),Grant,03/19/2026 14:12:00,03/19/2026 14:12:02,ContractUpdate,Succeeded
Ursula Dijkgraaf (500091),Microsoft Active Directory,SEC-MFA-Enrolled (avo.local/Demo/Groups/SEC-MFA-Enrolled),Grant,11/28/2025 00:42:00,11/28/2025 00:42:03,ContractUpdate,Succeeded
Ursula Dijkgraaf (500091),Microsoft Active Directory,APP-Intranet (avo.local/Demo/Groups/APP-Intranet),Grant,06/12/2026 06:34:00,06/12/2026 06:34:45,ContractUpdate,Succeeded
Ursula Dijkgraaf (500091),Microsoft Active Directory,APP-CB12-Portal (avo.local/Demo/Groups/APP-CB12-Portal),Grant,04/05/2026 09:12:00,04/05/2026 09:13:06,BusinessRuleUpdate,Succeeded
Ursula Dijkgraaf (500091),Microsoft Active Directory,FS-CB12-RO (avo.local/Demo/Groups/FS-CB12-RO),Grant,07/16/2026 23:33:00,07/16/2026 23:34:19,BusinessRuleUpdate,Succeeded
Ursula Dijkgraaf (500091),Microsoft Active Directory,FS-CB12-RW (avo.local/Demo/Groups/FS-CB12-RW),Grant,04/22/2026 03:22:00,04/22/2026 03:22:20,BusinessRuleUpdate,Succeeded
Ursula Dijkgraaf (500091),Microsoft Active Directory,TEAM-CB12 (avo.local/Demo/Groups/TEAM-CB12),Grant,06/16/2026 23:57:00,06/16/2026 23:57:51,BusinessRuleUpdate,Succeeded
Ursula Dijkgraaf (500091),Microsoft Active Directory,MBX-CB12 (avo.local/Demo/Groups/MBX-CB12),Grant,05/10/2025 20:17:00,05/10/2025 20:17:12,BusinessRuleUpdate,Succeeded
Ursula Dijkgraaf (500091),Microsoft Active Directory,APP-Selfservice (avo.local/Demo/Groups/APP-Selfservice),Grant,07/16/2025 02:17:00,07/16/2025 02:17:40,BusinessRuleUpdate,Succeeded
Xander Elzinga (500092),Microsoft Active Directory,SEC-Antivirus (avo.local/Demo/Groups/SEC-Antivirus),Grant,11/20/2025 08:04:00,11/20/2025 08:04:10,ContractUpdate,Succeeded
Xander Elzinga (500092),Microsoft Active Directory,SEC-DiskEncryption (avo.local/Demo/Groups/SEC-DiskEncryption),Grant,06/13/2026 22:46:00,06/13/2026 22:47:23,ContractUpdate,Succeeded
Xander Elzinga (500092),Microsoft Active Directory,SEC-DiskEncryption (avo.local/Demo/Groups/SEC-DiskEncryption),Revoke,06/29/2026 22:46:00,06/29/2026 22:46:10,ContractUpdate,Succeeded
Xander Elzinga (500092),Microsoft Active Directory,SEC-DiskEncryption (avo.local/Demo/Groups/SEC-DiskEncryption),Grant,07/09/2026 22:46:00,07/09/2026 22:47:18,ContractUpdate,Succeeded
Xander Elzinga (500092),Microsoft Active Directory,SEC-MFA-Enrolled (avo.local/Demo/Groups/SEC-MFA-Enrolled),Grant,05/12/2026 19:30:00,05/12/2026 19:30:22,Import,Succeeded
Xander Elzinga (500092),Microsoft Active Directory,SEC-Endpoint-Protection (avo.local/Demo/Groups/SEC-Endpoint-Protection),Grant,06/04/2025 02:06:00,06/04/2025 02:06:19,ContractUpdate,Succeeded
Xander Elzinga (500092),Microsoft Active Directory,APP-Intranet (avo.local/Demo/Groups/APP-Intranet),Grant,05/13/2026 03:28:00,05/13/2026 03:28:44,Import,Succeeded
Xander Elzinga (500092),Microsoft Active Directory,APP-Intranet (avo.local/Demo/Groups/APP-Intranet),Revoke,06/18/2026 03:28:00,06/18/2026 03:28:06,ContractUpdate,Succeeded
Xander Elzinga (500092),Microsoft Active Directory,APP-Intranet (avo.local/Demo/Groups/APP-Intranet),Grant,06/29/2026 03:28:00,06/29/2026 03:28:56,ContractUpdate,Succeeded
Xander Elzinga (500092),Microsoft Active Directory,APP-Office365 (avo.local/Demo/Groups/APP-Office365),Grant,06/12/2026 16:28:00,06/12/2026 16:29:29,Import,Succeeded
Kim Terlouw (500093),Microsoft Active Directory,SEC-Antivirus (avo.local/Demo/Groups/SEC-Antivirus),Grant,06/14/2026 01:22:00,06/14/2026 01:23:15,ContractUpdate,Succeeded
Kim Terlouw (500093),Microsoft Active Directory,SEC-DiskEncryption (avo.local/Demo/Groups/SEC-DiskEncryption),Grant,04/17/2025 06:00:00,04/17/2025 06:01:02,PersonUpdate,Succeeded
Kim Terlouw (500093),Microsoft Active Directory,SEC-MFA-Enrolled (avo.local/Demo/Groups/SEC-MFA-Enrolled),Grant,12/01/2025 06:55:00,12/01/2025 06:56:26,ContractUpdate,Succeeded
Kim Terlouw (500093),Microsoft Active Directory,SEC-Endpoint-Protection (avo.local/Demo/Groups/SEC-Endpoint-Protection),Grant,08/13/2025 06:39:00,08/13/2025 06:39:06,PersonUpdate,Succeeded
Kim Terlouw (500093),Microsoft Active Directory,APP-Intranet (avo.local/Demo/Groups/APP-Intranet),Grant,05/13/2025 17:20:00,05/13/2025 17:20:11,ContractUpdate,Succeeded
Kim Terlouw (500093),Microsoft Active Directory,APP-CB12-Portal (avo.local/Demo/Groups/APP-CB12-Portal),Grant,12/20/2025 00:46:00,12/20/2025 00:47:28,PersonUpdate,Succeeded
Kim Terlouw (500093),Microsoft Active Directory,FS-CB12-RO (avo.local/Demo/Groups/FS-CB12-RO),Grant,04/30/2026 21:51:00,04/30/2026 21:51:38,PersonUpdate,Succeeded
Kim Terlouw (500093),Microsoft Active Directory,FS-CB12-RW (avo.local/Demo/Groups/FS-CB12-RW),Grant,04/15/2026 15:31:00,04/15/2026 15:31:44,Import,Succeeded
Kim Terlouw (500093),Microsoft Active Directory,MBX-CB12 (avo.local/Demo/Groups/MBX-CB12),Grant,05/10/2025 01:06:00,05/10/2025 01:06:41,Import,Succeeded
Kim Terlouw (500093),Microsoft Active Directory,MBX-CB12 (avo.local/Demo/Groups/MBX-CB12),Revoke,06/08/2025 01:06:00,06/08/2025 01:06:19,ContractUpdate,Succeeded
Kim Terlouw (500093),Microsoft Active Directory,MBX-CB12 (avo.local/Demo/Groups/MBX-CB12),Grant,06/10/2025 01:06:00,06/10/2025 01:06:52,ContractUpdate,Succeeded
Kim Terlouw (500093),Microsoft Active Directory,APP-Selfservice (avo.local/Demo/Groups/APP-Selfservice),Grant,02/23/2026 02:57:00,02/23/2026 02:58:18,ContractUpdate,Succeeded
Kim Terlouw (500093),Microsoft Active Directory,APP-Visio (avo.local/Demo/Groups/APP-Visio),Grant,05/27/2025 00:29:00,05/27/2025 00:30:15,BusinessRuleUpdate,Succeeded
Mila Dijkgraaf (500094),Microsoft Active Directory,SEC-Antivirus (avo.local/Demo/Groups/SEC-Antivirus),Grant,07/06/2026 10:53:00,07/06/2026 10:53:20,ContractUpdate,Succeeded
Mila Dijkgraaf (500094),Microsoft Active Directory,SEC-Endpoint-Protection (avo.local/Demo/Groups/SEC-Endpoint-Protection),Grant,01/15/2026 11:28:00,01/15/2026 11:29:26,Import,Succeeded
Mila Dijkgraaf (500094),Microsoft Active Directory,APP-Office365 (avo.local/Demo/Groups/APP-Office365),Grant,10/01/2025 23:47:00,10/01/2025 23:47:13,Import,Succeeded
Mila Dijkgraaf (500094),Microsoft Active Directory,APP-Selfservice (avo.local/Demo/Groups/APP-Selfservice),Grant,11/21/2025 01:15:00,11/21/2025 01:15:15,ContractUpdate,Succeeded
Kim Oosterhuis (500095),Microsoft Active Directory,SEC-Antivirus (avo.local/Demo/Groups/SEC-Antivirus),Grant,11/13/2025 05:44:00,11/13/2025 05:45:11,Import,Succeeded
Kim Oosterhuis (500095),Microsoft Active Directory,SEC-DiskEncryption (avo.local/Demo/Groups/SEC-DiskEncryption),Grant,01/28/2026 16:29:00,01/28/2026 16:29:48,PersonUpdate,Succeeded
Kim Oosterhuis (500095),Microsoft Active Directory,SEC-MFA-Enrolled (avo.local/Demo/Groups/SEC-MFA-Enrolled),Grant,06/25/2026 23:52:00,06/25/2026 23:52:56,BusinessRuleUpdate,Succeeded
Gijs Muijs (500096),Microsoft Active Directory,SEC-Antivirus (avo.local/Demo/Groups/SEC-Antivirus),Grant,12/02/2025 08:43:00,12/02/2025 08:43:34,PersonUpdate,Succeeded
Gijs Muijs (500096),Microsoft Active Directory,SEC-DiskEncryption (avo.local/Demo/Groups/SEC-DiskEncryption),Grant,09/07/2025 05:07:00,09/07/2025 05:07:09,PersonUpdate,Succeeded
Gijs Muijs (500096),Microsoft Active Directory,SEC-MFA-Enrolled (avo.local/Demo/Groups/SEC-MFA-Enrolled),Grant,08/12/2025 16:47:00,08/12/2025 16:47:19,Import,Succeeded
Gijs Muijs (500096),Microsoft Active Directory,SEC-Endpoint-Protection (avo.local/Demo/Groups/SEC-Endpoint-Protection),Grant,04/17/2026 07:26:00,04/17/2026 07:26:01,PersonUpdate,Succeeded
Gijs Muijs (500096),Microsoft Active Directory,APP-Intranet (avo.local/Demo/Groups/APP-Intranet),Grant,07/18/2026 01:16:00,07/18/2026 01:16:49,BusinessRuleUpdate,Succeeded
Gijs Muijs (500096),Microsoft Active Directory,APP-Office365 (avo.local/Demo/Groups/APP-Office365),Grant,03/08/2026 16:29:00,03/08/2026 16:29:47,BusinessRuleUpdate,Succeeded
Gijs Muijs (500096),Microsoft Active Directory,APP-CA010-Portal (avo.local/Demo/Groups/APP-CA010-Portal),Grant,08/21/2025 16:33:00,08/21/2025 16:34:11,BusinessRuleUpdate,Succeeded
Gijs Muijs (500096),Microsoft Active Directory,APP-CA010-Portal (avo.local/Demo/Groups/APP-CA010-Portal),Revoke,10/13/2025 16:33:00,10/13/2025 16:33:03,ContractUpdate,Succeeded
Gijs Muijs (500096),Microsoft Active Directory,APP-CA010-Portal (avo.local/Demo/Groups/APP-CA010-Portal),Grant,10/26/2025 16:33:00,10/26/2025 16:34:25,ContractUpdate,Succeeded
Gijs Muijs (500096),Microsoft Active Directory,FS-CA010-RO (avo.local/Demo/Groups/FS-CA010-RO),Grant,04/19/2026 09:22:00,04/19/2026 09:23:22,Import,Succeeded
Gijs Muijs (500096),Microsoft Active Directory,FS-CA010-RW (avo.local/Demo/Groups/FS-CA010-RW),Grant,05/16/2025 21:59:00,05/16/2025 21:59:24,ContractUpdate,Succeeded
Gijs Muijs (500096),Microsoft Active Directory,MBX-CA010 (avo.local/Demo/Groups/MBX-CA010),Grant,09/27/2025 01:55:00,09/27/2025 01:55:01,ContractUpdate,Succeeded
Gijs Muijs (500096),Microsoft Active Directory,APP-Selfservice (avo.local/Demo/Groups/APP-Selfservice),Grant,04/08/2026 07:19:00,04/08/2026 07:19:07,BusinessRuleUpdate,Succeeded
Zoë Coenen (500097),Microsoft Active Directory,SEC-Antivirus (avo.local/Demo/Groups/SEC-Antivirus),Grant,02/17/2026 07:02:00,02/17/2026 07:02:33,Import,Succeeded
Zoë Coenen (500097),Microsoft Active Directory,SEC-DiskEncryption (avo.local/Demo/Groups/SEC-DiskEncryption),Grant,06/18/2026 04:43:00,06/18/2026 04:44:12,ContractUpdate,Succeeded
Zoë Coenen (500097),Microsoft Active Directory,SEC-MFA-Enrolled (avo.local/Demo/Groups/SEC-MFA-Enrolled),Grant,12/31/2025 11:00:00,12/31/2025 11:00:19,BusinessRuleUpdate,Succeeded
Zoë Coenen (500097),Microsoft Active Directory,SEC-Endpoint-Protection (avo.local/Demo/Groups/SEC-Endpoint-Protection),Grant,04/27/2025 21:30:00,04/27/2025 21:31:06,PersonUpdate,Succeeded
Zoë Coenen (500097),Microsoft Active Directory,APP-Office365 (avo.local/Demo/Groups/APP-Office365),Grant,11/15/2025 19:14:00,11/15/2025 19:14:27,Import,Succeeded
Zoë Coenen (500097),Microsoft Active Directory,ROLE-Verzorgende (avo.local/Demo/Groups/ROLE-Verzorgende),Grant,05/22/2025 00:48:00,05/22/2025 00:49:26,BusinessRuleUpdate,Succeeded
Zoë Coenen (500097),Microsoft Active Directory,APP-Copilot (avo.local/Demo/Groups/APP-Copilot),Grant,04/25/2026 11:15:00,04/25/2026 11:15:59,ContractUpdate,Succeeded
Bram Wielenga (500098),Microsoft Active Directory,SEC-Antivirus (avo.local/Demo/Groups/SEC-Antivirus),Grant,09/28/2025 13:40:00,09/28/2025 13:40:30,PersonUpdate,Succeeded
Bram Wielenga (500098),Microsoft Active Directory,SEC-MFA-Enrolled (avo.local/Demo/Groups/SEC-MFA-Enrolled),Grant,04/14/2025 18:36:00,04/14/2025 18:36:48,PersonUpdate,Succeeded
Bram Wielenga (500098),Microsoft Active Directory,APP-Office365 (avo.local/Demo/Groups/APP-Office365),Grant,08/23/2025 13:27:00,08/23/2025 13:27:30,BusinessRuleUpdate,Succeeded
Daan Fokkema (500099),Microsoft Active Directory,SEC-DiskEncryption (avo.local/Demo/Groups/SEC-DiskEncryption),Grant,06/15/2026 18:57:00,06/15/2026 18:58:16,Import,Succeeded
Daan Fokkema (500099),Microsoft Active Directory,SEC-MFA-Enrolled (avo.local/Demo/Groups/SEC-MFA-Enrolled),Grant,06/23/2026 15:26:00,06/23/2026 15:26:36,ContractUpdate,Succeeded
Daan Fokkema (500099),Microsoft Active Directory,SEC-Endpoint-Protection (avo.local/Demo/Groups/SEC-Endpoint-Protection),Grant,05/26/2025 08:10:00,05/26/2025 08:11:05,BusinessRuleUpdate,Succeeded
Wout Oosterhuis (500100),Microsoft Active Directory,SEC-Antivirus (avo.local/Demo/Groups/SEC-Antivirus),Grant,06/05/2025 21:39:00,06/05/2025 21:40:21,Import,Succeeded
Wout Oosterhuis (500100),Microsoft Active Directory,SEC-DiskEncryption (avo.local/Demo/Groups/SEC-DiskEncryption),Grant,05/13/2026 13:11:00,05/13/2026 13:11:20,PersonUpdate,Succeeded
Wout Oosterhuis (500100),Microsoft Active Directory,ROLE-Begeleider (avo.local/Demo/Groups/ROLE-Begeleider),Grant,12/21/2025 05:10:00,12/21/2025 05:11:11,BusinessRuleUpdate,Succeeded
Wout Oosterhuis (500100),Microsoft Active Directory,APP-Visio (avo.local/Demo/Groups/APP-Visio),Grant,09/21/2025 22:58:00,09/21/2025 22:58:48,PersonUpdate,Succeeded
Vera Berkhout (500101),Microsoft Active Directory,SEC-Antivirus (avo.local/Demo/Groups/SEC-Antivirus),Grant,02/23/2026 08:57:00,02/23/2026 08:57:46,ContractUpdate,Succeeded
Vera Berkhout (500101),Microsoft Active Directory,SEC-MFA-Enrolled (avo.local/Demo/Groups/SEC-MFA-Enrolled),Grant,09/24/2025 01:13:00,09/24/2025 01:14:29,PersonUpdate,Succeeded
Vera Berkhout (500101),Microsoft Active Directory,SEC-Endpoint-Protection (avo.local/Demo/Groups/SEC-Endpoint-Protection),Grant,06/10/2026 19:25:00,06/10/2026 19:25:27,BusinessRuleUpdate,Succeeded
Vera Berkhout (500101),Microsoft Active Directory,SEC-Endpoint-Protection (avo.local/Demo/Groups/SEC-Endpoint-Protection),Revoke,07/22/2026 19:25:00,07/22/2026 19:26:29,ContractUpdate,Succeeded
Vera Berkhout (500101),Microsoft Active Directory,SEC-Endpoint-Protection (avo.local/Demo/Groups/SEC-Endpoint-Protection),Grant,08/03/2026 23:00:00,08/03/2026 23:00:39,ContractUpdate,Succeeded
Vera Berkhout (500101),Microsoft Active Directory,APP-CA010-Portal (avo.local/Demo/Groups/APP-CA010-Portal),Grant,01/22/2026 10:41:00,01/22/2026 10:41:18,Import,Succeeded
Vera Berkhout (500101),Microsoft Active Directory,FS-CA010-RO (avo.local/Demo/Groups/FS-CA010-RO),Grant,09/30/2025 03:58:00,09/30/2025 03:59:19,Import,Succeeded
Vera Berkhout (500101),Microsoft Active Directory,FS-CA010-RO (avo.local/Demo/Groups/FS-CA010-RO),Revoke,10/21/2025 03:58:00,10/21/2025 03:59:07,ContractUpdate,Succeeded
Vera Berkhout (500101),Microsoft Active Directory,FS-CA010-RO (avo.local/Demo/Groups/FS-CA010-RO),Grant,11/09/2025 03:58:00,11/09/2025 03:58:15,ContractUpdate,Succeeded
Vera Berkhout (500101),Microsoft Active Directory,FS-CA010-RW (avo.local/Demo/Groups/FS-CA010-RW),Grant,06/27/2025 16:20:00,06/27/2025 16:21:29,PersonUpdate,Succeeded
Vera Berkhout (500101),Microsoft Active Directory,TEAM-CA010 (avo.local/Demo/Groups/TEAM-CA010),Grant,03/26/2026 10:31:00,03/26/2026 10:31:34,Import,Succeeded
Vera Berkhout (500101),Microsoft Active Directory,APP-Selfservice (avo.local/Demo/Groups/APP-Selfservice),Grant,02/08/2026 14:09:00,02/08/2026 14:09:43,ContractUpdate,Succeeded
Vera Berkhout (500101),Microsoft Active Directory,APP-Copilot (avo.local/Demo/Groups/APP-Copilot),Grant,07/29/2025 12:24:00,07/29/2025 12:25:30,BusinessRuleUpdate,Succeeded
Iris Vroegindeweij (500102),Microsoft Active Directory,SEC-Antivirus (avo.local/Demo/Groups/SEC-Antivirus),Grant,05/08/2026 03:18:00,05/08/2026 03:18:21,BusinessRuleUpdate,Succeeded
Iris Vroegindeweij (500102),Microsoft Active Directory,SEC-DiskEncryption (avo.local/Demo/Groups/SEC-DiskEncryption),Grant,06/29/2026 11:08:00,06/29/2026 11:08:47,PersonUpdate,Succeeded
Iris Vroegindeweij (500102),Microsoft Active Directory,SEC-MFA-Enrolled (avo.local/Demo/Groups/SEC-MFA-Enrolled),Grant,05/09/2025 20:57:00,05/09/2025 20:57:44,ContractUpdate,Succeeded
Iris Vroegindeweij (500102),Microsoft Active Directory,SEC-Endpoint-Protection (avo.local/Demo/Groups/SEC-Endpoint-Protection),Grant,04/02/2025 04:19:00,04/02/2025 04:19:01,BusinessRuleUpdate,Succeeded
Iris Vroegindeweij (500102),Microsoft Active Directory,APP-Office365 (avo.local/Demo/Groups/APP-Office365),Grant,01/28/2026 10:15:00,01/28/2026 10:16:22,Import,Succeeded
Roos Muijs (500103),Microsoft Active Directory,SEC-Antivirus (avo.local/Demo/Groups/SEC-Antivirus),Grant,03/29/2025 14:54:00,03/29/2025 14:54:10,BusinessRuleUpdate,Succeeded
Roos Muijs (500103),Microsoft Active Directory,SEC-DiskEncryption (avo.local/Demo/Groups/SEC-DiskEncryption),Grant,10/13/2025 15:01:00,10/13/2025 15:01:12,Import,Succeeded
Roos Muijs (500103),Microsoft Active Directory,SEC-DiskEncryption (avo.local/Demo/Groups/SEC-DiskEncryption),Revoke,11/20/2025 15:01:00,11/20/2025 15:02:04,ContractUpdate,Succeeded
Roos Muijs (500103),Microsoft Active Directory,SEC-DiskEncryption (avo.local/Demo/Groups/SEC-DiskEncryption),Grant,11/28/2025 15:01:00,11/28/2025 15:01:09,ContractUpdate,Succeeded
Roos Muijs (500103),Microsoft Active Directory,SEC-Endpoint-Protection (avo.local/Demo/Groups/SEC-Endpoint-Protection),Grant,02/16/2026 05:09:00,02/16/2026 05:09:54,ContractUpdate,Succeeded
Roos Muijs (500103),Microsoft Active Directory,SEC-Endpoint-Protection (avo.local/Demo/Groups/SEC-Endpoint-Protection),Revoke,04/15/2026 05:09:00,04/15/2026 05:10:16,ContractUpdate,Succeeded
Roos Muijs (500103),Microsoft Active Directory,SEC-Endpoint-Protection (avo.local/Demo/Groups/SEC-Endpoint-Protection),Grant,04/29/2026 05:09:00,04/29/2026 05:09:55,ContractUpdate,Succeeded
Roos Muijs (500103),Microsoft Active Directory,APP-Office365 (avo.local/Demo/Groups/APP-Office365),Grant,02/07/2026 06:49:00,02/07/2026 06:49:49,BusinessRuleUpdate,Succeeded
Roos Muijs (500103),Microsoft Active Directory,APP-FIN01-Portal (avo.local/Demo/Groups/APP-FIN01-Portal),Grant,08/12/2025 04:36:00,08/12/2025 04:37:18,Import,Succeeded
Roos Muijs (500103),Microsoft Active Directory,FS-FIN01-RO (avo.local/Demo/Groups/FS-FIN01-RO),Grant,06/08/2025 16:25:00,06/08/2025 16:26:19,BusinessRuleUpdate,Succeeded
Roos Muijs (500103),Microsoft Active Directory,TEAM-FIN01 (avo.local/Demo/Groups/TEAM-FIN01),Grant,08/12/2025 17:25:00,08/12/2025 17:25:03,Import,Succeeded
Roos Muijs (500103),Microsoft Active Directory,MBX-FIN01 (avo.local/Demo/Groups/MBX-FIN01),Grant,03/18/2026 18:36:00,03/18/2026 18:37:13,Import,Succeeded
Roos Muijs (500103),Microsoft Active Directory,ROLE-Begeleider (avo.local/Demo/Groups/ROLE-Begeleider),Grant,07/10/2025 22:20:00,07/10/2025 22:21:28,Import,Succeeded
Roos Muijs (500103),Microsoft Active Directory,APP-Visio (avo.local/Demo/Groups/APP-Visio),Grant,03/27/2025 01:53:00,03/27/2025 01:53:07,PersonUpdate,Succeeded
Bram Quaedvlieg (500104),Microsoft Active Directory,SEC-Antivirus (avo.local/Demo/Groups/SEC-Antivirus),Grant,05/14/2026 03:46:00,05/14/2026 03:47:11,ContractUpdate,Succeeded
Bram Quaedvlieg (500104),Microsoft Active Directory,SEC-DiskEncryption (avo.local/Demo/Groups/SEC-DiskEncryption),Grant,06/26/2026 18:28:00,06/26/2026 18:28:36,ContractUpdate,Succeeded
Bram Quaedvlieg (500104),Microsoft Active Directory,SEC-MFA-Enrolled (avo.local/Demo/Groups/SEC-MFA-Enrolled),Grant,01/13/2026 04:28:00,01/13/2026 04:28:15,Import,Succeeded
Bram Quaedvlieg (500104),Microsoft Active Directory,SEC-Endpoint-Protection (avo.local/Demo/Groups/SEC-Endpoint-Protection),Grant,10/15/2025 15:53:00,10/15/2025 15:53:48,PersonUpdate,Succeeded
Bram Quaedvlieg (500104),Microsoft Active Directory,APP-Intranet (avo.local/Demo/Groups/APP-Intranet),Grant,11/26/2025 17:24:00,11/26/2025 17:25:06,BusinessRuleUpdate,Succeeded
Bram Quaedvlieg (500104),Microsoft Active Directory,APP-Office365 (avo.local/Demo/Groups/APP-Office365),Grant,01/03/2026 15:34:00,01/03/2026 15:35:04,PersonUpdate,Succeeded
Sem Kalisvaart (500105),Microsoft Active Directory,SEC-Antivirus (avo.local/Demo/Groups/SEC-Antivirus),Grant,07/31/2026 17:19:00,07/31/2026 17:19:56,Import,Succeeded
Sem Kalisvaart (500105),Microsoft Active Directory,SEC-DiskEncryption (avo.local/Demo/Groups/SEC-DiskEncryption),Grant,05/23/2025 02:29:00,05/23/2025 02:29:06,BusinessRuleUpdate,Succeeded
Sem Kalisvaart (500105),Microsoft Active Directory,SEC-MFA-Enrolled (avo.local/Demo/Groups/SEC-MFA-Enrolled),Grant,06/06/2026 17:25:00,06/06/2026 17:26:29,BusinessRuleUpdate,Succeeded
Sem Kalisvaart (500105),Microsoft Active Directory,SEC-Endpoint-Protection (avo.local/Demo/Groups/SEC-Endpoint-Protection),Grant,05/14/2025 22:42:00,05/14/2025 22:42:15,BusinessRuleUpdate,Succeeded
Sem Kalisvaart (500105),Microsoft Active Directory,APP-Intranet (avo.local/Demo/Groups/APP-Intranet),Grant,04/10/2025 19:59:00,04/10/2025 20:00:06,BusinessRuleUpdate,Succeeded
Sem Kalisvaart (500105),Microsoft Active Directory,APP-Office365 (avo.local/Demo/Groups/APP-Office365),Grant,08/18/2025 08:41:00,08/18/2025 08:41:59,Import,Succeeded
Sem Kalisvaart (500105),Microsoft Active Directory,APP-Adobe-AcrobatPro (avo.local/Demo/Groups/APP-Adobe-AcrobatPro),Grant,02/08/2026 17:23:00,02/08/2026 17:23:01,BusinessRuleUpdate,Succeeded
Sem Kalisvaart (500105),Microsoft Active Directory,FS-Begeleider-DATA (avo.local/Demo/Groups/FS-Begeleider-DATA),Grant,12/18/2025 23:03:00,12/18/2025 23:03:54,BusinessRuleUpdate,Succeeded
Kim Pronk (500106),Microsoft Active Directory,SEC-Antivirus (avo.local/Demo/Groups/SEC-Antivirus),Grant,10/23/2025 11:03:00,10/23/2025 11:04:21,BusinessRuleUpdate,Succeeded
Kim Pronk (500106),Microsoft Active Directory,SEC-Antivirus (avo.local/Demo/Groups/SEC-Antivirus),Revoke,12/11/2025 11:03:00,12/11/2025 11:04:12,ContractUpdate,Succeeded
Kim Pronk (500106),Microsoft Active Directory,SEC-Antivirus (avo.local/Demo/Groups/SEC-Antivirus),Grant,12/17/2025 11:03:00,12/17/2025 11:03:39,ContractUpdate,Succeeded
Kim Pronk (500106),Microsoft Active Directory,SEC-DiskEncryption (avo.local/Demo/Groups/SEC-DiskEncryption),Grant,09/04/2025 05:19:00,09/04/2025 05:19:15,PersonUpdate,Succeeded
Kim Pronk (500106),Microsoft Active Directory,SEC-DiskEncryption (avo.local/Demo/Groups/SEC-DiskEncryption),Revoke,09/13/2025 05:19:00,09/13/2025 05:20:27,ContractUpdate,Succeeded
Kim Pronk (500106),Microsoft Active Directory,SEC-DiskEncryption (avo.local/Demo/Groups/SEC-DiskEncryption),Grant,09/23/2025 05:19:00,09/23/2025 05:19:40,ContractUpdate,Succeeded
Kim Pronk (500106),Microsoft Active Directory,SEC-MFA-Enrolled (avo.local/Demo/Groups/SEC-MFA-Enrolled),Grant,11/28/2025 19:27:00,11/28/2025 19:28:29,BusinessRuleUpdate,Succeeded
Kim Pronk (500106),Microsoft Active Directory,SEC-Endpoint-Protection (avo.local/Demo/Groups/SEC-Endpoint-Protection),Grant,10/28/2025 03:57:00,10/28/2025 03:57:07,ContractUpdate,Succeeded
Kim Pronk (500106),Microsoft Active Directory,APP-Intranet (avo.local/Demo/Groups/APP-Intranet),Grant,07/29/2025 08:55:00,07/29/2025 08:56:16,ContractUpdate,Succeeded
Kim Pronk (500106),Microsoft Active Directory,APP-Office365 (avo.local/Demo/Groups/APP-Office365),Grant,08/06/2025 18:08:00,08/06/2025 18:08:23,PersonUpdate,Succeeded
Kim Pronk (500106),Microsoft Active Directory,APP-HRM02-Portal (avo.local/Demo/Groups/APP-HRM02-Portal),Grant,08/23/2025 08:33:00,08/23/2025 08:33:45,PersonUpdate,Succeeded
Kim Pronk (500106),Microsoft Active Directory,FS-HRM02-RW (avo.local/Demo/Groups/FS-HRM02-RW),Grant,05/18/2025 21:50:00,05/18/2025 21:51:28,Import,Succeeded
Kim Pronk (500106),Microsoft Active Directory,TEAM-HRM02 (avo.local/Demo/Groups/TEAM-HRM02),Grant,05/09/2026 01:12:00,05/09/2026 01:13:27,ContractUpdate,Succeeded
Kim Pronk (500106),Microsoft Active Directory,MBX-HRM02 (avo.local/Demo/Groups/MBX-HRM02),Grant,12/20/2025 19:17:00,12/20/2025 19:17:56,BusinessRuleUpdate,Succeeded
Kim Pronk (500106),Microsoft Active Directory,ROLE-Verpleegkundige (avo.local/Demo/Groups/ROLE-Verpleegkundige),Grant,02/14/2026 09:17:00,02/14/2026 09:17:55,PersonUpdate,Succeeded
Kim Pronk (500106),Microsoft Active Directory,APP-Visio (avo.local/Demo/Groups/APP-Visio),Grant,10/05/2025 20:10:00,10/05/2025 20:10:14,PersonUpdate,Succeeded
Mila Uijlenbroek (500107),Microsoft Active Directory,SEC-DiskEncryption (avo.local/Demo/Groups/SEC-DiskEncryption),Grant,06/12/2026 00:25:00,06/12/2026 00:25:03,BusinessRuleUpdate,Succeeded
Mila Uijlenbroek (500107),Microsoft Active Directory,SEC-MFA-Enrolled (avo.local/Demo/Groups/SEC-MFA-Enrolled),Grant,06/22/2025 06:31:00,06/22/2025 06:31:33,BusinessRuleUpdate,Succeeded
Mila Uijlenbroek (500107),Microsoft Active Directory,SEC-Endpoint-Protection (avo.local/Demo/Groups/SEC-Endpoint-Protection),Grant,03/14/2026 05:32:00,03/14/2026 05:33:09,Import,Succeeded
Mila Uijlenbroek (500107),Microsoft Active Directory,SEC-Endpoint-Protection (avo.local/Demo/Groups/SEC-Endpoint-Protection),Revoke,05/11/2026 05:32:00,05/11/2026 05:32:59,ContractUpdate,Succeeded
Mila Uijlenbroek (500107),Microsoft Active Directory,SEC-Endpoint-Protection (avo.local/Demo/Groups/SEC-Endpoint-Protection),Grant,05/21/2026 05:32:00,05/21/2026 05:32:49,ContractUpdate,Succeeded
Mila Uijlenbroek (500107),Microsoft Active Directory,APP-CA010-Portal (avo.local/Demo/Groups/APP-CA010-Portal),Grant,07/24/2025 03:18:00,07/24/2025 03:18:28,PersonUpdate,Succeeded
Mila Uijlenbroek (500107),Microsoft Active Directory,FS-CA010-RO (avo.local/Demo/Groups/FS-CA010-RO),Grant,05/04/2025 14:21:00,05/04/2025 14:21:11,Import,Succeeded
Mila Uijlenbroek (500107),Microsoft Active Directory,TEAM-CA010 (avo.local/Demo/Groups/TEAM-CA010),Grant,07/29/2025 19:27:00,07/29/2025 19:27:20,PersonUpdate,Succeeded
Mila Uijlenbroek (500107),Microsoft Active Directory,MBX-CA010 (avo.local/Demo/Groups/MBX-CA010),Grant,06/22/2025 00:05:00,06/22/2025 00:05:44,PersonUpdate,Succeeded
Mila Uijlenbroek (500107),Microsoft Active Directory,APP-Selfservice (avo.local/Demo/Groups/APP-Selfservice),Grant,03/22/2025 21:17:00,03/22/2025 21:18:29,Import,Succeeded
Lars Fokkema (500108),Microsoft Active Directory,SEC-DiskEncryption (avo.local/Demo/Groups/SEC-DiskEncryption),Grant,09/18/2025 20:51:00,09/18/2025 20:51:02,PersonUpdate,Succeeded
Lars Fokkema (500108),Microsoft Active Directory,SEC-MFA-Enrolled (avo.local/Demo/Groups/SEC-MFA-Enrolled),Grant,12/03/2025 19:59:00,12/03/2025 19:59:07,PersonUpdate,Succeeded
Lars Fokkema (500108),Microsoft Active Directory,SEC-Endpoint-Protection (avo.local/Demo/Groups/SEC-Endpoint-Protection),Grant,03/24/2025 01:18:00,03/24/2025 01:19:09,Import,Succeeded
Lars Fokkema (500108),Microsoft Active Directory,APP-ICT03-Portal (avo.local/Demo/Groups/APP-ICT03-Portal),Grant,01/10/2026 13:59:00,01/10/2026 13:59:29,ContractUpdate,Succeeded
Lars Fokkema (500108),Microsoft Active Directory,FS-ICT03-RO (avo.local/Demo/Groups/FS-ICT03-RO),Grant,10/15/2025 23:33:00,10/15/2025 23:33:05,Import,Succeeded
Lars Fokkema (500108),Microsoft Active Directory,FS-ICT03-RW (avo.local/Demo/Groups/FS-ICT03-RW),Grant,06/08/2025 18:34:00,06/08/2025 18:34:32,ContractUpdate,Succeeded
Vera Elzinga (500109),Microsoft Active Directory,SEC-Endpoint-Protection (avo.local/Demo/Groups/SEC-Endpoint-Protection),Grant,07/28/2025 20:48:00,07/28/2025 20:48:04,PersonUpdate,Succeeded
Vera Elzinga (500109),Microsoft Active Directory,APP-Office365 (avo.local/Demo/Groups/APP-Office365),Grant,03/17/2026 15:17:00,03/17/2026 15:17:39,ContractUpdate,Succeeded
Vera Elzinga (500109),Microsoft Active Directory,APP-Selfservice (avo.local/Demo/Groups/APP-Selfservice),Grant,12/02/2025 16:48:00,12/02/2025 16:48:06,Import,Succeeded
Sem Vroegindeweij (500110),Microsoft Active Directory,SEC-DiskEncryption (avo.local/Demo/Groups/SEC-DiskEncryption),Grant,06/13/2025 22:31:00,06/13/2025 22:32:25,PersonUpdate,Succeeded
Sem Vroegindeweij (500110),Microsoft Active Directory,SEC-Endpoint-Protection (avo.local/Demo/Groups/SEC-Endpoint-Protection),Grant,12/10/2025 07:06:00,12/10/2025 07:06:05,ContractUpdate,Succeeded
Sem Vroegindeweij (500110),Microsoft Active Directory,APP-Office365 (avo.local/Demo/Groups/APP-Office365),Grant,07/18/2025 13:20:00,07/18/2025 13:20:56,Import,Succeeded
Sem Vroegindeweij (500110),Microsoft Active Directory,APP-CA060-Portal (avo.local/Demo/Groups/APP-CA060-Portal),Grant,07/12/2026 18:08:00,07/12/2026 18:09:25,BusinessRuleUpdate,Succeeded
Sem Vroegindeweij (500110),Microsoft Active Directory,FS-CA060-RW (avo.local/Demo/Groups/FS-CA060-RW),Grant,05/11/2025 14:40:00,05/11/2025 14:40:30,PersonUpdate,Succeeded
Sem Vroegindeweij (500110),Microsoft Active Directory,TEAM-CA060 (avo.local/Demo/Groups/TEAM-CA060),Grant,01/08/2026 10:05:00,01/08/2026 10:05:17,Import,Succeeded
Sem Vroegindeweij (500110),Microsoft Active Directory,MBX-CA060 (avo.local/Demo/Groups/MBX-CA060),Grant,08/21/2025 16:56:00,08/21/2025 16:56:11,PersonUpdate,Succeeded
Sem Vroegindeweij (500110),Microsoft Active Directory,MBX-CA060 (avo.local/Demo/Groups/MBX-CA060),Revoke,08/31/2025 16:56:00,08/31/2025 16:56:56,ContractUpdate,Succeeded
Sem Vroegindeweij (500110),Microsoft Active Directory,MBX-CA060 (avo.local/Demo/Groups/MBX-CA060),Grant,09/16/2025 16:56:00,09/16/2025 16:56:59,ContractUpdate,Succeeded
Sem Vroegindeweij (500110),Microsoft Active Directory,ROLE-Verzorgende (avo.local/Demo/Groups/ROLE-Verzorgende),Grant,04/18/2025 14:53:00,04/18/2025 14:54:05,PersonUpdate,Succeeded
Sem Vroegindeweij (500110),Microsoft Active Directory,APP-Copilot (avo.local/Demo/Groups/APP-Copilot),Grant,07/15/2026 04:07:00,07/15/2026 04:08:29,ContractUpdate,Succeeded
Bram Aalbers (500111),Microsoft Active Directory,SEC-Antivirus (avo.local/Demo/Groups/SEC-Antivirus),Grant,03/08/2026 08:35:00,03/08/2026 08:35:29,PersonUpdate,Succeeded
Bram Aalbers (500111),Microsoft Active Directory,SEC-MFA-Enrolled (avo.local/Demo/Groups/SEC-MFA-Enrolled),Grant,11/06/2025 17:37:00,11/06/2025 17:37:33,BusinessRuleUpdate,Succeeded
Bram Aalbers (500111),Microsoft Active Directory,SEC-Endpoint-Protection (avo.local/Demo/Groups/SEC-Endpoint-Protection),Grant,11/12/2025 11:47:00,11/12/2025 11:47:30,Import,Succeeded
Bram Aalbers (500111),Microsoft Active Directory,APP-Intranet (avo.local/Demo/Groups/APP-Intranet),Grant,04/12/2026 00:03:00,04/12/2026 00:03:56,BusinessRuleUpdate,Succeeded
Bram Aalbers (500111),Microsoft Active Directory,APP-Office365 (avo.local/Demo/Groups/APP-Office365),Grant,12/08/2025 23:04:00,12/08/2025 23:04:58,PersonUpdate,Succeeded
Bram Aalbers (500111),Microsoft Active Directory,APP-Adobe-AcrobatPro (avo.local/Demo/Groups/APP-Adobe-AcrobatPro),Grant,04/05/2026 14:50:00,04/05/2026 14:50:06,PersonUpdate,Succeeded
Daan Lindeboom (500112),Microsoft Active Directory,SEC-Antivirus (avo.local/Demo/Groups/SEC-Antivirus),Grant,06/13/2025 13:52:00,06/13/2025 13:52:51,ContractUpdate,Succeeded
Daan Lindeboom (500112),Microsoft Active Directory,APP-Intranet (avo.local/Demo/Groups/APP-Intranet),Grant,09/25/2025 09:05:00,09/25/2025 09:05:21,ContractUpdate,Succeeded
Daan Lindeboom (500112),Microsoft Active Directory,APP-Office365 (avo.local/Demo/Groups/APP-Office365),Grant,09/14/2025 14:03:00,09/14/2025 14:03:49,ContractUpdate,Succeeded
Daan Lindeboom (500112),Microsoft Active Directory,APP-FIN01-Portal (avo.local/Demo/Groups/APP-FIN01-Portal),Grant,11/16/2025 15:57:00,11/16/2025 15:57:09,PersonUpdate,Succeeded
Daan Lindeboom (500112),Microsoft Active Directory,FS-FIN01-RO (avo.local/Demo/Groups/FS-FIN01-RO),Grant,11/07/2025 15:04:00,11/07/2025 15:05:29,Import,Succeeded
Daan Lindeboom (500112),Microsoft Active Directory,MBX-FIN01 (avo.local/Demo/Groups/MBX-FIN01),Grant,07/25/2026 05:09:00,07/25/2026 05:10:26,BusinessRuleUpdate,Succeeded
Yara Quaedvlieg (500113),Microsoft Active Directory,SEC-Antivirus (avo.local/Demo/Groups/SEC-Antivirus),Grant,12/09/2025 20:40:00,12/09/2025 20:41:11,ContractUpdate,Succeeded
Yara Quaedvlieg (500113),Microsoft Active Directory,SEC-DiskEncryption (avo.local/Demo/Groups/SEC-DiskEncryption),Grant,07/24/2025 17:53:00,07/24/2025 17:54:05,Import,Succeeded
Yara Quaedvlieg (500113),Microsoft Active Directory,SEC-Endpoint-Protection (avo.local/Demo/Groups/SEC-Endpoint-Protection),Grant,06/24/2026 14:16:00,06/24/2026 14:17:27,ContractUpdate,Succeeded
Yara Quaedvlieg (500113),Microsoft Active Directory,APP-CZ08-Portal (avo.local/Demo/Groups/APP-CZ08-Portal),Grant,04/01/2026 22:58:00,04/01/2026 22:58:08,PersonUpdate,Succeeded
Yara Quaedvlieg (500113),Microsoft Active Directory,FS-CZ08-RO (avo.local/Demo/Groups/FS-CZ08-RO),Grant,07/02/2026 07:22:00,07/02/2026 07:22:31,BusinessRuleUpdate,Succeeded
Yara Quaedvlieg (500113),Microsoft Active Directory,TEAM-CZ08 (avo.local/Demo/Groups/TEAM-CZ08),Grant,12/15/2025 21:33:00,12/15/2025 21:34:09,Import,Succeeded
Yara Quaedvlieg (500113),Microsoft Active Directory,MBX-CZ08 (avo.local/Demo/Groups/MBX-CZ08),Grant,10/13/2025 01:05:00,10/13/2025 01:05:03,PersonUpdate,Succeeded
Yara Quaedvlieg (500113),Microsoft Active Directory,APP-Selfservice (avo.local/Demo/Groups/APP-Selfservice),Grant,02/01/2026 03:40:00,02/01/2026 03:40:49,BusinessRuleUpdate,Succeeded
Finn Wielenga (500114),Microsoft Active Directory,SEC-Antivirus (avo.local/Demo/Groups/SEC-Antivirus),Grant,11/25/2025 14:20:00,11/25/2025 14:21:08,ContractUpdate,Succeeded
Finn Wielenga (500114),Microsoft Active Directory,SEC-DiskEncryption (avo.local/Demo/Groups/SEC-DiskEncryption),Grant,05/05/2025 20:12:00,05/05/2025 20:13:29,BusinessRuleUpdate,Succeeded
Finn Wielenga (500114),Microsoft Active Directory,SEC-MFA-Enrolled (avo.local/Demo/Groups/SEC-MFA-Enrolled),Grant,01/13/2026 16:27:00,01/13/2026 16:27:07,ContractUpdate,Succeeded
Finn Wielenga (500114),Microsoft Active Directory,APP-Intranet (avo.local/Demo/Groups/APP-Intranet),Grant,05/09/2025 15:51:00,05/09/2025 15:51:37,PersonUpdate,Succeeded
Finn Wielenga (500114),Microsoft Active Directory,APP-Intranet (avo.local/Demo/Groups/APP-Intranet),Revoke,05/25/2025 15:51:00,05/25/2025 15:51:46,ContractUpdate,Succeeded
Finn Wielenga (500114),Microsoft Active Directory,APP-Intranet (avo.local/Demo/Groups/APP-Intranet),Grant,06/10/2025 15:51:00,06/10/2025 15:52:06,ContractUpdate,Succeeded
Finn Wielenga (500114),Microsoft Active Directory,APP-Office365 (avo.local/Demo/Groups/APP-Office365),Grant,06/28/2026 10:42:00,06/28/2026 10:42:51,PersonUpdate,Succeeded
Finn Wielenga (500114),Microsoft Active Directory,APP-CB12-Portal (avo.local/Demo/Groups/APP-CB12-Portal),Grant,07/02/2026 19:54:00,07/02/2026 19:55:21,PersonUpdate,Succeeded
Finn Wielenga (500114),Microsoft Active Directory,FS-CB12-RO (avo.local/Demo/Groups/FS-CB12-RO),Grant,03/24/2026 04:17:00,03/24/2026 04:17:56,ContractUpdate,Succeeded
Finn Wielenga (500114),Microsoft Active Directory,FS-CB12-RW (avo.local/Demo/Groups/FS-CB12-RW),Grant,02/06/2026 22:24:00,02/06/2026 22:24:09,Import,Succeeded
Finn Wielenga (500114),Microsoft Active Directory,TEAM-CB12 (avo.local/Demo/Groups/TEAM-CB12),Grant,04/15/2026 07:17:00,04/15/2026 07:18:10,PersonUpdate,Succeeded
Finn Wielenga (500114),Microsoft Active Directory,MBX-CB12 (avo.local/Demo/Groups/MBX-CB12),Grant,11/23/2025 18:25:00,11/23/2025 18:25:25,Import,Succeeded
Pien Lindeboom (500115),Microsoft Active Directory,SEC-DiskEncryption (avo.local/Demo/Groups/SEC-DiskEncryption),Grant,07/27/2025 04:55:00,07/27/2025 04:55:40,BusinessRuleUpdate,Succeeded
Pien Lindeboom (500115),Microsoft Active Directory,SEC-MFA-Enrolled (avo.local/Demo/Groups/SEC-MFA-Enrolled),Grant,09/05/2025 15:58:00,09/05/2025 15:58:18,BusinessRuleUpdate,Succeeded
Pien Lindeboom (500115),Microsoft Active Directory,SEC-Endpoint-Protection (avo.local/Demo/Groups/SEC-Endpoint-Protection),Grant,11/02/2025 12:02:00,11/02/2025 12:03:01,Import,Succeeded
Pien Lindeboom (500115),Microsoft Active Directory,APP-Office365 (avo.local/Demo/Groups/APP-Office365),Grant,02/14/2026 15:57:00,02/14/2026 15:57:53,BusinessRuleUpdate,Succeeded
Pien Lindeboom (500115),Microsoft Active Directory,APP-FIN01-Portal (avo.local/Demo/Groups/APP-FIN01-Portal),Grant,05/29/2026 07:35:00,05/29/2026 07:35:38,Import,Succeeded
Pien Lindeboom (500115),Microsoft Active Directory,FS-FIN01-RO (avo.local/Demo/Groups/FS-FIN01-RO),Grant,04/17/2025 19:02:00,04/17/2025 19:02:38,ContractUpdate,Succeeded
Gijs Uijlenbroek (500116),Microsoft Active Directory,SEC-Antivirus (avo.local/Demo/Groups/SEC-Antivirus),Grant,04/16/2025 01:33:00,04/16/2025 01:33:39,Import,Succeeded
Gijs Uijlenbroek (500116),Microsoft Active Directory,SEC-DiskEncryption (avo.local/Demo/Groups/SEC-DiskEncryption),Grant,02/24/2026 16:49:00,02/24/2026 16:49:02,BusinessRuleUpdate,Succeeded
Gijs Uijlenbroek (500116),Microsoft Active Directory,APP-Intranet (avo.local/Demo/Groups/APP-Intranet),Grant,04/16/2025 18:25:00,04/16/2025 18:25:04,Import,Succeeded
Gijs Uijlenbroek (500116),Microsoft Active Directory,APP-Office365 (avo.local/Demo/Groups/APP-Office365),Grant,05/02/2026 14:49:00,05/02/2026 14:49:16,ContractUpdate,Succeeded
Gijs Uijlenbroek (500116),Microsoft Active Directory,FS-FIN01-RO (avo.local/Demo/Groups/FS-FIN01-RO),Grant,01/03/2026 02:27:00,01/03/2026 02:28:11,ContractUpdate,Succeeded
Gijs Uijlenbroek (500116),Microsoft Active Directory,FS-FIN01-RW (avo.local/Demo/Groups/FS-FIN01-RW),Grant,08/01/2025 06:50:00,08/01/2025 06:50:19,Import,Succeeded
Gijs Uijlenbroek (500116),Microsoft Active Directory,TEAM-FIN01 (avo.local/Demo/Groups/TEAM-FIN01),Grant,01/28/2026 17:04:00,01/28/2026 17:05:27,ContractUpdate,Succeeded
Gijs Uijlenbroek (500116),Microsoft Active Directory,TEAM-FIN01 (avo.local/Demo/Groups/TEAM-FIN01),Revoke,02/02/2026 17:04:00,02/02/2026 17:04:29,ContractUpdate,Succeeded
Gijs Uijlenbroek (500116),Microsoft Active Directory,TEAM-FIN01 (avo.local/Demo/Groups/TEAM-FIN01),Grant,02/15/2026 17:04:00,02/15/2026 17:04:11,ContractUpdate,Succeeded
Gijs Uijlenbroek (500116),Microsoft Active Directory,MBX-FIN01 (avo.local/Demo/Groups/MBX-FIN01),Grant,07/24/2025 06:51:00,07/24/2025 06:51:41,BusinessRuleUpdate,Succeeded
Vera Pronk (500117),Microsoft Active Directory,SEC-Antivirus (avo.local/Demo/Groups/SEC-Antivirus),Grant,06/25/2026 10:47:00,06/25/2026 10:48:21,ContractUpdate,Succeeded
Vera Pronk (500117),Microsoft Active Directory,SEC-DiskEncryption (avo.local/Demo/Groups/SEC-DiskEncryption),Grant,04/09/2026 11:39:00,04/09/2026 11:40:10,ContractUpdate,Succeeded
Vera Pronk (500117),Microsoft Active Directory,SEC-MFA-Enrolled (avo.local/Demo/Groups/SEC-MFA-Enrolled),Grant,10/10/2025 12:17:00,10/10/2025 12:17:56,PersonUpdate,Succeeded
Vera Pronk (500117),Microsoft Active Directory,SEC-Endpoint-Protection (avo.local/Demo/Groups/SEC-Endpoint-Protection),Grant,04/29/2025 18:25:00,04/29/2025 18:25:15,ContractUpdate,Succeeded
Vera Pronk (500117),Microsoft Active Directory,APP-Office365 (avo.local/Demo/Groups/APP-Office365),Grant,04/13/2026 03:54:00,04/13/2026 03:55:03,ContractUpdate,Succeeded
Vera Pronk (500117),Microsoft Active Directory,ROLE-Begeleider (avo.local/Demo/Groups/ROLE-Begeleider),Grant,03/18/2026 01:30:00,03/18/2026 01:31:26,ContractUpdate,Succeeded
Vera Pronk (500117),Microsoft Active Directory,FS-Begeleider-DATA (avo.local/Demo/Groups/FS-Begeleider-DATA),Grant,11/24/2025 14:29:00,11/24/2025 14:30:18,PersonUpdate,Succeeded
Xander Ipenburg (500118),Microsoft Active Directory,SEC-Antivirus (avo.local/Demo/Groups/SEC-Antivirus),Grant,08/19/2025 05:11:00,08/19/2025 05:12:16,PersonUpdate,Succeeded
Xander Ipenburg (500118),Microsoft Active Directory,SEC-DiskEncryption (avo.local/Demo/Groups/SEC-DiskEncryption),Grant,02/04/2026 20:24:00,02/04/2026 20:24:09,Import,Succeeded
Xander Ipenburg (500118),Microsoft Active Directory,SEC-MFA-Enrolled (avo.local/Demo/Groups/SEC-MFA-Enrolled),Grant,04/09/2026 16:31:00,04/09/2026 16:31:20,PersonUpdate,Succeeded
Xander Ipenburg (500118),Microsoft Active Directory,SEC-Endpoint-Protection (avo.local/Demo/Groups/SEC-Endpoint-Protection),Grant,06/04/2025 11:19:00,06/04/2025 11:19:59,ContractUpdate,Succeeded
Xander Ipenburg (500118),Microsoft Active Directory,APP-Intranet (avo.local/Demo/Groups/APP-Intranet),Grant,02/26/2026 02:43:00,02/26/2026 02:43:45,PersonUpdate,Succeeded
Xander Ipenburg (500118),Microsoft Active Directory,APP-Office365 (avo.local/Demo/Groups/APP-Office365),Grant,07/30/2026 01:46:00,07/30/2026 01:46:49,ContractUpdate,Succeeded
Finn Hoekstra (500119),Microsoft Active Directory,SEC-Antivirus (avo.local/Demo/Groups/SEC-Antivirus),Grant,04/24/2025 15:13:00,04/24/2025 15:13:56,BusinessRuleUpdate,Succeeded
Finn Hoekstra (500119),Microsoft Active Directory,SEC-DiskEncryption (avo.local/Demo/Groups/SEC-DiskEncryption),Grant,02/03/2026 23:55:00,02/03/2026 23:56:13,Import,Succeeded
Finn Hoekstra (500119),Microsoft Active Directory,SEC-MFA-Enrolled (avo.local/Demo/Groups/SEC-MFA-Enrolled),Grant,07/10/2026 17:09:00,07/10/2026 17:10:10,BusinessRuleUpdate,Succeeded
Finn Hoekstra (500119),Microsoft Active Directory,APP-Office365 (avo.local/Demo/Groups/APP-Office365),Grant,06/18/2026 05:18:00,06/18/2026 05:19:03,BusinessRuleUpdate,Succeeded
Kim Dijkgraaf (500120),Microsoft Active Directory,SEC-Antivirus (avo.local/Demo/Groups/SEC-Antivirus),Grant,03/02/2026 08:28:00,03/02/2026 08:28:12,Import,Succeeded
Kim Dijkgraaf (500120),Microsoft Active Directory,SEC-DiskEncryption (avo.local/Demo/Groups/SEC-DiskEncryption),Grant,10/04/2025 05:01:00,10/04/2025 05:02:02,ContractUpdate,Succeeded
Kim Dijkgraaf (500120),Microsoft Active Directory,APP-FIN01-Portal (avo.local/Demo/Groups/APP-FIN01-Portal),Grant,06/24/2025 04:22:00,06/24/2025 04:23:21,PersonUpdate,Succeeded
Kim Dijkgraaf (500120),Microsoft Active Directory,FS-FIN01-RO (avo.local/Demo/Groups/FS-FIN01-RO),Grant,07/27/2026 09:27:00,07/27/2026 09:28:14,BusinessRuleUpdate,Succeeded
Kim Dijkgraaf (500120),Microsoft Active Directory,FS-FIN01-RW (avo.local/Demo/Groups/FS-FIN01-RW),Grant,09/18/2025 13:53:00,09/18/2025 13:54:15,Import,Succeeded
Kim Dijkgraaf (500120),Microsoft Active Directory,MBX-FIN01 (avo.local/Demo/Groups/MBX-FIN01),Grant,06/17/2025 19:28:00,06/17/2025 19:29:00,BusinessRuleUpdate,Succeeded
Kim Dijkgraaf (500120),Microsoft Active Directory,FS-Begeleider-DATA (avo.local/Demo/Groups/FS-Begeleider-DATA),Grant,07/26/2026 15:43:00,07/26/2026 15:43:46,BusinessRuleUpdate,Succeeded
Iris Gerritsen (500121),Microsoft Active Directory,SEC-Antivirus (avo.local/Demo/Groups/SEC-Antivirus),Grant,06/17/2026 07:20:00,06/17/2026 07:20:24,BusinessRuleUpdate,Succeeded
Iris Gerritsen (500121),Microsoft Active Directory,SEC-DiskEncryption (avo.local/Demo/Groups/SEC-DiskEncryption),Grant,06/16/2026 02:01:00,06/16/2026 02:01:40,Import,Succeeded
Iris Gerritsen (500121),Microsoft Active Directory,SEC-MFA-Enrolled (avo.local/Demo/Groups/SEC-MFA-Enrolled),Grant,05/13/2026 22:03:00,05/13/2026 22:04:17,BusinessRuleUpdate,Succeeded
Iris Gerritsen (500121),Microsoft Active Directory,SEC-Endpoint-Protection (avo.local/Demo/Groups/SEC-Endpoint-Protection),Grant,09/28/2025 17:59:00,09/28/2025 18:00:03,PersonUpdate,Succeeded
Iris Gerritsen (500121),Microsoft Active Directory,APP-Intranet (avo.local/Demo/Groups/APP-Intranet),Grant,06/08/2026 15:22:00,06/08/2026 15:23:15,BusinessRuleUpdate,Succeeded
Iris Gerritsen (500121),Microsoft Active Directory,APP-Office365 (avo.local/Demo/Groups/APP-Office365),Grant,02/20/2026 00:04:00,02/20/2026 00:04:38,Import,Succeeded
Iris Gerritsen (500121),Microsoft Active Directory,TEAM-CB12 (avo.local/Demo/Groups/TEAM-CB12),Grant,11/15/2025 06:25:00,11/15/2025 06:26:11,BusinessRuleUpdate,Succeeded
Ursula Ipenburg (500122),Microsoft Active Directory,SEC-Antivirus (avo.local/Demo/Groups/SEC-Antivirus),Grant,04/23/2025 01:04:00,04/23/2025 01:04:57,PersonUpdate,Succeeded
Ursula Ipenburg (500122),Microsoft Active Directory,SEC-MFA-Enrolled (avo.local/Demo/Groups/SEC-MFA-Enrolled),Grant,07/30/2026 17:38:00,07/30/2026 17:38:43,BusinessRuleUpdate,Succeeded
Ursula Ipenburg (500122),Microsoft Active Directory,SEC-Endpoint-Protection (avo.local/Demo/Groups/SEC-Endpoint-Protection),Grant,12/04/2025 03:25:00,12/04/2025 03:25:23,Import,Succeeded
Ursula Ipenburg (500122),Microsoft Active Directory,SEC-Endpoint-Protection (avo.local/Demo/Groups/SEC-Endpoint-Protection),Revoke,01/30/2026 03:25:00,01/30/2026 03:25:42,ContractUpdate,Succeeded
Ursula Ipenburg (500122),Microsoft Active Directory,SEC-Endpoint-Protection (avo.local/Demo/Groups/SEC-Endpoint-Protection),Grant,02/09/2026 03:25:00,02/09/2026 03:25:45,ContractUpdate,Succeeded
Ursula Ipenburg (500122),Microsoft Active Directory,APP-Intranet (avo.local/Demo/Groups/APP-Intranet),Grant,04/11/2025 10:31:00,04/11/2025 10:32:05,PersonUpdate,Succeeded
Ursula Ipenburg (500122),Microsoft Active Directory,APP-Office365 (avo.local/Demo/Groups/APP-Office365),Grant,09/29/2025 07:36:00,09/29/2025 07:36:45,ContractUpdate,Succeeded
Ursula Ipenburg (500122),Microsoft Active Directory,APP-ICT03-Portal (avo.local/Demo/Groups/APP-ICT03-Portal),Grant,04/24/2025 14:35:00,04/24/2025 14:35:57,BusinessRuleUpdate,Succeeded
Ursula Ipenburg (500122),Microsoft Active Directory,FS-ICT03-RO (avo.local/Demo/Groups/FS-ICT03-RO),Grant,10/31/2025 20:25:00,10/31/2025 20:25:13,PersonUpdate,Succeeded
Ursula Ipenburg (500122),Microsoft Active Directory,FS-ICT03-RW (avo.local/Demo/Groups/FS-ICT03-RW),Grant,06/13/2026 14:09:00,06/13/2026 14:09:45,ContractUpdate,Succeeded
Ursula Ipenburg (500122),Microsoft Active Directory,TEAM-ICT03 (avo.local/Demo/Groups/TEAM-ICT03),Grant,11/23/2025 02:11:00,11/23/2025 02:12:09,Import,Succeeded
Ursula Ipenburg (500122),Microsoft Active Directory,MBX-ICT03 (avo.local/Demo/Groups/MBX-ICT03),Grant,03/25/2026 22:32:00,03/25/2026 22:32:18,Import,Succeeded
Ursula Ipenburg (500122),Microsoft Active Directory,ROLE-Verzorgende (avo.local/Demo/Groups/ROLE-Verzorgende),Grant,06/09/2026 12:56:00,06/09/2026 12:56:21,Import,Succeeded
Ursula Ipenburg (500122),Microsoft Active Directory,APP-Copilot (avo.local/Demo/Groups/APP-Copilot),Grant,12/10/2025 16:31:00,12/10/2025 16:31:44,PersonUpdate,Succeeded
Ursula Ipenburg (500122),Microsoft Active Directory,APP-HRM02-Portal (avo.local/Demo/Groups/APP-HRM02-Portal),Grant,04/17/2026 10:54:00,04/17/2026 10:54:39,ContractUpdate,Succeeded
Ursula Ipenburg (500122),Microsoft Active Directory,TEAM-HRM02 (avo.local/Demo/Groups/TEAM-HRM02),Grant,03/23/2026 09:20:00,03/23/2026 09:20:46,ContractUpdate,Succeeded
Noa Nagtegaal (500123),Microsoft Active Directory,SEC-MFA-Enrolled (avo.local/Demo/Groups/SEC-MFA-Enrolled),Grant,05/01/2026 11:14:00,05/01/2026 11:15:18,Import,Succeeded
Noa Nagtegaal (500123),Microsoft Active Directory,APP-Intranet (avo.local/Demo/Groups/APP-Intranet),Grant,04/17/2026 21:58:00,04/17/2026 21:58:32,Import,Succeeded
Noa Nagtegaal (500123),Microsoft Active Directory,APP-Office365 (avo.local/Demo/Groups/APP-Office365),Grant,03/29/2025 09:34:00,03/29/2025 09:34:36,BusinessRuleUpdate,Succeeded
Noa Nagtegaal (500123),Microsoft Active Directory,APP-HRM02-Portal (avo.local/Demo/Groups/APP-HRM02-Portal),Grant,10/30/2025 06:03:00,10/30/2025 06:03:31,ContractUpdate,Succeeded
Noa Nagtegaal (500123),Microsoft Active Directory,FS-HRM02-RO (avo.local/Demo/Groups/FS-HRM02-RO),Grant,12/18/2025 17:42:00,12/18/2025 17:42:26,PersonUpdate,Succeeded
Noa Nagtegaal (500123),Microsoft Active Directory,FS-HRM02-RW (avo.local/Demo/Groups/FS-HRM02-RW),Grant,09/16/2025 06:37:00,09/16/2025 06:38:15,ContractUpdate,Succeeded
Noa Nagtegaal (500123),Microsoft Active Directory,FS-HRM02-RW (avo.local/Demo/Groups/FS-HRM02-RW),Revoke,10/27/2025 06:37:00,10/27/2025 06:37:11,ContractUpdate,Succeeded
Noa Nagtegaal (500123),Microsoft Active Directory,FS-HRM02-RW (avo.local/Demo/Groups/FS-HRM02-RW),Grant,11/10/2025 06:37:00,11/10/2025 06:37:08,ContractUpdate,Succeeded
Noa Nagtegaal (500123),Microsoft Active Directory,MBX-HRM02 (avo.local/Demo/Groups/MBX-HRM02),Grant,11/26/2025 12:57:00,11/26/2025 12:58:08,BusinessRuleUpdate,Succeeded
Wout Lindeboom (500124),Microsoft Active Directory,SEC-DiskEncryption (avo.local/Demo/Groups/SEC-DiskEncryption),Grant,04/26/2025 22:40:00,04/26/2025 22:41:09,BusinessRuleUpdate,Succeeded
Wout Lindeboom (500124),Microsoft Active Directory,SEC-MFA-Enrolled (avo.local/Demo/Groups/SEC-MFA-Enrolled),Grant,07/24/2025 17:32:00,07/24/2025 17:32:28,ContractUpdate,Succeeded
Wout Lindeboom (500124),Microsoft Active Directory,SEC-Endpoint-Protection (avo.local/Demo/Groups/SEC-Endpoint-Protection),Grant,09/25/2025 10:53:00,09/25/2025 10:54:17,PersonUpdate,Succeeded
Wout Lindeboom (500124),Microsoft Active Directory,APP-Intranet (avo.local/Demo/Groups/APP-Intranet),Grant,10/31/2025 04:10:00,10/31/2025 04:10:14,BusinessRuleUpdate,Succeeded
Wout Lindeboom (500124),Microsoft Active Directory,FS-HRM02-RO (avo.local/Demo/Groups/FS-HRM02-RO),Grant,07/21/2025 10:56:00,07/21/2025 10:56:16,BusinessRuleUpdate,Succeeded
Wout Lindeboom (500124),Microsoft Active Directory,TEAM-HRM02 (avo.local/Demo/Groups/TEAM-HRM02),Grant,05/09/2025 02:25:00,05/09/2025 02:26:08,PersonUpdate,Succeeded
Wout Lindeboom (500124),Microsoft Active Directory,TEAM-HRM02 (avo.local/Demo/Groups/TEAM-HRM02),Revoke,06/03/2025 02:25:00,06/03/2025 02:26:02,ContractUpdate,Succeeded
Wout Lindeboom (500124),Microsoft Active Directory,TEAM-HRM02 (avo.local/Demo/Groups/TEAM-HRM02),Grant,06/08/2025 02:25:00,06/08/2025 02:25:59,ContractUpdate,Succeeded
Wout Lindeboom (500124),Microsoft Active Directory,APP-Selfservice (avo.local/Demo/Groups/APP-Selfservice),Grant,10/15/2025 12:50:00,10/15/2025 12:51:17,ContractUpdate,Succeeded
Eva Coenen (500125),Microsoft Active Directory,SEC-Antivirus (avo.local/Demo/Groups/SEC-Antivirus),Grant,04/03/2026 15:46:00,04/03/2026 15:47:05,ContractUpdate,Succeeded
Eva Coenen (500125),Microsoft Active Directory,SEC-Antivirus (avo.local/Demo/Groups/SEC-Antivirus),Revoke,04/10/2026 15:46:00,04/10/2026 15:46:55,ContractUpdate,Succeeded
Eva Coenen (500125),Microsoft Active Directory,SEC-Antivirus (avo.local/Demo/Groups/SEC-Antivirus),Grant,04/26/2026 15:46:00,04/26/2026 15:46:20,ContractUpdate,Succeeded
Eva Coenen (500125),Microsoft Active Directory,SEC-DiskEncryption (avo.local/Demo/Groups/SEC-DiskEncryption),Grant,04/30/2026 11:42:00,04/30/2026 11:42:37,ContractUpdate,Succeeded
Eva Coenen (500125),Microsoft Active Directory,SEC-MFA-Enrolled (avo.local/Demo/Groups/SEC-MFA-Enrolled),Grant,11/14/2025 07:54:00,11/14/2025 07:54:57,PersonUpdate,Succeeded
Eva Coenen (500125),Microsoft Active Directory,SEC-MFA-Enrolled (avo.local/Demo/Groups/SEC-MFA-Enrolled),Revoke,12/31/2025 07:54:00,12/31/2025 07:54:07,ContractUpdate,Succeeded
Eva Coenen (500125),Microsoft Active Directory,SEC-MFA-Enrolled (avo.local/Demo/Groups/SEC-MFA-Enrolled),Grant,01/05/2026 07:54:00,01/05/2026 07:54:02,ContractUpdate,Succeeded
Eva Coenen (500125),Microsoft Active Directory,APP-Intranet (avo.local/Demo/Groups/APP-Intranet),Grant,07/13/2025 03:12:00,07/13/2025 03:12:53,Import,Succeeded
Eva Coenen (500125),Microsoft Active Directory,APP-CB12-Portal (avo.local/Demo/Groups/APP-CB12-Portal),Grant,10/21/2025 19:05:00,10/21/2025 19:05:08,PersonUpdate,Succeeded
Eva Coenen (500125),Microsoft Active Directory,FS-CB12-RO (avo.local/Demo/Groups/FS-CB12-RO),Grant,05/06/2026 16:10:00,05/06/2026 16:10:24,PersonUpdate,Succeeded
Eva Coenen (500125),Microsoft Active Directory,FS-CB12-RW (avo.local/Demo/Groups/FS-CB12-RW),Grant,06/26/2026 19:23:00,06/26/2026 19:24:11,BusinessRuleUpdate,Succeeded
Eva Coenen (500125),Microsoft Active Directory,TEAM-CB12 (avo.local/Demo/Groups/TEAM-CB12),Grant,09/18/2025 13:29:00,09/18/2025 13:30:06,BusinessRuleUpdate,Succeeded
Eva Coenen (500125),Microsoft Active Directory,MBX-CB12 (avo.local/Demo/Groups/MBX-CB12),Grant,01/02/2026 00:00:00,01/02/2026 00:01:04,Import,Succeeded
Eva Coenen (500125),Microsoft Active Directory,APP-Selfservice (avo.local/Demo/Groups/APP-Selfservice),Grant,03/27/2025 17:14:00,03/27/2025 17:14:34,BusinessRuleUpdate,Succeeded
Eva Coenen (500125),Microsoft Active Directory,APP-Adobe-AcrobatPro (avo.local/Demo/Groups/APP-Adobe-AcrobatPro),Grant,06/29/2026 13:16:00,06/29/2026 13:17:28,BusinessRuleUpdate,Succeeded
Pien Nagtegaal (500126),Microsoft Active Directory,SEC-Antivirus (avo.local/Demo/Groups/SEC-Antivirus),Grant,06/07/2026 09:25:00,06/07/2026 09:26:20,Import,Succeeded
Pien Nagtegaal (500126),Microsoft Active Directory,SEC-DiskEncryption (avo.local/Demo/Groups/SEC-DiskEncryption),Grant,04/25/2026 08:33:00,04/25/2026 08:33:56,Import,Succeeded
Pien Nagtegaal (500126),Microsoft Active Directory,APP-Intranet (avo.local/Demo/Groups/APP-Intranet),Grant,12/02/2025 23:21:00,12/02/2025 23:21:39,ContractUpdate,Succeeded
Pien Nagtegaal (500126),Microsoft Active Directory,APP-Office365 (avo.local/Demo/Groups/APP-Office365),Grant,05/21/2026 13:00:00,05/21/2026 13:01:15,BusinessRuleUpdate,Succeeded
Roos Jonker (500127),Microsoft Active Directory,SEC-Antivirus (avo.local/Demo/Groups/SEC-Antivirus),Grant,08/26/2025 20:50:00,08/26/2025 20:51:10,PersonUpdate,Succeeded
Roos Jonker (500127),Microsoft Active Directory,SEC-DiskEncryption (avo.local/Demo/Groups/SEC-DiskEncryption),Grant,06/19/2025 07:11:00,06/19/2025 07:11:51,PersonUpdate,Succeeded
Roos Jonker (500127),Microsoft Active Directory,SEC-MFA-Enrolled (avo.local/Demo/Groups/SEC-MFA-Enrolled),Grant,09/01/2025 17:28:00,09/01/2025 17:29:18,BusinessRuleUpdate,Succeeded
Roos Jonker (500127),Microsoft Active Directory,SEC-Endpoint-Protection (avo.local/Demo/Groups/SEC-Endpoint-Protection),Grant,06/05/2025 00:44:00,06/05/2025 00:45:23,Import,Succeeded
Mila Fokkema (500128),Microsoft Active Directory,SEC-Antivirus (avo.local/Demo/Groups/SEC-Antivirus),Grant,01/03/2026 04:54:00,01/03/2026 04:54:23,PersonUpdate,Succeeded
Mila Fokkema (500128),Microsoft Active Directory,SEC-DiskEncryption (avo.local/Demo/Groups/SEC-DiskEncryption),Grant,08/09/2025 16:45:00,08/09/2025 16:45:05,BusinessRuleUpdate,Succeeded
Mila Fokkema (500128),Microsoft Active Directory,SEC-MFA-Enrolled (avo.local/Demo/Groups/SEC-MFA-Enrolled),Grant,03/27/2026 20:38:00,03/27/2026 20:38:25,ContractUpdate,Succeeded
Mila Fokkema (500128),Microsoft Active Directory,APP-Intranet (avo.local/Demo/Groups/APP-Intranet),Grant,11/18/2025 20:24:00,11/18/2025 20:24:35,BusinessRuleUpdate,Succeeded
Mila Fokkema (500128),Microsoft Active Directory,APP-Office365 (avo.local/Demo/Groups/APP-Office365),Grant,10/16/2025 13:38:00,10/16/2025 13:39:24,PersonUpdate,Succeeded
Mila Fokkema (500128),Microsoft Active Directory,APP-CA010-Portal (avo.local/Demo/Groups/APP-CA010-Portal),Grant,08/05/2025 06:38:00,08/05/2025 06:39:12,PersonUpdate,Succeeded
Mila Fokkema (500128),Microsoft Active Directory,FS-CA010-RW (avo.local/Demo/Groups/FS-CA010-RW),Grant,05/02/2025 17:25:00,05/02/2025 17:26:28,PersonUpdate,Succeeded
Mila Fokkema (500128),Microsoft Active Directory,TEAM-CA010 (avo.local/Demo/Groups/TEAM-CA010),Grant,07/10/2025 05:25:00,07/10/2025 05:26:11,Import,Succeeded
Mila Fokkema (500128),Microsoft Active Directory,MBX-CA010 (avo.local/Demo/Groups/MBX-CA010),Grant,08/22/2025 06:56:00,08/22/2025 06:56:38,BusinessRuleUpdate,Succeeded
Quinten Muijs (500129),Microsoft Active Directory,SEC-Antivirus (avo.local/Demo/Groups/SEC-Antivirus),Grant,10/21/2025 18:06:00,10/21/2025 18:06:48,PersonUpdate,Succeeded
Quinten Muijs (500129),Microsoft Active Directory,SEC-DiskEncryption (avo.local/Demo/Groups/SEC-DiskEncryption),Grant,09/14/2025 22:24:00,09/14/2025 22:24:34,BusinessRuleUpdate,Succeeded
Quinten Muijs (500129),Microsoft Active Directory,APP-Intranet (avo.local/Demo/Groups/APP-Intranet),Grant,02/28/2026 20:45:00,02/28/2026 20:45:21,Import,Succeeded
Quinten Muijs (500129),Microsoft Active Directory,APP-Visio (avo.local/Demo/Groups/APP-Visio),Grant,02/19/2026 18:34:00,02/19/2026 18:34:26,PersonUpdate,Succeeded
Yara Slootweg (500130),Microsoft Active Directory,SEC-Antivirus (avo.local/Demo/Groups/SEC-Antivirus),Grant,02/14/2026 14:51:00,02/14/2026 14:51:27,PersonUpdate,Succeeded
Yara Slootweg (500130),Microsoft Active Directory,SEC-Antivirus (avo.local/Demo/Groups/SEC-Antivirus),Revoke,03/30/2026 14:51:00,03/30/2026 14:52:03,ContractUpdate,Succeeded
Yara Slootweg (500130),Microsoft Active Directory,SEC-Antivirus (avo.local/Demo/Groups/SEC-Antivirus),Grant,04/14/2026 14:51:00,04/14/2026 14:51:11,ContractUpdate,Succeeded
Yara Slootweg (500130),Microsoft Active Directory,SEC-DiskEncryption (avo.local/Demo/Groups/SEC-DiskEncryption),Grant,07/31/2025 00:03:00,07/31/2025 00:04:11,BusinessRuleUpdate,Succeeded
Yara Slootweg (500130),Microsoft Active Directory,SEC-MFA-Enrolled (avo.local/Demo/Groups/SEC-MFA-Enrolled),Grant,05/28/2025 01:52:00,05/28/2025 01:53:18,ContractUpdate,Succeeded
Yara Slootweg (500130),Microsoft Active Directory,SEC-MFA-Enrolled (avo.local/Demo/Groups/SEC-MFA-Enrolled),Revoke,07/06/2025 01:52:00,07/06/2025 01:53:00,ContractUpdate,Succeeded
Yara Slootweg (500130),Microsoft Active Directory,SEC-MFA-Enrolled (avo.local/Demo/Groups/SEC-MFA-Enrolled),Grant,07/10/2025 01:52:00,07/10/2025 01:53:25,ContractUpdate,Succeeded
Yara Slootweg (500130),Microsoft Active Directory,SEC-Endpoint-Protection (avo.local/Demo/Groups/SEC-Endpoint-Protection),Grant,07/01/2025 00:31:00,07/01/2025 00:31:55,BusinessRuleUpdate,Succeeded
Yara Slootweg (500130),Microsoft Active Directory,APP-Intranet (avo.local/Demo/Groups/APP-Intranet),Grant,06/16/2025 09:47:00,06/16/2025 09:47:41,Import,Succeeded
Yara Slootweg (500130),Microsoft Active Directory,APP-Intranet (avo.local/Demo/Groups/APP-Intranet),Revoke,08/13/2025 09:47:00,08/13/2025 09:47:13,ContractUpdate,Succeeded
Yara Slootweg (500130),Microsoft Active Directory,APP-Intranet (avo.local/Demo/Groups/APP-Intranet),Grant,08/16/2025 09:47:00,08/16/2025 09:47:34,ContractUpdate,Succeeded
Yara Slootweg (500130),Microsoft Active Directory,APP-Office365 (avo.local/Demo/Groups/APP-Office365),Grant,05/21/2025 22:04:00,05/21/2025 22:04:05,Import,Succeeded
Yara Slootweg (500130),Microsoft Active Directory,APP-CA010-Portal (avo.local/Demo/Groups/APP-CA010-Portal),Grant,07/07/2026 08:26:00,07/07/2026 08:26:34,Import,Succeeded
Yara Slootweg (500130),Microsoft Active Directory,FS-CA010-RO (avo.local/Demo/Groups/FS-CA010-RO),Grant,05/01/2026 04:52:00,05/01/2026 04:52:52,PersonUpdate,Succeeded
Yara Slootweg (500130),Microsoft Active Directory,TEAM-CA010 (avo.local/Demo/Groups/TEAM-CA010),Grant,10/02/2025 07:13:00,10/02/2025 07:13:13,PersonUpdate,Succeeded
Yara Slootweg (500130),Microsoft Active Directory,MBX-CA010 (avo.local/Demo/Groups/MBX-CA010),Grant,06/28/2025 11:05:00,06/28/2025 11:05:23,BusinessRuleUpdate,Succeeded
Yara Slootweg (500130),Microsoft Active Directory,MBX-CA010 (avo.local/Demo/Groups/MBX-CA010),Revoke,08/12/2025 11:05:00,08/12/2025 11:05:04,ContractUpdate,Succeeded
Yara Slootweg (500130),Microsoft Active Directory,MBX-CA010 (avo.local/Demo/Groups/MBX-CA010),Grant,08/28/2025 11:05:00,08/28/2025 11:06:27,ContractUpdate,Succeeded
Yara Slootweg (500130),Microsoft Active Directory,APP-Selfservice (avo.local/Demo/Groups/APP-Selfservice),Grant,07/05/2026 05:18:00,07/05/2026 05:18:06,ContractUpdate,Succeeded
Yara Slootweg (500130),Microsoft Active Directory,APP-Adobe-AcrobatPro (avo.local/Demo/Groups/APP-Adobe-AcrobatPro),Grant,05/05/2025 01:35:00,05/05/2025 01:35:31,PersonUpdate,Succeeded
Lars Uijlenbroek (500131),Microsoft Active Directory,SEC-DiskEncryption (avo.local/Demo/Groups/SEC-DiskEncryption),Grant,08/24/2025 02:55:00,08/24/2025 02:55:54,Import,Succeeded
Lars Uijlenbroek (500131),Microsoft Active Directory,SEC-MFA-Enrolled (avo.local/Demo/Groups/SEC-MFA-Enrolled),Grant,09/30/2025 13:21:00,09/30/2025 13:21:03,PersonUpdate,Succeeded
Lars Uijlenbroek (500131),Microsoft Active Directory,SEC-Endpoint-Protection (avo.local/Demo/Groups/SEC-Endpoint-Protection),Grant,05/27/2026 00:13:00,05/27/2026 00:13:38,BusinessRuleUpdate,Succeeded
Lars Uijlenbroek (500131),Microsoft Active Directory,FS-CA010-RO (avo.local/Demo/Groups/FS-CA010-RO),Grant,07/25/2025 16:40:00,07/25/2025 16:40:25,Import,Succeeded
Lars Uijlenbroek (500131),Microsoft Active Directory,TEAM-CA010 (avo.local/Demo/Groups/TEAM-CA010),Grant,08/02/2026 07:57:00,08/02/2026 07:57:25,PersonUpdate,Succeeded
Lars Uijlenbroek (500131),Microsoft Active Directory,TEAM-CA010 (avo.local/Demo/Groups/TEAM-CA010),Revoke,08/03/2026 23:00:00,08/03/2026 23:00:39,ContractUpdate,Succeeded
Lars Uijlenbroek (500131),Microsoft Active Directory,TEAM-CA010 (avo.local/Demo/Groups/TEAM-CA010),Grant,08/03/2026 23:00:00,08/03/2026 23:00:24,ContractUpdate,Succeeded
Lars Uijlenbroek (500131),Microsoft Active Directory,MBX-CA010 (avo.local/Demo/Groups/MBX-CA010),Grant,02/23/2026 03:28:00,02/23/2026 03:28:56,BusinessRuleUpdate,Succeeded
Lars Uijlenbroek (500131),Microsoft Active Directory,ROLE-Verpleegkundige (avo.local/Demo/Groups/ROLE-Verpleegkundige),Grant,05/03/2026 23:23:00,05/03/2026 23:23:55,BusinessRuleUpdate,Succeeded
Eva Nagtegaal (500132),Microsoft Active Directory,SEC-Antivirus (avo.local/Demo/Groups/SEC-Antivirus),Grant,12/27/2025 23:08:00,12/27/2025 23:09:16,Import,Succeeded
Eva Nagtegaal (500132),Microsoft Active Directory,SEC-DiskEncryption (avo.local/Demo/Groups/SEC-DiskEncryption),Grant,10/06/2025 17:13:00,10/06/2025 17:13:27,ContractUpdate,Succeeded
Eva Nagtegaal (500132),Microsoft Active Directory,SEC-MFA-Enrolled (avo.local/Demo/Groups/SEC-MFA-Enrolled),Grant,10/03/2025 02:33:00,10/03/2025 02:33:27,BusinessRuleUpdate,Succeeded
Eva Nagtegaal (500132),Microsoft Active Directory,SEC-Endpoint-Protection (avo.local/Demo/Groups/SEC-Endpoint-Protection),Grant,05/14/2026 21:51:00,05/14/2026 21:52:25,ContractUpdate,Succeeded
Eva Nagtegaal (500132),Microsoft Active Directory,FS-HRM02-RO (avo.local/Demo/Groups/FS-HRM02-RO),Grant,01/08/2026 02:14:00,01/08/2026 02:14:46,PersonUpdate,Succeeded
Eva Nagtegaal (500132),Microsoft Active Directory,FS-HRM02-RW (avo.local/Demo/Groups/FS-HRM02-RW),Grant,06/21/2025 08:02:00,06/21/2025 08:03:00,ContractUpdate,Succeeded
Roos Elzinga (500133),Microsoft Active Directory,SEC-Antivirus (avo.local/Demo/Groups/SEC-Antivirus),Grant,10/25/2025 23:04:00,10/25/2025 23:04:11,Import,Succeeded
Roos Elzinga (500133),Microsoft Active Directory,SEC-Endpoint-Protection (avo.local/Demo/Groups/SEC-Endpoint-Protection),Grant,06/05/2025 23:08:00,06/05/2025 23:09:20,BusinessRuleUpdate,Succeeded
Roos Elzinga (500133),Microsoft Active Directory,APP-Office365 (avo.local/Demo/Groups/APP-Office365),Grant,04/17/2025 13:07:00,04/17/2025 13:08:14,ContractUpdate,Succeeded
Roos Elzinga (500133),Microsoft Active Directory,APP-CZ08-Portal (avo.local/Demo/Groups/APP-CZ08-Portal),Grant,07/22/2026 04:20:00,07/22/2026 04:20:55,Import,Succeeded
Roos Elzinga (500133),Microsoft Active Directory,FS-CZ08-RO (avo.local/Demo/Groups/FS-CZ08-RO),Grant,09/21/2025 16:31:00,09/21/2025 16:31:31,Import,Succeeded
Roos Elzinga (500133),Microsoft Active Directory,FS-CZ08-RW (avo.local/Demo/Groups/FS-CZ08-RW),Grant,06/26/2026 17:51:00,06/26/2026 17:51:27,BusinessRuleUpdate,Succeeded
Roos Elzinga (500133),Microsoft Active Directory,APP-Selfservice (avo.local/Demo/Groups/APP-Selfservice),Grant,07/25/2025 22:37:00,07/25/2025 22:37:37,PersonUpdate,Succeeded
Iris Aalbers (500134),Microsoft Active Directory,SEC-MFA-Enrolled (avo.local/Demo/Groups/SEC-MFA-Enrolled),Grant,04/06/2025 07:07:00,04/06/2025 07:08:29,PersonUpdate,Succeeded
Iris Aalbers (500134),Microsoft Active Directory,SEC-Endpoint-Protection (avo.local/Demo/Groups/SEC-Endpoint-Protection),Grant,05/02/2026 20:39:00,05/02/2026 20:40:21,Import,Succeeded
Iris Aalbers (500134),Microsoft Active Directory,APP-Intranet (avo.local/Demo/Groups/APP-Intranet),Grant,09/03/2025 21:38:00,09/03/2025 21:38:44,Import,Succeeded
Iris Aalbers (500134),Microsoft Active Directory,APP-Office365 (avo.local/Demo/Groups/APP-Office365),Grant,11/03/2025 00:58:00,11/03/2025 00:58:38,Import,Succeeded
Iris Aalbers (500134),Microsoft Active Directory,APP-FIN01-Portal (avo.local/Demo/Groups/APP-FIN01-Portal),Grant,05/24/2026 15:14:00,05/24/2026 15:14:12,ContractUpdate,Succeeded
Iris Aalbers (500134),Microsoft Active Directory,FS-FIN01-RW (avo.local/Demo/Groups/FS-FIN01-RW),Grant,03/21/2026 22:43:00,03/21/2026 22:43:07,ContractUpdate,Succeeded
Iris Aalbers (500134),Microsoft Active Directory,TEAM-FIN01 (avo.local/Demo/Groups/TEAM-FIN01),Grant,12/30/2025 13:14:00,12/30/2025 13:14:18,Import,Succeeded
Iris Aalbers (500134),Microsoft Active Directory,MBX-FIN01 (avo.local/Demo/Groups/MBX-FIN01),Grant,04/05/2026 08:49:00,04/05/2026 08:50:03,ContractUpdate,Succeeded
Iris Aalbers (500134),Microsoft Active Directory,ROLE-Begeleider (avo.local/Demo/Groups/ROLE-Begeleider),Grant,03/23/2025 15:09:00,03/23/2025 15:09:16,ContractUpdate,Succeeded
Zoë Roozendaal (500135),Microsoft Active Directory,SEC-Antivirus (avo.local/Demo/Groups/SEC-Antivirus),Grant,07/12/2026 10:12:00,07/12/2026 10:12:33,Import,Succeeded
Zoë Roozendaal (500135),Microsoft Active Directory,SEC-DiskEncryption (avo.local/Demo/Groups/SEC-DiskEncryption),Grant,01/29/2026 08:02:00,01/29/2026 08:03:17,BusinessRuleUpdate,Succeeded
Zoë Roozendaal (500135),Microsoft Active Directory,SEC-Endpoint-Protection (avo.local/Demo/Groups/SEC-Endpoint-Protection),Grant,06/20/2026 18:49:00,06/20/2026 18:49:43,ContractUpdate,Succeeded
Zoë Roozendaal (500135),Microsoft Active Directory,APP-Intranet (avo.local/Demo/Groups/APP-Intranet),Grant,11/22/2025 00:05:00,11/22/2025 00:05:41,BusinessRuleUpdate,Succeeded
Zoë Roozendaal (500135),Microsoft Active Directory,TEAM-CB12 (avo.local/Demo/Groups/TEAM-CB12),Grant,07/30/2025 16:36:00,07/30/2025 16:36:01,BusinessRuleUpdate,Succeeded
Zoë Roozendaal (500135),Microsoft Active Directory,APP-Selfservice (avo.local/Demo/Groups/APP-Selfservice),Grant,01/19/2026 12:18:00,01/19/2026 12:19:27,Import,Succeeded
Zoë Roozendaal (500135),Microsoft Active Directory,ROLE-Begeleider (avo.local/Demo/Groups/ROLE-Begeleider),Grant,06/23/2026 08:17:00,06/23/2026 08:17:34,Import,Succeeded
Lars Quaedvlieg (500136),Microsoft Active Directory,SEC-DiskEncryption (avo.local/Demo/Groups/SEC-DiskEncryption),Grant,04/26/2026 17:59:00,04/26/2026 17:59:34,PersonUpdate,Succeeded
Lars Quaedvlieg (500136),Microsoft Active Directory,SEC-MFA-Enrolled (avo.local/Demo/Groups/SEC-MFA-Enrolled),Grant,03/14/2026 14:50:00,03/14/2026 14:50:05,BusinessRuleUpdate,Succeeded
Lars Quaedvlieg (500136),Microsoft Active Directory,SEC-Endpoint-Protection (avo.local/Demo/Groups/SEC-Endpoint-Protection),Grant,05/31/2025 18:00:00,05/31/2025 18:00:27,ContractUpdate,Succeeded
Lars Quaedvlieg (500136),Microsoft Active Directory,APP-Intranet (avo.local/Demo/Groups/APP-Intranet),Grant,11/20/2025 23:58:00,11/20/2025 23:58:06,BusinessRuleUpdate,Succeeded
Lars Quaedvlieg (500136),Microsoft Active Directory,APP-Office365 (avo.local/Demo/Groups/APP-Office365),Grant,05/21/2026 01:34:00,05/21/2026 01:34:53,Import,Succeeded
Pien Lindeboom (500137),Microsoft Active Directory,SEC-Antivirus (avo.local/Demo/Groups/SEC-Antivirus),Grant,10/24/2025 17:29:00,10/24/2025 17:30:03,ContractUpdate,Succeeded
Pien Lindeboom (500137),Microsoft Active Directory,SEC-MFA-Enrolled (avo.local/Demo/Groups/SEC-MFA-Enrolled),Grant,04/10/2025 01:22:00,04/10/2025 01:23:08,ContractUpdate,Succeeded
Pien Lindeboom (500137),Microsoft Active Directory,SEC-Endpoint-Protection (avo.local/Demo/Groups/SEC-Endpoint-Protection),Grant,05/11/2026 23:56:00,05/11/2026 23:56:53,BusinessRuleUpdate,Succeeded
Pien Lindeboom (500137),Microsoft Active Directory,APP-Intranet (avo.local/Demo/Groups/APP-Intranet),Grant,04/25/2026 18:11:00,04/25/2026 18:11:58,ContractUpdate,Succeeded
Bram Uijlenbroek (500138),Microsoft Active Directory,SEC-Antivirus (avo.local/Demo/Groups/SEC-Antivirus),Grant,09/21/2025 15:33:00,09/21/2025 15:33:46,ContractUpdate,Succeeded
Bram Uijlenbroek (500138),Microsoft Active Directory,SEC-DiskEncryption (avo.local/Demo/Groups/SEC-DiskEncryption),Grant,07/07/2025 12:21:00,07/07/2025 12:21:44,Import,Succeeded
Bram Uijlenbroek (500138),Microsoft Active Directory,SEC-MFA-Enrolled (avo.local/Demo/Groups/SEC-MFA-Enrolled),Grant,03/18/2026 16:24:00,03/18/2026 16:25:30,BusinessRuleUpdate,Succeeded
Bram Uijlenbroek (500138),Microsoft Active Directory,SEC-Endpoint-Protection (avo.local/Demo/Groups/SEC-Endpoint-Protection),Grant,10/27/2025 12:29:00,10/27/2025 12:29:37,PersonUpdate,Succeeded
Bram Uijlenbroek (500138),Microsoft Active Directory,APP-Intranet (avo.local/Demo/Groups/APP-Intranet),Grant,11/21/2025 15:13:00,11/21/2025 15:13:03,ContractUpdate,Succeeded
Bram Uijlenbroek (500138),Microsoft Active Directory,TEAM-CZ08 (avo.local/Demo/Groups/TEAM-CZ08),Grant,05/02/2026 08:10:00,05/02/2026 08:11:02,PersonUpdate,Succeeded
Bram Uijlenbroek (500138),Microsoft Active Directory,MBX-CZ08 (avo.local/Demo/Groups/MBX-CZ08),Grant,03/31/2026 05:37:00,03/31/2026 05:37:59,Import,Succeeded
Daan Slootweg (500139),Microsoft Active Directory,SEC-Antivirus (avo.local/Demo/Groups/SEC-Antivirus),Grant,07/10/2026 12:49:00,07/10/2026 12:49:43,PersonUpdate,Succeeded
Daan Slootweg (500139),Microsoft Active Directory,SEC-DiskEncryption (avo.local/Demo/Groups/SEC-DiskEncryption),Grant,06/20/2026 16:36:00,06/20/2026 16:36:54,BusinessRuleUpdate,Succeeded
Daan Slootweg (500139),Microsoft Active Directory,SEC-MFA-Enrolled (avo.local/Demo/Groups/SEC-MFA-Enrolled),Grant,11/22/2025 23:13:00,11/22/2025 23:13:23,Import,Succeeded
Daan Slootweg (500139),Microsoft Active Directory,SEC-Endpoint-Protection (avo.local/Demo/Groups/SEC-Endpoint-Protection),Grant,05/14/2026 17:08:00,05/14/2026 17:08:41,BusinessRuleUpdate,Succeeded
Daan Slootweg (500139),Microsoft Active Directory,APP-Intranet (avo.local/Demo/Groups/APP-Intranet),Grant,05/27/2026 23:03:00,05/27/2026 23:03:18,Import,Succeeded
Daan Slootweg (500139),Microsoft Active Directory,APP-Office365 (avo.local/Demo/Groups/APP-Office365),Grant,07/24/2026 07:04:00,07/24/2026 07:04:13,ContractUpdate,Succeeded
Tess Oosterhuis (500140),Microsoft Active Directory,SEC-Antivirus (avo.local/Demo/Groups/SEC-Antivirus),Grant,06/16/2026 04:22:00,06/16/2026 04:22:42,BusinessRuleUpdate,Succeeded
Tess Oosterhuis (500140),Microsoft Active Directory,SEC-MFA-Enrolled (avo.local/Demo/Groups/SEC-MFA-Enrolled),Grant,12/06/2025 19:30:00,12/06/2025 19:31:06,ContractUpdate,Succeeded
Tess Oosterhuis (500140),Microsoft Active Directory,SEC-Endpoint-Protection (avo.local/Demo/Groups/SEC-Endpoint-Protection),Grant,02/17/2026 12:26:00,02/17/2026 12:27:00,BusinessRuleUpdate,Succeeded
Tess Oosterhuis (500140),Microsoft Active Directory,APP-Intranet (avo.local/Demo/Groups/APP-Intranet),Grant,05/31/2026 04:21:00,05/31/2026 04:21:04,PersonUpdate,Succeeded
Tess Oosterhuis (500140),Microsoft Active Directory,APP-CB12-Portal (avo.local/Demo/Groups/APP-CB12-Portal),Grant,06/01/2025 22:32:00,06/01/2025 22:33:11,Import,Succeeded
Tess Oosterhuis (500140),Microsoft Active Directory,FS-CB12-RO (avo.local/Demo/Groups/FS-CB12-RO),Grant,02/20/2026 07:14:00,02/20/2026 07:15:07,BusinessRuleUpdate,Succeeded
Tess Oosterhuis (500140),Microsoft Active Directory,TEAM-CB12 (avo.local/Demo/Groups/TEAM-CB12),Grant,09/27/2025 22:10:00,09/27/2025 22:10:35,ContractUpdate,Succeeded
Tess Oosterhuis (500140),Microsoft Active Directory,MBX-CB12 (avo.local/Demo/Groups/MBX-CB12),Grant,03/28/2025 09:22:00,03/28/2025 09:22:17,ContractUpdate,Succeeded
Tess Oosterhuis (500140),Microsoft Active Directory,APP-Selfservice (avo.local/Demo/Groups/APP-Selfservice),Grant,11/03/2025 13:33:00,11/03/2025 13:34:03,Import,Succeeded
Finn Wielenga (500141),Microsoft Active Directory,SEC-Antivirus (avo.local/Demo/Groups/SEC-Antivirus),Grant,06/08/2026 16:58:00,06/08/2026 16:58:17,BusinessRuleUpdate,Succeeded
Finn Wielenga (500141),Microsoft Active Directory,SEC-DiskEncryption (avo.local/Demo/Groups/SEC-DiskEncryption),Grant,10/07/2025 21:01:00,10/07/2025 21:02:24,BusinessRuleUpdate,Succeeded
Finn Wielenga (500141),Microsoft Active Directory,SEC-DiskEncryption (avo.local/Demo/Groups/SEC-DiskEncryption),Revoke,11/28/2025 21:01:00,11/28/2025 21:01:37,ContractUpdate,Succeeded
Finn Wielenga (500141),Microsoft Active Directory,SEC-DiskEncryption (avo.local/Demo/Groups/SEC-DiskEncryption),Grant,12/10/2025 21:01:00,12/10/2025 21:01:58,ContractUpdate,Succeeded
Finn Wielenga (500141),Microsoft Active Directory,SEC-Endpoint-Protection (avo.local/Demo/Groups/SEC-Endpoint-Protection),Grant,12/12/2025 07:48:00,12/12/2025 07:48:04,Import,Succeeded
Finn Wielenga (500141),Microsoft Active Directory,APP-Intranet (avo.local/Demo/Groups/APP-Intranet),Grant,02/20/2026 08:05:00,02/20/2026 08:05:20,Import,Succeeded
Sem Pronk (500142),Microsoft Active Directory,APP-FIN01-Portal (avo.local/Demo/Groups/APP-FIN01-Portal),Grant,04/20/2026 08:16:00,04/20/2026 08:16:32,Import,Succeeded
Sem Pronk (500142),Microsoft Active Directory,FS-FIN01-RO (avo.local/Demo/Groups/FS-FIN01-RO),Grant,07/31/2026 20:59:00,07/31/2026 20:59:37,Import,Succeeded
Sem Pronk (500142),Microsoft Active Directory,FS-FIN01-RW (avo.local/Demo/Groups/FS-FIN01-RW),Grant,05/11/2026 13:03:00,05/11/2026 13:03:33,Import,Succeeded
Sem Pronk (500142),Microsoft Active Directory,FS-FIN01-RW (avo.local/Demo/Groups/FS-FIN01-RW),Revoke,06/10/2026 13:03:00,06/10/2026 13:04:22,ContractUpdate,Succeeded
Sem Pronk (500142),Microsoft Active Directory,FS-FIN01-RW (avo.local/Demo/Groups/FS-FIN01-RW),Grant,06/22/2026 13:03:00,06/22/2026 13:03:30,ContractUpdate,Succeeded
Sem Pronk (500142),Microsoft Active Directory,MBX-FIN01 (avo.local/Demo/Groups/MBX-FIN01),Grant,06/06/2026 21:20:00,06/06/2026 21:21:25,Import,Succeeded
Olivier Terlouw (500143),Microsoft Active Directory,SEC-Antivirus (avo.local/Demo/Groups/SEC-Antivirus),Grant,06/09/2026 03:59:00,06/09/2026 04:00:25,BusinessRuleUpdate,Succeeded
Olivier Terlouw (500143),Microsoft Active Directory,SEC-DiskEncryption (avo.local/Demo/Groups/SEC-DiskEncryption),Grant,07/12/2026 14:50:00,07/12/2026 14:50:51,Import,Succeeded
Olivier Terlouw (500143),Microsoft Active Directory,SEC-MFA-Enrolled (avo.local/Demo/Groups/SEC-MFA-Enrolled),Grant,04/04/2026 20:49:00,04/04/2026 20:49:36,Import,Succeeded
Olivier Terlouw (500143),Microsoft Active Directory,SEC-Endpoint-Protection (avo.local/Demo/Groups/SEC-Endpoint-Protection),Grant,05/03/2025 06:05:00,05/03/2025 06:06:27,Import,Succeeded
Olivier Terlouw (500143),Microsoft Active Directory,APP-Intranet (avo.local/Demo/Groups/APP-Intranet),Grant,06/21/2025 23:33:00,06/21/2025 23:34:09,BusinessRuleUpdate,Succeeded
Olivier Terlouw (500143),Microsoft Active Directory,APP-Office365 (avo.local/Demo/Groups/APP-Office365),Grant,06/17/2026 03:26:00,06/17/2026 03:26:48,Import,Succeeded
Lars Jonker (500144),Microsoft Active Directory,SEC-Antivirus (avo.local/Demo/Groups/SEC-Antivirus),Grant,05/19/2026 02:37:00,05/19/2026 02:37:33,ContractUpdate,Succeeded
Lars Jonker (500144),Microsoft Active Directory,SEC-DiskEncryption (avo.local/Demo/Groups/SEC-DiskEncryption),Grant,09/28/2025 05:24:00,09/28/2025 05:24:59,PersonUpdate,Succeeded
Lars Jonker (500144),Microsoft Active Directory,SEC-MFA-Enrolled (avo.local/Demo/Groups/SEC-MFA-Enrolled),Grant,04/06/2026 06:09:00,04/06/2026 06:09:50,PersonUpdate,Succeeded
Lars Jonker (500144),Microsoft Active Directory,APP-Intranet (avo.local/Demo/Groups/APP-Intranet),Grant,01/21/2026 23:53:00,01/21/2026 23:53:59,BusinessRuleUpdate,Succeeded
Lars Jonker (500144),Microsoft Active Directory,APP-Office365 (avo.local/Demo/Groups/APP-Office365),Grant,03/27/2025 20:57:00,03/27/2025 20:58:07,ContractUpdate,Succeeded
Daan Slootweg (500145),Microsoft Active Directory,SEC-Antivirus (avo.local/Demo/Groups/SEC-Antivirus),Grant,09/02/2025 00:42:00,09/02/2025 00:42:56,ContractUpdate,Succeeded
Daan Slootweg (500145),Microsoft Active Directory,SEC-DiskEncryption (avo.local/Demo/Groups/SEC-DiskEncryption),Grant,10/22/2025 06:41:00,10/22/2025 06:42:00,BusinessRuleUpdate,Succeeded
Daan Slootweg (500145),Microsoft Active Directory,SEC-MFA-Enrolled (avo.local/Demo/Groups/SEC-MFA-Enrolled),Grant,11/12/2025 20:09:00,11/12/2025 20:10:01,Import,Succeeded
Daan Slootweg (500145),Microsoft Active Directory,SEC-Endpoint-Protection (avo.local/Demo/Groups/SEC-Endpoint-Protection),Grant,12/29/2025 12:43:00,12/29/2025 12:44:27,Import,Succeeded
Daan Slootweg (500145),Microsoft Active Directory,APP-Office365 (avo.local/Demo/Groups/APP-Office365),Grant,08/13/2025 23:58:00,08/13/2025 23:59:00,PersonUpdate,Succeeded
Daan Slootweg (500145),Microsoft Active Directory,APP-Office365 (avo.local/Demo/Groups/APP-Office365),Revoke,08/15/2025 23:58:00,08/15/2025 23:58:32,ContractUpdate,Succeeded
Daan Slootweg (500145),Microsoft Active Directory,APP-Office365 (avo.local/Demo/Groups/APP-Office365),Grant,09/01/2025 23:58:00,09/01/2025 23:58:05,ContractUpdate,Succeeded
Daan Slootweg (500145),Microsoft Active Directory,ROLE-Verzorgende (avo.local/Demo/Groups/ROLE-Verzorgende),Grant,11/28/2025 19:24:00,11/28/2025 19:24:29,PersonUpdate,Succeeded
Gijs Coenen (500146),Microsoft Active Directory,SEC-Antivirus (avo.local/Demo/Groups/SEC-Antivirus),Grant,12/22/2025 11:18:00,12/22/2025 11:18:38,PersonUpdate,Succeeded
Gijs Coenen (500146),Microsoft Active Directory,SEC-DiskEncryption (avo.local/Demo/Groups/SEC-DiskEncryption),Grant,10/27/2025 08:52:00,10/27/2025 08:52:48,Import,Succeeded
Gijs Coenen (500146),Microsoft Active Directory,SEC-MFA-Enrolled (avo.local/Demo/Groups/SEC-MFA-Enrolled),Grant,06/01/2026 12:07:00,06/01/2026 12:08:02,PersonUpdate,Succeeded
Gijs Coenen (500146),Microsoft Active Directory,SEC-Endpoint-Protection (avo.local/Demo/Groups/SEC-Endpoint-Protection),Grant,05/08/2026 03:43:00,05/08/2026 03:43:28,PersonUpdate,Succeeded
Gijs Coenen (500146),Microsoft Active Directory,APP-Intranet (avo.local/Demo/Groups/APP-Intranet),Grant,08/02/2025 15:28:00,08/02/2025 15:28:05,PersonUpdate,Succeeded
Gijs Coenen (500146),Microsoft Active Directory,APP-Office365 (avo.local/Demo/Groups/APP-Office365),Grant,09/14/2025 01:33:00,09/14/2025 01:33:39,Import,Succeeded
Anne Fokkema (500147),Microsoft Active Directory,SEC-Antivirus (avo.local/Demo/Groups/SEC-Antivirus),Grant,09/12/2025 23:44:00,09/12/2025 23:44:17,ContractUpdate,Succeeded
Anne Fokkema (500147),Microsoft Active Directory,SEC-DiskEncryption (avo.local/Demo/Groups/SEC-DiskEncryption),Grant,07/02/2026 12:56:00,07/02/2026 12:56:29,BusinessRuleUpdate,Succeeded
Anne Fokkema (500147),Microsoft Active Directory,SEC-MFA-Enrolled (avo.local/Demo/Groups/SEC-MFA-Enrolled),Grant,03/18/2026 13:59:00,03/18/2026 13:59:03,ContractUpdate,Succeeded
Anne Fokkema (500147),Microsoft Active Directory,SEC-Endpoint-Protection (avo.local/Demo/Groups/SEC-Endpoint-Protection),Grant,09/20/2025 06:58:00,09/20/2025 06:58:09,PersonUpdate,Succeeded
Anne Fokkema (500147),Microsoft Active Directory,APP-Intranet (avo.local/Demo/Groups/APP-Intranet),Grant,07/02/2026 14:47:00,07/02/2026 14:47:09,BusinessRuleUpdate,Succeeded
Anne Fokkema (500147),Microsoft Active Directory,APP-Office365 (avo.local/Demo/Groups/APP-Office365),Grant,08/11/2025 05:26:00,08/11/2025 05:27:17,PersonUpdate,Succeeded
Anne Fokkema (500147),Microsoft Active Directory,FS-FIN01-RW (avo.local/Demo/Groups/FS-FIN01-RW),Grant,01/12/2026 17:02:00,01/12/2026 17:02:09,PersonUpdate,Succeeded
Anne Fokkema (500147),Microsoft Active Directory,TEAM-FIN01 (avo.local/Demo/Groups/TEAM-FIN01),Grant,07/26/2026 22:57:00,07/26/2026 22:57:10,Import,Succeeded
Anne Fokkema (500147),Microsoft Active Directory,MBX-FIN01 (avo.local/Demo/Groups/MBX-FIN01),Grant,05/26/2025 01:53:00,05/26/2025 01:54:04,Import,Succeeded
Anne Fokkema (500147),Microsoft Active Directory,ROLE-Begeleider (avo.local/Demo/Groups/ROLE-Begeleider),Grant,05/07/2026 03:07:00,05/07/2026 03:08:00,Import,Succeeded
Anne Fokkema (500147),Microsoft Active Directory,FS-Begeleider-DATA (avo.local/Demo/Groups/FS-Begeleider-DATA),Grant,11/23/2025 13:31:00,11/23/2025 13:31:54,BusinessRuleUpdate,Succeeded
Mila Oosterhuis (500148),Microsoft Active Directory,SEC-Antivirus (avo.local/Demo/Groups/SEC-Antivirus),Grant,06/02/2026 10:55:00,06/02/2026 10:56:29,PersonUpdate,Succeeded
Mila Oosterhuis (500148),Microsoft Active Directory,SEC-DiskEncryption (avo.local/Demo/Groups/SEC-DiskEncryption),Grant,04/24/2025 13:35:00,04/24/2025 13:35:56,BusinessRuleUpdate,Succeeded
Mila Oosterhuis (500148),Microsoft Active Directory,SEC-MFA-Enrolled (avo.local/Demo/Groups/SEC-MFA-Enrolled),Grant,05/26/2025 06:56:00,05/26/2025 06:56:27,Import,Succeeded
Mila Oosterhuis (500148),Microsoft Active Directory,SEC-Endpoint-Protection (avo.local/Demo/Groups/SEC-Endpoint-Protection),Grant,02/25/2026 07:28:00,02/25/2026 07:28:40,Import,Succeeded
Mila Oosterhuis (500148),Microsoft Active Directory,APP-Intranet (avo.local/Demo/Groups/APP-Intranet),Grant,12/21/2025 15:11:00,12/21/2025 15:12:18,Import,Succeeded
Eva Roozendaal (500149),Microsoft Active Directory,SEC-Antivirus (avo.local/Demo/Groups/SEC-Antivirus),Grant,08/05/2025 17:56:00,08/05/2025 17:56:01,Import,Succeeded
Eva Roozendaal (500149),Microsoft Active Directory,SEC-DiskEncryption (avo.local/Demo/Groups/SEC-DiskEncryption),Grant,04/26/2025 22:20:00,04/26/2025 22:20:50,Import,Succeeded
Eva Roozendaal (500149),Microsoft Active Directory,SEC-Endpoint-Protection (avo.local/Demo/Groups/SEC-Endpoint-Protection),Grant,09/08/2025 23:27:00,09/08/2025 23:28:04,BusinessRuleUpdate,Succeeded
Eva Roozendaal (500149),Microsoft Active Directory,APP-Office365 (avo.local/Demo/Groups/APP-Office365),Grant,05/18/2025 08:18:00,05/18/2025 08:18:20,Import,Succeeded
Eva Roozendaal (500149),Microsoft Active Directory,APP-FIN01-Portal (avo.local/Demo/Groups/APP-FIN01-Portal),Grant,12/31/2025 16:07:00,12/31/2025 16:07:17,BusinessRuleUpdate,Succeeded
Eva Roozendaal (500149),Microsoft Active Directory,FS-FIN01-RO (avo.local/Demo/Groups/FS-FIN01-RO),Grant,08/04/2025 00:25:00,08/04/2025 00:26:15,Import,Succeeded
Eva Roozendaal (500149),Microsoft Active Directory,TEAM-FIN01 (avo.local/Demo/Groups/TEAM-FIN01),Grant,06/11/2025 16:02:00,06/11/2025 16:02:50,Import,Succeeded
Eva Roozendaal (500149),Microsoft Active Directory,MBX-FIN01 (avo.local/Demo/Groups/MBX-FIN01),Grant,04/06/2026 07:32:00,04/06/2026 07:32:44,Import,Succeeded
Eva Roozendaal (500149),Microsoft Active Directory,ROLE-Verzorgende (avo.local/Demo/Groups/ROLE-Verzorgende),Grant,07/20/2026 13:02:00,07/20/2026 13:03:12,BusinessRuleUpdate,Succeeded
Eva Roozendaal (500149),Microsoft Active Directory,APP-Copilot (avo.local/Demo/Groups/APP-Copilot),Grant,09/16/2025 08:30:00,09/16/2025 08:30:56,Import,Succeeded
Kim Wielenga (500150),Microsoft Active Directory,SEC-Antivirus (avo.local/Demo/Groups/SEC-Antivirus),Grant,06/03/2025 03:26:00,06/03/2025 03:26:41,ContractUpdate,Succeeded
Kim Wielenga (500150),Microsoft Active Directory,SEC-DiskEncryption (avo.local/Demo/Groups/SEC-DiskEncryption),Grant,10/23/2025 04:06:00,10/23/2025 04:07:22,BusinessRuleUpdate,Succeeded
Kim Wielenga (500150),Microsoft Active Directory,APP-Intranet (avo.local/Demo/Groups/APP-Intranet),Grant,02/23/2026 18:40:00,02/23/2026 18:40:43,ContractUpdate,Succeeded
Kim Wielenga (500150),Microsoft Active Directory,APP-Office365 (avo.local/Demo/Groups/APP-Office365),Grant,09/10/2025 11:42:00,09/10/2025 11:43:03,Import,Succeeded
Hanna Slootweg (500151),Microsoft Active Directory,SEC-Antivirus (avo.local/Demo/Groups/SEC-Antivirus),Grant,07/15/2025 20:55:00,07/15/2025 20:55:26,BusinessRuleUpdate,Succeeded
Hanna Slootweg (500151),Microsoft Active Directory,SEC-DiskEncryption (avo.local/Demo/Groups/SEC-DiskEncryption),Grant,10/18/2025 20:31:00,10/18/2025 20:31:16,BusinessRuleUpdate,Succeeded
Hanna Slootweg (500151),Microsoft Active Directory,SEC-MFA-Enrolled (avo.local/Demo/Groups/SEC-MFA-Enrolled),Grant,06/04/2025 11:22:00,06/04/2025 11:22:33,ContractUpdate,Succeeded
Hanna Slootweg (500151),Microsoft Active Directory,APP-Intranet (avo.local/Demo/Groups/APP-Intranet),Grant,06/18/2025 20:32:00,06/18/2025 20:32:27,ContractUpdate,Succeeded
Hanna Slootweg (500151),Microsoft Active Directory,APP-Office365 (avo.local/Demo/Groups/APP-Office365),Grant,05/09/2025 23:04:00,05/09/2025 23:04:17,BusinessRuleUpdate,Succeeded
Hanna Slootweg (500151),Microsoft Active Directory,TEAM-ICT03 (avo.local/Demo/Groups/TEAM-ICT03),Grant,11/16/2025 03:58:00,11/16/2025 03:58:52,Import,Succeeded
Hanna Slootweg (500151),Microsoft Active Directory,APP-ICT03-Portal (avo.local/Demo/Groups/APP-ICT03-Portal),Grant,10/14/2025 17:03:00,10/14/2025 17:03:01,BusinessRuleUpdate,Succeeded
Wout Pronk (500152),Microsoft Active Directory,SEC-DiskEncryption (avo.local/Demo/Groups/SEC-DiskEncryption),Grant,10/09/2025 00:12:00,10/09/2025 00:12:33,BusinessRuleUpdate,Succeeded
Wout Pronk (500152),Microsoft Active Directory,SEC-Endpoint-Protection (avo.local/Demo/Groups/SEC-Endpoint-Protection),Grant,06/18/2025 13:16:00,06/18/2025 13:16:24,BusinessRuleUpdate,Succeeded
Wout Pronk (500152),Microsoft Active Directory,APP-Intranet (avo.local/Demo/Groups/APP-Intranet),Grant,01/22/2026 22:39:00,01/22/2026 22:39:10,Import,Succeeded
Wout Pronk (500152),Microsoft Active Directory,APP-Office365 (avo.local/Demo/Groups/APP-Office365),Grant,03/07/2026 07:01:00,03/07/2026 07:02:12,Import,Succeeded
Vera Terlouw (500153),Microsoft Active Directory,SEC-Antivirus (avo.local/Demo/Groups/SEC-Antivirus),Grant,07/07/2026 05:55:00,07/07/2026 05:55:26,PersonUpdate,Succeeded
Vera Terlouw (500153),Microsoft Active Directory,SEC-DiskEncryption (avo.local/Demo/Groups/SEC-DiskEncryption),Grant,09/16/2025 11:38:00,09/16/2025 11:38:53,BusinessRuleUpdate,Succeeded
Vera Terlouw (500153),Microsoft Active Directory,SEC-MFA-Enrolled (avo.local/Demo/Groups/SEC-MFA-Enrolled),Grant,07/26/2025 17:11:00,07/26/2025 17:11:21,Import,Succeeded
Vera Terlouw (500153),Microsoft Active Directory,SEC-Endpoint-Protection (avo.local/Demo/Groups/SEC-Endpoint-Protection),Grant,07/11/2026 18:15:00,07/11/2026 18:15:48,ContractUpdate,Succeeded
Vera Terlouw (500153),Microsoft Active Directory,APP-Intranet (avo.local/Demo/Groups/APP-Intranet),Grant,06/02/2026 23:14:00,06/02/2026 23:14:04,PersonUpdate,Succeeded
Vera Terlouw (500153),Microsoft Active Directory,APP-Office365 (avo.local/Demo/Groups/APP-Office365),Grant,01/03/2026 06:27:00,01/03/2026 06:28:26,Import,Succeeded
Vera Terlouw (500153),Microsoft Active Directory,APP-Office365 (avo.local/Demo/Groups/APP-Office365),Revoke,02/12/2026 06:27:00,02/12/2026 06:28:05,ContractUpdate,Succeeded
Vera Terlouw (500153),Microsoft Active Directory,APP-Office365 (avo.local/Demo/Groups/APP-Office365),Grant,02/19/2026 06:27:00,02/19/2026 06:28:11,ContractUpdate,Succeeded
Vera Lindeboom (500154),Microsoft Active Directory,SEC-DiskEncryption (avo.local/Demo/Groups/SEC-DiskEncryption),Grant,10/02/2025 20:37:00,10/02/2025 20:37:26,ContractUpdate,Succeeded
Vera Lindeboom (500154),Microsoft Active Directory,SEC-MFA-Enrolled (avo.local/Demo/Groups/SEC-MFA-Enrolled),Grant,02/09/2026 07:31:00,02/09/2026 07:31:59,BusinessRuleUpdate,Succeeded
Vera Lindeboom (500154),Microsoft Active Directory,SEC-Endpoint-Protection (avo.local/Demo/Groups/SEC-Endpoint-Protection),Grant,09/21/2025 04:16:00,09/21/2025 04:16:43,BusinessRuleUpdate,Succeeded
Vera Lindeboom (500154),Microsoft Active Directory,APP-Intranet (avo.local/Demo/Groups/APP-Intranet),Grant,05/13/2026 21:51:00,05/13/2026 21:52:02,Import,Succeeded
Vera Lindeboom (500154),Microsoft Active Directory,APP-Office365 (avo.local/Demo/Groups/APP-Office365),Grant,08/01/2026 13:36:00,08/01/2026 13:36:48,ContractUpdate,Succeeded
Vera Lindeboom (500154),Microsoft Active Directory,APP-CB12-Portal (avo.local/Demo/Groups/APP-CB12-Portal),Grant,02/23/2026 04:44:00,02/23/2026 04:44:55,Import,Succeeded
Vera Lindeboom (500154),Microsoft Active Directory,FS-CB12-RO (avo.local/Demo/Groups/FS-CB12-RO),Grant,05/03/2025 05:14:00,05/03/2025 05:14:56,Import,Succeeded
Vera Lindeboom (500154),Microsoft Active Directory,TEAM-CB12 (avo.local/Demo/Groups/TEAM-CB12),Grant,06/16/2026 09:18:00,06/16/2026 09:19:04,ContractUpdate,Succeeded
Vera Lindeboom (500154),Microsoft Active Directory,MBX-CB12 (avo.local/Demo/Groups/MBX-CB12),Grant,11/05/2025 16:42:00,11/05/2025 16:43:16,BusinessRuleUpdate,Succeeded
Vera Lindeboom (500154),Microsoft Active Directory,APP-Selfservice (avo.local/Demo/Groups/APP-Selfservice),Grant,10/10/2025 01:06:00,10/10/2025 01:06:15,BusinessRuleUpdate,Succeeded
Vera Lindeboom (500154),Microsoft Active Directory,ROLE-Verzorgende (avo.local/Demo/Groups/ROLE-Verzorgende),Grant,08/26/2025 08:49:00,08/26/2025 08:50:06,Import,Succeeded
Vera Lindeboom (500154),Microsoft Active Directory,APP-Copilot (avo.local/Demo/Groups/APP-Copilot),Grant,10/06/2025 02:23:00,10/06/2025 02:23:29,BusinessRuleUpdate,Succeeded
Bram Roozendaal (500155),Microsoft Active Directory,SEC-Antivirus (avo.local/Demo/Groups/SEC-Antivirus),Grant,05/17/2025 04:48:00,05/17/2025 04:48:56,Import,Succeeded
Bram Roozendaal (500155),Microsoft Active Directory,SEC-DiskEncryption (avo.local/Demo/Groups/SEC-DiskEncryption),Grant,05/13/2025 10:59:00,05/13/2025 10:59:03,ContractUpdate,Succeeded
Bram Roozendaal (500155),Microsoft Active Directory,SEC-Endpoint-Protection (avo.local/Demo/Groups/SEC-Endpoint-Protection),Grant,04/20/2026 09:10:00,04/20/2026 09:10:17,BusinessRuleUpdate,Succeeded
Bram Roozendaal (500155),Microsoft Active Directory,APP-Adobe-AcrobatPro (avo.local/Demo/Groups/APP-Adobe-AcrobatPro),Grant,09/21/2025 18:09:00,09/21/2025 18:09:51,BusinessRuleUpdate,Succeeded
Mila Ipenburg (500156),Microsoft Active Directory,SEC-Antivirus (avo.local/Demo/Groups/SEC-Antivirus),Grant,07/28/2026 13:23:00,07/28/2026 13:23:12,ContractUpdate,Succeeded
Mila Ipenburg (500156),Microsoft Active Directory,SEC-DiskEncryption (avo.local/Demo/Groups/SEC-DiskEncryption),Grant,09/18/2025 11:48:00,09/18/2025 11:48:40,BusinessRuleUpdate,Succeeded
Mila Ipenburg (500156),Microsoft Active Directory,SEC-DiskEncryption (avo.local/Demo/Groups/SEC-DiskEncryption),Revoke,11/07/2025 11:48:00,11/07/2025 11:48:13,ContractUpdate,Succeeded
Mila Ipenburg (500156),Microsoft Active Directory,SEC-DiskEncryption (avo.local/Demo/Groups/SEC-DiskEncryption),Grant,11/11/2025 11:48:00,11/11/2025 11:48:28,ContractUpdate,Succeeded
Mila Ipenburg (500156),Microsoft Active Directory,SEC-MFA-Enrolled (avo.local/Demo/Groups/SEC-MFA-Enrolled),Grant,01/26/2026 09:41:00,01/26/2026 09:41:56,BusinessRuleUpdate,Succeeded
Mila Ipenburg (500156),Microsoft Active Directory,SEC-Endpoint-Protection (avo.local/Demo/Groups/SEC-Endpoint-Protection),Grant,06/23/2026 09:16:00,06/23/2026 09:16:10,Import,Succeeded
Mila Ipenburg (500156),Microsoft Active Directory,APP-Office365 (avo.local/Demo/Groups/APP-Office365),Grant,12/27/2025 21:59:00,12/27/2025 22:00:15,ContractUpdate,Succeeded
Mila Ipenburg (500156),Microsoft Active Directory,APP-CB12-Portal (avo.local/Demo/Groups/APP-CB12-Portal),Grant,06/14/2026 12:11:00,06/14/2026 12:12:10,BusinessRuleUpdate,Succeeded
Mila Ipenburg (500156),Microsoft Active Directory,FS-CB12-RO (avo.local/Demo/Groups/FS-CB12-RO),Grant,10/30/2025 22:48:00,10/30/2025 22:48:42,ContractUpdate,Succeeded
Mila Ipenburg (500156),Microsoft Active Directory,FS-CB12-RW (avo.local/Demo/Groups/FS-CB12-RW),Grant,04/17/2026 16:01:00,04/17/2026 16:01:01,ContractUpdate,Succeeded
Mila Ipenburg (500156),Microsoft Active Directory,TEAM-CB12 (avo.local/Demo/Groups/TEAM-CB12),Grant,03/21/2026 07:55:00,03/21/2026 07:55:29,PersonUpdate,Succeeded
Mila Ipenburg (500156),Microsoft Active Directory,APP-Selfservice (avo.local/Demo/Groups/APP-Selfservice),Grant,02/17/2026 07:50:00,02/17/2026 07:50:26,PersonUpdate,Succeeded
Mila Ipenburg (500156),Microsoft Active Directory,APP-Adobe-AcrobatPro (avo.local/Demo/Groups/APP-Adobe-AcrobatPro),Grant,03/24/2025 03:18:00,03/24/2025 03:19:29,PersonUpdate,Succeeded
Xander Jonker (500157),Microsoft Active Directory,SEC-Antivirus (avo.local/Demo/Groups/SEC-Antivirus),Grant,04/21/2025 20:38:00,04/21/2025 20:38:37,Import,Succeeded
Xander Jonker (500157),Microsoft Active Directory,SEC-DiskEncryption (avo.local/Demo/Groups/SEC-DiskEncryption),Grant,12/27/2025 20:47:00,12/27/2025 20:48:20,ContractUpdate,Succeeded
Xander Jonker (500157),Microsoft Active Directory,SEC-MFA-Enrolled (avo.local/Demo/Groups/SEC-MFA-Enrolled),Grant,09/18/2025 17:04:00,09/18/2025 17:04:49,ContractUpdate,Succeeded
Xander Jonker (500157),Microsoft Active Directory,APP-Intranet (avo.local/Demo/Groups/APP-Intranet),Grant,10/23/2025 14:39:00,10/23/2025 14:39:30,BusinessRuleUpdate,Succeeded
Xander Jonker (500157),Microsoft Active Directory,APP-ICT03-Portal (avo.local/Demo/Groups/APP-ICT03-Portal),Grant,04/21/2025 23:16:00,04/21/2025 23:16:17,Import,Succeeded
Xander Jonker (500157),Microsoft Active Directory,FS-ICT03-RO (avo.local/Demo/Groups/FS-ICT03-RO),Grant,10/01/2025 15:51:00,10/01/2025 15:51:56,ContractUpdate,Succeeded
Xander Jonker (500157),Microsoft Active Directory,FS-ICT03-RW (avo.local/Demo/Groups/FS-ICT03-RW),Grant,05/03/2025 14:11:00,05/03/2025 14:11:41,ContractUpdate,Succeeded
Zoë Oosterhuis (500158),Microsoft Active Directory,APP-Intranet (avo.local/Demo/Groups/APP-Intranet),Grant,11/05/2025 13:48:00,11/05/2025 13:48:51,Import,Succeeded
Zoë Oosterhuis (500158),Microsoft Active Directory,APP-Office365 (avo.local/Demo/Groups/APP-Office365),Grant,04/04/2025 00:04:00,04/04/2025 00:04:21,BusinessRuleUpdate,Succeeded
Zoë Oosterhuis (500158),Microsoft Active Directory,APP-ICT03-Portal (avo.local/Demo/Groups/APP-ICT03-Portal),Grant,06/05/2025 16:49:00,06/05/2025 16:50:13,Import,Succeeded
Zoë Oosterhuis (500158),Microsoft Active Directory,FS-ICT03-RO (avo.local/Demo/Groups/FS-ICT03-RO),Grant,06/06/2025 11:44:00,06/06/2025 11:44:04,ContractUpdate,Succeeded
Zoë Oosterhuis (500158),Microsoft Active Directory,FS-ICT03-RW (avo.local/Demo/Groups/FS-ICT03-RW),Grant,08/02/2025 22:35:00,08/02/2025 22:35:45,ContractUpdate,Succeeded
Xander Lindeboom (500159),Microsoft Active Directory,SEC-Antivirus (avo.local/Demo/Groups/SEC-Antivirus),Grant,09/12/2025 04:15:00,09/12/2025 04:15:49,ContractUpdate,Succeeded
Xander Lindeboom (500159),Microsoft Active Directory,SEC-DiskEncryption (avo.local/Demo/Groups/SEC-DiskEncryption),Grant,05/25/2025 08:18:00,05/25/2025 08:19:16,BusinessRuleUpdate,Succeeded
Xander Lindeboom (500159),Microsoft Active Directory,SEC-Endpoint-Protection (avo.local/Demo/Groups/SEC-Endpoint-Protection),Grant,11/10/2025 06:16:00,11/10/2025 06:16:59,BusinessRuleUpdate,Succeeded
Xander Lindeboom (500159),Microsoft Active Directory,APP-Intranet (avo.local/Demo/Groups/APP-Intranet),Grant,05/14/2025 03:15:00,05/14/2025 03:15:17,ContractUpdate,Succeeded
Xander Lindeboom (500159),Microsoft Active Directory,APP-Office365 (avo.local/Demo/Groups/APP-Office365),Grant,03/30/2026 02:19:00,03/30/2026 02:20:27,ContractUpdate,Succeeded
Xander Lindeboom (500159),Microsoft Active Directory,APP-HRM02-Portal (avo.local/Demo/Groups/APP-HRM02-Portal),Grant,11/30/2025 02:51:00,11/30/2025 02:51:25,BusinessRuleUpdate,Succeeded
Xander Lindeboom (500159),Microsoft Active Directory,FS-HRM02-RO (avo.local/Demo/Groups/FS-HRM02-RO),Grant,08/02/2025 15:01:00,08/02/2025 15:01:26,BusinessRuleUpdate,Succeeded
Xander Lindeboom (500159),Microsoft Active Directory,TEAM-HRM02 (avo.local/Demo/Groups/TEAM-HRM02),Grant,10/31/2025 23:58:00,10/31/2025 23:58:22,PersonUpdate,Succeeded
Hanna Kalisvaart (500160),Microsoft Active Directory,SEC-Antivirus (avo.local/Demo/Groups/SEC-Antivirus),Grant,09/09/2025 11:42:00,09/09/2025 11:42:07,ContractUpdate,Succeeded
Hanna Kalisvaart (500160),Microsoft Active Directory,SEC-DiskEncryption (avo.local/Demo/Groups/SEC-DiskEncryption),Grant,05/27/2026 10:19:00,05/27/2026 10:20:00,PersonUpdate,Succeeded
Hanna Kalisvaart (500160),Microsoft Active Directory,SEC-MFA-Enrolled (avo.local/Demo/Groups/SEC-MFA-Enrolled),Grant,07/23/2025 10:21:00,07/23/2025 10:21:22,Import,Succeeded
Hanna Kalisvaart (500160),Microsoft Active Directory,SEC-Endpoint-Protection (avo.local/Demo/Groups/SEC-Endpoint-Protection),Grant,02/27/2026 04:29:00,02/27/2026 04:30:00,BusinessRuleUpdate,Succeeded
Hanna Kalisvaart (500160),Microsoft Active Directory,APP-Intranet (avo.local/Demo/Groups/APP-Intranet),Grant,05/12/2025 16:34:00,05/12/2025 16:34:34,ContractUpdate,Succeeded
Hanna Kalisvaart (500160),Microsoft Active Directory,FS-CA060-RO (avo.local/Demo/Groups/FS-CA060-RO),Grant,10/18/2025 03:42:00,10/18/2025 03:43:02,PersonUpdate,Succeeded
Hanna Kalisvaart (500160),Microsoft Active Directory,MBX-CA060 (avo.local/Demo/Groups/MBX-CA060),Grant,04/06/2025 07:47:00,04/06/2025 07:48:26,PersonUpdate,Succeeded
Hanna Kalisvaart (500160),Microsoft Active Directory,APP-Selfservice (avo.local/Demo/Groups/APP-Selfservice),Grant,04/03/2025 13:12:00,04/03/2025 13:12:13,Import,Succeeded
Zoë Oosterhuis (500161),Microsoft Active Directory,SEC-DiskEncryption (avo.local/Demo/Groups/SEC-DiskEncryption),Grant,06/03/2025 05:36:00,06/03/2025 05:36:54,ContractUpdate,Succeeded
Zoë Oosterhuis (500161),Microsoft Active Directory,SEC-MFA-Enrolled (avo.local/Demo/Groups/SEC-MFA-Enrolled),Grant,04/30/2025 06:42:00,04/30/2025 06:42:54,PersonUpdate,Succeeded
Zoë Oosterhuis (500161),Microsoft Active Directory,SEC-Endpoint-Protection (avo.local/Demo/Groups/SEC-Endpoint-Protection),Grant,01/12/2026 22:04:00,01/12/2026 22:04:58,PersonUpdate,Succeeded
Zoë Oosterhuis (500161),Microsoft Active Directory,APP-Intranet (avo.local/Demo/Groups/APP-Intranet),Grant,04/30/2025 22:41:00,04/30/2025 22:41:43,Import,Succeeded
Zoë Oosterhuis (500161),Microsoft Active Directory,ROLE-Begeleider (avo.local/Demo/Groups/ROLE-Begeleider),Grant,01/05/2026 09:58:00,01/05/2026 09:58:55,ContractUpdate,Succeeded
Zoë Oosterhuis (500161),Microsoft Active Directory,APP-Adobe-AcrobatPro (avo.local/Demo/Groups/APP-Adobe-AcrobatPro),Grant,07/23/2025 16:59:00,07/23/2025 17:00:10,Import,Succeeded
Zoë Oosterhuis (500161),Microsoft Active Directory,APP-Visio (avo.local/Demo/Groups/APP-Visio),Grant,06/27/2025 04:58:00,06/27/2025 04:58:57,PersonUpdate,Succeeded
Anne Ipenburg (500162),Microsoft Active Directory,SEC-Antivirus (avo.local/Demo/Groups/SEC-Antivirus),Grant,07/21/2026 15:53:00,07/21/2026 15:53:57,ContractUpdate,Succeeded
Anne Ipenburg (500162),Microsoft Active Directory,SEC-MFA-Enrolled (avo.local/Demo/Groups/SEC-MFA-Enrolled),Grant,08/29/2025 02:17:00,08/29/2025 02:17:52,Import,Succeeded
Anne Ipenburg (500162),Microsoft Active Directory,APP-Intranet (avo.local/Demo/Groups/APP-Intranet),Grant,08/01/2026 04:47:00,08/01/2026 04:47:21,PersonUpdate,Succeeded
Anne Ipenburg (500162),Microsoft Active Directory,APP-HRM02-Portal (avo.local/Demo/Groups/APP-HRM02-Portal),Grant,09/02/2025 09:47:00,09/02/2025 09:48:25,ContractUpdate,Succeeded
Anne Ipenburg (500162),Microsoft Active Directory,FS-HRM02-RO (avo.local/Demo/Groups/FS-HRM02-RO),Grant,05/31/2025 10:08:00,05/31/2025 10:08:07,ContractUpdate,Succeeded
Anne Ipenburg (500162),Microsoft Active Directory,FS-HRM02-RW (avo.local/Demo/Groups/FS-HRM02-RW),Grant,12/19/2025 16:31:00,12/19/2025 16:31:51,Import,Succeeded
Anne Ipenburg (500162),Microsoft Active Directory,TEAM-HRM02 (avo.local/Demo/Groups/TEAM-HRM02),Grant,05/26/2025 05:17:00,05/26/2025 05:17:35,BusinessRuleUpdate,Succeeded
Anne Ipenburg (500162),Microsoft Active Directory,MBX-HRM02 (avo.local/Demo/Groups/MBX-HRM02),Grant,10/23/2025 14:01:00,10/23/2025 14:01:36,PersonUpdate,Succeeded
Bram Terlouw (500163),Microsoft Active Directory,SEC-Antivirus (avo.local/Demo/Groups/SEC-Antivirus),Grant,03/23/2026 01:25:00,03/23/2026 01:25:38,ContractUpdate,Succeeded
Bram Terlouw (500163),Microsoft Active Directory,SEC-MFA-Enrolled (avo.local/Demo/Groups/SEC-MFA-Enrolled),Grant,06/30/2025 22:40:00,06/30/2025 22:41:14,PersonUpdate,Succeeded
Bram Terlouw (500163),Microsoft Active Directory,APP-Intranet (avo.local/Demo/Groups/APP-Intranet),Grant,05/29/2025 17:27:00,05/29/2025 17:28:30,Import,Succeeded
Bram Terlouw (500163),Microsoft Active Directory,APP-Office365 (avo.local/Demo/Groups/APP-Office365),Grant,09/01/2025 04:09:00,09/01/2025 04:10:20,Import,Succeeded
Eva Nagtegaal (500164),Microsoft Active Directory,SEC-Antivirus (avo.local/Demo/Groups/SEC-Antivirus),Grant,10/28/2025 06:16:00,10/28/2025 06:16:12,BusinessRuleUpdate,Succeeded
Eva Nagtegaal (500164),Microsoft Active Directory,SEC-MFA-Enrolled (avo.local/Demo/Groups/SEC-MFA-Enrolled),Grant,05/27/2025 21:34:00,05/27/2025 21:34:42,Import,Succeeded
Eva Nagtegaal (500164),Microsoft Active Directory,SEC-Endpoint-Protection (avo.local/Demo/Groups/SEC-Endpoint-Protection),Grant,06/29/2026 11:46:00,06/29/2026 11:46:21,PersonUpdate,Succeeded
Eva Nagtegaal (500164),Microsoft Active Directory,APP-Office365 (avo.local/Demo/Groups/APP-Office365),Grant,07/07/2025 17:31:00,07/07/2025 17:32:25,Import,Succeeded
Eva Nagtegaal (500164),Microsoft Active Directory,FS-CA060-RO (avo.local/Demo/Groups/FS-CA060-RO),Grant,07/19/2025 14:04:00,07/19/2025 14:04:18,BusinessRuleUpdate,Succeeded
Eva Nagtegaal (500164),Microsoft Active Directory,FS-CA060-RW (avo.local/Demo/Groups/FS-CA060-RW),Grant,04/27/2026 21:31:00,04/27/2026 21:31:14,PersonUpdate,Succeeded
Eva Nagtegaal (500164),Microsoft Active Directory,MBX-CA060 (avo.local/Demo/Groups/MBX-CA060),Grant,12/11/2025 05:50:00,12/11/2025 05:51:08,ContractUpdate,Succeeded
Eva Nagtegaal (500164),Microsoft Active Directory,APP-Selfservice (avo.local/Demo/Groups/APP-Selfservice),Grant,05/28/2026 10:34:00,05/28/2026 10:34:11,ContractUpdate,Succeeded
Olivier Muijs (500165),Microsoft Active Directory,SEC-MFA-Enrolled (avo.local/Demo/Groups/SEC-MFA-Enrolled),Grant,05/14/2026 19:39:00,05/14/2026 19:39:13,PersonUpdate,Succeeded
Olivier Muijs (500165),Microsoft Active Directory,APP-Intranet (avo.local/Demo/Groups/APP-Intranet),Grant,04/24/2025 14:42:00,04/24/2025 14:42:15,ContractUpdate,Succeeded
Bram Aalbers (500166),Microsoft Active Directory,SEC-Antivirus (avo.local/Demo/Groups/SEC-Antivirus),Grant,01/24/2026 01:46:00,01/24/2026 01:46:59,Import,Succeeded
Bram Aalbers (500166),Microsoft Active Directory,SEC-DiskEncryption (avo.local/Demo/Groups/SEC-DiskEncryption),Grant,05/11/2026 03:39:00,05/11/2026 03:39:33,Import,Succeeded
Bram Aalbers (500166),Microsoft Active Directory,SEC-MFA-Enrolled (avo.local/Demo/Groups/SEC-MFA-Enrolled),Grant,09/03/2025 21:40:00,09/03/2025 21:40:16,Import,Succeeded
Bram Aalbers (500166),Microsoft Active Directory,APP-CZ08-Portal (avo.local/Demo/Groups/APP-CZ08-Portal),Grant,02/18/2026 17:57:00,02/18/2026 17:57:01,BusinessRuleUpdate,Succeeded
Bram Aalbers (500166),Microsoft Active Directory,FS-CZ08-RO (avo.local/Demo/Groups/FS-CZ08-RO),Grant,06/08/2026 02:53:00,06/08/2026 02:53:25,ContractUpdate,Succeeded
Bram Aalbers (500166),Microsoft Active Directory,FS-CZ08-RW (avo.local/Demo/Groups/FS-CZ08-RW),Grant,03/27/2025 17:39:00,03/27/2025 17:39:24,ContractUpdate,Succeeded
Bram Aalbers (500166),Microsoft Active Directory,MBX-CZ08 (avo.local/Demo/Groups/MBX-CZ08),Grant,05/25/2025 15:54:00,05/25/2025 15:54:24,Import,Succeeded
Bram Aalbers (500166),Microsoft Active Directory,ROLE-Begeleider (avo.local/Demo/Groups/ROLE-Begeleider),Grant,05/29/2025 03:12:00,05/29/2025 03:12:46,BusinessRuleUpdate,Succeeded
Iris Terlouw (500167),Microsoft Active Directory,SEC-DiskEncryption (avo.local/Demo/Groups/SEC-DiskEncryption),Grant,12/16/2025 09:26:00,12/16/2025 09:26:31,PersonUpdate,Succeeded
Iris Terlouw (500167),Microsoft Active Directory,SEC-MFA-Enrolled (avo.local/Demo/Groups/SEC-MFA-Enrolled),Grant,10/30/2025 07:50:00,10/30/2025 07:51:18,PersonUpdate,Succeeded
Iris Terlouw (500167),Microsoft Active Directory,SEC-Endpoint-Protection (avo.local/Demo/Groups/SEC-Endpoint-Protection),Grant,11/03/2025 07:02:00,11/03/2025 07:02:45,ContractUpdate,Succeeded
Iris Terlouw (500167),Microsoft Active Directory,APP-Intranet (avo.local/Demo/Groups/APP-Intranet),Grant,11/30/2025 11:04:00,11/30/2025 11:04:05,PersonUpdate,Succeeded
Iris Terlouw (500167),Microsoft Active Directory,APP-Office365 (avo.local/Demo/Groups/APP-Office365),Grant,02/23/2026 20:30:00,02/23/2026 20:30:37,ContractUpdate,Succeeded
Iris Terlouw (500167),Microsoft Active Directory,FS-CA010-RO (avo.local/Demo/Groups/FS-CA010-RO),Grant,03/22/2025 22:44:00,03/22/2025 22:44:37,PersonUpdate,Succeeded
Iris Terlouw (500167),Microsoft Active Directory,TEAM-CA010 (avo.local/Demo/Groups/TEAM-CA010),Grant,10/24/2025 14:57:00,10/24/2025 14:57:56,Import,Succeeded
Iris Terlouw (500167),Microsoft Active Directory,MBX-CA010 (avo.local/Demo/Groups/MBX-CA010),Grant,05/17/2025 20:47:00,05/17/2025 20:47:50,PersonUpdate,Succeeded
Iris Terlouw (500167),Microsoft Active Directory,APP-Selfservice (avo.local/Demo/Groups/APP-Selfservice),Grant,06/07/2025 03:05:00,06/07/2025 03:05:26,ContractUpdate,Succeeded
Iris Terlouw (500167),Microsoft Active Directory,APP-Adobe-AcrobatPro (avo.local/Demo/Groups/APP-Adobe-AcrobatPro),Grant,06/22/2025 16:48:00,06/22/2025 16:49:26,PersonUpdate,Succeeded
Daan Aalbers (500168),Microsoft Active Directory,SEC-Antivirus (avo.local/Demo/Groups/SEC-Antivirus),Grant,04/06/2026 17:21:00,04/06/2026 17:21:34,Import,Succeeded
Daan Aalbers (500168),Microsoft Active Directory,SEC-MFA-Enrolled (avo.local/Demo/Groups/SEC-MFA-Enrolled),Grant,03/31/2025 14:08:00,03/31/2025 14:08:09,BusinessRuleUpdate,Succeeded
Daan Aalbers (500168),Microsoft Active Directory,SEC-Endpoint-Protection (avo.local/Demo/Groups/SEC-Endpoint-Protection),Grant,05/03/2025 23:05:00,05/03/2025 23:06:14,Import,Succeeded
Daan Aalbers (500168),Microsoft Active Directory,SEC-Endpoint-Protection (avo.local/Demo/Groups/SEC-Endpoint-Protection),Revoke,05/15/2025 23:05:00,05/15/2025 23:06:19,ContractUpdate,Succeeded
Daan Aalbers (500168),Microsoft Active Directory,SEC-Endpoint-Protection (avo.local/Demo/Groups/SEC-Endpoint-Protection),Grant,05/19/2025 23:05:00,05/19/2025 23:05:03,ContractUpdate,Succeeded
Daan Aalbers (500168),Microsoft Active Directory,APP-Intranet (avo.local/Demo/Groups/APP-Intranet),Grant,09/22/2025 02:05:00,09/22/2025 02:05:11,PersonUpdate,Succeeded
Daan Aalbers (500168),Microsoft Active Directory,APP-HRM02-Portal (avo.local/Demo/Groups/APP-HRM02-Portal),Grant,08/17/2025 19:41:00,08/17/2025 19:42:05,ContractUpdate,Succeeded
Daan Aalbers (500168),Microsoft Active Directory,FS-HRM02-RO (avo.local/Demo/Groups/FS-HRM02-RO),Grant,05/31/2026 10:17:00,05/31/2026 10:17:04,Import,Succeeded
Daan Aalbers (500168),Microsoft Active Directory,MBX-HRM02 (avo.local/Demo/Groups/MBX-HRM02),Grant,10/26/2025 05:31:00,10/26/2025 05:31:46,Import,Succeeded
Daan Aalbers (500168),Microsoft Active Directory,APP-Visio (avo.local/Demo/Groups/APP-Visio),Grant,07/29/2025 19:54:00,07/29/2025 19:54:33,BusinessRuleUpdate,Succeeded
Finn Muijs (500169),Microsoft Active Directory,SEC-Antivirus (avo.local/Demo/Groups/SEC-Antivirus),Grant,12/12/2025 00:41:00,12/12/2025 00:41:12,Import,Succeeded
Finn Muijs (500169),Microsoft Active Directory,SEC-DiskEncryption (avo.local/Demo/Groups/SEC-DiskEncryption),Grant,09/06/2025 05:06:00,09/06/2025 05:07:04,ContractUpdate,Succeeded
Finn Muijs (500169),Microsoft Active Directory,SEC-MFA-Enrolled (avo.local/Demo/Groups/SEC-MFA-Enrolled),Grant,10/16/2025 12:44:00,10/16/2025 12:45:22,BusinessRuleUpdate,Succeeded
Finn Muijs (500169),Microsoft Active Directory,APP-Intranet (avo.local/Demo/Groups/APP-Intranet),Grant,06/16/2025 07:27:00,06/16/2025 07:27:56,PersonUpdate,Succeeded
Finn Muijs (500169),Microsoft Active Directory,APP-Adobe-AcrobatPro (avo.local/Demo/Groups/APP-Adobe-AcrobatPro),Grant,03/25/2025 23:16:00,03/25/2025 23:17:06,ContractUpdate,Succeeded
Anne Berkhout (500170),Microsoft Active Directory,SEC-Antivirus (avo.local/Demo/Groups/SEC-Antivirus),Grant,04/11/2026 11:52:00,04/11/2026 11:52:53,Import,Succeeded
Anne Berkhout (500170),Microsoft Active Directory,SEC-DiskEncryption (avo.local/Demo/Groups/SEC-DiskEncryption),Grant,06/07/2025 21:33:00,06/07/2025 21:34:13,Import,Succeeded
Anne Berkhout (500170),Microsoft Active Directory,SEC-MFA-Enrolled (avo.local/Demo/Groups/SEC-MFA-Enrolled),Grant,01/01/2026 00:27:00,01/01/2026 00:27:34,ContractUpdate,Succeeded
Anne Berkhout (500170),Microsoft Active Directory,SEC-Endpoint-Protection (avo.local/Demo/Groups/SEC-Endpoint-Protection),Grant,06/07/2026 12:09:00,06/07/2026 12:10:07,PersonUpdate,Succeeded
Anne Berkhout (500170),Microsoft Active Directory,APP-Intranet (avo.local/Demo/Groups/APP-Intranet),Grant,06/21/2026 16:09:00,06/21/2026 16:09:07,PersonUpdate,Succeeded
Anne Berkhout (500170),Microsoft Active Directory,APP-Intranet (avo.local/Demo/Groups/APP-Intranet),Revoke,07/30/2026 16:09:00,07/30/2026 16:10:08,ContractUpdate,Succeeded
Anne Berkhout (500170),Microsoft Active Directory,APP-Intranet (avo.local/Demo/Groups/APP-Intranet),Grant,08/03/2026 23:00:00,08/03/2026 23:00:34,ContractUpdate,Succeeded
Anne Berkhout (500170),Microsoft Active Directory,APP-Copilot (avo.local/Demo/Groups/APP-Copilot),Grant,03/30/2025 08:48:00,03/30/2025 08:48:08,BusinessRuleUpdate,Succeeded
Olivier Pronk (500171),Microsoft Active Directory,SEC-Antivirus (avo.local/Demo/Groups/SEC-Antivirus),Grant,05/11/2025 11:31:00,05/11/2025 11:31:14,Import,Succeeded
Olivier Pronk (500171),Microsoft Active Directory,SEC-DiskEncryption (avo.local/Demo/Groups/SEC-DiskEncryption),Grant,06/16/2026 01:22:00,06/16/2026 01:22:30,ContractUpdate,Succeeded
Olivier Pronk (500171),Microsoft Active Directory,SEC-Endpoint-Protection (avo.local/Demo/Groups/SEC-Endpoint-Protection),Grant,10/28/2025 15:45:00,10/28/2025 15:45:49,BusinessRuleUpdate,Succeeded
Olivier Pronk (500171),Microsoft Active Directory,APP-Intranet (avo.local/Demo/Groups/APP-Intranet),Grant,06/08/2026 01:53:00,06/08/2026 01:53:35,BusinessRuleUpdate,Succeeded
Olivier Pronk (500171),Microsoft Active Directory,APP-Office365 (avo.local/Demo/Groups/APP-Office365),Grant,03/17/2026 18:05:00,03/17/2026 18:06:30,PersonUpdate,Succeeded
Olivier Pronk (500171),Microsoft Active Directory,APP-CB12-Portal (avo.local/Demo/Groups/APP-CB12-Portal),Grant,03/23/2025 21:57:00,03/23/2025 21:58:13,ContractUpdate,Succeeded
Olivier Pronk (500171),Microsoft Active Directory,FS-CB12-RO (avo.local/Demo/Groups/FS-CB12-RO),Grant,11/19/2025 03:44:00,11/19/2025 03:44:50,ContractUpdate,Succeeded
Olivier Pronk (500171),Microsoft Active Directory,MBX-CB12 (avo.local/Demo/Groups/MBX-CB12),Grant,11/09/2025 19:41:00,11/09/2025 19:41:18,PersonUpdate,Succeeded
Xander Coenen (500172),Microsoft Active Directory,SEC-Antivirus (avo.local/Demo/Groups/SEC-Antivirus),Grant,05/19/2026 21:18:00,05/19/2026 21:18:08,Import,Succeeded
Xander Coenen (500172),Microsoft Active Directory,SEC-DiskEncryption (avo.local/Demo/Groups/SEC-DiskEncryption),Grant,01/01/2026 15:30:00,01/01/2026 15:30:44,Import,Succeeded
Xander Coenen (500172),Microsoft Active Directory,APP-Intranet (avo.local/Demo/Groups/APP-Intranet),Grant,02/06/2026 03:37:00,02/06/2026 03:37:11,BusinessRuleUpdate,Succeeded
Xander Coenen (500172),Microsoft Active Directory,APP-Office365 (avo.local/Demo/Groups/APP-Office365),Grant,09/02/2025 18:04:00,09/02/2025 18:04:23,BusinessRuleUpdate,Succeeded
Xander Coenen (500172),Microsoft Active Directory,APP-HRM02-Portal (avo.local/Demo/Groups/APP-HRM02-Portal),Grant,03/09/2026 19:37:00,03/09/2026 19:37:36,ContractUpdate,Succeeded
Xander Coenen (500172),Microsoft Active Directory,FS-HRM02-RO (avo.local/Demo/Groups/FS-HRM02-RO),Grant,03/21/2025 22:34:00,03/21/2025 22:35:17,ContractUpdate,Succeeded
Xander Coenen (500172),Microsoft Active Directory,FS-HRM02-RW (avo.local/Demo/Groups/FS-HRM02-RW),Grant,09/14/2025 01:23:00,09/14/2025 01:23:28,BusinessRuleUpdate,Succeeded
Xander Coenen (500172),Microsoft Active Directory,TEAM-HRM02 (avo.local/Demo/Groups/TEAM-HRM02),Grant,04/29/2025 08:37:00,04/29/2025 08:37:19,Import,Succeeded
Xander Coenen (500172),Microsoft Active Directory,TEAM-HRM02 (avo.local/Demo/Groups/TEAM-HRM02),Revoke,05/15/2025 08:37:00,05/15/2025 08:37:15,ContractUpdate,Succeeded
Xander Coenen (500172),Microsoft Active Directory,TEAM-HRM02 (avo.local/Demo/Groups/TEAM-HRM02),Grant,05/31/2025 08:37:00,05/31/2025 08:37:23,ContractUpdate,Succeeded
Xander Coenen (500172),Microsoft Active Directory,MBX-HRM02 (avo.local/Demo/Groups/MBX-HRM02),Grant,03/06/2026 16:16:00,03/06/2026 16:17:08,BusinessRuleUpdate,Succeeded
Xander Coenen (500172),Microsoft Active Directory,FS-Begeleider-DATA (avo.local/Demo/Groups/FS-Begeleider-DATA),Grant,05/12/2026 06:58:00,05/12/2026 06:58:01,ContractUpdate,Succeeded
Yara Gerritsen (500173),Microsoft Active Directory,SEC-Antivirus (avo.local/Demo/Groups/SEC-Antivirus),Grant,06/11/2026 09:32:00,06/11/2026 09:33:00,ContractUpdate,Succeeded
Yara Gerritsen (500173),Microsoft Active Directory,APP-Intranet (avo.local/Demo/Groups/APP-Intranet),Grant,05/16/2025 10:38:00,05/16/2025 10:38:01,PersonUpdate,Succeeded
Yara Gerritsen (500173),Microsoft Active Directory,APP-CA060-Portal (avo.local/Demo/Groups/APP-CA060-Portal),Grant,06/27/2025 10:25:00,06/27/2025 10:26:19,ContractUpdate,Succeeded
Yara Gerritsen (500173),Microsoft Active Directory,FS-CA060-RO (avo.local/Demo/Groups/FS-CA060-RO),Grant,05/09/2025 06:46:00,05/09/2025 06:46:19,ContractUpdate,Succeeded
Gijs Lindeboom (500174),Microsoft Active Directory,SEC-Antivirus (avo.local/Demo/Groups/SEC-Antivirus),Grant,05/13/2025 12:20:00,05/13/2025 12:20:52,ContractUpdate,Succeeded
Gijs Lindeboom (500174),Microsoft Active Directory,SEC-DiskEncryption (avo.local/Demo/Groups/SEC-DiskEncryption),Grant,03/25/2025 02:33:00,03/25/2025 02:34:16,PersonUpdate,Succeeded
Gijs Lindeboom (500174),Microsoft Active Directory,SEC-MFA-Enrolled (avo.local/Demo/Groups/SEC-MFA-Enrolled),Grant,06/30/2025 10:51:00,06/30/2025 10:52:16,PersonUpdate,Succeeded
Gijs Lindeboom (500174),Microsoft Active Directory,SEC-Endpoint-Protection (avo.local/Demo/Groups/SEC-Endpoint-Protection),Grant,12/30/2025 10:17:00,12/30/2025 10:17:19,Import,Succeeded
Gijs Lindeboom (500174),Microsoft Active Directory,APP-Intranet (avo.local/Demo/Groups/APP-Intranet),Grant,03/08/2026 20:38:00,03/08/2026 20:39:18,BusinessRuleUpdate,Succeeded
Gijs Lindeboom (500174),Microsoft Active Directory,APP-Office365 (avo.local/Demo/Groups/APP-Office365),Grant,09/06/2025 16:45:00,09/06/2025 16:45:21,PersonUpdate,Succeeded
Mila Elzinga (500175),Microsoft Active Directory,SEC-MFA-Enrolled (avo.local/Demo/Groups/SEC-MFA-Enrolled),Grant,04/22/2025 03:02:00,04/22/2025 03:03:24,BusinessRuleUpdate,Succeeded
Mila Elzinga (500175),Microsoft Active Directory,SEC-Endpoint-Protection (avo.local/Demo/Groups/SEC-Endpoint-Protection),Grant,09/11/2025 23:06:00,09/11/2025 23:06:35,ContractUpdate,Succeeded
Mila Elzinga (500175),Microsoft Active Directory,APP-Office365 (avo.local/Demo/Groups/APP-Office365),Grant,01/07/2026 20:56:00,01/07/2026 20:57:22,Import,Succeeded
Mila Elzinga (500175),Microsoft Active Directory,FS-ICT03-RO (avo.local/Demo/Groups/FS-ICT03-RO),Grant,05/03/2025 22:22:00,05/03/2025 22:22:48,PersonUpdate,Succeeded
Mila Elzinga (500175),Microsoft Active Directory,FS-ICT03-RW (avo.local/Demo/Groups/FS-ICT03-RW),Grant,10/11/2025 14:53:00,10/11/2025 14:53:30,PersonUpdate,Succeeded
Mila Elzinga (500175),Microsoft Active Directory,TEAM-ICT03 (avo.local/Demo/Groups/TEAM-ICT03),Grant,10/25/2025 07:33:00,10/25/2025 07:33:26,PersonUpdate,Succeeded
Mila Elzinga (500175),Microsoft Active Directory,APP-Adobe-AcrobatPro (avo.local/Demo/Groups/APP-Adobe-AcrobatPro),Grant,02/12/2026 20:46:00,02/12/2026 20:46:25,Import,Succeeded
Daan Wielenga (500176),Microsoft Active Directory,SEC-DiskEncryption (avo.local/Demo/Groups/SEC-DiskEncryption),Grant,07/01/2026 03:08:00,07/01/2026 03:08:02,BusinessRuleUpdate,Succeeded
Daan Wielenga (500176),Microsoft Active Directory,SEC-MFA-Enrolled (avo.local/Demo/Groups/SEC-MFA-Enrolled),Grant,03/14/2026 02:44:00,03/14/2026 02:45:24,ContractUpdate,Succeeded
Daan Wielenga (500176),Microsoft Active Directory,SEC-Endpoint-Protection (avo.local/Demo/Groups/SEC-Endpoint-Protection),Grant,09/03/2025 11:17:00,09/03/2025 11:17:09,PersonUpdate,Succeeded
Finn Dijkgraaf (500177),Microsoft Active Directory,SEC-DiskEncryption (avo.local/Demo/Groups/SEC-DiskEncryption),Grant,01/21/2026 17:09:00,01/21/2026 17:09:28,BusinessRuleUpdate,Succeeded
Finn Dijkgraaf (500177),Microsoft Active Directory,SEC-Endpoint-Protection (avo.local/Demo/Groups/SEC-Endpoint-Protection),Grant,12/30/2025 07:52:00,12/30/2025 07:53:06,PersonUpdate,Succeeded
Finn Dijkgraaf (500177),Microsoft Active Directory,APP-Intranet (avo.local/Demo/Groups/APP-Intranet),Grant,03/12/2026 07:24:00,03/12/2026 07:24:50,Import,Succeeded
Finn Dijkgraaf (500177),Microsoft Active Directory,APP-Office365 (avo.local/Demo/Groups/APP-Office365),Grant,02/22/2026 16:46:00,02/22/2026 16:47:14,ContractUpdate,Succeeded
Finn Dijkgraaf (500177),Microsoft Active Directory,FS-CB12-RW (avo.local/Demo/Groups/FS-CB12-RW),Grant,10/31/2025 09:12:00,10/31/2025 09:12:21,ContractUpdate,Succeeded
Finn Dijkgraaf (500177),Microsoft Active Directory,APP-Selfservice (avo.local/Demo/Groups/APP-Selfservice),Grant,09/29/2025 03:28:00,09/29/2025 03:28:55,PersonUpdate,Succeeded
Noa Hoekstra (500178),Microsoft Active Directory,SEC-DiskEncryption (avo.local/Demo/Groups/SEC-DiskEncryption),Grant,04/09/2026 05:32:00,04/09/2026 05:33:11,ContractUpdate,Succeeded
Noa Hoekstra (500178),Microsoft Active Directory,SEC-DiskEncryption (avo.local/Demo/Groups/SEC-DiskEncryption),Revoke,05/26/2026 05:32:00,05/26/2026 05:32:22,ContractUpdate,Succeeded
Noa Hoekstra (500178),Microsoft Active Directory,SEC-DiskEncryption (avo.local/Demo/Groups/SEC-DiskEncryption),Grant,06/01/2026 05:32:00,06/01/2026 05:33:17,ContractUpdate,Succeeded
Noa Hoekstra (500178),Microsoft Active Directory,SEC-Endpoint-Protection (avo.local/Demo/Groups/SEC-Endpoint-Protection),Grant,09/23/2025 23:41:00,09/23/2025 23:41:20,Import,Succeeded
Noa Hoekstra (500178),Microsoft Active Directory,APP-Office365 (avo.local/Demo/Groups/APP-Office365),Grant,12/16/2025 15:03:00,12/16/2025 15:03:03,ContractUpdate,Succeeded
Noa Hoekstra (500178),Microsoft Active Directory,FS-HRM02-RW (avo.local/Demo/Groups/FS-HRM02-RW),Grant,09/29/2025 19:36:00,09/29/2025 19:36:55,PersonUpdate,Succeeded
Noa Hoekstra (500178),Microsoft Active Directory,TEAM-HRM02 (avo.local/Demo/Groups/TEAM-HRM02),Grant,02/12/2026 10:46:00,02/12/2026 10:46:39,ContractUpdate,Succeeded
Noa Jonker (500179),Microsoft Active Directory,SEC-Antivirus (avo.local/Demo/Groups/SEC-Antivirus),Grant,10/03/2025 14:15:00,10/03/2025 14:16:12,PersonUpdate,Succeeded
Noa Jonker (500179),Microsoft Active Directory,SEC-MFA-Enrolled (avo.local/Demo/Groups/SEC-MFA-Enrolled),Grant,06/25/2026 06:26:00,06/25/2026 06:27:11,BusinessRuleUpdate,Succeeded
Noa Jonker (500179),Microsoft Active Directory,APP-Intranet (avo.local/Demo/Groups/APP-Intranet),Grant,05/08/2026 10:51:00,05/08/2026 10:51:46,BusinessRuleUpdate,Succeeded
Noa Jonker (500179),Microsoft Active Directory,APP-Office365 (avo.local/Demo/Groups/APP-Office365),Grant,04/07/2025 00:44:00,04/07/2025 00:45:03,BusinessRuleUpdate,Succeeded
Lars Slootweg (500180),Microsoft Active Directory,SEC-DiskEncryption (avo.local/Demo/Groups/SEC-DiskEncryption),Grant,01/14/2026 06:55:00,01/14/2026 06:56:23,Import,Succeeded
Lars Slootweg (500180),Microsoft Active Directory,SEC-MFA-Enrolled (avo.local/Demo/Groups/SEC-MFA-Enrolled),Grant,07/26/2025 13:08:00,07/26/2025 13:08:01,PersonUpdate,Succeeded
Lars Slootweg (500180),Microsoft Active Directory,SEC-Endpoint-Protection (avo.local/Demo/Groups/SEC-Endpoint-Protection),Grant,06/15/2025 00:45:00,06/15/2025 00:45:50,BusinessRuleUpdate,Succeeded
Lars Slootweg (500180),Microsoft Active Directory,SEC-Endpoint-Protection (avo.local/Demo/Groups/SEC-Endpoint-Protection),Revoke,07/28/2025 00:45:00,07/28/2025 00:45:06,ContractUpdate,Succeeded
Lars Slootweg (500180),Microsoft Active Directory,SEC-Endpoint-Protection (avo.local/Demo/Groups/SEC-Endpoint-Protection),Grant,08/01/2025 00:45:00,08/01/2025 00:46:18,ContractUpdate,Succeeded
Lars Slootweg (500180),Microsoft Active Directory,APP-Intranet (avo.local/Demo/Groups/APP-Intranet),Grant,07/16/2026 21:39:00,07/16/2026 21:39:52,ContractUpdate,Succeeded
Lars Slootweg (500180),Microsoft Active Directory,APP-Office365 (avo.local/Demo/Groups/APP-Office365),Grant,06/30/2026 08:07:00,06/30/2026 08:07:56,BusinessRuleUpdate,Succeeded
Lars Slootweg (500180),Microsoft Active Directory,ROLE-Verpleegkundige (avo.local/Demo/Groups/ROLE-Verpleegkundige),Grant,07/16/2026 08:46:00,07/16/2026 08:46:37,BusinessRuleUpdate,Succeeded
Lars Slootweg (500180),Microsoft Active Directory,APP-Visio (avo.local/Demo/Groups/APP-Visio),Grant,07/03/2026 11:17:00,07/03/2026 11:17:47,PersonUpdate,Succeeded
Lars Berkhout (500181),Microsoft Active Directory,SEC-Antivirus (avo.local/Demo/Groups/SEC-Antivirus),Grant,06/07/2026 15:38:00,06/07/2026 15:38:17,PersonUpdate,Succeeded
Lars Berkhout (500181),Microsoft Active Directory,SEC-DiskEncryption (avo.local/Demo/Groups/SEC-DiskEncryption),Grant,02/09/2026 22:19:00,02/09/2026 22:19:25,ContractUpdate,Succeeded
Lars Berkhout (500181),Microsoft Active Directory,SEC-MFA-Enrolled (avo.local/Demo/Groups/SEC-MFA-Enrolled),Grant,10/03/2025 18:43:00,10/03/2025 18:43:24,BusinessRuleUpdate,Succeeded
Lars Berkhout (500181),Microsoft Active Directory,SEC-Endpoint-Protection (avo.local/Demo/Groups/SEC-Endpoint-Protection),Grant,05/03/2025 21:55:00,05/03/2025 21:56:12,BusinessRuleUpdate,Succeeded
Lars Berkhout (500181),Microsoft Active Directory,APP-Intranet (avo.local/Demo/Groups/APP-Intranet),Grant,07/10/2026 09:48:00,07/10/2026 09:48:15,ContractUpdate,Succeeded
Lars Berkhout (500181),Microsoft Active Directory,APP-CB12-Portal (avo.local/Demo/Groups/APP-CB12-Portal),Grant,05/19/2025 08:21:00,05/19/2025 08:21:10,BusinessRuleUpdate,Succeeded
Lars Berkhout (500181),Microsoft Active Directory,FS-CB12-RO (avo.local/Demo/Groups/FS-CB12-RO),Grant,05/18/2025 14:09:00,05/18/2025 14:09:14,Import,Succeeded
Lars Berkhout (500181),Microsoft Active Directory,FS-CB12-RW (avo.local/Demo/Groups/FS-CB12-RW),Grant,05/13/2026 05:44:00,05/13/2026 05:44:11,BusinessRuleUpdate,Succeeded
Lars Berkhout (500181),Microsoft Active Directory,TEAM-CB12 (avo.local/Demo/Groups/TEAM-CB12),Grant,07/01/2025 00:44:00,07/01/2025 00:44:29,ContractUpdate,Succeeded
Lars Berkhout (500181),Microsoft Active Directory,MBX-CB12 (avo.local/Demo/Groups/MBX-CB12),Grant,07/16/2026 15:34:00,07/16/2026 15:35:20,Import,Succeeded
Lars Berkhout (500181),Microsoft Active Directory,APP-Selfservice (avo.local/Demo/Groups/APP-Selfservice),Grant,10/24/2025 12:44:00,10/24/2025 12:45:02,PersonUpdate,Succeeded
Hanna Slootweg (500182),Microsoft Active Directory,SEC-Antivirus (avo.local/Demo/Groups/SEC-Antivirus),Grant,04/01/2025 23:03:00,04/01/2025 23:04:14,Import,Succeeded
Hanna Slootweg (500182),Microsoft Active Directory,SEC-Endpoint-Protection (avo.local/Demo/Groups/SEC-Endpoint-Protection),Grant,04/17/2025 09:43:00,04/17/2025 09:44:05,BusinessRuleUpdate,Succeeded
Hanna Slootweg (500182),Microsoft Active Directory,APP-Intranet (avo.local/Demo/Groups/APP-Intranet),Grant,05/28/2025 05:55:00,05/28/2025 05:56:14,PersonUpdate,Succeeded
Hanna Slootweg (500182),Microsoft Active Directory,APP-Office365 (avo.local/Demo/Groups/APP-Office365),Grant,10/16/2025 21:08:00,10/16/2025 21:08:36,ContractUpdate,Succeeded
Tess Oosterhuis (500183),Microsoft Active Directory,SEC-Antivirus (avo.local/Demo/Groups/SEC-Antivirus),Grant,01/05/2026 04:50:00,01/05/2026 04:50:01,ContractUpdate,Succeeded
Tess Oosterhuis (500183),Microsoft Active Directory,SEC-DiskEncryption (avo.local/Demo/Groups/SEC-DiskEncryption),Grant,02/22/2026 06:52:00,02/22/2026 06:52:31,ContractUpdate,Succeeded
Tess Oosterhuis (500183),Microsoft Active Directory,SEC-MFA-Enrolled (avo.local/Demo/Groups/SEC-MFA-Enrolled),Grant,07/10/2025 03:32:00,07/10/2025 03:32:26,BusinessRuleUpdate,Succeeded
Tess Oosterhuis (500183),Microsoft Active Directory,APP-Intranet (avo.local/Demo/Groups/APP-Intranet),Grant,12/08/2025 04:03:00,12/08/2025 04:04:01,ContractUpdate,Succeeded
Vera Kalisvaart (500184),Microsoft Active Directory,SEC-Antivirus (avo.local/Demo/Groups/SEC-Antivirus),Grant,02/17/2026 06:52:00,02/17/2026 06:52:50,PersonUpdate,Succeeded
Vera Kalisvaart (500184),Microsoft Active Directory,SEC-DiskEncryption (avo.local/Demo/Groups/SEC-DiskEncryption),Grant,04/27/2026 11:01:00,04/27/2026 11:02:13,PersonUpdate,Succeeded
Vera Kalisvaart (500184),Microsoft Active Directory,SEC-MFA-Enrolled (avo.local/Demo/Groups/SEC-MFA-Enrolled),Grant,03/07/2026 00:43:00,03/07/2026 00:44:25,Import,Succeeded
Vera Kalisvaart (500184),Microsoft Active Directory,SEC-Endpoint-Protection (avo.local/Demo/Groups/SEC-Endpoint-Protection),Grant,07/27/2026 03:21:00,07/27/2026 03:21:04,BusinessRuleUpdate,Succeeded
Vera Kalisvaart (500184),Microsoft Active Directory,APP-Intranet (avo.local/Demo/Groups/APP-Intranet),Grant,06/18/2025 10:22:00,06/18/2025 10:22:34,ContractUpdate,Succeeded
Vera Kalisvaart (500184),Microsoft Active Directory,APP-HRM02-Portal (avo.local/Demo/Groups/APP-HRM02-Portal),Grant,01/01/2026 06:40:00,01/01/2026 06:41:23,BusinessRuleUpdate,Succeeded
Vera Kalisvaart (500184),Microsoft Active Directory,FS-HRM02-RO (avo.local/Demo/Groups/FS-HRM02-RO),Grant,09/26/2025 21:17:00,09/26/2025 21:17:27,Import,Succeeded
Roos Muijs (500185),Microsoft Active Directory,SEC-MFA-Enrolled (avo.local/Demo/Groups/SEC-MFA-Enrolled),Grant,12/04/2025 10:31:00,12/04/2025 10:32:03,Import,Succeeded
Roos Muijs (500185),Microsoft Active Directory,APP-Adobe-AcrobatPro (avo.local/Demo/Groups/APP-Adobe-AcrobatPro),Grant,01/23/2026 15:43:00,01/23/2026 15:43:40,Import,Succeeded
Noa Zomerdijk (500186),Microsoft Active Directory,SEC-Antivirus (avo.local/Demo/Groups/SEC-Antivirus),Grant,03/30/2026 14:24:00,03/30/2026 14:24:42,PersonUpdate,Succeeded
Noa Zomerdijk (500186),Microsoft Active Directory,SEC-DiskEncryption (avo.local/Demo/Groups/SEC-DiskEncryption),Grant,06/20/2026 22:43:00,06/20/2026 22:43:55,ContractUpdate,Succeeded
Noa Zomerdijk (500186),Microsoft Active Directory,SEC-MFA-Enrolled (avo.local/Demo/Groups/SEC-MFA-Enrolled),Grant,10/29/2025 15:24:00,10/29/2025 15:24:51,PersonUpdate,Succeeded
Noa Zomerdijk (500186),Microsoft Active Directory,SEC-Endpoint-Protection (avo.local/Demo/Groups/SEC-Endpoint-Protection),Grant,02/03/2026 02:15:00,02/03/2026 02:15:51,Import,Succeeded
Noa Zomerdijk (500186),Microsoft Active Directory,APP-Intranet (avo.local/Demo/Groups/APP-Intranet),Grant,03/12/2026 07:29:00,03/12/2026 07:29:41,ContractUpdate,Succeeded
Noa Zomerdijk (500186),Microsoft Active Directory,APP-Office365 (avo.local/Demo/Groups/APP-Office365),Grant,02/15/2026 07:56:00,02/15/2026 07:56:51,Import,Succeeded
Noa Zomerdijk (500186),Microsoft Active Directory,APP-Office365 (avo.local/Demo/Groups/APP-Office365),Revoke,02/26/2026 07:56:00,02/26/2026 07:57:11,ContractUpdate,Succeeded
Noa Zomerdijk (500186),Microsoft Active Directory,APP-Office365 (avo.local/Demo/Groups/APP-Office365),Grant,03/14/2026 07:56:00,03/14/2026 07:56:27,ContractUpdate,Succeeded
Quinten Wielenga (500187),Microsoft Active Directory,SEC-Antivirus (avo.local/Demo/Groups/SEC-Antivirus),Grant,05/04/2025 20:02:00,05/04/2025 20:03:13,Import,Succeeded
Quinten Wielenga (500187),Microsoft Active Directory,SEC-DiskEncryption (avo.local/Demo/Groups/SEC-DiskEncryption),Grant,03/28/2026 02:39:00,03/28/2026 02:40:09,PersonUpdate,Succeeded
Quinten Wielenga (500187),Microsoft Active Directory,SEC-Endpoint-Protection (avo.local/Demo/Groups/SEC-Endpoint-Protection),Grant,06/14/2026 08:10:00,06/14/2026 08:10:04,BusinessRuleUpdate,Succeeded
Quinten Wielenga (500187),Microsoft Active Directory,APP-Intranet (avo.local/Demo/Groups/APP-Intranet),Grant,11/24/2025 01:24:00,11/24/2025 01:25:18,BusinessRuleUpdate,Succeeded
Quinten Wielenga (500187),Microsoft Active Directory,APP-Intranet (avo.local/Demo/Groups/APP-Intranet),Revoke,01/01/2026 01:24:00,01/01/2026 01:24:19,ContractUpdate,Succeeded
Quinten Wielenga (500187),Microsoft Active Directory,APP-Intranet (avo.local/Demo/Groups/APP-Intranet),Grant,01/21/2026 01:24:00,01/21/2026 01:24:48,ContractUpdate,Succeeded
Quinten Wielenga (500187),Microsoft Active Directory,APP-Office365 (avo.local/Demo/Groups/APP-Office365),Grant,03/26/2026 21:07:00,03/26/2026 21:07:15,PersonUpdate,Succeeded
Lars Muijs (500188),Microsoft Active Directory,SEC-Endpoint-Protection (avo.local/Demo/Groups/SEC-Endpoint-Protection),Grant,04/23/2026 10:52:00,04/23/2026 10:52:32,BusinessRuleUpdate,Succeeded
Lars Muijs (500188),Microsoft Active Directory,APP-Intranet (avo.local/Demo/Groups/APP-Intranet),Grant,05/11/2025 10:46:00,05/11/2025 10:47:26,ContractUpdate,Succeeded
Lars Muijs (500188),Microsoft Active Directory,APP-Intranet (avo.local/Demo/Groups/APP-Intranet),Revoke,07/07/2025 10:46:00,07/07/2025 10:46:43,ContractUpdate,Succeeded
Lars Muijs (500188),Microsoft Active Directory,APP-Intranet (avo.local/Demo/Groups/APP-Intranet),Grant,07/24/2025 10:46:00,07/24/2025 10:47:29,ContractUpdate,Succeeded
Lars Muijs (500188),Microsoft Active Directory,APP-Office365 (avo.local/Demo/Groups/APP-Office365),Grant,12/23/2025 10:12:00,12/23/2025 10:12:22,BusinessRuleUpdate,Succeeded
Ursula Elzinga (500189),Microsoft Active Directory,SEC-DiskEncryption (avo.local/Demo/Groups/SEC-DiskEncryption),Grant,07/06/2026 06:31:00,07/06/2026 06:32:09,BusinessRuleUpdate,Succeeded
Ursula Elzinga (500189),Microsoft Active Directory,APP-Office365 (avo.local/Demo/Groups/APP-Office365),Grant,08/18/2025 12:17:00,08/18/2025 12:17:10,PersonUpdate,Succeeded
Ursula Elzinga (500189),Microsoft Active Directory,FS-CB12-RO (avo.local/Demo/Groups/FS-CB12-RO),Grant,08/04/2025 11:42:00,08/04/2025 11:42:31,BusinessRuleUpdate,Succeeded
Ursula Elzinga (500189),Microsoft Active Directory,FS-CB12-RW (avo.local/Demo/Groups/FS-CB12-RW),Grant,02/17/2026 04:40:00,02/17/2026 04:40:41,Import,Succeeded
Hanna Oosterhuis (500190),Microsoft Active Directory,SEC-DiskEncryption (avo.local/Demo/Groups/SEC-DiskEncryption),Grant,10/20/2025 02:30:00,10/20/2025 02:30:08,PersonUpdate,Succeeded
Hanna Oosterhuis (500190),Microsoft Active Directory,SEC-MFA-Enrolled (avo.local/Demo/Groups/SEC-MFA-Enrolled),Grant,04/23/2025 19:10:00,04/23/2025 19:11:08,BusinessRuleUpdate,Succeeded
Hanna Oosterhuis (500190),Microsoft Active Directory,SEC-Endpoint-Protection (avo.local/Demo/Groups/SEC-Endpoint-Protection),Grant,05/06/2025 07:13:00,05/06/2025 07:13:37,PersonUpdate,Succeeded
Hanna Oosterhuis (500190),Microsoft Active Directory,APP-Intranet (avo.local/Demo/Groups/APP-Intranet),Grant,07/12/2026 05:52:00,07/12/2026 05:52:14,BusinessRuleUpdate,Succeeded
Anne Muijs (500191),Microsoft Active Directory,SEC-Antivirus (avo.local/Demo/Groups/SEC-Antivirus),Grant,06/30/2025 07:23:00,06/30/2025 07:24:00,ContractUpdate,Succeeded
Anne Muijs (500191),Microsoft Active Directory,SEC-DiskEncryption (avo.local/Demo/Groups/SEC-DiskEncryption),Grant,10/11/2025 18:20:00,10/11/2025 18:21:00,ContractUpdate,Succeeded
Anne Muijs (500191),Microsoft Active Directory,SEC-MFA-Enrolled (avo.local/Demo/Groups/SEC-MFA-Enrolled),Grant,03/17/2026 23:21:00,03/17/2026 23:21:13,ContractUpdate,Succeeded
Anne Muijs (500191),Microsoft Active Directory,SEC-Endpoint-Protection (avo.local/Demo/Groups/SEC-Endpoint-Protection),Grant,04/25/2026 02:03:00,04/25/2026 02:04:10,BusinessRuleUpdate,Succeeded
Anne Muijs (500191),Microsoft Active Directory,APP-Intranet (avo.local/Demo/Groups/APP-Intranet),Grant,04/13/2026 16:28:00,04/13/2026 16:28:16,BusinessRuleUpdate,Succeeded
Anne Muijs (500191),Microsoft Active Directory,APP-Office365 (avo.local/Demo/Groups/APP-Office365),Grant,02/28/2026 05:25:00,02/28/2026 05:25:50,PersonUpdate,Succeeded
Anne Muijs (500191),Microsoft Active Directory,FS-FIN01-RW (avo.local/Demo/Groups/FS-FIN01-RW),Grant,05/05/2025 10:49:00,05/05/2025 10:50:04,ContractUpdate,Succeeded
Anne Muijs (500191),Microsoft Active Directory,TEAM-FIN01 (avo.local/Demo/Groups/TEAM-FIN01),Grant,09/30/2025 13:48:00,09/30/2025 13:48:39,Import,Succeeded
Anne Muijs (500191),Microsoft Active Directory,MBX-FIN01 (avo.local/Demo/Groups/MBX-FIN01),Grant,11/20/2025 16:25:00,11/20/2025 16:25:31,ContractUpdate,Succeeded
Finn Berkhout (500192),Microsoft Active Directory,SEC-DiskEncryption (avo.local/Demo/Groups/SEC-DiskEncryption),Grant,03/12/2026 17:11:00,03/12/2026 17:12:27,PersonUpdate,Succeeded
Finn Berkhout (500192),Microsoft Active Directory,SEC-MFA-Enrolled (avo.local/Demo/Groups/SEC-MFA-Enrolled),Grant,08/20/2025 07:34:00,08/20/2025 07:35:13,ContractUpdate,Succeeded
Finn Berkhout (500192),Microsoft Active Directory,APP-Intranet (avo.local/Demo/Groups/APP-Intranet),Grant,10/28/2025 14:46:00,10/28/2025 14:46:13,Import,Succeeded
Finn Berkhout (500192),Microsoft Active Directory,APP-Office365 (avo.local/Demo/Groups/APP-Office365),Grant,12/11/2025 03:04:00,12/11/2025 03:05:05,PersonUpdate,Succeeded
Sem Vroegindeweij (500193),Microsoft Active Directory,SEC-Antivirus (avo.local/Demo/Groups/SEC-Antivirus),Grant,02/22/2026 12:51:00,02/22/2026 12:51:35,PersonUpdate,Succeeded
Sem Vroegindeweij (500193),Microsoft Active Directory,SEC-MFA-Enrolled (avo.local/Demo/Groups/SEC-MFA-Enrolled),Grant,07/29/2026 12:18:00,07/29/2026 12:18:13,ContractUpdate,Succeeded
Sem Vroegindeweij (500193),Microsoft Active Directory,FS-ICT03-RO (avo.local/Demo/Groups/FS-ICT03-RO),Grant,04/24/2026 20:07:00,04/24/2026 20:07:51,PersonUpdate,Succeeded
Sem Vroegindeweij (500193),Microsoft Active Directory,FS-ICT03-RW (avo.local/Demo/Groups/FS-ICT03-RW),Grant,06/04/2025 00:52:00,06/04/2025 00:53:26,BusinessRuleUpdate,Succeeded
Sem Vroegindeweij (500193),Microsoft Active Directory,TEAM-ICT03 (avo.local/Demo/Groups/TEAM-ICT03),Grant,11/15/2025 23:03:00,11/15/2025 23:04:16,Import,Succeeded
Sem Vroegindeweij (500193),Microsoft Active Directory,MBX-ICT03 (avo.local/Demo/Groups/MBX-ICT03),Grant,10/01/2025 06:59:00,10/01/2025 06:59:23,Import,Succeeded
Finn Dijkgraaf (500194),Microsoft Active Directory,SEC-Antivirus (avo.local/Demo/Groups/SEC-Antivirus),Grant,07/07/2025 23:15:00,07/07/2025 23:16:18,Import,Succeeded
Finn Dijkgraaf (500194),Microsoft Active Directory,SEC-DiskEncryption (avo.local/Demo/Groups/SEC-DiskEncryption),Grant,02/12/2026 06:51:00,02/12/2026 06:52:01,PersonUpdate,Succeeded
Finn Dijkgraaf (500194),Microsoft Active Directory,SEC-MFA-Enrolled (avo.local/Demo/Groups/SEC-MFA-Enrolled),Grant,04/09/2025 09:45:00,04/09/2025 09:46:06,ContractUpdate,Succeeded
Finn Dijkgraaf (500194),Microsoft Active Directory,SEC-Endpoint-Protection (avo.local/Demo/Groups/SEC-Endpoint-Protection),Grant,11/01/2025 15:38:00,11/01/2025 15:38:34,ContractUpdate,Succeeded
Finn Dijkgraaf (500194),Microsoft Active Directory,APP-Intranet (avo.local/Demo/Groups/APP-Intranet),Grant,01/30/2026 06:37:00,01/30/2026 06:38:27,Import,Succeeded
Finn Dijkgraaf (500194),Microsoft Active Directory,APP-Office365 (avo.local/Demo/Groups/APP-Office365),Grant,09/02/2025 10:03:00,09/02/2025 10:03:13,ContractUpdate,Succeeded
Finn Dijkgraaf (500194),Microsoft Active Directory,APP-CB12-Portal (avo.local/Demo/Groups/APP-CB12-Portal),Grant,06/17/2026 10:46:00,06/17/2026 10:46:27,PersonUpdate,Succeeded
Finn Dijkgraaf (500194),Microsoft Active Directory,FS-CB12-RO (avo.local/Demo/Groups/FS-CB12-RO),Grant,07/20/2025 21:39:00,07/20/2025 21:40:27,BusinessRuleUpdate,Succeeded
Finn Dijkgraaf (500194),Microsoft Active Directory,FS-CB12-RW (avo.local/Demo/Groups/FS-CB12-RW),Grant,09/19/2025 19:17:00,09/19/2025 19:17:09,BusinessRuleUpdate,Succeeded
Finn Dijkgraaf (500194),Microsoft Active Directory,TEAM-CB12 (avo.local/Demo/Groups/TEAM-CB12),Grant,03/30/2026 21:31:00,03/30/2026 21:31:10,Import,Succeeded
Finn Dijkgraaf (500194),Microsoft Active Directory,APP-Selfservice (avo.local/Demo/Groups/APP-Selfservice),Grant,09/15/2025 05:30:00,09/15/2025 05:30:32,ContractUpdate,Succeeded
Iris Berkhout (500195),Microsoft Active Directory,SEC-DiskEncryption (avo.local/Demo/Groups/SEC-DiskEncryption),Grant,04/26/2025 16:42:00,04/26/2025 16:42:15,ContractUpdate,Succeeded
Iris Berkhout (500195),Microsoft Active Directory,SEC-MFA-Enrolled (avo.local/Demo/Groups/SEC-MFA-Enrolled),Grant,09/06/2025 16:35:00,09/06/2025 16:35:53,ContractUpdate,Succeeded
Iris Berkhout (500195),Microsoft Active Directory,SEC-Endpoint-Protection (avo.local/Demo/Groups/SEC-Endpoint-Protection),Grant,06/21/2025 21:07:00,06/21/2025 21:07:20,ContractUpdate,Succeeded
Iris Berkhout (500195),Microsoft Active Directory,APP-Office365 (avo.local/Demo/Groups/APP-Office365),Grant,03/24/2026 01:54:00,03/24/2026 01:54:49,BusinessRuleUpdate,Succeeded
Iris Berkhout (500195),Microsoft Active Directory,APP-CZ08-Portal (avo.local/Demo/Groups/APP-CZ08-Portal),Grant,02/14/2026 09:54:00,02/14/2026 09:55:14,BusinessRuleUpdate,Succeeded
Iris Berkhout (500195),Microsoft Active Directory,FS-CZ08-RO (avo.local/Demo/Groups/FS-CZ08-RO),Grant,10/11/2025 23:56:00,10/11/2025 23:56:18,ContractUpdate,Succeeded
Iris Berkhout (500195),Microsoft Active Directory,FS-CZ08-RO (avo.local/Demo/Groups/FS-CZ08-RO),Revoke,11/16/2025 23:56:00,11/16/2025 23:56:07,ContractUpdate,Succeeded
Iris Berkhout (500195),Microsoft Active Directory,FS-CZ08-RO (avo.local/Demo/Groups/FS-CZ08-RO),Grant,11/20/2025 23:56:00,11/20/2025 23:57:23,ContractUpdate,Succeeded
Iris Berkhout (500195),Microsoft Active Directory,FS-CZ08-RW (avo.local/Demo/Groups/FS-CZ08-RW),Grant,02/17/2026 01:23:00,02/17/2026 01:24:10,ContractUpdate,Succeeded
Iris Berkhout (500195),Microsoft Active Directory,TEAM-CZ08 (avo.local/Demo/Groups/TEAM-CZ08),Grant,07/08/2026 23:40:00,07/08/2026 23:40:29,Import,Succeeded
Iris Berkhout (500195),Microsoft Active Directory,APP-Selfservice (avo.local/Demo/Groups/APP-Selfservice),Grant,07/09/2026 03:50:00,07/09/2026 03:50:01,ContractUpdate,Succeeded
Roos Wielenga (500196),Microsoft Active Directory,SEC-Antivirus (avo.local/Demo/Groups/SEC-Antivirus),Grant,03/20/2026 08:28:00,03/20/2026 08:28:35,ContractUpdate,Succeeded
Roos Wielenga (500196),Microsoft Active Directory,APP-Office365 (avo.local/Demo/Groups/APP-Office365),Grant,08/16/2025 06:20:00,08/16/2025 06:20:07,Import,Succeeded
Quinten Berkhout (500197),Microsoft Active Directory,SEC-Antivirus (avo.local/Demo/Groups/SEC-Antivirus),Grant,06/12/2026 05:30:00,06/12/2026 05:30:13,Import,Succeeded
Quinten Berkhout (500197),Microsoft Active Directory,SEC-DiskEncryption (avo.local/Demo/Groups/SEC-DiskEncryption),Grant,04/15/2026 06:13:00,04/15/2026 06:13:34,PersonUpdate,Succeeded
Quinten Berkhout (500197),Microsoft Active Directory,SEC-MFA-Enrolled (avo.local/Demo/Groups/SEC-MFA-Enrolled),Grant,05/08/2025 02:40:00,05/08/2025 02:40:45,Import,Succeeded
Quinten Berkhout (500197),Microsoft Active Directory,SEC-Endpoint-Protection (avo.local/Demo/Groups/SEC-Endpoint-Protection),Grant,12/05/2025 13:26:00,12/05/2025 13:26:06,PersonUpdate,Succeeded
Quinten Berkhout (500197),Microsoft Active Directory,APP-Intranet (avo.local/Demo/Groups/APP-Intranet),Grant,04/12/2026 01:09:00,04/12/2026 01:10:07,Import,Succeeded
Quinten Berkhout (500197),Microsoft Active Directory,APP-Office365 (avo.local/Demo/Groups/APP-Office365),Grant,06/19/2025 01:28:00,06/19/2025 01:29:18,PersonUpdate,Succeeded
Quinten Berkhout (500197),Microsoft Active Directory,APP-FIN01-Portal (avo.local/Demo/Groups/APP-FIN01-Portal),Grant,07/22/2025 11:49:00,07/22/2025 11:49:27,BusinessRuleUpdate,Succeeded
Quinten Berkhout (500197),Microsoft Active Directory,FS-FIN01-RO (avo.local/Demo/Groups/FS-FIN01-RO),Grant,10/15/2025 17:36:00,10/15/2025 17:37:14,BusinessRuleUpdate,Succeeded
Quinten Berkhout (500197),Microsoft Active Directory,FS-FIN01-RW (avo.local/Demo/Groups/FS-FIN01-RW),Grant,04/23/2026 13:39:00,04/23/2026 13:39:55,Import,Succeeded
Quinten Berkhout (500197),Microsoft Active Directory,TEAM-FIN01 (avo.local/Demo/Groups/TEAM-FIN01),Grant,01/13/2026 21:47:00,01/13/2026 21:47:55,ContractUpdate,Succeeded
Quinten Berkhout (500197),Microsoft Active Directory,MBX-FIN01 (avo.local/Demo/Groups/MBX-FIN01),Grant,06/22/2025 15:47:00,06/22/2025 15:47:29,ContractUpdate,Succeeded
Yara Gerritsen (500198),Microsoft Active Directory,SEC-Antivirus (avo.local/Demo/Groups/SEC-Antivirus),Grant,04/28/2026 01:02:00,04/28/2026 01:02:03,BusinessRuleUpdate,Succeeded
Yara Gerritsen (500198),Microsoft Active Directory,SEC-MFA-Enrolled (avo.local/Demo/Groups/SEC-MFA-Enrolled),Grant,12/27/2025 18:46:00,12/27/2025 18:46:19,BusinessRuleUpdate,Succeeded
Yara Gerritsen (500198),Microsoft Active Directory,APP-Intranet (avo.local/Demo/Groups/APP-Intranet),Grant,12/02/2025 16:41:00,12/02/2025 16:41:01,Import,Succeeded
Yara Gerritsen (500198),Microsoft Active Directory,APP-CA010-Portal (avo.local/Demo/Groups/APP-CA010-Portal),Grant,05/22/2026 07:12:00,05/22/2026 07:13:25,BusinessRuleUpdate,Succeeded
Yara Gerritsen (500198),Microsoft Active Directory,FS-CA010-RO (avo.local/Demo/Groups/FS-CA010-RO),Grant,10/28/2025 08:53:00,10/28/2025 08:54:27,BusinessRuleUpdate,Succeeded
Yara Gerritsen (500198),Microsoft Active Directory,TEAM-CA010 (avo.local/Demo/Groups/TEAM-CA010),Grant,02/19/2026 02:58:00,02/19/2026 02:58:52,ContractUpdate,Succeeded
Mila Aalbers (500199),Microsoft Active Directory,SEC-Antivirus (avo.local/Demo/Groups/SEC-Antivirus),Grant,06/29/2025 06:40:00,06/29/2025 06:40:35,BusinessRuleUpdate,Succeeded
Mila Aalbers (500199),Microsoft Active Directory,SEC-DiskEncryption (avo.local/Demo/Groups/SEC-DiskEncryption),Grant,06/12/2025 07:48:00,06/12/2025 07:48:35,PersonUpdate,Succeeded
Mila Aalbers (500199),Microsoft Active Directory,SEC-MFA-Enrolled (avo.local/Demo/Groups/SEC-MFA-Enrolled),Grant,09/25/2025 04:47:00,09/25/2025 04:48:24,PersonUpdate,Succeeded
Mila Aalbers (500199),Microsoft Active Directory,SEC-Endpoint-Protection (avo.local/Demo/Groups/SEC-Endpoint-Protection),Grant,07/23/2025 07:57:00,07/23/2025 07:57:55,ContractUpdate,Succeeded
Mila Aalbers (500199),Microsoft Active Directory,APP-Intranet (avo.local/Demo/Groups/APP-Intranet),Grant,06/01/2026 02:04:00,06/01/2026 02:04:19,PersonUpdate,Succeeded
Mila Aalbers (500199),Microsoft Active Directory,APP-Intranet (avo.local/Demo/Groups/APP-Intranet),Revoke,07/21/2026 02:04:00,07/21/2026 02:05:06,ContractUpdate,Succeeded
Mila Aalbers (500199),Microsoft Active Directory,APP-Intranet (avo.local/Demo/Groups/APP-Intranet),Grant,07/31/2026 02:04:00,07/31/2026 02:04:24,ContractUpdate,Succeeded
Mila Aalbers (500199),Microsoft Active Directory,APP-HRM02-Portal (avo.local/Demo/Groups/APP-HRM02-Portal),Grant,02/15/2026 03:19:00,02/15/2026 03:19:04,ContractUpdate,Succeeded
Mila Aalbers (500199),Microsoft Active Directory,FS-HRM02-RW (avo.local/Demo/Groups/FS-HRM02-RW),Grant,01/08/2026 05:57:00,01/08/2026 05:57:15,Import,Succeeded
Mila Aalbers (500199),Microsoft Active Directory,TEAM-HRM02 (avo.local/Demo/Groups/TEAM-HRM02),Grant,06/15/2025 23:47:00,06/15/2025 23:47:22,Import,Succeeded
Mila Aalbers (500199),Microsoft Active Directory,TEAM-HRM02 (avo.local/Demo/Groups/TEAM-HRM02),Revoke,07/19/2025 23:47:00,07/19/2025 23:48:28,ContractUpdate,Succeeded
Mila Aalbers (500199),Microsoft Active Directory,TEAM-HRM02 (avo.local/Demo/Groups/TEAM-HRM02),Grant,07/20/2025 23:47:00,07/20/2025 23:47:19,ContractUpdate,Succeeded
Bram Elzinga (500200),Microsoft Active Directory,SEC-DiskEncryption (avo.local/Demo/Groups/SEC-DiskEncryption),Grant,01/27/2026 21:48:00,01/27/2026 21:48:21,ContractUpdate,Succeeded
Bram Elzinga (500200),Microsoft Active Directory,APP-Office365 (avo.local/Demo/Groups/APP-Office365),Grant,06/29/2026 17:54:00,06/29/2026 17:54:42,Import,Succeeded
Bram Elzinga (500200),Microsoft Active Directory,APP-CA010-Portal (avo.local/Demo/Groups/APP-CA010-Portal),Grant,03/27/2025 22:52:00,03/27/2025 22:52:42,PersonUpdate,Succeeded
Bram Elzinga (500200),Microsoft Active Directory,FS-CA010-RW (avo.local/Demo/Groups/FS-CA010-RW),Grant,06/02/2025 10:28:00,06/02/2025 10:29:03,PersonUpdate,Succeeded
Bram Elzinga (500200),Microsoft Active Directory,TEAM-CA010 (avo.local/Demo/Groups/TEAM-CA010),Grant,05/11/2026 18:09:00,05/11/2026 18:09:40,BusinessRuleUpdate,Succeeded
Bram Elzinga (500200),Microsoft Active Directory,MBX-CA010 (avo.local/Demo/Groups/MBX-CA010),Grant,06/06/2026 13:20:00,06/06/2026 13:20:45,PersonUpdate,Succeeded
Cato Terlouw (500201),Microsoft Active Directory,SEC-Antivirus (avo.local/Demo/Groups/SEC-Antivirus),Grant,09/01/2025 04:33:00,09/01/2025 04:33:47,ContractUpdate,Succeeded
Cato Terlouw (500201),Microsoft Active Directory,SEC-MFA-Enrolled (avo.local/Demo/Groups/SEC-MFA-Enrolled),Grant,05/05/2025 01:16:00,05/05/2025 01:16:06,PersonUpdate,Succeeded
Cato Terlouw (500201),Microsoft Active Directory,SEC-Endpoint-Protection (avo.local/Demo/Groups/SEC-Endpoint-Protection),Grant,04/23/2026 23:41:00,04/23/2026 23:41:04,PersonUpdate,Succeeded
Cato Terlouw (500201),Microsoft Active Directory,APP-Intranet (avo.local/Demo/Groups/APP-Intranet),Grant,05/01/2026 01:33:00,05/01/2026 01:33:13,ContractUpdate,Succeeded
Cato Terlouw (500201),Microsoft Active Directory,APP-Adobe-AcrobatPro (avo.local/Demo/Groups/APP-Adobe-AcrobatPro),Grant,05/02/2025 18:32:00,05/02/2025 18:32:14,BusinessRuleUpdate,Succeeded
Ursula Elzinga (500202),Microsoft Active Directory,SEC-Antivirus (avo.local/Demo/Groups/SEC-Antivirus),Grant,01/16/2026 14:48:00,01/16/2026 14:49:10,ContractUpdate,Succeeded
Ursula Elzinga (500202),Microsoft Active Directory,SEC-DiskEncryption (avo.local/Demo/Groups/SEC-DiskEncryption),Grant,03/11/2026 04:02:00,03/11/2026 04:03:00,PersonUpdate,Succeeded
Ursula Elzinga (500202),Microsoft Active Directory,SEC-MFA-Enrolled (avo.local/Demo/Groups/SEC-MFA-Enrolled),Grant,10/02/2025 22:46:00,10/02/2025 22:46:37,PersonUpdate,Succeeded
Ursula Elzinga (500202),Microsoft Active Directory,SEC-Endpoint-Protection (avo.local/Demo/Groups/SEC-Endpoint-Protection),Grant,11/28/2025 13:56:00,11/28/2025 13:56:19,BusinessRuleUpdate,Succeeded
Ursula Elzinga (500202),Microsoft Active Directory,APP-Intranet (avo.local/Demo/Groups/APP-Intranet),Grant,10/14/2025 13:58:00,10/14/2025 13:58:57,Import,Succeeded
Ursula Elzinga (500202),Microsoft Active Directory,APP-Office365 (avo.local/Demo/Groups/APP-Office365),Grant,03/20/2026 09:44:00,03/20/2026 09:45:15,Import,Succeeded
Bram Kalisvaart (500203),Microsoft Active Directory,SEC-Antivirus (avo.local/Demo/Groups/SEC-Antivirus),Grant,08/15/2025 16:22:00,08/15/2025 16:22:55,ContractUpdate,Succeeded
Bram Kalisvaart (500203),Microsoft Active Directory,SEC-DiskEncryption (avo.local/Demo/Groups/SEC-DiskEncryption),Grant,09/05/2025 15:35:00,09/05/2025 15:36:17,Import,Succeeded
Bram Kalisvaart (500203),Microsoft Active Directory,SEC-MFA-Enrolled (avo.local/Demo/Groups/SEC-MFA-Enrolled),Grant,08/22/2025 03:28:00,08/22/2025 03:28:40,PersonUpdate,Succeeded
Bram Kalisvaart (500203),Microsoft Active Directory,APP-Intranet (avo.local/Demo/Groups/APP-Intranet),Grant,05/17/2026 19:59:00,05/17/2026 19:59:32,Import,Succeeded
Bram Kalisvaart (500203),Microsoft Active Directory,APP-Office365 (avo.local/Demo/Groups/APP-Office365),Grant,07/17/2026 15:23:00,07/17/2026 15:23:18,Import,Succeeded
Bram Kalisvaart (500203),Microsoft Active Directory,APP-CA060-Portal (avo.local/Demo/Groups/APP-CA060-Portal),Grant,05/07/2025 20:24:00,05/07/2025 20:24:28,PersonUpdate,Succeeded
Bram Kalisvaart (500203),Microsoft Active Directory,FS-CA060-RO (avo.local/Demo/Groups/FS-CA060-RO),Grant,12/28/2025 17:54:00,12/28/2025 17:54:38,ContractUpdate,Succeeded
Bram Kalisvaart (500203),Microsoft Active Directory,FS-CA060-RW (avo.local/Demo/Groups/FS-CA060-RW),Grant,05/12/2026 15:59:00,05/12/2026 15:59:13,Import,Succeeded
Bram Kalisvaart (500203),Microsoft Active Directory,MBX-CA060 (avo.local/Demo/Groups/MBX-CA060),Grant,05/19/2025 22:00:00,05/19/2025 22:01:16,PersonUpdate,Succeeded
Bram Kalisvaart (500203),Microsoft Active Directory,APP-Selfservice (avo.local/Demo/Groups/APP-Selfservice),Grant,02/12/2026 17:57:00,02/12/2026 17:57:11,PersonUpdate,Succeeded
Bram Kalisvaart (500203),Microsoft Active Directory,APP-Adobe-AcrobatPro (avo.local/Demo/Groups/APP-Adobe-AcrobatPro),Grant,07/07/2026 16:18:00,07/07/2026 16:19:19,Import,Succeeded
Bram Kalisvaart (500203),Microsoft Active Directory,FS-Begeleider-DATA (avo.local/Demo/Groups/FS-Begeleider-DATA),Grant,01/29/2026 13:13:00,01/29/2026 13:13:53,Import,Succeeded
Pien Dijkgraaf (500204),Microsoft Active Directory,SEC-DiskEncryption (avo.local/Demo/Groups/SEC-DiskEncryption),Grant,07/08/2026 07:51:00,07/08/2026 07:51:43,BusinessRuleUpdate,Succeeded
Pien Dijkgraaf (500204),Microsoft Active Directory,APP-Office365 (avo.local/Demo/Groups/APP-Office365),Grant,05/03/2025 02:00:00,05/03/2025 02:00:03,ContractUpdate,Succeeded
Pien Dijkgraaf (500204),Microsoft Active Directory,APP-HRM02-Portal (avo.local/Demo/Groups/APP-HRM02-Portal),Grant,07/06/2025 18:14:00,07/06/2025 18:14:45,ContractUpdate,Succeeded
Pien Dijkgraaf (500204),Microsoft Active Directory,FS-HRM02-RO (avo.local/Demo/Groups/FS-HRM02-RO),Grant,07/29/2026 23:19:00,07/29/2026 23:20:01,BusinessRuleUpdate,Succeeded
Pien Dijkgraaf (500204),Microsoft Active Directory,FS-HRM02-RW (avo.local/Demo/Groups/FS-HRM02-RW),Grant,05/31/2025 09:07:00,05/31/2025 09:08:27,PersonUpdate,Succeeded
Pien Dijkgraaf (500204),Microsoft Active Directory,TEAM-HRM02 (avo.local/Demo/Groups/TEAM-HRM02),Grant,11/28/2025 14:00:00,11/28/2025 14:01:22,Import,Succeeded
Vera Jonker (500205),Microsoft Active Directory,SEC-MFA-Enrolled (avo.local/Demo/Groups/SEC-MFA-Enrolled),Grant,10/20/2025 14:18:00,10/20/2025 14:19:12,PersonUpdate,Succeeded
Vera Jonker (500205),Microsoft Active Directory,SEC-Endpoint-Protection (avo.local/Demo/Groups/SEC-Endpoint-Protection),Grant,01/12/2026 16:01:00,01/12/2026 16:01:37,Import,Succeeded
Vera Jonker (500205),Microsoft Active Directory,APP-Intranet (avo.local/Demo/Groups/APP-Intranet),Grant,02/06/2026 14:25:00,02/06/2026 14:26:18,BusinessRuleUpdate,Succeeded
Vera Jonker (500205),Microsoft Active Directory,APP-Office365 (avo.local/Demo/Groups/APP-Office365),Grant,08/05/2025 06:29:00,08/05/2025 06:29:15,Import,Succeeded
Vera Jonker (500205),Microsoft Active Directory,FS-CA010-RW (avo.local/Demo/Groups/FS-CA010-RW),Grant,02/01/2026 13:33:00,02/01/2026 13:33:16,ContractUpdate,Succeeded
Vera Jonker (500205),Microsoft Active Directory,TEAM-CA010 (avo.local/Demo/Groups/TEAM-CA010),Grant,01/18/2026 20:40:00,01/18/2026 20:40:29,PersonUpdate,Succeeded
Vera Jonker (500205),Microsoft Active Directory,MBX-CA010 (avo.local/Demo/Groups/MBX-CA010),Grant,04/17/2026 14:16:00,04/17/2026 14:17:30,ContractUpdate,Succeeded
Pien Kalisvaart (500206),Microsoft Active Directory,SEC-Antivirus (avo.local/Demo/Groups/SEC-Antivirus),Grant,04/04/2025 03:51:00,04/04/2025 03:51:21,ContractUpdate,Succeeded
Pien Kalisvaart (500206),Microsoft Active Directory,SEC-MFA-Enrolled (avo.local/Demo/Groups/SEC-MFA-Enrolled),Grant,06/16/2026 16:53:00,06/16/2026 16:53:02,PersonUpdate,Succeeded
Pien Kalisvaart (500206),Microsoft Active Directory,SEC-Endpoint-Protection (avo.local/Demo/Groups/SEC-Endpoint-Protection),Grant,03/30/2026 04:08:00,03/30/2026 04:09:16,BusinessRuleUpdate,Succeeded
Pien Kalisvaart (500206),Microsoft Active Directory,APP-Intranet (avo.local/Demo/Groups/APP-Intranet),Grant,06/20/2025 15:30:00,06/20/2025 15:30:15,ContractUpdate,Succeeded
Pien Kalisvaart (500206),Microsoft Active Directory,APP-Office365 (avo.local/Demo/Groups/APP-Office365),Grant,08/12/2025 22:58:00,08/12/2025 22:58:59,ContractUpdate,Succeeded
Gijs Vroegindeweij (500207),Microsoft Active Directory,SEC-Antivirus (avo.local/Demo/Groups/SEC-Antivirus),Grant,07/18/2025 07:32:00,07/18/2025 07:32:44,PersonUpdate,Succeeded
Gijs Vroegindeweij (500207),Microsoft Active Directory,SEC-MFA-Enrolled (avo.local/Demo/Groups/SEC-MFA-Enrolled),Grant,01/10/2026 08:10:00,01/10/2026 08:11:14,ContractUpdate,Succeeded
Gijs Vroegindeweij (500207),Microsoft Active Directory,SEC-Endpoint-Protection (avo.local/Demo/Groups/SEC-Endpoint-Protection),Grant,12/26/2025 08:42:00,12/26/2025 08:42:11,PersonUpdate,Succeeded
Gijs Vroegindeweij (500207),Microsoft Active Directory,APP-Intranet (avo.local/Demo/Groups/APP-Intranet),Grant,03/23/2025 00:19:00,03/23/2025 00:19:35,PersonUpdate,Succeeded
Gijs Vroegindeweij (500207),Microsoft Active Directory,APP-Office365 (avo.local/Demo/Groups/APP-Office365),Grant,04/02/2025 15:30:00,04/02/2025 15:31:14,ContractUpdate,Succeeded
Gijs Vroegindeweij (500207),Microsoft Active Directory,FS-CB12-RO (avo.local/Demo/Groups/FS-CB12-RO),Grant,06/02/2026 20:45:00,06/02/2026 20:45:33,PersonUpdate,Succeeded
Gijs Vroegindeweij (500207),Microsoft Active Directory,FS-CB12-RW (avo.local/Demo/Groups/FS-CB12-RW),Grant,11/18/2025 17:43:00,11/18/2025 17:44:03,BusinessRuleUpdate,Succeeded
Gijs Vroegindeweij (500207),Microsoft Active Directory,TEAM-CB12 (avo.local/Demo/Groups/TEAM-CB12),Grant,03/19/2026 08:40:00,03/19/2026 08:41:09,BusinessRuleUpdate,Succeeded
Gijs Vroegindeweij (500207),Microsoft Active Directory,MBX-CB12 (avo.local/Demo/Groups/MBX-CB12),Grant,06/16/2026 09:08:00,06/16/2026 09:08:34,BusinessRuleUpdate,Succeeded
Gijs Vroegindeweij (500207),Microsoft Active Directory,APP-Selfservice (avo.local/Demo/Groups/APP-Selfservice),Grant,03/25/2026 13:29:00,03/25/2026 13:29:32,Import,Succeeded
Cato Pronk (500208),Microsoft Active Directory,SEC-Antivirus (avo.local/Demo/Groups/SEC-Antivirus),Grant,12/01/2025 00:42:00,12/01/2025 00:42:39,ContractUpdate,Succeeded
Cato Pronk (500208),Microsoft Active Directory,SEC-Antivirus (avo.local/Demo/Groups/SEC-Antivirus),Revoke,12/18/2025 00:42:00,12/18/2025 00:43:20,ContractUpdate,Succeeded
Cato Pronk (500208),Microsoft Active Directory,SEC-Antivirus (avo.local/Demo/Groups/SEC-Antivirus),Grant,01/05/2026 00:42:00,01/05/2026 00:43:16,ContractUpdate,Succeeded
Cato Pronk (500208),Microsoft Active Directory,SEC-DiskEncryption (avo.local/Demo/Groups/SEC-DiskEncryption),Grant,04/03/2026 13:25:00,04/03/2026 13:25:28,BusinessRuleUpdate,Succeeded
Cato Pronk (500208),Microsoft Active Directory,SEC-MFA-Enrolled (avo.local/Demo/Groups/SEC-MFA-Enrolled),Grant,02/04/2026 08:12:00,02/04/2026 08:12:57,ContractUpdate,Succeeded
Cato Pronk (500208),Microsoft Active Directory,SEC-Endpoint-Protection (avo.local/Demo/Groups/SEC-Endpoint-Protection),Grant,04/28/2026 06:13:00,04/28/2026 06:14:23,ContractUpdate,Succeeded
Cato Pronk (500208),Microsoft Active Directory,APP-Intranet (avo.local/Demo/Groups/APP-Intranet),Grant,02/04/2026 01:41:00,02/04/2026 01:41:43,ContractUpdate,Succeeded
Cato Pronk (500208),Microsoft Active Directory,APP-Office365 (avo.local/Demo/Groups/APP-Office365),Grant,03/18/2026 17:10:00,03/18/2026 17:10:52,PersonUpdate,Succeeded
Cato Pronk (500208),Microsoft Active Directory,APP-FIN01-Portal (avo.local/Demo/Groups/APP-FIN01-Portal),Grant,03/21/2026 02:01:00,03/21/2026 02:02:10,PersonUpdate,Succeeded
Cato Pronk (500208),Microsoft Active Directory,FS-FIN01-RO (avo.local/Demo/Groups/FS-FIN01-RO),Grant,05/28/2026 10:54:00,05/28/2026 10:55:12,BusinessRuleUpdate,Succeeded
Cato Pronk (500208),Microsoft Active Directory,FS-FIN01-RO (avo.local/Demo/Groups/FS-FIN01-RO),Revoke,07/14/2026 10:54:00,07/14/2026 10:54:51,ContractUpdate,Succeeded
Cato Pronk (500208),Microsoft Active Directory,FS-FIN01-RO (avo.local/Demo/Groups/FS-FIN01-RO),Grant,07/30/2026 10:54:00,07/30/2026 10:55:20,ContractUpdate,Succeeded
Cato Pronk (500208),Microsoft Active Directory,MBX-FIN01 (avo.local/Demo/Groups/MBX-FIN01),Grant,03/26/2025 06:47:00,03/26/2025 06:47:33,PersonUpdate,Succeeded
Mila Vroegindeweij (500209),Microsoft Active Directory,SEC-Antivirus (avo.local/Demo/Groups/SEC-Antivirus),Grant,03/24/2026 01:56:00,03/24/2026 01:56:28,Import,Succeeded
Mila Vroegindeweij (500209),Microsoft Active Directory,SEC-DiskEncryption (avo.local/Demo/Groups/SEC-DiskEncryption),Grant,04/21/2025 04:27:00,04/21/2025 04:27:24,ContractUpdate,Succeeded
Mila Vroegindeweij (500209),Microsoft Active Directory,SEC-MFA-Enrolled (avo.local/Demo/Groups/SEC-MFA-Enrolled),Grant,06/02/2025 06:34:00,06/02/2025 06:35:01,Import,Succeeded
Mila Vroegindeweij (500209),Microsoft Active Directory,SEC-Endpoint-Protection (avo.local/Demo/Groups/SEC-Endpoint-Protection),Grant,07/19/2026 07:24:00,07/19/2026 07:24:42,ContractUpdate,Succeeded
Mila Vroegindeweij (500209),Microsoft Active Directory,APP-Intranet (avo.local/Demo/Groups/APP-Intranet),Grant,06/10/2025 21:39:00,06/10/2025 21:40:00,ContractUpdate,Succeeded
Finn Zomerdijk (500210),Microsoft Active Directory,SEC-Antivirus (avo.local/Demo/Groups/SEC-Antivirus),Grant,12/12/2025 04:09:00,12/12/2025 04:09:48,Import,Succeeded
Finn Zomerdijk (500210),Microsoft Active Directory,SEC-MFA-Enrolled (avo.local/Demo/Groups/SEC-MFA-Enrolled),Grant,06/18/2025 17:29:00,06/18/2025 17:30:12,ContractUpdate,Succeeded
Finn Zomerdijk (500210),Microsoft Active Directory,SEC-Endpoint-Protection (avo.local/Demo/Groups/SEC-Endpoint-Protection),Grant,07/19/2025 00:14:00,07/19/2025 00:15:25,ContractUpdate,Succeeded
Finn Zomerdijk (500210),Microsoft Active Directory,APP-Intranet (avo.local/Demo/Groups/APP-Intranet),Grant,06/22/2025 17:13:00,06/22/2025 17:13:39,Import,Succeeded
Finn Zomerdijk (500210),Microsoft Active Directory,APP-Office365 (avo.local/Demo/Groups/APP-Office365),Grant,06/28/2026 16:45:00,06/28/2026 16:45:22,Import,Succeeded
Finn Zomerdijk (500210),Microsoft Active Directory,APP-CB12-Portal (avo.local/Demo/Groups/APP-CB12-Portal),Grant,07/03/2025 06:02:00,07/03/2025 06:02:17,ContractUpdate,Succeeded
Finn Zomerdijk (500210),Microsoft Active Directory,FS-CB12-RO (avo.local/Demo/Groups/FS-CB12-RO),Grant,07/24/2026 22:10:00,07/24/2026 22:11:22,PersonUpdate,Succeeded
Finn Zomerdijk (500210),Microsoft Active Directory,MBX-CB12 (avo.local/Demo/Groups/MBX-CB12),Grant,06/20/2026 14:32:00,06/20/2026 14:32:01,PersonUpdate,Succeeded
Noa Berkhout (500211),Microsoft Active Directory,SEC-DiskEncryption (avo.local/Demo/Groups/SEC-DiskEncryption),Grant,10/07/2025 03:22:00,10/07/2025 03:22:50,ContractUpdate,Succeeded
Noa Berkhout (500211),Microsoft Active Directory,SEC-DiskEncryption (avo.local/Demo/Groups/SEC-DiskEncryption),Revoke,10/31/2025 03:22:00,10/31/2025 03:22:15,ContractUpdate,Succeeded
Noa Berkhout (500211),Microsoft Active Directory,SEC-DiskEncryption (avo.local/Demo/Groups/SEC-DiskEncryption),Grant,11/15/2025 03:22:00,11/15/2025 03:23:27,ContractUpdate,Succeeded
Noa Berkhout (500211),Microsoft Active Directory,APP-Intranet (avo.local/Demo/Groups/APP-Intranet),Grant,12/06/2025 08:11:00,12/06/2025 08:12:00,PersonUpdate,Succeeded
Noa Berkhout (500211),Microsoft Active Directory,APP-Office365 (avo.local/Demo/Groups/APP-Office365),Grant,07/11/2025 00:00:00,07/11/2025 00:00:01,BusinessRuleUpdate,Succeeded
Noa Berkhout (500211),Microsoft Active Directory,FS-FIN01-RO (avo.local/Demo/Groups/FS-FIN01-RO),Grant,04/08/2025 14:11:00,04/08/2025 14:12:02,Import,Succeeded
Noa Berkhout (500211),Microsoft Active Directory,TEAM-FIN01 (avo.local/Demo/Groups/TEAM-FIN01),Grant,10/26/2025 13:08:00,10/26/2025 13:09:19,Import,Succeeded
Noa Berkhout (500211),Microsoft Active Directory,MBX-FIN01 (avo.local/Demo/Groups/MBX-FIN01),Grant,02/12/2026 23:13:00,02/12/2026 23:13:26,BusinessRuleUpdate,Succeeded
Noa Berkhout (500211),Microsoft Active Directory,APP-Adobe-AcrobatPro (avo.local/Demo/Groups/APP-Adobe-AcrobatPro),Grant,08/01/2026 01:53:00,08/01/2026 01:53:20,PersonUpdate,Succeeded
Roos Kalisvaart (500212),Microsoft Active Directory,SEC-Antivirus (avo.local/Demo/Groups/SEC-Antivirus),Grant,12/03/2025 01:02:00,12/03/2025 01:02:54,ContractUpdate,Succeeded
Roos Kalisvaart (500212),Microsoft Active Directory,SEC-MFA-Enrolled (avo.local/Demo/Groups/SEC-MFA-Enrolled),Grant,05/02/2025 07:44:00,05/02/2025 07:44:42,PersonUpdate,Succeeded
Roos Kalisvaart (500212),Microsoft Active Directory,APP-Intranet (avo.local/Demo/Groups/APP-Intranet),Grant,09/06/2025 14:49:00,09/06/2025 14:49:34,BusinessRuleUpdate,Succeeded
Roos Kalisvaart (500212),Microsoft Active Directory,APP-Office365 (avo.local/Demo/Groups/APP-Office365),Grant,10/17/2025 13:38:00,10/17/2025 13:39:20,PersonUpdate,Succeeded
Roos Kalisvaart (500212),Microsoft Active Directory,APP-ICT03-Portal (avo.local/Demo/Groups/APP-ICT03-Portal),Grant,09/29/2025 05:20:00,09/29/2025 05:20:50,BusinessRuleUpdate,Succeeded
Roos Kalisvaart (500212),Microsoft Active Directory,FS-ICT03-RO (avo.local/Demo/Groups/FS-ICT03-RO),Grant,04/19/2025 14:50:00,04/19/2025 14:50:12,BusinessRuleUpdate,Succeeded
Roos Kalisvaart (500212),Microsoft Active Directory,FS-ICT03-RO (avo.local/Demo/Groups/FS-ICT03-RO),Revoke,04/25/2025 14:50:00,04/25/2025 14:50:43,ContractUpdate,Succeeded
Roos Kalisvaart (500212),Microsoft Active Directory,FS-ICT03-RO (avo.local/Demo/Groups/FS-ICT03-RO),Grant,05/02/2025 14:50:00,05/02/2025 14:50:09,ContractUpdate,Succeeded
Roos Kalisvaart (500212),Microsoft Active Directory,FS-ICT03-RW (avo.local/Demo/Groups/FS-ICT03-RW),Grant,11/15/2025 08:37:00,11/15/2025 08:38:26,BusinessRuleUpdate,Succeeded
Roos Kalisvaart (500212),Microsoft Active Directory,TEAM-ICT03 (avo.local/Demo/Groups/TEAM-ICT03),Grant,10/18/2025 20:47:00,10/18/2025 20:47:23,BusinessRuleUpdate,Succeeded
Roos Kalisvaart (500212),Microsoft Active Directory,MBX-ICT03 (avo.local/Demo/Groups/MBX-ICT03),Grant,05/01/2025 15:23:00,05/01/2025 15:23:46,BusinessRuleUpdate,Succeeded
Roos Kalisvaart (500212),Microsoft Active Directory,APP-Adobe-AcrobatPro (avo.local/Demo/Groups/APP-Adobe-AcrobatPro),Grant,01/28/2026 04:26:00,01/28/2026 04:26:50,Import,Succeeded
Finn Uijlenbroek (500213),Microsoft Active Directory,SEC-Antivirus (avo.local/Demo/Groups/SEC-Antivirus),Grant,04/19/2026 22:07:00,04/19/2026 22:07:24,Import,Succeeded
Finn Uijlenbroek (500213),Microsoft Active Directory,APP-Intranet (avo.local/Demo/Groups/APP-Intranet),Grant,06/18/2026 21:37:00,06/18/2026 21:37:08,PersonUpdate,Succeeded
Finn Uijlenbroek (500213),Microsoft Active Directory,APP-Office365 (avo.local/Demo/Groups/APP-Office365),Grant,01/15/2026 00:24:00,01/15/2026 00:25:26,ContractUpdate,Succeeded
Finn Uijlenbroek (500213),Microsoft Active Directory,APP-Office365 (avo.local/Demo/Groups/APP-Office365),Revoke,01/28/2026 00:24:00,01/28/2026 00:24:44,ContractUpdate,Succeeded
Finn Uijlenbroek (500213),Microsoft Active Directory,APP-Office365 (avo.local/Demo/Groups/APP-Office365),Grant,02/05/2026 00:24:00,02/05/2026 00:25:15,ContractUpdate,Succeeded
Finn Uijlenbroek (500213),Microsoft Active Directory,APP-CZ08-Portal (avo.local/Demo/Groups/APP-CZ08-Portal),Grant,07/29/2025 09:54:00,07/29/2025 09:54:35,Import,Succeeded
Finn Uijlenbroek (500213),Microsoft Active Directory,FS-CZ08-RO (avo.local/Demo/Groups/FS-CZ08-RO),Grant,04/07/2026 03:55:00,04/07/2026 03:56:24,BusinessRuleUpdate,Succeeded
Finn Uijlenbroek (500213),Microsoft Active Directory,TEAM-CZ08 (avo.local/Demo/Groups/TEAM-CZ08),Grant,08/22/2025 22:32:00,08/22/2025 22:32:19,ContractUpdate,Succeeded
Finn Uijlenbroek (500213),Microsoft Active Directory,MBX-CZ08 (avo.local/Demo/Groups/MBX-CZ08),Grant,06/12/2026 22:48:00,06/12/2026 22:49:24,Import,Succeeded
Finn Uijlenbroek (500213),Microsoft Active Directory,APP-Selfservice (avo.local/Demo/Groups/APP-Selfservice),Grant,04/09/2026 08:57:00,04/09/2026 08:58:28,ContractUpdate,Succeeded
Finn Uijlenbroek (500213),Microsoft Active Directory,ROLE-Verzorgende (avo.local/Demo/Groups/ROLE-Verzorgende),Grant,07/31/2025 04:12:00,07/31/2025 04:12:23,ContractUpdate,Succeeded
Finn Uijlenbroek (500213),Microsoft Active Directory,APP-Copilot (avo.local/Demo/Groups/APP-Copilot),Grant,02/22/2026 04:12:00,02/22/2026 04:12:30,Import,Succeeded
Hanna Wielenga (500214),Microsoft Active Directory,SEC-MFA-Enrolled (avo.local/Demo/Groups/SEC-MFA-Enrolled),Grant,11/11/2025 09:56:00,11/11/2025 09:57:12,PersonUpdate,Succeeded
Hanna Wielenga (500214),Microsoft Active Directory,SEC-Endpoint-Protection (avo.local/Demo/Groups/SEC-Endpoint-Protection),Grant,07/19/2026 20:40:00,07/19/2026 20:40:43,BusinessRuleUpdate,Succeeded
Hanna Wielenga (500214),Microsoft Active Directory,APP-Intranet (avo.local/Demo/Groups/APP-Intranet),Grant,04/09/2026 15:52:00,04/09/2026 15:53:25,BusinessRuleUpdate,Succeeded
Hanna Wielenga (500214),Microsoft Active Directory,FS-HRM02-RO (avo.local/Demo/Groups/FS-HRM02-RO),Grant,07/09/2026 07:37:00,07/09/2026 07:37:59,Import,Succeeded
Hanna Wielenga (500214),Microsoft Active Directory,TEAM-HRM02 (avo.local/Demo/Groups/TEAM-HRM02),Grant,08/27/2025 09:25:00,08/27/2025 09:26:09,Import,Succeeded
Hanna Wielenga (500214),Microsoft Active Directory,MBX-HRM02 (avo.local/Demo/Groups/MBX-HRM02),Grant,10/03/2025 15:10:00,10/03/2025 15:11:14,ContractUpdate,Succeeded
Hanna Wielenga (500214),Microsoft Active Directory,ROLE-Verpleegkundige (avo.local/Demo/Groups/ROLE-Verpleegkundige),Grant,09/27/2025 08:46:00,09/27/2025 08:46:58,Import,Succeeded
Hanna Wielenga (500214),Microsoft Active Directory,APP-Visio (avo.local/Demo/Groups/APP-Visio),Grant,04/25/2025 15:03:00,04/25/2025 15:04:00,ContractUpdate,Succeeded
Iris Wielenga (500215),Microsoft Active Directory,SEC-Antivirus (avo.local/Demo/Groups/SEC-Antivirus),Grant,02/22/2026 09:26:00,02/22/2026 09:26:41,BusinessRuleUpdate,Succeeded
Iris Wielenga (500215),Microsoft Active Directory,SEC-DiskEncryption (avo.local/Demo/Groups/SEC-DiskEncryption),Grant,10/27/2025 23:00:00,10/27/2025 23:01:20,BusinessRuleUpdate,Succeeded
Iris Wielenga (500215),Microsoft Active Directory,SEC-MFA-Enrolled (avo.local/Demo/Groups/SEC-MFA-Enrolled),Grant,03/16/2026 21:42:00,03/16/2026 21:42:52,PersonUpdate,Succeeded
Iris Wielenga (500215),Microsoft Active Directory,APP-Intranet (avo.local/Demo/Groups/APP-Intranet),Grant,08/12/2025 12:02:00,08/12/2025 12:03:07,ContractUpdate,Succeeded
Iris Wielenga (500215),Microsoft Active Directory,APP-Office365 (avo.local/Demo/Groups/APP-Office365),Grant,02/08/2026 09:09:00,02/08/2026 09:10:00,Import,Succeeded
Tess Muijs (500216),Microsoft Active Directory,SEC-Antivirus (avo.local/Demo/Groups/SEC-Antivirus),Grant,03/06/2026 12:09:00,03/06/2026 12:09:35,Import,Succeeded
Tess Muijs (500216),Microsoft Active Directory,SEC-MFA-Enrolled (avo.local/Demo/Groups/SEC-MFA-Enrolled),Grant,05/26/2026 12:17:00,05/26/2026 12:18:25,PersonUpdate,Succeeded
Tess Muijs (500216),Microsoft Active Directory,SEC-Endpoint-Protection (avo.local/Demo/Groups/SEC-Endpoint-Protection),Grant,05/05/2026 21:02:00,05/05/2026 21:02:13,Import,Succeeded
Tess Muijs (500216),Microsoft Active Directory,APP-Intranet (avo.local/Demo/Groups/APP-Intranet),Grant,07/29/2025 12:48:00,07/29/2025 12:49:04,Import,Succeeded
Tess Muijs (500216),Microsoft Active Directory,APP-Office365 (avo.local/Demo/Groups/APP-Office365),Grant,07/26/2026 00:33:00,07/26/2026 00:34:21,PersonUpdate,Succeeded
Tess Muijs (500216),Microsoft Active Directory,TEAM-CA060 (avo.local/Demo/Groups/TEAM-CA060),Grant,02/18/2026 06:13:00,02/18/2026 06:14:17,Import,Succeeded
Tess Muijs (500216),Microsoft Active Directory,MBX-CA060 (avo.local/Demo/Groups/MBX-CA060),Grant,04/03/2026 13:31:00,04/03/2026 13:31:58,BusinessRuleUpdate,Succeeded
Tess Muijs (500216),Microsoft Active Directory,APP-Adobe-AcrobatPro (avo.local/Demo/Groups/APP-Adobe-AcrobatPro),Grant,04/22/2026 01:29:00,04/22/2026 01:29:22,PersonUpdate,Succeeded
Bram Lindeboom (500217),Microsoft Active Directory,SEC-DiskEncryption (avo.local/Demo/Groups/SEC-DiskEncryption),Grant,05/22/2025 18:07:00,05/22/2025 18:07:07,PersonUpdate,Succeeded
Bram Lindeboom (500217),Microsoft Active Directory,SEC-Endpoint-Protection (avo.local/Demo/Groups/SEC-Endpoint-Protection),Grant,09/24/2025 19:54:00,09/24/2025 19:54:36,Import,Succeeded
Bram Lindeboom (500217),Microsoft Active Directory,APP-Intranet (avo.local/Demo/Groups/APP-Intranet),Grant,11/05/2025 11:22:00,11/05/2025 11:22:39,Import,Succeeded
Bram Lindeboom (500217),Microsoft Active Directory,APP-Office365 (avo.local/Demo/Groups/APP-Office365),Grant,12/29/2025 18:44:00,12/29/2025 18:44:10,BusinessRuleUpdate,Succeeded
Bram Lindeboom (500217),Microsoft Active Directory,FS-CZ08-RO (avo.local/Demo/Groups/FS-CZ08-RO),Grant,06/23/2026 20:59:00,06/23/2026 20:59:34,Import,Succeeded
Bram Lindeboom (500217),Microsoft Active Directory,TEAM-CZ08 (avo.local/Demo/Groups/TEAM-CZ08),Grant,11/01/2025 16:35:00,11/01/2025 16:35:36,BusinessRuleUpdate,Succeeded
Bram Lindeboom (500217),Microsoft Active Directory,MBX-CZ08 (avo.local/Demo/Groups/MBX-CZ08),Grant,10/18/2025 14:41:00,10/18/2025 14:41:42,ContractUpdate,Succeeded
Bram Lindeboom (500217),Microsoft Active Directory,APP-Selfservice (avo.local/Demo/Groups/APP-Selfservice),Grant,11/18/2025 18:52:00,11/18/2025 18:52:32,PersonUpdate,Succeeded
Bram Lindeboom (500217),Microsoft Active Directory,APP-Visio (avo.local/Demo/Groups/APP-Visio),Grant,10/24/2025 09:29:00,10/24/2025 09:29:12,Import,Succeeded
Wout Uijlenbroek (500218),Microsoft Active Directory,SEC-Antivirus (avo.local/Demo/Groups/SEC-Antivirus),Grant,07/25/2025 02:22:00,07/25/2025 02:23:16,BusinessRuleUpdate,Succeeded
Wout Uijlenbroek (500218),Microsoft Active Directory,SEC-DiskEncryption (avo.local/Demo/Groups/SEC-DiskEncryption),Grant,03/25/2025 22:34:00,03/25/2025 22:34:11,ContractUpdate,Succeeded
Wout Uijlenbroek (500218),Microsoft Active Directory,SEC-MFA-Enrolled (avo.local/Demo/Groups/SEC-MFA-Enrolled),Grant,05/13/2025 14:41:00,05/13/2025 14:41:52,PersonUpdate,Succeeded
Wout Uijlenbroek (500218),Microsoft Active Directory,SEC-Endpoint-Protection (avo.local/Demo/Groups/SEC-Endpoint-Protection),Grant,03/22/2026 03:52:00,03/22/2026 03:52:55,BusinessRuleUpdate,Succeeded
Wout Uijlenbroek (500218),Microsoft Active Directory,APP-Intranet (avo.local/Demo/Groups/APP-Intranet),Grant,02/12/2026 20:38:00,02/12/2026 20:38:03,Import,Succeeded
Wout Uijlenbroek (500218),Microsoft Active Directory,APP-Office365 (avo.local/Demo/Groups/APP-Office365),Grant,07/22/2025 08:50:00,07/22/2025 08:51:28,PersonUpdate,Succeeded
Wout Uijlenbroek (500218),Microsoft Active Directory,APP-ICT03-Portal (avo.local/Demo/Groups/APP-ICT03-Portal),Grant,02/04/2026 12:55:00,02/04/2026 12:55:19,Import,Succeeded
Wout Uijlenbroek (500218),Microsoft Active Directory,FS-ICT03-RO (avo.local/Demo/Groups/FS-ICT03-RO),Grant,02/21/2026 15:42:00,02/21/2026 15:42:07,ContractUpdate,Succeeded
Wout Uijlenbroek (500218),Microsoft Active Directory,FS-ICT03-RW (avo.local/Demo/Groups/FS-ICT03-RW),Grant,12/29/2025 04:19:00,12/29/2025 04:20:16,BusinessRuleUpdate,Succeeded
Wout Uijlenbroek (500218),Microsoft Active Directory,TEAM-ICT03 (avo.local/Demo/Groups/TEAM-ICT03),Grant,07/13/2025 04:56:00,07/13/2025 04:56:55,BusinessRuleUpdate,Succeeded
Wout Uijlenbroek (500218),Microsoft Active Directory,MBX-ICT03 (avo.local/Demo/Groups/MBX-ICT03),Grant,04/29/2026 05:22:00,04/29/2026 05:22:25,ContractUpdate,Succeeded
Bram Jonker (500219),Microsoft Active Directory,SEC-Antivirus (avo.local/Demo/Groups/SEC-Antivirus),Grant,04/07/2026 10:28:00,04/07/2026 10:28:54,Import,Succeeded
Bram Jonker (500219),Microsoft Active Directory,SEC-DiskEncryption (avo.local/Demo/Groups/SEC-DiskEncryption),Grant,10/23/2025 06:39:00,10/23/2025 06:40:02,ContractUpdate,Succeeded
Bram Jonker (500219),Microsoft Active Directory,SEC-MFA-Enrolled (avo.local/Demo/Groups/SEC-MFA-Enrolled),Grant,04/09/2026 22:05:00,04/09/2026 22:06:11,PersonUpdate,Succeeded
Bram Jonker (500219),Microsoft Active Directory,SEC-Endpoint-Protection (avo.local/Demo/Groups/SEC-Endpoint-Protection),Grant,02/17/2026 14:38:00,02/17/2026 14:38:25,ContractUpdate,Succeeded
Bram Jonker (500219),Microsoft Active Directory,APP-Office365 (avo.local/Demo/Groups/APP-Office365),Grant,07/27/2026 01:32:00,07/27/2026 01:33:10,PersonUpdate,Succeeded
Bram Jonker (500219),Microsoft Active Directory,FS-HRM02-RO (avo.local/Demo/Groups/FS-HRM02-RO),Grant,04/02/2025 05:38:00,04/02/2025 05:39:27,ContractUpdate,Succeeded
Bram Jonker (500219),Microsoft Active Directory,FS-HRM02-RW (avo.local/Demo/Groups/FS-HRM02-RW),Grant,05/15/2026 06:40:00,05/15/2026 06:41:06,PersonUpdate,Succeeded
Bram Jonker (500219),Microsoft Active Directory,TEAM-HRM02 (avo.local/Demo/Groups/TEAM-HRM02),Grant,03/28/2026 22:37:00,03/28/2026 22:38:17,ContractUpdate,Succeeded
Bram Jonker (500219),Microsoft Active Directory,MBX-HRM02 (avo.local/Demo/Groups/MBX-HRM02),Grant,04/26/2025 20:25:00,04/26/2025 20:25:45,PersonUpdate,Succeeded
Bram Jonker (500219),Microsoft Active Directory,ROLE-Begeleider (avo.local/Demo/Groups/ROLE-Begeleider),Grant,04/14/2026 07:22:00,04/14/2026 07:22:51,Import,Succeeded
Bram Jonker (500219),Microsoft Active Directory,APP-Visio (avo.local/Demo/Groups/APP-Visio),Grant,02/14/2026 18:51:00,02/14/2026 18:52:14,PersonUpdate,Succeeded
Olivier Pronk (500220),Microsoft Active Directory,SEC-Antivirus (avo.local/Demo/Groups/SEC-Antivirus),Grant,09/11/2025 19:24:00,09/11/2025 19:24:32,ContractUpdate,Succeeded
Olivier Pronk (500220),Microsoft Active Directory,SEC-Endpoint-Protection (avo.local/Demo/Groups/SEC-Endpoint-Protection),Grant,07/08/2026 11:43:00,07/08/2026 11:43:02,ContractUpdate,Succeeded
Olivier Pronk (500220),Microsoft Active Directory,APP-Office365 (avo.local/Demo/Groups/APP-Office365),Grant,06/03/2025 03:19:00,06/03/2025 03:20:10,ContractUpdate,Succeeded
Olivier Pronk (500220),Microsoft Active Directory,APP-CB12-Portal (avo.local/Demo/Groups/APP-CB12-Portal),Grant,02/26/2026 06:08:00,02/26/2026 06:08:05,Import,Succeeded
Olivier Pronk (500220),Microsoft Active Directory,APP-Selfservice (avo.local/Demo/Groups/APP-Selfservice),Grant,06/21/2025 22:21:00,06/21/2025 22:22:28,PersonUpdate,Succeeded
Olivier Pronk (500220),Microsoft Active Directory,APP-Selfservice (avo.local/Demo/Groups/APP-Selfservice),Revoke,07/22/2025 22:21:00,07/22/2025 22:21:02,ContractUpdate,Succeeded
Olivier Pronk (500220),Microsoft Active Directory,APP-Selfservice (avo.local/Demo/Groups/APP-Selfservice),Grant,08/02/2025 22:21:00,08/02/2025 22:21:26,ContractUpdate,Succeeded
Olivier Pronk (500220),Microsoft Active Directory,ROLE-Verpleegkundige (avo.local/Demo/Groups/ROLE-Verpleegkundige),Grant,10/01/2025 20:08:00,10/01/2025 20:08:07,ContractUpdate,Succeeded
Olivier Pronk (500220),Microsoft Active Directory,APP-Visio (avo.local/Demo/Groups/APP-Visio),Grant,04/15/2026 10:00:00,04/15/2026 10:01:12,PersonUpdate,Succeeded
Olivier Pronk (500220),Microsoft Active Directory,APP-Adobe-AcrobatPro (avo.local/Demo/Groups/APP-Adobe-AcrobatPro),Grant,02/06/2026 13:23:00,02/06/2026 13:24:12,ContractUpdate,Succeeded
Olivier Pronk (500220),Microsoft Active Directory,APP-Copilot (avo.local/Demo/Groups/APP-Copilot),Grant,07/01/2026 23:14:00,07/01/2026 23:14:20,PersonUpdate,Succeeded
Finn Fokkema (500221),Microsoft Active Directory,SEC-Antivirus (avo.local/Demo/Groups/SEC-Antivirus),Grant,12/15/2025 13:24:00,12/15/2025 13:24:10,BusinessRuleUpdate,Succeeded
Finn Fokkema (500221),Microsoft Active Directory,SEC-DiskEncryption (avo.local/Demo/Groups/SEC-DiskEncryption),Grant,09/11/2025 05:48:00,09/11/2025 05:48:59,ContractUpdate,Succeeded
Finn Fokkema (500221),Microsoft Active Directory,SEC-MFA-Enrolled (avo.local/Demo/Groups/SEC-MFA-Enrolled),Grant,12/25/2025 18:17:00,12/25/2025 18:17:15,ContractUpdate,Succeeded
Finn Fokkema (500221),Microsoft Active Directory,SEC-Endpoint-Protection (avo.local/Demo/Groups/SEC-Endpoint-Protection),Grant,01/07/2026 13:52:00,01/07/2026 13:52:46,PersonUpdate,Succeeded
Finn Fokkema (500221),Microsoft Active Directory,APP-Intranet (avo.local/Demo/Groups/APP-Intranet),Grant,11/15/2025 21:51:00,11/15/2025 21:52:10,ContractUpdate,Succeeded
Finn Fokkema (500221),Microsoft Active Directory,APP-Office365 (avo.local/Demo/Groups/APP-Office365),Grant,06/08/2026 23:30:00,06/08/2026 23:31:16,PersonUpdate,Succeeded
Finn Fokkema (500221),Microsoft Active Directory,APP-FIN01-Portal (avo.local/Demo/Groups/APP-FIN01-Portal),Grant,04/04/2025 04:45:00,04/04/2025 04:45:57,PersonUpdate,Succeeded
Finn Fokkema (500221),Microsoft Active Directory,FS-FIN01-RW (avo.local/Demo/Groups/FS-FIN01-RW),Grant,06/17/2026 05:00:00,06/17/2026 05:00:38,PersonUpdate,Succeeded
Finn Fokkema (500221),Microsoft Active Directory,MBX-FIN01 (avo.local/Demo/Groups/MBX-FIN01),Grant,04/02/2026 08:39:00,04/02/2026 08:39:51,BusinessRuleUpdate,Succeeded
Sem Wielenga (500222),Microsoft Active Directory,SEC-Antivirus (avo.local/Demo/Groups/SEC-Antivirus),Grant,07/23/2026 16:16:00,07/23/2026 16:16:34,ContractUpdate,Succeeded
Sem Wielenga (500222),Microsoft Active Directory,SEC-DiskEncryption (avo.local/Demo/Groups/SEC-DiskEncryption),Grant,05/16/2026 11:05:00,05/16/2026 11:05:37,Import,Succeeded
Sem Wielenga (500222),Microsoft Active Directory,APP-Intranet (avo.local/Demo/Groups/APP-Intranet),Grant,10/27/2025 01:24:00,10/27/2025 01:24:52,ContractUpdate,Succeeded
Sem Wielenga (500222),Microsoft Active Directory,APP-Office365 (avo.local/Demo/Groups/APP-Office365),Grant,07/19/2025 20:47:00,07/19/2025 20:47:03,Import,Succeeded
Sem Wielenga (500222),Microsoft Active Directory,APP-FIN01-Portal (avo.local/Demo/Groups/APP-FIN01-Portal),Grant,07/15/2025 00:36:00,07/15/2025 00:37:26,ContractUpdate,Succeeded
Sem Wielenga (500222),Microsoft Active Directory,FS-FIN01-RO (avo.local/Demo/Groups/FS-FIN01-RO),Grant,06/07/2025 15:01:00,06/07/2025 15:02:30,BusinessRuleUpdate,Succeeded
Sem Wielenga (500222),Microsoft Active Directory,FS-FIN01-RW (avo.local/Demo/Groups/FS-FIN01-RW),Grant,10/12/2025 03:06:00,10/12/2025 03:07:21,PersonUpdate,Succeeded
Sem Wielenga (500222),Microsoft Active Directory,TEAM-FIN01 (avo.local/Demo/Groups/TEAM-FIN01),Grant,07/16/2026 05:01:00,07/16/2026 05:01:01,BusinessRuleUpdate,Succeeded
Sem Wielenga (500222),Microsoft Active Directory,APP-Adobe-AcrobatPro (avo.local/Demo/Groups/APP-Adobe-AcrobatPro),Grant,02/18/2026 19:24:00,02/18/2026 19:25:17,PersonUpdate,Succeeded
Sem Wielenga (500222),Microsoft Active Directory,APP-Adobe-AcrobatPro (avo.local/Demo/Groups/APP-Adobe-AcrobatPro),Revoke,02/19/2026 19:24:00,02/19/2026 19:24:50,ContractUpdate,Succeeded
Sem Wielenga (500222),Microsoft Active Directory,APP-Adobe-AcrobatPro (avo.local/Demo/Groups/APP-Adobe-AcrobatPro),Grant,02/26/2026 19:24:00,02/26/2026 19:24:25,ContractUpdate,Succeeded
Sem Wielenga (500222),Microsoft Active Directory,FS-Begeleider-DATA (avo.local/Demo/Groups/FS-Begeleider-DATA),Grant,07/25/2025 00:42:00,07/25/2025 00:42:05,ContractUpdate,Succeeded
Tess Gerritsen (500223),Microsoft Active Directory,SEC-Antivirus (avo.local/Demo/Groups/SEC-Antivirus),Grant,02/14/2026 00:12:00,02/14/2026 00:12:49,Import,Succeeded
Tess Gerritsen (500223),Microsoft Active Directory,SEC-DiskEncryption (avo.local/Demo/Groups/SEC-DiskEncryption),Grant,10/24/2025 13:02:00,10/24/2025 13:02:47,BusinessRuleUpdate,Succeeded
Tess Gerritsen (500223),Microsoft Active Directory,SEC-MFA-Enrolled (avo.local/Demo/Groups/SEC-MFA-Enrolled),Grant,06/05/2026 18:50:00,06/05/2026 18:50:55,PersonUpdate,Succeeded
Tess Gerritsen (500223),Microsoft Active Directory,SEC-Endpoint-Protection (avo.local/Demo/Groups/SEC-Endpoint-Protection),Grant,02/25/2026 01:22:00,02/25/2026 01:22:10,BusinessRuleUpdate,Succeeded
Tess Gerritsen (500223),Microsoft Active Directory,APP-Intranet (avo.local/Demo/Groups/APP-Intranet),Grant,12/13/2025 03:34:00,12/13/2025 03:35:20,ContractUpdate,Succeeded
Tess Gerritsen (500223),Microsoft Active Directory,APP-Office365 (avo.local/Demo/Groups/APP-Office365),Grant,11/11/2025 09:20:00,11/11/2025 09:20:51,BusinessRuleUpdate,Succeeded
Cato Fokkema (500224),Microsoft Active Directory,SEC-DiskEncryption (avo.local/Demo/Groups/SEC-DiskEncryption),Grant,09/14/2025 17:01:00,09/14/2025 17:02:20,PersonUpdate,Succeeded
Cato Fokkema (500224),Microsoft Active Directory,SEC-MFA-Enrolled (avo.local/Demo/Groups/SEC-MFA-Enrolled),Grant,12/16/2025 09:14:00,12/16/2025 09:15:16,PersonUpdate,Succeeded
Cato Fokkema (500224),Microsoft Active Directory,SEC-MFA-Enrolled (avo.local/Demo/Groups/SEC-MFA-Enrolled),Revoke,01/22/2026 09:14:00,01/22/2026 09:15:11,ContractUpdate,Succeeded
Cato Fokkema (500224),Microsoft Active Directory,SEC-MFA-Enrolled (avo.local/Demo/Groups/SEC-MFA-Enrolled),Grant,02/09/2026 09:14:00,02/09/2026 09:15:03,ContractUpdate,Succeeded
Cato Fokkema (500224),Microsoft Active Directory,APP-Intranet (avo.local/Demo/Groups/APP-Intranet),Grant,07/11/2025 12:27:00,07/11/2025 12:27:44,Import,Succeeded
Cato Fokkema (500224),Microsoft Active Directory,APP-Office365 (avo.local/Demo/Groups/APP-Office365),Grant,05/30/2025 17:29:00,05/30/2025 17:29:11,ContractUpdate,Succeeded
Cato Fokkema (500224),Microsoft Active Directory,ROLE-Begeleider (avo.local/Demo/Groups/ROLE-Begeleider),Grant,07/16/2025 02:23:00,07/16/2025 02:23:23,PersonUpdate,Succeeded
Cato Fokkema (500224),Microsoft Active Directory,APP-Adobe-AcrobatPro (avo.local/Demo/Groups/APP-Adobe-AcrobatPro),Grant,11/19/2025 05:23:00,11/19/2025 05:24:25,BusinessRuleUpdate,Succeeded
Cato Fokkema (500224),Microsoft Active Directory,FS-Begeleider-DATA (avo.local/Demo/Groups/FS-Begeleider-DATA),Grant,11/07/2025 16:35:00,11/07/2025 16:36:09,ContractUpdate,Succeeded
Xander Uijlenbroek (500225),Microsoft Active Directory,SEC-DiskEncryption (avo.local/Demo/Groups/SEC-DiskEncryption),Grant,07/05/2025 20:08:00,07/05/2025 20:08:34,PersonUpdate,Succeeded
Xander Uijlenbroek (500225),Microsoft Active Directory,SEC-MFA-Enrolled (avo.local/Demo/Groups/SEC-MFA-Enrolled),Grant,05/17/2026 10:40:00,05/17/2026 10:40:23,ContractUpdate,Succeeded
Xander Uijlenbroek (500225),Microsoft Active Directory,SEC-Endpoint-Protection (avo.local/Demo/Groups/SEC-Endpoint-Protection),Grant,07/09/2025 19:20:00,07/09/2025 19:21:11,Import,Succeeded
Xander Uijlenbroek (500225),Microsoft Active Directory,APP-Office365 (avo.local/Demo/Groups/APP-Office365),Grant,06/24/2026 01:07:00,06/24/2026 01:08:14,PersonUpdate,Succeeded
Xander Uijlenbroek (500225),Microsoft Active Directory,APP-CZ08-Portal (avo.local/Demo/Groups/APP-CZ08-Portal),Grant,04/11/2025 06:13:00,04/11/2025 06:14:11,PersonUpdate,Succeeded
Xander Uijlenbroek (500225),Microsoft Active Directory,FS-CZ08-RW (avo.local/Demo/Groups/FS-CZ08-RW),Grant,07/06/2025 16:09:00,07/06/2025 16:10:03,Import,Succeeded
Xander Uijlenbroek (500225),Microsoft Active Directory,TEAM-CZ08 (avo.local/Demo/Groups/TEAM-CZ08),Grant,06/01/2026 20:44:00,06/01/2026 20:44:35,Import,Succeeded
Xander Uijlenbroek (500225),Microsoft Active Directory,MBX-CZ08 (avo.local/Demo/Groups/MBX-CZ08),Grant,08/30/2025 05:47:00,08/30/2025 05:47:23,ContractUpdate,Succeeded
Xander Uijlenbroek (500225),Microsoft Active Directory,APP-Selfservice (avo.local/Demo/Groups/APP-Selfservice),Grant,02/19/2026 17:41:00,02/19/2026 17:41:51,BusinessRuleUpdate,Succeeded
Wout Muijs (500226),Microsoft Active Directory,SEC-Antivirus (avo.local/Demo/Groups/SEC-Antivirus),Grant,10/12/2025 15:37:00,10/12/2025 15:37:36,BusinessRuleUpdate,Succeeded
Wout Muijs (500226),Microsoft Active Directory,SEC-Endpoint-Protection (avo.local/Demo/Groups/SEC-Endpoint-Protection),Grant,02/20/2026 01:53:00,02/20/2026 01:53:25,PersonUpdate,Succeeded
Wout Muijs (500226),Microsoft Active Directory,APP-Intranet (avo.local/Demo/Groups/APP-Intranet),Grant,04/01/2025 21:30:00,04/01/2025 21:30:55,ContractUpdate,Succeeded
Wout Muijs (500226),Microsoft Active Directory,APP-Office365 (avo.local/Demo/Groups/APP-Office365),Grant,02/23/2026 00:03:00,02/23/2026 00:03:13,PersonUpdate,Succeeded
Wout Muijs (500226),Microsoft Active Directory,FS-HRM02-RO (avo.local/Demo/Groups/FS-HRM02-RO),Grant,12/10/2025 18:43:00,12/10/2025 18:43:57,PersonUpdate,Succeeded
Wout Muijs (500226),Microsoft Active Directory,FS-HRM02-RW (avo.local/Demo/Groups/FS-HRM02-RW),Grant,06/15/2025 15:52:00,06/15/2025 15:52:24,BusinessRuleUpdate,Succeeded
Wout Muijs (500226),Microsoft Active Directory,MBX-HRM02 (avo.local/Demo/Groups/MBX-HRM02),Grant,08/14/2025 21:05:00,08/14/2025 21:05:47,ContractUpdate,Succeeded
Wout Muijs (500226),Microsoft Active Directory,APP-Visio (avo.local/Demo/Groups/APP-Visio),Grant,03/14/2026 11:15:00,03/14/2026 11:16:00,Import,Succeeded
Olivier Dijkgraaf (500227),Microsoft Active Directory,SEC-Antivirus (avo.local/Demo/Groups/SEC-Antivirus),Grant,08/04/2025 09:21:00,08/04/2025 09:22:24,ContractUpdate,Succeeded
Olivier Dijkgraaf (500227),Microsoft Active Directory,SEC-MFA-Enrolled (avo.local/Demo/Groups/SEC-MFA-Enrolled),Grant,12/14/2025 01:26:00,12/14/2025 01:26:19,BusinessRuleUpdate,Succeeded
Olivier Dijkgraaf (500227),Microsoft Active Directory,APP-Office365 (avo.local/Demo/Groups/APP-Office365),Grant,05/02/2025 02:53:00,05/02/2025 02:53:11,Import,Succeeded
Olivier Dijkgraaf (500227),Microsoft Active Directory,APP-CA010-Portal (avo.local/Demo/Groups/APP-CA010-Portal),Grant,12/17/2025 00:26:00,12/17/2025 00:26:05,ContractUpdate,Succeeded
Olivier Dijkgraaf (500227),Microsoft Active Directory,FS-CA010-RO (avo.local/Demo/Groups/FS-CA010-RO),Grant,05/17/2026 07:19:00,05/17/2026 07:19:32,BusinessRuleUpdate,Succeeded
Olivier Dijkgraaf (500227),Microsoft Active Directory,FS-CA010-RW (avo.local/Demo/Groups/FS-CA010-RW),Grant,07/13/2026 07:54:00,07/13/2026 07:55:22,ContractUpdate,Succeeded
Olivier Dijkgraaf (500227),Microsoft Active Directory,FS-CA010-RW (avo.local/Demo/Groups/FS-CA010-RW),Revoke,08/03/2026 23:00:00,08/03/2026 23:01:23,ContractUpdate,Succeeded
Olivier Dijkgraaf (500227),Microsoft Active Directory,FS-CA010-RW (avo.local/Demo/Groups/FS-CA010-RW),Grant,08/03/2026 23:00:00,08/03/2026 23:00:05,ContractUpdate,Succeeded
Olivier Dijkgraaf (500227),Microsoft Active Directory,TEAM-CA010 (avo.local/Demo/Groups/TEAM-CA010),Grant,11/02/2025 12:53:00,11/02/2025 12:54:21,ContractUpdate,Succeeded
Olivier Dijkgraaf (500227),Microsoft Active Directory,MBX-CA010 (avo.local/Demo/Groups/MBX-CA010),Grant,06/23/2026 21:52:00,06/23/2026 21:52:32,PersonUpdate,Succeeded
Olivier Dijkgraaf (500227),Microsoft Active Directory,APP-Selfservice (avo.local/Demo/Groups/APP-Selfservice),Grant,11/21/2025 10:08:00,11/21/2025 10:08:01,Import,Succeeded
Jasper Oosterhuis (500228),Microsoft Active Directory,SEC-Antivirus (avo.local/Demo/Groups/SEC-Antivirus),Grant,08/17/2025 18:05:00,08/17/2025 18:05:31,Import,Succeeded
Jasper Oosterhuis (500228),Microsoft Active Directory,SEC-DiskEncryption (avo.local/Demo/Groups/SEC-DiskEncryption),Grant,07/08/2026 17:45:00,07/08/2026 17:46:27,BusinessRuleUpdate,Succeeded
Jasper Oosterhuis (500228),Microsoft Active Directory,SEC-MFA-Enrolled (avo.local/Demo/Groups/SEC-MFA-Enrolled),Grant,03/27/2025 06:10:00,03/27/2025 06:10:55,ContractUpdate,Succeeded
Jasper Oosterhuis (500228),Microsoft Active Directory,SEC-Endpoint-Protection (avo.local/Demo/Groups/SEC-Endpoint-Protection),Grant,04/05/2026 23:38:00,04/05/2026 23:39:13,BusinessRuleUpdate,Succeeded
Jasper Oosterhuis (500228),Microsoft Active Directory,SEC-Endpoint-Protection (avo.local/Demo/Groups/SEC-Endpoint-Protection),Revoke,04/27/2026 23:38:00,04/27/2026 23:39:16,ContractUpdate,Succeeded
Jasper Oosterhuis (500228),Microsoft Active Directory,SEC-Endpoint-Protection (avo.local/Demo/Groups/SEC-Endpoint-Protection),Grant,05/10/2026 23:38:00,05/10/2026 23:38:05,ContractUpdate,Succeeded
Jasper Oosterhuis (500228),Microsoft Active Directory,APP-Office365 (avo.local/Demo/Groups/APP-Office365),Grant,03/30/2025 18:41:00,03/30/2025 18:41:21,ContractUpdate,Succeeded
Jasper Oosterhuis (500228),Microsoft Active Directory,APP-CA010-Portal (avo.local/Demo/Groups/APP-CA010-Portal),Grant,03/14/2026 07:31:00,03/14/2026 07:31:51,ContractUpdate,Succeeded
Jasper Oosterhuis (500228),Microsoft Active Directory,TEAM-CA010 (avo.local/Demo/Groups/TEAM-CA010),Grant,06/28/2026 18:01:00,06/28/2026 18:01:58,BusinessRuleUpdate,Succeeded
Jasper Oosterhuis (500228),Microsoft Active Directory,APP-Adobe-AcrobatPro (avo.local/Demo/Groups/APP-Adobe-AcrobatPro),Grant,06/28/2025 23:10:00,06/28/2025 23:10:16,Import,Succeeded
Jasper Oosterhuis (500228),Microsoft Active Directory,FS-Begeleider-DATA (avo.local/Demo/Groups/FS-Begeleider-DATA),Grant,03/21/2025 07:18:00,03/21/2025 07:18:11,ContractUpdate,Succeeded
Anne Oosterhuis (500229),Microsoft Active Directory,SEC-DiskEncryption (avo.local/Demo/Groups/SEC-DiskEncryption),Grant,01/25/2026 11:33:00,01/25/2026 11:33:07,PersonUpdate,Succeeded
Anne Oosterhuis (500229),Microsoft Active Directory,SEC-MFA-Enrolled (avo.local/Demo/Groups/SEC-MFA-Enrolled),Grant,05/16/2025 10:14:00,05/16/2025 10:15:08,Import,Succeeded
Anne Oosterhuis (500229),Microsoft Active Directory,SEC-Endpoint-Protection (avo.local/Demo/Groups/SEC-Endpoint-Protection),Grant,03/18/2026 11:20:00,03/18/2026 11:21:05,PersonUpdate,Succeeded
Anne Oosterhuis (500229),Microsoft Active Directory,APP-Intranet (avo.local/Demo/Groups/APP-Intranet),Grant,04/28/2026 08:12:00,04/28/2026 08:12:44,PersonUpdate,Succeeded
Anne Oosterhuis (500229),Microsoft Active Directory,APP-Office365 (avo.local/Demo/Groups/APP-Office365),Grant,04/27/2025 10:37:00,04/27/2025 10:37:35,Import,Succeeded
Xander Zomerdijk (500230),Microsoft Active Directory,SEC-Antivirus (avo.local/Demo/Groups/SEC-Antivirus),Grant,06/15/2025 16:17:00,06/15/2025 16:17:51,PersonUpdate,Succeeded
Xander Zomerdijk (500230),Microsoft Active Directory,SEC-DiskEncryption (avo.local/Demo/Groups/SEC-DiskEncryption),Grant,12/30/2025 03:36:00,12/30/2025 03:36:32,Import,Succeeded
Xander Zomerdijk (500230),Microsoft Active Directory,SEC-MFA-Enrolled (avo.local/Demo/Groups/SEC-MFA-Enrolled),Grant,06/29/2026 15:07:00,06/29/2026 15:08:02,Import,Succeeded
Xander Zomerdijk (500230),Microsoft Active Directory,SEC-Endpoint-Protection (avo.local/Demo/Groups/SEC-Endpoint-Protection),Grant,01/12/2026 21:14:00,01/12/2026 21:14:22,BusinessRuleUpdate,Succeeded
Xander Zomerdijk (500230),Microsoft Active Directory,APP-Intranet (avo.local/Demo/Groups/APP-Intranet),Grant,07/20/2026 13:21:00,07/20/2026 13:22:13,PersonUpdate,Succeeded
Xander Zomerdijk (500230),Microsoft Active Directory,APP-Intranet (avo.local/Demo/Groups/APP-Intranet),Revoke,08/03/2026 23:00:00,08/03/2026 23:00:45,ContractUpdate,Succeeded
Xander Zomerdijk (500230),Microsoft Active Directory,APP-Intranet (avo.local/Demo/Groups/APP-Intranet),Grant,08/03/2026 23:00:00,08/03/2026 23:01:24,ContractUpdate,Succeeded
Xander Zomerdijk (500230),Microsoft Active Directory,MBX-CB12 (avo.local/Demo/Groups/MBX-CB12),Grant,03/07/2026 07:38:00,03/07/2026 07:39:19,PersonUpdate,Succeeded
Xander Zomerdijk (500230),Microsoft Active Directory,APP-Selfservice (avo.local/Demo/Groups/APP-Selfservice),Grant,07/24/2025 10:21:00,07/24/2025 10:22:10,Import,Succeeded
Xander Zomerdijk (500230),Microsoft Active Directory,ROLE-Begeleider (avo.local/Demo/Groups/ROLE-Begeleider),Grant,02/08/2026 00:50:00,02/08/2026 00:51:02,PersonUpdate,Succeeded
Xander Zomerdijk (500230),Microsoft Active Directory,APP-Adobe-AcrobatPro (avo.local/Demo/Groups/APP-Adobe-AcrobatPro),Grant,07/22/2025 16:44:00,07/22/2025 16:45:09,Import,Succeeded
Xander Zomerdijk (500230),Microsoft Active Directory,FS-Begeleider-DATA (avo.local/Demo/Groups/FS-Begeleider-DATA),Grant,07/26/2026 04:29:00,07/26/2026 04:30:07,ContractUpdate,Succeeded
Jasper Uijlenbroek (500231),Microsoft Active Directory,SEC-Antivirus (avo.local/Demo/Groups/SEC-Antivirus),Grant,01/09/2026 09:07:00,01/09/2026 09:07:58,PersonUpdate,Succeeded
Jasper Uijlenbroek (500231),Microsoft Active Directory,SEC-Endpoint-Protection (avo.local/Demo/Groups/SEC-Endpoint-Protection),Grant,07/02/2026 18:36:00,07/02/2026 18:37:07,ContractUpdate,Succeeded
Jasper Uijlenbroek (500231),Microsoft Active Directory,APP-Intranet (avo.local/Demo/Groups/APP-Intranet),Grant,11/19/2025 20:34:00,11/19/2025 20:35:21,Import,Succeeded
Jasper Uijlenbroek (500231),Microsoft Active Directory,APP-Office365 (avo.local/Demo/Groups/APP-Office365),Grant,05/11/2026 01:39:00,05/11/2026 01:39:41,BusinessRuleUpdate,Succeeded
Jasper Uijlenbroek (500231),Microsoft Active Directory,APP-Adobe-AcrobatPro (avo.local/Demo/Groups/APP-Adobe-AcrobatPro),Grant,12/06/2025 12:28:00,12/06/2025 12:28:29,PersonUpdate,Succeeded
Yara Quaedvlieg (500232),Microsoft Active Directory,SEC-Antivirus (avo.local/Demo/Groups/SEC-Antivirus),Grant,08/02/2026 15:22:00,08/02/2026 15:22:18,Import,Succeeded
Yara Quaedvlieg (500232),Microsoft Active Directory,SEC-DiskEncryption (avo.local/Demo/Groups/SEC-DiskEncryption),Grant,03/27/2025 12:07:00,03/27/2025 12:08:14,BusinessRuleUpdate,Succeeded
Yara Quaedvlieg (500232),Microsoft Active Directory,APP-Intranet (avo.local/Demo/Groups/APP-Intranet),Grant,05/22/2025 16:04:00,05/22/2025 16:04:26,PersonUpdate,Succeeded
Yara Quaedvlieg (500232),Microsoft Active Directory,APP-Visio (avo.local/Demo/Groups/APP-Visio),Grant,02/05/2026 06:23:00,02/05/2026 06:24:16,ContractUpdate,Succeeded
Cato Wielenga (500233),Microsoft Active Directory,SEC-DiskEncryption (avo.local/Demo/Groups/SEC-DiskEncryption),Grant,01/06/2026 10:45:00,01/06/2026 10:46:02,BusinessRuleUpdate,Succeeded
Cato Wielenga (500233),Microsoft Active Directory,SEC-MFA-Enrolled (avo.local/Demo/Groups/SEC-MFA-Enrolled),Grant,02/11/2026 19:32:00,02/11/2026 19:32:22,Import,Succeeded
Cato Wielenga (500233),Microsoft Active Directory,SEC-Endpoint-Protection (avo.local/Demo/Groups/SEC-Endpoint-Protection),Grant,03/24/2025 01:38:00,03/24/2025 01:38:38,BusinessRuleUpdate,Succeeded
Cato Wielenga (500233),Microsoft Active Directory,APP-Intranet (avo.local/Demo/Groups/APP-Intranet),Grant,10/17/2025 23:52:00,10/17/2025 23:53:24,ContractUpdate,Succeeded
Cato Wielenga (500233),Microsoft Active Directory,ROLE-Verzorgende (avo.local/Demo/Groups/ROLE-Verzorgende),Grant,02/12/2026 12:14:00,02/12/2026 12:14:25,Import,Succeeded
Cato Wielenga (500233),Microsoft Active Directory,APP-Copilot (avo.local/Demo/Groups/APP-Copilot),Grant,05/30/2025 11:50:00,05/30/2025 11:50:23,Import,Succeeded
Olivier Uijlenbroek (500234),Microsoft Active Directory,SEC-MFA-Enrolled (avo.local/Demo/Groups/SEC-MFA-Enrolled),Grant,04/15/2025 00:53:00,04/15/2025 00:53:10,PersonUpdate,Succeeded
Olivier Uijlenbroek (500234),Microsoft Active Directory,APP-Office365 (avo.local/Demo/Groups/APP-Office365),Grant,06/21/2025 08:52:00,06/21/2025 08:52:34,PersonUpdate,Succeeded
Olivier Uijlenbroek (500234),Microsoft Active Directory,ROLE-Begeleider (avo.local/Demo/Groups/ROLE-Begeleider),Grant,02/13/2026 13:03:00,02/13/2026 13:03:29,ContractUpdate,Succeeded
Olivier Uijlenbroek (500234),Microsoft Active Directory,APP-Visio (avo.local/Demo/Groups/APP-Visio),Grant,04/24/2026 09:17:00,04/24/2026 09:17:33,ContractUpdate,Succeeded
Bram Quaedvlieg (500235),Microsoft Active Directory,SEC-DiskEncryption (avo.local/Demo/Groups/SEC-DiskEncryption),Grant,06/15/2026 06:30:00,06/15/2026 06:31:24,Import,Succeeded
Bram Quaedvlieg (500235),Microsoft Active Directory,SEC-MFA-Enrolled (avo.local/Demo/Groups/SEC-MFA-Enrolled),Grant,06/29/2026 09:51:00,06/29/2026 09:51:19,BusinessRuleUpdate,Succeeded
Bram Quaedvlieg (500235),Microsoft Active Directory,SEC-Endpoint-Protection (avo.local/Demo/Groups/SEC-Endpoint-Protection),Grant,06/15/2026 22:27:00,06/15/2026 22:27:15,BusinessRuleUpdate,Succeeded
Bram Quaedvlieg (500235),Microsoft Active Directory,APP-CA010-Portal (avo.local/Demo/Groups/APP-CA010-Portal),Grant,04/06/2026 04:19:00,04/06/2026 04:20:16,ContractUpdate,Succeeded
Bram Quaedvlieg (500235),Microsoft Active Directory,FS-CA010-RO (avo.local/Demo/Groups/FS-CA010-RO),Grant,11/10/2025 08:17:00,11/10/2025 08:17:25,PersonUpdate,Succeeded
Bram Quaedvlieg (500235),Microsoft Active Directory,FS-CA010-RW (avo.local/Demo/Groups/FS-CA010-RW),Grant,08/15/2025 01:54:00,08/15/2025 01:54:08,Import,Succeeded
Bram Quaedvlieg (500235),Microsoft Active Directory,TEAM-CA010 (avo.local/Demo/Groups/TEAM-CA010),Grant,06/03/2026 20:01:00,06/03/2026 20:01:59,ContractUpdate,Succeeded
Bram Quaedvlieg (500235),Microsoft Active Directory,MBX-CA010 (avo.local/Demo/Groups/MBX-CA010),Grant,10/07/2025 12:48:00,10/07/2025 12:49:24,Import,Succeeded
Bram Quaedvlieg (500235),Microsoft Active Directory,APP-Selfservice (avo.local/Demo/Groups/APP-Selfservice),Grant,09/11/2025 05:21:00,09/11/2025 05:22:30,BusinessRuleUpdate,Succeeded
Bram Quaedvlieg (500235),Microsoft Active Directory,APP-Visio (avo.local/Demo/Groups/APP-Visio),Grant,07/07/2026 09:39:00,07/07/2026 09:40:16,BusinessRuleUpdate,Succeeded
Bram Oosterhuis (500236),Microsoft Active Directory,SEC-Antivirus (avo.local/Demo/Groups/SEC-Antivirus),Grant,08/09/2025 10:14:00,08/09/2025 10:14:53,Import,Succeeded
Bram Oosterhuis (500236),Microsoft Active Directory,APP-Intranet (avo.local/Demo/Groups/APP-Intranet),Grant,08/14/2025 12:20:00,08/14/2025 12:21:05,Import,Succeeded
Bram Oosterhuis (500236),Microsoft Active Directory,APP-Office365 (avo.local/Demo/Groups/APP-Office365),Grant,02/20/2026 00:46:00,02/20/2026 00:47:16,PersonUpdate,Succeeded
Sem Zomerdijk (500237),Microsoft Active Directory,SEC-MFA-Enrolled (avo.local/Demo/Groups/SEC-MFA-Enrolled),Grant,09/27/2025 10:49:00,09/27/2025 10:50:12,ContractUpdate,Succeeded
Sem Zomerdijk (500237),Microsoft Active Directory,SEC-Endpoint-Protection (avo.local/Demo/Groups/SEC-Endpoint-Protection),Grant,09/23/2025 18:58:00,09/23/2025 18:58:25,PersonUpdate,Succeeded
Sem Zomerdijk (500237),Microsoft Active Directory,APP-Office365 (avo.local/Demo/Groups/APP-Office365),Grant,08/18/2025 17:24:00,08/18/2025 17:24:53,ContractUpdate,Succeeded
Sem Zomerdijk (500237),Microsoft Active Directory,FS-CZ08-RO (avo.local/Demo/Groups/FS-CZ08-RO),Grant,08/03/2025 06:58:00,08/03/2025 06:58:02,Import,Succeeded
Sem Zomerdijk (500237),Microsoft Active Directory,FS-CZ08-RW (avo.local/Demo/Groups/FS-CZ08-RW),Grant,08/19/2025 05:55:00,08/19/2025 05:55:29,Import,Succeeded
Sem Zomerdijk (500237),Microsoft Active Directory,TEAM-CZ08 (avo.local/Demo/Groups/TEAM-CZ08),Grant,07/04/2026 13:48:00,07/04/2026 13:49:09,Import,Succeeded
Sem Zomerdijk (500237),Microsoft Active Directory,MBX-CZ08 (avo.local/Demo/Groups/MBX-CZ08),Grant,06/26/2026 08:57:00,06/26/2026 08:58:24,PersonUpdate,Succeeded
Sem Zomerdijk (500237),Microsoft Active Directory,APP-Visio (avo.local/Demo/Groups/APP-Visio),Grant,11/12/2025 02:04:00,11/12/2025 02:05:05,PersonUpdate,Succeeded
Ursula Ipenburg (500238),Microsoft Active Directory,SEC-DiskEncryption (avo.local/Demo/Groups/SEC-DiskEncryption),Grant,08/23/2025 13:49:00,08/23/2025 13:49:11,PersonUpdate,Succeeded
Ursula Ipenburg (500238),Microsoft Active Directory,SEC-Endpoint-Protection (avo.local/Demo/Groups/SEC-Endpoint-Protection),Grant,04/11/2025 07:46:00,04/11/2025 07:46:35,PersonUpdate,Succeeded
Ursula Ipenburg (500238),Microsoft Active Directory,APP-Intranet (avo.local/Demo/Groups/APP-Intranet),Grant,06/10/2026 19:29:00,06/10/2026 19:30:30,BusinessRuleUpdate,Succeeded
Ursula Ipenburg (500238),Microsoft Active Directory,APP-Office365 (avo.local/Demo/Groups/APP-Office365),Grant,03/30/2026 12:55:00,03/30/2026 12:55:17,PersonUpdate,Succeeded
Ursula Ipenburg (500238),Microsoft Active Directory,APP-CA010-Portal (avo.local/Demo/Groups/APP-CA010-Portal),Grant,06/11/2026 19:22:00,06/11/2026 19:22:08,BusinessRuleUpdate,Succeeded
Ursula Ipenburg (500238),Microsoft Active Directory,FS-CA010-RO (avo.local/Demo/Groups/FS-CA010-RO),Grant,10/07/2025 10:54:00,10/07/2025 10:55:25,Import,Succeeded
Ursula Ipenburg (500238),Microsoft Active Directory,FS-CA010-RW (avo.local/Demo/Groups/FS-CA010-RW),Grant,12/08/2025 11:22:00,12/08/2025 11:23:28,BusinessRuleUpdate,Succeeded
Ursula Ipenburg (500238),Microsoft Active Directory,TEAM-CA010 (avo.local/Demo/Groups/TEAM-CA010),Grant,11/10/2025 08:55:00,11/10/2025 08:55:19,ContractUpdate,Succeeded
Ursula Ipenburg (500238),Microsoft Active Directory,APP-Selfservice (avo.local/Demo/Groups/APP-Selfservice),Grant,07/23/2025 20:10:00,07/23/2025 20:11:30,Import,Succeeded
Ursula Ipenburg (500238),Microsoft Active Directory,ROLE-Verzorgende (avo.local/Demo/Groups/ROLE-Verzorgende),Grant,05/26/2026 00:50:00,05/26/2026 00:50:39,ContractUpdate,Succeeded
Ursula Ipenburg (500238),Microsoft Active Directory,APP-Copilot (avo.local/Demo/Groups/APP-Copilot),Grant,09/25/2025 04:52:00,09/25/2025 04:52:22,Import,Succeeded
Xander Ipenburg (500239),Microsoft Active Directory,SEC-DiskEncryption (avo.local/Demo/Groups/SEC-DiskEncryption),Grant,01/10/2026 08:35:00,01/10/2026 08:36:23,BusinessRuleUpdate,Succeeded
Xander Ipenburg (500239),Microsoft Active Directory,SEC-Endpoint-Protection (avo.local/Demo/Groups/SEC-Endpoint-Protection),Grant,01/14/2026 12:49:00,01/14/2026 12:50:04,PersonUpdate,Succeeded
Xander Ipenburg (500239),Microsoft Active Directory,APP-Intranet (avo.local/Demo/Groups/APP-Intranet),Grant,07/18/2026 20:00:00,07/18/2026 20:00:56,Import,Succeeded
Xander Ipenburg (500239),Microsoft Active Directory,APP-Office365 (avo.local/Demo/Groups/APP-Office365),Grant,10/06/2025 12:24:00,10/06/2025 12:25:30,ContractUpdate,Succeeded
Zoë Kalisvaart (500240),Microsoft Active Directory,SEC-DiskEncryption (avo.local/Demo/Groups/SEC-DiskEncryption),Grant,04/28/2026 22:19:00,04/28/2026 22:20:10,Import,Succeeded
Zoë Kalisvaart (500240),Microsoft Active Directory,SEC-Endpoint-Protection (avo.local/Demo/Groups/SEC-Endpoint-Protection),Grant,06/06/2025 22:15:00,06/06/2025 22:16:26,BusinessRuleUpdate,Succeeded
Zoë Kalisvaart (500240),Microsoft Active Directory,APP-Intranet (avo.local/Demo/Groups/APP-Intranet),Grant,05/11/2025 18:56:00,05/11/2025 18:57:12,PersonUpdate,Succeeded
Zoë Kalisvaart (500240),Microsoft Active Directory,APP-Office365 (avo.local/Demo/Groups/APP-Office365),Grant,10/12/2025 00:54:00,10/12/2025 00:54:59,Import,Succeeded
Zoë Kalisvaart (500240),Microsoft Active Directory,APP-CB12-Portal (avo.local/Demo/Groups/APP-CB12-Portal),Grant,04/01/2026 14:45:00,04/01/2026 14:46:30,Import,Succeeded
Zoë Kalisvaart (500240),Microsoft Active Directory,TEAM-CB12 (avo.local/Demo/Groups/TEAM-CB12),Grant,03/07/2026 18:58:00,03/07/2026 18:58:36,Import,Succeeded
Zoë Kalisvaart (500240),Microsoft Active Directory,APP-Selfservice (avo.local/Demo/Groups/APP-Selfservice),Grant,01/19/2026 12:04:00,01/19/2026 12:05:07,ContractUpdate,Succeeded
Pien Gerritsen (500241),Microsoft Active Directory,SEC-Antivirus (avo.local/Demo/Groups/SEC-Antivirus),Grant,06/22/2026 05:33:00,06/22/2026 05:34:09,BusinessRuleUpdate,Succeeded
Pien Gerritsen (500241),Microsoft Active Directory,SEC-DiskEncryption (avo.local/Demo/Groups/SEC-DiskEncryption),Grant,04/07/2025 17:39:00,04/07/2025 17:39:24,PersonUpdate,Succeeded
Pien Gerritsen (500241),Microsoft Active Directory,SEC-MFA-Enrolled (avo.local/Demo/Groups/SEC-MFA-Enrolled),Grant,07/11/2026 19:45:00,07/11/2026 19:45:36,PersonUpdate,Succeeded
Pien Gerritsen (500241),Microsoft Active Directory,SEC-Endpoint-Protection (avo.local/Demo/Groups/SEC-Endpoint-Protection),Grant,10/01/2025 04:52:00,10/01/2025 04:52:39,BusinessRuleUpdate,Succeeded
Pien Gerritsen (500241),Microsoft Active Directory,APP-Office365 (avo.local/Demo/Groups/APP-Office365),Grant,05/26/2026 03:48:00,05/26/2026 03:48:45,BusinessRuleUpdate,Succeeded
Pien Gerritsen (500241),Microsoft Active Directory,APP-CA010-Portal (avo.local/Demo/Groups/APP-CA010-Portal),Grant,03/24/2025 04:21:00,03/24/2025 04:22:13,BusinessRuleUpdate,Succeeded
Pien Gerritsen (500241),Microsoft Active Directory,FS-CA010-RW (avo.local/Demo/Groups/FS-CA010-RW),Grant,07/29/2026 15:21:00,07/29/2026 15:21:40,BusinessRuleUpdate,Succeeded
Pien Gerritsen (500241),Microsoft Active Directory,MBX-CA010 (avo.local/Demo/Groups/MBX-CA010),Grant,06/08/2026 15:56:00,06/08/2026 15:57:21,ContractUpdate,Succeeded
Pien Gerritsen (500241),Microsoft Active Directory,APP-Selfservice (avo.local/Demo/Groups/APP-Selfservice),Grant,02/14/2026 10:56:00,02/14/2026 10:56:12,Import,Succeeded
Kim Fokkema (500242),Microsoft Active Directory,SEC-DiskEncryption (avo.local/Demo/Groups/SEC-DiskEncryption),Grant,12/10/2025 18:03:00,12/10/2025 18:03:43,ContractUpdate,Succeeded
Kim Fokkema (500242),Microsoft Active Directory,SEC-Endpoint-Protection (avo.local/Demo/Groups/SEC-Endpoint-Protection),Grant,02/09/2026 02:54:00,02/09/2026 02:55:19,ContractUpdate,Succeeded
Kim Fokkema (500242),Microsoft Active Directory,APP-Intranet (avo.local/Demo/Groups/APP-Intranet),Grant,09/15/2025 00:04:00,09/15/2025 00:04:42,Import,Succeeded
Kim Fokkema (500242),Microsoft Active Directory,APP-Office365 (avo.local/Demo/Groups/APP-Office365),Grant,03/24/2026 22:08:00,03/24/2026 22:09:27,PersonUpdate,Succeeded
Kim Fokkema (500242),Microsoft Active Directory,ROLE-Begeleider (avo.local/Demo/Groups/ROLE-Begeleider),Grant,05/20/2026 23:34:00,05/20/2026 23:34:05,ContractUpdate,Succeeded
Kim Fokkema (500242),Microsoft Active Directory,APP-Visio (avo.local/Demo/Groups/APP-Visio),Grant,02/06/2026 07:46:00,02/06/2026 07:46:20,ContractUpdate,Succeeded
Yara Berkhout (500243),Microsoft Active Directory,SEC-Antivirus (avo.local/Demo/Groups/SEC-Antivirus),Grant,04/16/2026 21:16:00,04/16/2026 21:17:26,ContractUpdate,Succeeded
Yara Berkhout (500243),Microsoft Active Directory,SEC-DiskEncryption (avo.local/Demo/Groups/SEC-DiskEncryption),Grant,06/25/2025 03:34:00,06/25/2025 03:35:26,PersonUpdate,Succeeded
Yara Berkhout (500243),Microsoft Active Directory,SEC-MFA-Enrolled (avo.local/Demo/Groups/SEC-MFA-Enrolled),Grant,06/08/2025 07:21:00,06/08/2025 07:21:52,Import,Succeeded
Yara Berkhout (500243),Microsoft Active Directory,APP-Office365 (avo.local/Demo/Groups/APP-Office365),Grant,11/02/2025 11:23:00,11/02/2025 11:23:34,ContractUpdate,Succeeded
Yara Berkhout (500243),Microsoft Active Directory,APP-Visio (avo.local/Demo/Groups/APP-Visio),Grant,06/01/2025 11:58:00,06/01/2025 11:59:03,ContractUpdate,Succeeded
Quinten Uijlenbroek (500244),Microsoft Active Directory,SEC-Antivirus (avo.local/Demo/Groups/SEC-Antivirus),Grant,11/20/2025 10:50:00,11/20/2025 10:50:43,BusinessRuleUpdate,Succeeded
Quinten Uijlenbroek (500244),Microsoft Active Directory,SEC-MFA-Enrolled (avo.local/Demo/Groups/SEC-MFA-Enrolled),Grant,03/13/2026 10:41:00,03/13/2026 10:42:05,BusinessRuleUpdate,Succeeded
Quinten Uijlenbroek (500244),Microsoft Active Directory,SEC-Endpoint-Protection (avo.local/Demo/Groups/SEC-Endpoint-Protection),Grant,05/15/2026 19:57:00,05/15/2026 19:57:05,BusinessRuleUpdate,Succeeded
Quinten Uijlenbroek (500244),Microsoft Active Directory,APP-Office365 (avo.local/Demo/Groups/APP-Office365),Grant,07/17/2025 21:17:00,07/17/2025 21:17:11,PersonUpdate,Succeeded
Quinten Uijlenbroek (500244),Microsoft Active Directory,APP-ICT03-Portal (avo.local/Demo/Groups/APP-ICT03-Portal),Grant,07/28/2026 19:05:00,07/28/2026 19:06:16,ContractUpdate,Succeeded
Quinten Uijlenbroek (500244),Microsoft Active Directory,FS-ICT03-RW (avo.local/Demo/Groups/FS-ICT03-RW),Grant,10/11/2025 12:07:00,10/11/2025 12:07:42,Import,Succeeded
Quinten Uijlenbroek (500244),Microsoft Active Directory,TEAM-ICT03 (avo.local/Demo/Groups/TEAM-ICT03),Grant,01/07/2026 23:54:00,01/07/2026 23:55:14,Import,Succeeded
Quinten Uijlenbroek (500244),Microsoft Active Directory,MBX-ICT03 (avo.local/Demo/Groups/MBX-ICT03),Grant,06/05/2025 14:42:00,06/05/2025 14:42:49,BusinessRuleUpdate,Succeeded
Quinten Uijlenbroek (500244),Microsoft Active Directory,APP-Selfservice (avo.local/Demo/Groups/APP-Selfservice),Grant,07/27/2026 16:53:00,07/27/2026 16:53:14,BusinessRuleUpdate,Succeeded
Quinten Coenen (500245),Microsoft Active Directory,SEC-DiskEncryption (avo.local/Demo/Groups/SEC-DiskEncryption),Grant,05/28/2026 06:15:00,05/28/2026 06:16:23,Import,Succeeded
Quinten Coenen (500245),Microsoft Active Directory,SEC-MFA-Enrolled (avo.local/Demo/Groups/SEC-MFA-Enrolled),Grant,05/19/2025 17:01:00,05/19/2025 17:02:21,ContractUpdate,Succeeded
Quinten Coenen (500245),Microsoft Active Directory,SEC-Endpoint-Protection (avo.local/Demo/Groups/SEC-Endpoint-Protection),Grant,05/07/2025 21:24:00,05/07/2025 21:25:00,ContractUpdate,Succeeded
Quinten Coenen (500245),Microsoft Active Directory,APP-Intranet (avo.local/Demo/Groups/APP-Intranet),Grant,04/24/2025 23:10:00,04/24/2025 23:10:17,ContractUpdate,Succeeded
Quinten Coenen (500245),Microsoft Active Directory,APP-Office365 (avo.local/Demo/Groups/APP-Office365),Grant,06/28/2025 04:46:00,06/28/2025 04:46:02,PersonUpdate,Succeeded
Cato Berkhout (500246),Microsoft Active Directory,SEC-MFA-Enrolled (avo.local/Demo/Groups/SEC-MFA-Enrolled),Grant,07/24/2026 12:02:00,07/24/2026 12:02:46,ContractUpdate,Succeeded
Lars Lindeboom (500247),Microsoft Active Directory,SEC-MFA-Enrolled (avo.local/Demo/Groups/SEC-MFA-Enrolled),Grant,02/13/2026 05:05:00,02/13/2026 05:05:26,ContractUpdate,Succeeded
Lars Lindeboom (500247),Microsoft Active Directory,SEC-Endpoint-Protection (avo.local/Demo/Groups/SEC-Endpoint-Protection),Grant,07/08/2025 13:50:00,07/08/2025 13:50:03,ContractUpdate,Succeeded
Lars Lindeboom (500247),Microsoft Active Directory,APP-Intranet (avo.local/Demo/Groups/APP-Intranet),Grant,06/29/2026 12:29:00,06/29/2026 12:30:06,ContractUpdate,Succeeded
Lars Lindeboom (500247),Microsoft Active Directory,APP-Office365 (avo.local/Demo/Groups/APP-Office365),Grant,07/09/2025 10:40:00,07/09/2025 10:40:24,BusinessRuleUpdate,Succeeded
Lars Lindeboom (500247),Microsoft Active Directory,APP-HRM02-Portal (avo.local/Demo/Groups/APP-HRM02-Portal),Grant,12/19/2025 18:32:00,12/19/2025 18:32:18,PersonUpdate,Succeeded
Lars Lindeboom (500247),Microsoft Active Directory,FS-HRM02-RO (avo.local/Demo/Groups/FS-HRM02-RO),Grant,05/20/2026 20:39:00,05/20/2026 20:39:05,ContractUpdate,Succeeded
Lars Lindeboom (500247),Microsoft Active Directory,MBX-HRM02 (avo.local/Demo/Groups/MBX-HRM02),Grant,07/25/2025 10:56:00,07/25/2025 10:56:03,Import,Succeeded
Olivier Gerritsen (500248),Microsoft Active Directory,SEC-Antivirus (avo.local/Demo/Groups/SEC-Antivirus),Grant,01/15/2026 14:28:00,01/15/2026 14:28:29,ContractUpdate,Succeeded
Olivier Gerritsen (500248),Microsoft Active Directory,SEC-DiskEncryption (avo.local/Demo/Groups/SEC-DiskEncryption),Grant,04/29/2026 09:45:00,04/29/2026 09:46:03,PersonUpdate,Succeeded
Olivier Gerritsen (500248),Microsoft Active Directory,SEC-DiskEncryption (avo.local/Demo/Groups/SEC-DiskEncryption),Revoke,05/07/2026 09:45:00,05/07/2026 09:46:17,ContractUpdate,Succeeded
Olivier Gerritsen (500248),Microsoft Active Directory,SEC-DiskEncryption (avo.local/Demo/Groups/SEC-DiskEncryption),Grant,05/23/2026 09:45:00,05/23/2026 09:45:44,ContractUpdate,Succeeded
Olivier Gerritsen (500248),Microsoft Active Directory,SEC-MFA-Enrolled (avo.local/Demo/Groups/SEC-MFA-Enrolled),Grant,05/26/2026 19:19:00,05/26/2026 19:19:34,Import,Succeeded
Olivier Gerritsen (500248),Microsoft Active Directory,SEC-Endpoint-Protection (avo.local/Demo/Groups/SEC-Endpoint-Protection),Grant,01/20/2026 21:20:00,01/20/2026 21:20:13,Import,Succeeded
Olivier Gerritsen (500248),Microsoft Active Directory,APP-CA010-Portal (avo.local/Demo/Groups/APP-CA010-Portal),Grant,04/07/2026 20:04:00,04/07/2026 20:04:45,PersonUpdate,Succeeded
Olivier Gerritsen (500248),Microsoft Active Directory,FS-CA010-RO (avo.local/Demo/Groups/FS-CA010-RO),Grant,04/08/2026 03:16:00,04/08/2026 03:16:56,BusinessRuleUpdate,Succeeded
Olivier Gerritsen (500248),Microsoft Active Directory,FS-CA010-RW (avo.local/Demo/Groups/FS-CA010-RW),Grant,10/23/2025 23:29:00,10/23/2025 23:29:06,ContractUpdate,Succeeded
Olivier Gerritsen (500248),Microsoft Active Directory,TEAM-CA010 (avo.local/Demo/Groups/TEAM-CA010),Grant,01/23/2026 01:12:00,01/23/2026 01:13:10,Import,Succeeded
Olivier Gerritsen (500248),Microsoft Active Directory,MBX-CA010 (avo.local/Demo/Groups/MBX-CA010),Grant,05/19/2026 22:17:00,05/19/2026 22:18:25,PersonUpdate,Succeeded
Ursula Oosterhuis (500249),Microsoft Active Directory,SEC-Antivirus (avo.local/Demo/Groups/SEC-Antivirus),Grant,01/18/2026 14:51:00,01/18/2026 14:52:20,BusinessRuleUpdate,Succeeded
Ursula Oosterhuis (500249),Microsoft Active Directory,SEC-Endpoint-Protection (avo.local/Demo/Groups/SEC-Endpoint-Protection),Grant,12/24/2025 20:51:00,12/24/2025 20:52:21,BusinessRuleUpdate,Succeeded
Ursula Oosterhuis (500249),Microsoft Active Directory,APP-Intranet (avo.local/Demo/Groups/APP-Intranet),Grant,06/10/2026 04:04:00,06/10/2026 04:05:11,Import,Succeeded
Ursula Oosterhuis (500249),Microsoft Active Directory,APP-CA060-Portal (avo.local/Demo/Groups/APP-CA060-Portal),Grant,05/21/2025 12:24:00,05/21/2025 12:25:03,PersonUpdate,Succeeded
Ursula Oosterhuis (500249),Microsoft Active Directory,FS-CA060-RO (avo.local/Demo/Groups/FS-CA060-RO),Grant,08/17/2025 20:14:00,08/17/2025 20:15:12,PersonUpdate,Succeeded
Ursula Oosterhuis (500249),Microsoft Active Directory,MBX-CA060 (avo.local/Demo/Groups/MBX-CA060),Grant,07/05/2025 19:19:00,07/05/2025 19:19:31,BusinessRuleUpdate,Succeeded
Yara Ipenburg (500250),Microsoft Active Directory,SEC-Antivirus (avo.local/Demo/Groups/SEC-Antivirus),Grant,04/30/2026 06:57:00,04/30/2026 06:57:23,PersonUpdate,Succeeded
Yara Ipenburg (500250),Microsoft Active Directory,SEC-DiskEncryption (avo.local/Demo/Groups/SEC-DiskEncryption),Grant,10/24/2025 05:19:00,10/24/2025 05:19:15,Import,Succeeded
Yara Ipenburg (500250),Microsoft Active Directory,SEC-MFA-Enrolled (avo.local/Demo/Groups/SEC-MFA-Enrolled),Grant,02/26/2026 01:33:00,02/26/2026 01:33:26,PersonUpdate,Succeeded
Yara Ipenburg (500250),Microsoft Active Directory,SEC-Endpoint-Protection (avo.local/Demo/Groups/SEC-Endpoint-Protection),Grant,07/21/2026 08:08:00,07/21/2026 08:08:08,BusinessRuleUpdate,Succeeded
Yara Ipenburg (500250),Microsoft Active Directory,FS-HRM02-RO (avo.local/Demo/Groups/FS-HRM02-RO),Grant,05/23/2026 23:52:00,05/23/2026 23:52:13,ContractUpdate,Succeeded
Yara Ipenburg (500250),Microsoft Active Directory,FS-HRM02-RW (avo.local/Demo/Groups/FS-HRM02-RW),Grant,01/03/2026 15:53:00,01/03/2026 15:53:59,BusinessRuleUpdate,Succeeded
Yara Ipenburg (500250),Microsoft Active Directory,MBX-HRM02 (avo.local/Demo/Groups/MBX-HRM02),Grant,06/23/2025 15:52:00,06/23/2025 15:52:06,BusinessRuleUpdate,Succeeded
Yara Ipenburg (500250),Microsoft Active Directory,ROLE-Begeleider (avo.local/Demo/Groups/ROLE-Begeleider),Grant,05/26/2025 02:57:00,05/26/2025 02:58:27,BusinessRuleUpdate,Succeeded
Yara Ipenburg (500250),Microsoft Active Directory,APP-Visio (avo.local/Demo/Groups/APP-Visio),Grant,10/28/2025 06:24:00,10/28/2025 06:24:46,Import,Succeeded
Finn Zomerdijk (500251),Microsoft Active Directory,SEC-DiskEncryption (avo.local/Demo/Groups/SEC-DiskEncryption),Grant,08/12/2025 06:37:00,08/12/2025 06:37:56,BusinessRuleUpdate,Succeeded
Finn Zomerdijk (500251),Microsoft Active Directory,SEC-MFA-Enrolled (avo.local/Demo/Groups/SEC-MFA-Enrolled),Grant,09/30/2025 09:28:00,09/30/2025 09:28:25,Import,Succeeded
Finn Zomerdijk (500251),Microsoft Active Directory,APP-Office365 (avo.local/Demo/Groups/APP-Office365),Grant,11/28/2025 01:12:00,11/28/2025 01:12:07,PersonUpdate,Succeeded
Finn Zomerdijk (500251),Microsoft Active Directory,APP-Office365 (avo.local/Demo/Groups/APP-Office365),Revoke,12/29/2025 01:12:00,12/29/2025 01:12:15,ContractUpdate,Succeeded
Finn Zomerdijk (500251),Microsoft Active Directory,APP-Office365 (avo.local/Demo/Groups/APP-Office365),Grant,01/15/2026 01:12:00,01/15/2026 01:12:36,ContractUpdate,Succeeded
Noa Kalisvaart (500252),Microsoft Active Directory,SEC-Antivirus (avo.local/Demo/Groups/SEC-Antivirus),Grant,05/19/2026 07:22:00,05/19/2026 07:22:41,PersonUpdate,Succeeded
Noa Kalisvaart (500252),Microsoft Active Directory,SEC-DiskEncryption (avo.local/Demo/Groups/SEC-DiskEncryption),Grant,03/18/2026 07:22:00,03/18/2026 07:22:05,BusinessRuleUpdate,Succeeded
Noa Kalisvaart (500252),Microsoft Active Directory,SEC-MFA-Enrolled (avo.local/Demo/Groups/SEC-MFA-Enrolled),Grant,07/16/2026 17:41:00,07/16/2026 17:41:25,BusinessRuleUpdate,Succeeded
Noa Kalisvaart (500252),Microsoft Active Directory,SEC-Endpoint-Protection (avo.local/Demo/Groups/SEC-Endpoint-Protection),Grant,09/21/2025 04:15:00,09/21/2025 04:16:10,Import,Succeeded
Noa Kalisvaart (500252),Microsoft Active Directory,APP-Intranet (avo.local/Demo/Groups/APP-Intranet),Grant,04/17/2025 07:15:00,04/17/2025 07:15:15,PersonUpdate,Succeeded
Pien Hoekstra (500253),Microsoft Active Directory,SEC-Antivirus (avo.local/Demo/Groups/SEC-Antivirus),Grant,07/06/2026 10:36:00,07/06/2026 10:37:16,Import,Succeeded
Pien Hoekstra (500253),Microsoft Active Directory,SEC-DiskEncryption (avo.local/Demo/Groups/SEC-DiskEncryption),Grant,03/03/2026 03:28:00,03/03/2026 03:29:10,BusinessRuleUpdate,Succeeded
Pien Hoekstra (500253),Microsoft Active Directory,APP-Intranet (avo.local/Demo/Groups/APP-Intranet),Grant,11/09/2025 00:26:00,11/09/2025 00:26:12,BusinessRuleUpdate,Succeeded
Pien Hoekstra (500253),Microsoft Active Directory,APP-Adobe-AcrobatPro (avo.local/Demo/Groups/APP-Adobe-AcrobatPro),Grant,06/27/2025 19:46:00,06/27/2025 19:47:10,PersonUpdate,Succeeded
Gijs Fokkema (500254),Microsoft Active Directory,SEC-Antivirus (avo.local/Demo/Groups/SEC-Antivirus),Grant,09/14/2025 00:57:00,09/14/2025 00:57:07,ContractUpdate,Succeeded
Gijs Fokkema (500254),Microsoft Active Directory,SEC-MFA-Enrolled (avo.local/Demo/Groups/SEC-MFA-Enrolled),Grant,05/09/2025 16:55:00,05/09/2025 16:55:41,BusinessRuleUpdate,Succeeded
Gijs Fokkema (500254),Microsoft Active Directory,APP-CB12-Portal (avo.local/Demo/Groups/APP-CB12-Portal),Grant,11/14/2025 14:25:00,11/14/2025 14:26:08,PersonUpdate,Succeeded
Gijs Fokkema (500254),Microsoft Active Directory,FS-CB12-RO (avo.local/Demo/Groups/FS-CB12-RO),Grant,03/16/2026 03:20:00,03/16/2026 03:20:27,BusinessRuleUpdate,Succeeded
Gijs Fokkema (500254),Microsoft Active Directory,FS-CB12-RW (avo.local/Demo/Groups/FS-CB12-RW),Grant,07/21/2026 19:31:00,07/21/2026 19:32:13,PersonUpdate,Succeeded
Gijs Fokkema (500254),Microsoft Active Directory,TEAM-CB12 (avo.local/Demo/Groups/TEAM-CB12),Grant,11/05/2025 09:32:00,11/05/2025 09:32:09,PersonUpdate,Succeeded
Gijs Fokkema (500254),Microsoft Active Directory,MBX-CB12 (avo.local/Demo/Groups/MBX-CB12),Grant,09/24/2025 17:46:00,09/24/2025 17:46:11,ContractUpdate,Succeeded
Gijs Fokkema (500255),Microsoft Active Directory,SEC-Antivirus (avo.local/Demo/Groups/SEC-Antivirus),Grant,09/05/2025 20:15:00,09/05/2025 20:15:35,BusinessRuleUpdate,Succeeded
Gijs Fokkema (500255),Microsoft Active Directory,SEC-DiskEncryption (avo.local/Demo/Groups/SEC-DiskEncryption),Grant,03/28/2026 17:21:00,03/28/2026 17:21:59,ContractUpdate,Succeeded
Gijs Fokkema (500255),Microsoft Active Directory,SEC-MFA-Enrolled (avo.local/Demo/Groups/SEC-MFA-Enrolled),Grant,08/20/2025 04:35:00,08/20/2025 04:36:22,BusinessRuleUpdate,Succeeded
Gijs Fokkema (500255),Microsoft Active Directory,SEC-Endpoint-Protection (avo.local/Demo/Groups/SEC-Endpoint-Protection),Grant,07/17/2025 09:32:00,07/17/2025 09:32:35,BusinessRuleUpdate,Succeeded
Gijs Fokkema (500255),Microsoft Active Directory,APP-Office365 (avo.local/Demo/Groups/APP-Office365),Grant,04/15/2026 02:51:00,04/15/2026 02:51:49,ContractUpdate,Succeeded
Gijs Fokkema (500255),Microsoft Active Directory,APP-Adobe-AcrobatPro (avo.local/Demo/Groups/APP-Adobe-AcrobatPro),Grant,12/12/2025 06:55:00,12/12/2025 06:56:12,BusinessRuleUpdate,Succeeded
Hanna Jonker (500256),Microsoft Active Directory,SEC-Antivirus (avo.local/Demo/Groups/SEC-Antivirus),Grant,02/16/2026 21:40:00,02/16/2026 21:40:01,BusinessRuleUpdate,Succeeded
Hanna Jonker (500256),Microsoft Active Directory,SEC-MFA-Enrolled (avo.local/Demo/Groups/SEC-MFA-Enrolled),Grant,10/01/2025 12:51:00,10/01/2025 12:52:29,ContractUpdate,Succeeded
Hanna Jonker (500256),Microsoft Active Directory,SEC-Endpoint-Protection (avo.local/Demo/Groups/SEC-Endpoint-Protection),Grant,01/08/2026 13:13:00,01/08/2026 13:14:06,ContractUpdate,Succeeded
Hanna Jonker (500256),Microsoft Active Directory,APP-Office365 (avo.local/Demo/Groups/APP-Office365),Grant,07/10/2025 17:37:00,07/10/2025 17:37:20,PersonUpdate,Succeeded
Hanna Jonker (500256),Microsoft Active Directory,APP-Office365 (avo.local/Demo/Groups/APP-Office365),Revoke,09/02/2025 17:37:00,09/02/2025 17:37:49,ContractUpdate,Succeeded
Hanna Jonker (500256),Microsoft Active Directory,APP-Office365 (avo.local/Demo/Groups/APP-Office365),Grant,09/04/2025 17:37:00,09/04/2025 17:37:13,ContractUpdate,Succeeded
Hanna Jonker (500256),Microsoft Active Directory,APP-CB12-Portal (avo.local/Demo/Groups/APP-CB12-Portal),Grant,02/07/2026 07:47:00,02/07/2026 07:48:28,ContractUpdate,Succeeded
Hanna Jonker (500256),Microsoft Active Directory,FS-CB12-RW (avo.local/Demo/Groups/FS-CB12-RW),Grant,06/11/2026 15:56:00,06/11/2026 15:56:03,BusinessRuleUpdate,Succeeded
Hanna Jonker (500256),Microsoft Active Directory,MBX-CB12 (avo.local/Demo/Groups/MBX-CB12),Grant,12/06/2025 18:24:00,12/06/2025 18:24:13,Import,Succeeded
Hanna Jonker (500256),Microsoft Active Directory,APP-Selfservice (avo.local/Demo/Groups/APP-Selfservice),Grant,05/24/2025 21:54:00,05/24/2025 21:54:04,PersonUpdate,Succeeded
Vera Kalisvaart (500257),Microsoft Active Directory,SEC-MFA-Enrolled (avo.local/Demo/Groups/SEC-MFA-Enrolled),Grant,05/27/2025 05:16:00,05/27/2025 05:17:08,PersonUpdate,Succeeded
Vera Kalisvaart (500257),Microsoft Active Directory,APP-Intranet (avo.local/Demo/Groups/APP-Intranet),Grant,05/20/2026 11:45:00,05/20/2026 11:46:04,BusinessRuleUpdate,Succeeded
Vera Kalisvaart (500257),Microsoft Active Directory,APP-Intranet (avo.local/Demo/Groups/APP-Intranet),Revoke,07/19/2026 11:45:00,07/19/2026 11:46:29,ContractUpdate,Succeeded
Vera Kalisvaart (500257),Microsoft Active Directory,APP-Intranet (avo.local/Demo/Groups/APP-Intranet),Grant,08/03/2026 23:00:00,08/03/2026 23:01:02,ContractUpdate,Succeeded
Vera Kalisvaart (500257),Microsoft Active Directory,APP-Office365 (avo.local/Demo/Groups/APP-Office365),Grant,09/21/2025 03:50:00,09/21/2025 03:50:46,PersonUpdate,Succeeded
Vera Kalisvaart (500257),Microsoft Active Directory,FS-CZ08-RO (avo.local/Demo/Groups/FS-CZ08-RO),Grant,11/14/2025 08:07:00,11/14/2025 08:08:22,ContractUpdate,Succeeded
Vera Kalisvaart (500257),Microsoft Active Directory,TEAM-CZ08 (avo.local/Demo/Groups/TEAM-CZ08),Grant,07/30/2026 19:25:00,07/30/2026 19:25:48,Import,Succeeded
Vera Kalisvaart (500257),Microsoft Active Directory,APP-Selfservice (avo.local/Demo/Groups/APP-Selfservice),Grant,06/13/2026 03:03:00,06/13/2026 03:04:26,BusinessRuleUpdate,Succeeded
Vera Kalisvaart (500257),Microsoft Active Directory,APP-Selfservice (avo.local/Demo/Groups/APP-Selfservice),Revoke,07/01/2026 03:03:00,07/01/2026 03:04:16,ContractUpdate,Succeeded
Vera Kalisvaart (500257),Microsoft Active Directory,APP-Selfservice (avo.local/Demo/Groups/APP-Selfservice),Grant,07/05/2026 03:03:00,07/05/2026 03:03:28,ContractUpdate,Succeeded
Hanna Quaedvlieg (500258),Microsoft Active Directory,SEC-Antivirus (avo.local/Demo/Groups/SEC-Antivirus),Grant,06/09/2025 17:42:00,06/09/2025 17:42:50,ContractUpdate,Succeeded
Hanna Quaedvlieg (500258),Microsoft Active Directory,SEC-MFA-Enrolled (avo.local/Demo/Groups/SEC-MFA-Enrolled),Grant,08/21/2025 01:27:00,08/21/2025 01:27:02,ContractUpdate,Succeeded
Hanna Quaedvlieg (500258),Microsoft Active Directory,SEC-Endpoint-Protection (avo.local/Demo/Groups/SEC-Endpoint-Protection),Grant,03/16/2026 17:09:00,03/16/2026 17:09:35,PersonUpdate,Succeeded
Hanna Quaedvlieg (500258),Microsoft Active Directory,APP-Office365 (avo.local/Demo/Groups/APP-Office365),Grant,05/01/2025 22:37:00,05/01/2025 22:37:21,PersonUpdate,Succeeded
Pien Ipenburg (500259),Microsoft Active Directory,SEC-Antivirus (avo.local/Demo/Groups/SEC-Antivirus),Grant,11/24/2025 00:13:00,11/24/2025 00:14:30,BusinessRuleUpdate,Succeeded
Pien Ipenburg (500259),Microsoft Active Directory,SEC-DiskEncryption (avo.local/Demo/Groups/SEC-DiskEncryption),Grant,05/18/2026 03:22:00,05/18/2026 03:22:41,ContractUpdate,Succeeded
Pien Ipenburg (500259),Microsoft Active Directory,SEC-MFA-Enrolled (avo.local/Demo/Groups/SEC-MFA-Enrolled),Grant,06/20/2025 22:44:00,06/20/2025 22:45:12,ContractUpdate,Succeeded
Pien Ipenburg (500259),Microsoft Active Directory,SEC-Endpoint-Protection (avo.local/Demo/Groups/SEC-Endpoint-Protection),Grant,09/02/2025 21:09:00,09/02/2025 21:10:09,PersonUpdate,Succeeded
Pien Ipenburg (500259),Microsoft Active Directory,APP-CZ08-Portal (avo.local/Demo/Groups/APP-CZ08-Portal),Grant,10/23/2025 18:13:00,10/23/2025 18:14:16,ContractUpdate,Succeeded
Pien Ipenburg (500259),Microsoft Active Directory,FS-CZ08-RO (avo.local/Demo/Groups/FS-CZ08-RO),Grant,01/20/2026 02:00:00,01/20/2026 02:00:45,BusinessRuleUpdate,Succeeded
Pien Ipenburg (500259),Microsoft Active Directory,FS-CZ08-RW (avo.local/Demo/Groups/FS-CZ08-RW),Grant,02/08/2026 20:44:00,02/08/2026 20:45:13,PersonUpdate,Succeeded
Pien Ipenburg (500259),Microsoft Active Directory,TEAM-CZ08 (avo.local/Demo/Groups/TEAM-CZ08),Grant,04/29/2025 18:56:00,04/29/2025 18:56:51,ContractUpdate,Succeeded
Pien Ipenburg (500259),Microsoft Active Directory,APP-Selfservice (avo.local/Demo/Groups/APP-Selfservice),Grant,04/24/2025 21:27:00,04/24/2025 21:27:12,Import,Succeeded
Pien Ipenburg (500259),Microsoft Active Directory,ROLE-Verzorgende (avo.local/Demo/Groups/ROLE-Verzorgende),Grant,06/29/2025 02:04:00,06/29/2025 02:04:56,BusinessRuleUpdate,Succeeded
Pien Ipenburg (500259),Microsoft Active Directory,APP-Copilot (avo.local/Demo/Groups/APP-Copilot),Grant,05/28/2026 13:08:00,05/28/2026 13:08:04,PersonUpdate,Succeeded
Finn Vroegindeweij (500260),Microsoft Active Directory,SEC-Antivirus (avo.local/Demo/Groups/SEC-Antivirus),Grant,10/09/2025 22:41:00,10/09/2025 22:41:56,Import,Succeeded
Finn Vroegindeweij (500260),Microsoft Active Directory,SEC-DiskEncryption (avo.local/Demo/Groups/SEC-DiskEncryption),Grant,06/01/2025 19:49:00,06/01/2025 19:49:32,BusinessRuleUpdate,Succeeded
Finn Vroegindeweij (500260),Microsoft Active Directory,SEC-MFA-Enrolled (avo.local/Demo/Groups/SEC-MFA-Enrolled),Grant,01/02/2026 18:18:00,01/02/2026 18:19:11,Import,Succeeded
Finn Vroegindeweij (500260),Microsoft Active Directory,SEC-Endpoint-Protection (avo.local/Demo/Groups/SEC-Endpoint-Protection),Grant,08/02/2026 09:13:00,08/02/2026 09:14:08,Import,Succeeded
Finn Vroegindeweij (500260),Microsoft Active Directory,APP-Intranet (avo.local/Demo/Groups/APP-Intranet),Grant,01/22/2026 04:27:00,01/22/2026 04:27:14,ContractUpdate,Succeeded
Finn Vroegindeweij (500260),Microsoft Active Directory,APP-Office365 (avo.local/Demo/Groups/APP-Office365),Grant,05/25/2026 08:53:00,05/25/2026 08:53:07,Import,Succeeded
Finn Vroegindeweij (500260),Microsoft Active Directory,APP-HRM02-Portal (avo.local/Demo/Groups/APP-HRM02-Portal),Grant,11/08/2025 14:03:00,11/08/2025 14:03:05,ContractUpdate,Succeeded
Finn Vroegindeweij (500260),Microsoft Active Directory,FS-HRM02-RO (avo.local/Demo/Groups/FS-HRM02-RO),Grant,06/26/2026 10:42:00,06/26/2026 10:43:25,PersonUpdate,Succeeded
Finn Vroegindeweij (500260),Microsoft Active Directory,FS-HRM02-RW (avo.local/Demo/Groups/FS-HRM02-RW),Grant,06/29/2025 23:01:00,06/29/2025 23:01:40,Import,Succeeded
Finn Vroegindeweij (500260),Microsoft Active Directory,TEAM-HRM02 (avo.local/Demo/Groups/TEAM-HRM02),Grant,07/10/2025 17:49:00,07/10/2025 17:50:03,BusinessRuleUpdate,Succeeded
Finn Vroegindeweij (500260),Microsoft Active Directory,MBX-HRM02 (avo.local/Demo/Groups/MBX-HRM02),Grant,04/13/2025 14:06:00,04/13/2025 14:06:29,Import,Succeeded
Finn Vroegindeweij (500260),Microsoft Active Directory,ROLE-Verpleegkundige (avo.local/Demo/Groups/ROLE-Verpleegkundige),Grant,04/04/2025 10:51:00,04/04/2025 10:52:22,Import,Succeeded
Finn Vroegindeweij (500260),Microsoft Active Directory,APP-Visio (avo.local/Demo/Groups/APP-Visio),Grant,05/03/2026 11:47:00,05/03/2026 11:47:58,ContractUpdate,Succeeded
Finn Vroegindeweij (500260),Microsoft Active Directory,MBX-CA010 (avo.local/Demo/Groups/MBX-CA010),Grant,09/10/2025 21:33:00,09/10/2025 21:34:27,PersonUpdate,Succeeded
Quinten Fokkema (500261),Microsoft Active Directory,SEC-Antivirus (avo.local/Demo/Groups/SEC-Antivirus),Grant,11/20/2025 02:59:00,11/20/2025 02:59:59,BusinessRuleUpdate,Succeeded
Quinten Fokkema (500261),Microsoft Active Directory,SEC-DiskEncryption (avo.local/Demo/Groups/SEC-DiskEncryption),Grant,07/11/2026 12:10:00,07/11/2026 12:11:05,BusinessRuleUpdate,Succeeded
Quinten Fokkema (500261),Microsoft Active Directory,SEC-MFA-Enrolled (avo.local/Demo/Groups/SEC-MFA-Enrolled),Grant,04/17/2026 19:56:00,04/17/2026 19:56:21,ContractUpdate,Succeeded
Quinten Fokkema (500261),Microsoft Active Directory,APP-Intranet (avo.local/Demo/Groups/APP-Intranet),Grant,05/02/2025 00:05:00,05/02/2025 00:06:03,BusinessRuleUpdate,Succeeded
Quinten Fokkema (500261),Microsoft Active Directory,APP-Intranet (avo.local/Demo/Groups/APP-Intranet),Revoke,06/04/2025 00:05:00,06/04/2025 00:06:28,ContractUpdate,Succeeded
Quinten Fokkema (500261),Microsoft Active Directory,APP-Intranet (avo.local/Demo/Groups/APP-Intranet),Grant,06/23/2025 00:05:00,06/23/2025 00:05:51,ContractUpdate,Succeeded
Quinten Fokkema (500261),Microsoft Active Directory,APP-Office365 (avo.local/Demo/Groups/APP-Office365),Grant,07/17/2025 13:49:00,07/17/2025 13:50:18,BusinessRuleUpdate,Succeeded
Ursula Pronk (500262),Microsoft Active Directory,SEC-DiskEncryption (avo.local/Demo/Groups/SEC-DiskEncryption),Grant,06/09/2025 10:32:00,06/09/2025 10:32:59,Import,Succeeded
Ursula Pronk (500262),Microsoft Active Directory,SEC-MFA-Enrolled (avo.local/Demo/Groups/SEC-MFA-Enrolled),Grant,05/15/2026 03:10:00,05/15/2026 03:10:41,BusinessRuleUpdate,Succeeded
Ursula Pronk (500262),Microsoft Active Directory,APP-Office365 (avo.local/Demo/Groups/APP-Office365),Grant,08/29/2025 07:34:00,08/29/2025 07:34:42,BusinessRuleUpdate,Succeeded
Ursula Pronk (500262),Microsoft Active Directory,APP-CA010-Portal (avo.local/Demo/Groups/APP-CA010-Portal),Grant,12/24/2025 12:12:00,12/24/2025 12:13:23,Import,Succeeded
Ursula Pronk (500262),Microsoft Active Directory,FS-CA010-RO (avo.local/Demo/Groups/FS-CA010-RO),Grant,04/12/2025 18:40:00,04/12/2025 18:40:39,ContractUpdate,Succeeded
Ursula Pronk (500262),Microsoft Active Directory,FS-CA010-RW (avo.local/Demo/Groups/FS-CA010-RW),Grant,05/29/2025 13:56:00,05/29/2025 13:57:29,ContractUpdate,Succeeded
Ursula Pronk (500262),Microsoft Active Directory,MBX-CA010 (avo.local/Demo/Groups/MBX-CA010),Grant,01/23/2026 21:50:00,01/23/2026 21:50:36,BusinessRuleUpdate,Succeeded
Vera Oosterhuis (500263),Microsoft Active Directory,SEC-Antivirus (avo.local/Demo/Groups/SEC-Antivirus),Grant,06/26/2026 15:06:00,06/26/2026 15:06:27,BusinessRuleUpdate,Succeeded
Vera Oosterhuis (500263),Microsoft Active Directory,SEC-DiskEncryption (avo.local/Demo/Groups/SEC-DiskEncryption),Grant,07/17/2026 23:35:00,07/17/2026 23:35:44,Import,Succeeded
Vera Oosterhuis (500263),Microsoft Active Directory,SEC-MFA-Enrolled (avo.local/Demo/Groups/SEC-MFA-Enrolled),Grant,11/24/2025 14:37:00,11/24/2025 14:37:33,BusinessRuleUpdate,Succeeded
Vera Oosterhuis (500263),Microsoft Active Directory,SEC-Endpoint-Protection (avo.local/Demo/Groups/SEC-Endpoint-Protection),Grant,11/15/2025 04:33:00,11/15/2025 04:33:09,ContractUpdate,Succeeded
Vera Oosterhuis (500263),Microsoft Active Directory,APP-Intranet (avo.local/Demo/Groups/APP-Intranet),Grant,10/02/2025 18:01:00,10/02/2025 18:02:26,Import,Succeeded
Vera Oosterhuis (500263),Microsoft Active Directory,APP-Office365 (avo.local/Demo/Groups/APP-Office365),Grant,09/23/2025 18:29:00,09/23/2025 18:29:29,ContractUpdate,Succeeded
Sem Gerritsen (500264),Microsoft Active Directory,SEC-Antivirus (avo.local/Demo/Groups/SEC-Antivirus),Grant,12/06/2025 08:54:00,12/06/2025 08:54:43,Import,Succeeded
Sem Gerritsen (500264),Microsoft Active Directory,SEC-DiskEncryption (avo.local/Demo/Groups/SEC-DiskEncryption),Grant,04/23/2026 20:28:00,04/23/2026 20:28:59,BusinessRuleUpdate,Succeeded
Sem Gerritsen (500264),Microsoft Active Directory,SEC-MFA-Enrolled (avo.local/Demo/Groups/SEC-MFA-Enrolled),Grant,06/07/2025 14:02:00,06/07/2025 14:02:43,BusinessRuleUpdate,Succeeded
Sem Gerritsen (500264),Microsoft Active Directory,SEC-MFA-Enrolled (avo.local/Demo/Groups/SEC-MFA-Enrolled),Revoke,07/01/2025 14:02:00,07/01/2025 14:03:28,ContractUpdate,Succeeded
Sem Gerritsen (500264),Microsoft Active Directory,SEC-MFA-Enrolled (avo.local/Demo/Groups/SEC-MFA-Enrolled),Grant,07/03/2025 14:02:00,07/03/2025 14:03:03,ContractUpdate,Succeeded
Sem Gerritsen (500264),Microsoft Active Directory,APP-Office365 (avo.local/Demo/Groups/APP-Office365),Grant,12/26/2025 02:15:00,12/26/2025 02:15:08,Import,Succeeded
Sem Gerritsen (500264),Microsoft Active Directory,ROLE-Begeleider (avo.local/Demo/Groups/ROLE-Begeleider),Grant,06/20/2025 06:09:00,06/20/2025 06:10:05,Import,Succeeded
Xander Aalbers (500265),Microsoft Active Directory,SEC-DiskEncryption (avo.local/Demo/Groups/SEC-DiskEncryption),Grant,09/28/2025 03:45:00,09/28/2025 03:45:35,BusinessRuleUpdate,Succeeded
Xander Aalbers (500265),Microsoft Active Directory,SEC-MFA-Enrolled (avo.local/Demo/Groups/SEC-MFA-Enrolled),Grant,04/15/2026 21:50:00,04/15/2026 21:50:48,Import,Succeeded
Xander Aalbers (500265),Microsoft Active Directory,APP-Intranet (avo.local/Demo/Groups/APP-Intranet),Grant,01/29/2026 20:47:00,01/29/2026 20:48:06,PersonUpdate,Succeeded
Daan Zomerdijk (500266),Microsoft Active Directory,SEC-Antivirus (avo.local/Demo/Groups/SEC-Antivirus),Grant,10/09/2025 07:50:00,10/09/2025 07:51:04,PersonUpdate,Succeeded
Daan Zomerdijk (500266),Microsoft Active Directory,SEC-DiskEncryption (avo.local/Demo/Groups/SEC-DiskEncryption),Grant,03/25/2026 17:21:00,03/25/2026 17:21:23,BusinessRuleUpdate,Succeeded
Daan Zomerdijk (500266),Microsoft Active Directory,SEC-MFA-Enrolled (avo.local/Demo/Groups/SEC-MFA-Enrolled),Grant,05/17/2025 11:04:00,05/17/2025 11:04:25,BusinessRuleUpdate,Succeeded
Daan Zomerdijk (500266),Microsoft Active Directory,SEC-Endpoint-Protection (avo.local/Demo/Groups/SEC-Endpoint-Protection),Grant,12/28/2025 16:37:00,12/28/2025 16:37:30,Import,Succeeded
Daan Zomerdijk (500266),Microsoft Active Directory,APP-Intranet (avo.local/Demo/Groups/APP-Intranet),Grant,06/08/2026 06:22:00,06/08/2026 06:22:34,PersonUpdate,Succeeded
Daan Zomerdijk (500266),Microsoft Active Directory,APP-Intranet (avo.local/Demo/Groups/APP-Intranet),Revoke,08/03/2026 23:00:00,08/03/2026 23:00:08,ContractUpdate,Succeeded
Daan Zomerdijk (500266),Microsoft Active Directory,APP-Intranet (avo.local/Demo/Groups/APP-Intranet),Grant,08/03/2026 23:00:00,08/03/2026 23:01:30,ContractUpdate,Succeeded
Daan Zomerdijk (500266),Microsoft Active Directory,APP-Office365 (avo.local/Demo/Groups/APP-Office365),Grant,11/20/2025 01:04:00,11/20/2025 01:05:06,PersonUpdate,Succeeded
Daan Zomerdijk (500266),Microsoft Active Directory,APP-CB12-Portal (avo.local/Demo/Groups/APP-CB12-Portal),Grant,07/12/2026 01:54:00,07/12/2026 01:55:21,ContractUpdate,Succeeded
Daan Zomerdijk (500266),Microsoft Active Directory,FS-CB12-RO (avo.local/Demo/Groups/FS-CB12-RO),Grant,10/25/2025 22:00:00,10/25/2025 22:01:23,ContractUpdate,Succeeded
Daan Zomerdijk (500266),Microsoft Active Directory,FS-CB12-RW (avo.local/Demo/Groups/FS-CB12-RW),Grant,11/21/2025 12:09:00,11/21/2025 12:09:20,BusinessRuleUpdate,Succeeded
Daan Zomerdijk (500266),Microsoft Active Directory,TEAM-CB12 (avo.local/Demo/Groups/TEAM-CB12),Grant,12/22/2025 03:46:00,12/22/2025 03:47:00,ContractUpdate,Succeeded
Daan Zomerdijk (500266),Microsoft Active Directory,APP-Selfservice (avo.local/Demo/Groups/APP-Selfservice),Grant,11/10/2025 00:58:00,11/10/2025 00:59:12,ContractUpdate,Succeeded
Noa Jonker (500267),Microsoft Active Directory,SEC-Antivirus (avo.local/Demo/Groups/SEC-Antivirus),Grant,05/24/2025 19:37:00,05/24/2025 19:38:09,Import,Succeeded
Noa Jonker (500267),Microsoft Active Directory,SEC-DiskEncryption (avo.local/Demo/Groups/SEC-DiskEncryption),Grant,11/15/2025 22:47:00,11/15/2025 22:47:05,Import,Succeeded
Noa Jonker (500267),Microsoft Active Directory,SEC-DiskEncryption (avo.local/Demo/Groups/SEC-DiskEncryption),Revoke,12/03/2025 22:47:00,12/03/2025 22:48:24,ContractUpdate,Succeeded
Noa Jonker (500267),Microsoft Active Directory,SEC-DiskEncryption (avo.local/Demo/Groups/SEC-DiskEncryption),Grant,12/07/2025 22:47:00,12/07/2025 22:47:29,ContractUpdate,Succeeded
Noa Jonker (500267),Microsoft Active Directory,SEC-MFA-Enrolled (avo.local/Demo/Groups/SEC-MFA-Enrolled),Grant,09/10/2025 22:14:00,09/10/2025 22:15:06,PersonUpdate,Succeeded
Noa Jonker (500267),Microsoft Active Directory,SEC-Endpoint-Protection (avo.local/Demo/Groups/SEC-Endpoint-Protection),Grant,12/12/2025 01:37:00,12/12/2025 01:37:25,Import,Succeeded
Noa Jonker (500267),Microsoft Active Directory,APP-Intranet (avo.local/Demo/Groups/APP-Intranet),Grant,01/13/2026 16:26:00,01/13/2026 16:27:10,ContractUpdate,Succeeded
Noa Jonker (500267),Microsoft Active Directory,ROLE-Begeleider (avo.local/Demo/Groups/ROLE-Begeleider),Grant,02/18/2026 01:49:00,02/18/2026 01:50:20,ContractUpdate,Succeeded
Noa Jonker (500267),Microsoft Active Directory,APP-Adobe-AcrobatPro (avo.local/Demo/Groups/APP-Adobe-AcrobatPro),Grant,10/14/2025 09:02:00,10/14/2025 09:03:17,BusinessRuleUpdate,Succeeded
Noa Jonker (500267),Microsoft Active Directory,FS-Begeleider-DATA (avo.local/Demo/Groups/FS-Begeleider-DATA),Grant,07/20/2025 20:07:00,07/20/2025 20:07:07,PersonUpdate,Succeeded
Olivier Lindeboom (500268),Microsoft Active Directory,SEC-MFA-Enrolled (avo.local/Demo/Groups/SEC-MFA-Enrolled),Grant,05/12/2025 11:04:00,05/12/2025 11:04:51,Import,Succeeded
Olivier Lindeboom (500268),Microsoft Active Directory,APP-Office365 (avo.local/Demo/Groups/APP-Office365),Grant,02/15/2026 16:02:00,02/15/2026 16:02:53,Import,Succeeded
Anne Jonker (500269),Microsoft Active Directory,SEC-DiskEncryption (avo.local/Demo/Groups/SEC-DiskEncryption),Grant,12/20/2025 04:34:00,12/20/2025 04:34:36,PersonUpdate,Succeeded
Anne Jonker (500269),Microsoft Active Directory,SEC-MFA-Enrolled (avo.local/Demo/Groups/SEC-MFA-Enrolled),Grant,10/15/2025 18:43:00,10/15/2025 18:43:12,ContractUpdate,Succeeded
Anne Jonker (500269),Microsoft Active Directory,APP-Intranet (avo.local/Demo/Groups/APP-Intranet),Grant,04/14/2025 19:26:00,04/14/2025 19:26:17,Import,Succeeded
Anne Jonker (500269),Microsoft Active Directory,APP-Office365 (avo.local/Demo/Groups/APP-Office365),Grant,03/31/2026 02:05:00,03/31/2026 02:06:15,BusinessRuleUpdate,Succeeded
Anne Jonker (500269),Microsoft Active Directory,APP-Office365 (avo.local/Demo/Groups/APP-Office365),Revoke,04/26/2026 02:05:00,04/26/2026 02:06:03,ContractUpdate,Succeeded
Anne Jonker (500269),Microsoft Active Directory,APP-Office365 (avo.local/Demo/Groups/APP-Office365),Grant,05/03/2026 02:05:00,05/03/2026 02:05:38,ContractUpdate,Succeeded
Roos Hoekstra (500270),Microsoft Active Directory,SEC-Antivirus (avo.local/Demo/Groups/SEC-Antivirus),Grant,06/27/2025 20:46:00,06/27/2025 20:46:57,PersonUpdate,Succeeded
Roos Hoekstra (500270),Microsoft Active Directory,SEC-DiskEncryption (avo.local/Demo/Groups/SEC-DiskEncryption),Grant,07/25/2025 05:39:00,07/25/2025 05:40:25,ContractUpdate,Succeeded
Roos Hoekstra (500270),Microsoft Active Directory,SEC-MFA-Enrolled (avo.local/Demo/Groups/SEC-MFA-Enrolled),Grant,06/08/2025 03:32:00,06/08/2025 03:33:25,Import,Succeeded
Roos Hoekstra (500270),Microsoft Active Directory,APP-Intranet (avo.local/Demo/Groups/APP-Intranet),Grant,03/23/2025 08:03:00,03/23/2025 08:03:03,ContractUpdate,Succeeded
Roos Hoekstra (500270),Microsoft Active Directory,APP-Office365 (avo.local/Demo/Groups/APP-Office365),Grant,07/21/2025 09:36:00,07/21/2025 09:36:24,ContractUpdate,Succeeded
Roos Hoekstra (500270),Microsoft Active Directory,APP-CB12-Portal (avo.local/Demo/Groups/APP-CB12-Portal),Grant,03/15/2026 07:33:00,03/15/2026 07:34:17,Import,Succeeded
Roos Hoekstra (500270),Microsoft Active Directory,FS-CB12-RO (avo.local/Demo/Groups/FS-CB12-RO),Grant,08/14/2025 08:04:00,08/14/2025 08:04:24,BusinessRuleUpdate,Succeeded
Roos Hoekstra (500270),Microsoft Active Directory,TEAM-CB12 (avo.local/Demo/Groups/TEAM-CB12),Grant,06/21/2025 07:33:00,06/21/2025 07:34:24,BusinessRuleUpdate,Succeeded
Roos Hoekstra (500270),Microsoft Active Directory,MBX-CB12 (avo.local/Demo/Groups/MBX-CB12),Grant,07/09/2025 12:23:00,07/09/2025 12:23:24,Import,Succeeded
Roos Hoekstra (500270),Microsoft Active Directory,APP-Selfservice (avo.local/Demo/Groups/APP-Selfservice),Grant,06/10/2025 02:48:00,06/10/2025 02:48:24,ContractUpdate,Succeeded
Zoë Berkhout (500271),Microsoft Active Directory,SEC-Antivirus (avo.local/Demo/Groups/SEC-Antivirus),Grant,05/17/2026 09:01:00,05/17/2026 09:02:06,BusinessRuleUpdate,Succeeded
Zoë Berkhout (500271),Microsoft Active Directory,SEC-DiskEncryption (avo.local/Demo/Groups/SEC-DiskEncryption),Grant,04/07/2026 10:37:00,04/07/2026 10:37:44,PersonUpdate,Succeeded
Zoë Berkhout (500271),Microsoft Active Directory,SEC-MFA-Enrolled (avo.local/Demo/Groups/SEC-MFA-Enrolled),Grant,09/28/2025 09:10:00,09/28/2025 09:10:07,PersonUpdate,Succeeded
Zoë Berkhout (500271),Microsoft Active Directory,SEC-Endpoint-Protection (avo.local/Demo/Groups/SEC-Endpoint-Protection),Grant,12/13/2025 15:56:00,12/13/2025 15:56:35,Import,Succeeded
Zoë Berkhout (500271),Microsoft Active Directory,APP-Intranet (avo.local/Demo/Groups/APP-Intranet),Grant,04/09/2025 18:22:00,04/09/2025 18:23:23,Import,Succeeded
Zoë Berkhout (500271),Microsoft Active Directory,APP-Office365 (avo.local/Demo/Groups/APP-Office365),Grant,11/23/2025 08:16:00,11/23/2025 08:16:07,PersonUpdate,Succeeded
Jasper Slootweg (500272),Microsoft Active Directory,SEC-MFA-Enrolled (avo.local/Demo/Groups/SEC-MFA-Enrolled),Grant,10/01/2025 11:49:00,10/01/2025 11:49:15,Import,Succeeded
Jasper Slootweg (500272),Microsoft Active Directory,SEC-Endpoint-Protection (avo.local/Demo/Groups/SEC-Endpoint-Protection),Grant,07/18/2026 09:24:00,07/18/2026 09:24:27,BusinessRuleUpdate,Succeeded
Jasper Slootweg (500272),Microsoft Active Directory,APP-Intranet (avo.local/Demo/Groups/APP-Intranet),Grant,10/31/2025 00:22:00,10/31/2025 00:22:30,Import,Succeeded
Pien Zomerdijk (500273),Microsoft Active Directory,SEC-Antivirus (avo.local/Demo/Groups/SEC-Antivirus),Grant,07/24/2025 18:18:00,07/24/2025 18:18:41,Import,Succeeded
Pien Zomerdijk (500273),Microsoft Active Directory,SEC-Antivirus (avo.local/Demo/Groups/SEC-Antivirus),Revoke,09/18/2025 18:18:00,09/18/2025 18:18:51,ContractUpdate,Succeeded
Pien Zomerdijk (500273),Microsoft Active Directory,SEC-Antivirus (avo.local/Demo/Groups/SEC-Antivirus),Grant,10/08/2025 18:18:00,10/08/2025 18:18:08,ContractUpdate,Succeeded
Pien Zomerdijk (500273),Microsoft Active Directory,SEC-DiskEncryption (avo.local/Demo/Groups/SEC-DiskEncryption),Grant,10/20/2025 06:29:00,10/20/2025 06:29:13,ContractUpdate,Succeeded
Pien Zomerdijk (500273),Microsoft Active Directory,SEC-MFA-Enrolled (avo.local/Demo/Groups/SEC-MFA-Enrolled),Grant,06/02/2026 02:47:00,06/02/2026 02:48:10,BusinessRuleUpdate,Succeeded
Pien Zomerdijk (500273),Microsoft Active Directory,SEC-Endpoint-Protection (avo.local/Demo/Groups/SEC-Endpoint-Protection),Grant,10/12/2025 03:36:00,10/12/2025 03:36:44,PersonUpdate,Succeeded
Pien Zomerdijk (500273),Microsoft Active Directory,APP-Intranet (avo.local/Demo/Groups/APP-Intranet),Grant,04/17/2025 00:21:00,04/17/2025 00:22:01,ContractUpdate,Succeeded
Pien Zomerdijk (500273),Microsoft Active Directory,APP-Office365 (avo.local/Demo/Groups/APP-Office365),Grant,05/28/2025 11:21:00,05/28/2025 11:21:55,BusinessRuleUpdate,Succeeded
Pien Zomerdijk (500273),Microsoft Active Directory,APP-CA010-Portal (avo.local/Demo/Groups/APP-CA010-Portal),Grant,11/01/2025 11:47:00,11/01/2025 11:47:16,Import,Succeeded
Pien Zomerdijk (500273),Microsoft Active Directory,FS-CA010-RO (avo.local/Demo/Groups/FS-CA010-RO),Grant,11/03/2025 14:49:00,11/03/2025 14:49:41,BusinessRuleUpdate,Succeeded
Pien Zomerdijk (500273),Microsoft Active Directory,FS-CA010-RW (avo.local/Demo/Groups/FS-CA010-RW),Grant,04/28/2026 07:19:00,04/28/2026 07:19:48,PersonUpdate,Succeeded
Pien Zomerdijk (500273),Microsoft Active Directory,TEAM-CA010 (avo.local/Demo/Groups/TEAM-CA010),Grant,04/02/2025 22:07:00,04/02/2025 22:07:15,PersonUpdate,Succeeded
Pien Zomerdijk (500273),Microsoft Active Directory,APP-Selfservice (avo.local/Demo/Groups/APP-Selfservice),Grant,06/05/2026 15:57:00,06/05/2026 15:57:12,ContractUpdate,Succeeded
Pien Zomerdijk (500273),Microsoft Active Directory,ROLE-Verzorgende (avo.local/Demo/Groups/ROLE-Verzorgende),Grant,12/05/2025 22:53:00,12/05/2025 22:54:23,ContractUpdate,Succeeded
Pien Zomerdijk (500273),Microsoft Active Directory,APP-Copilot (avo.local/Demo/Groups/APP-Copilot),Grant,10/27/2025 04:14:00,10/27/2025 04:14:50,Import,Succeeded
Lars Hoekstra (500274),Microsoft Active Directory,SEC-Antivirus (avo.local/Demo/Groups/SEC-Antivirus),Grant,12/10/2025 21:44:00,12/10/2025 21:44:30,PersonUpdate,Succeeded
Lars Hoekstra (500274),Microsoft Active Directory,SEC-MFA-Enrolled (avo.local/Demo/Groups/SEC-MFA-Enrolled),Grant,06/19/2025 04:09:00,06/19/2025 04:09:52,ContractUpdate,Succeeded
Lars Hoekstra (500274),Microsoft Active Directory,SEC-MFA-Enrolled (avo.local/Demo/Groups/SEC-MFA-Enrolled),Revoke,07/11/2025 04:09:00,07/11/2025 04:09:32,ContractUpdate,Succeeded
Lars Hoekstra (500274),Microsoft Active Directory,SEC-MFA-Enrolled (avo.local/Demo/Groups/SEC-MFA-Enrolled),Grant,07/28/2025 04:09:00,07/28/2025 04:09:51,ContractUpdate,Succeeded
Lars Hoekstra (500274),Microsoft Active Directory,SEC-Endpoint-Protection (avo.local/Demo/Groups/SEC-Endpoint-Protection),Grant,03/09/2026 23:37:00,03/09/2026 23:37:59,ContractUpdate,Succeeded
Lars Hoekstra (500274),Microsoft Active Directory,APP-Office365 (avo.local/Demo/Groups/APP-Office365),Grant,12/22/2025 03:25:00,12/22/2025 03:25:02,BusinessRuleUpdate,Succeeded
Lars Hoekstra (500274),Microsoft Active Directory,APP-CA060-Portal (avo.local/Demo/Groups/APP-CA060-Portal),Grant,05/10/2025 01:26:00,05/10/2025 01:27:01,PersonUpdate,Succeeded
Lars Hoekstra (500274),Microsoft Active Directory,FS-CA060-RO (avo.local/Demo/Groups/FS-CA060-RO),Grant,11/07/2025 20:29:00,11/07/2025 20:30:13,BusinessRuleUpdate,Succeeded
Lars Hoekstra (500274),Microsoft Active Directory,TEAM-CA060 (avo.local/Demo/Groups/TEAM-CA060),Grant,03/09/2026 07:35:00,03/09/2026 07:36:23,BusinessRuleUpdate,Succeeded
Lars Hoekstra (500274),Microsoft Active Directory,MBX-CA060 (avo.local/Demo/Groups/MBX-CA060),Grant,02/23/2026 04:10:00,02/23/2026 04:10:57,Import,Succeeded
Lars Hoekstra (500274),Microsoft Active Directory,ROLE-Begeleider (avo.local/Demo/Groups/ROLE-Begeleider),Grant,06/12/2026 21:44:00,06/12/2026 21:44:10,BusinessRuleUpdate,Succeeded
Lars Hoekstra (500274),Microsoft Active Directory,APP-Adobe-AcrobatPro (avo.local/Demo/Groups/APP-Adobe-AcrobatPro),Grant,10/04/2025 01:13:00,10/04/2025 01:13:28,ContractUpdate,Succeeded
Lars Hoekstra (500274),Microsoft Active Directory,FS-Begeleider-DATA (avo.local/Demo/Groups/FS-Begeleider-DATA),Grant,06/27/2025 00:13:00,06/27/2025 00:13:23,Import,Succeeded
Anne Pronk (500275),Microsoft Active Directory,SEC-Antivirus (avo.local/Demo/Groups/SEC-Antivirus),Grant,02/06/2026 03:55:00,02/06/2026 03:56:18,Import,Succeeded
Anne Pronk (500275),Microsoft Active Directory,SEC-Endpoint-Protection (avo.local/Demo/Groups/SEC-Endpoint-Protection),Grant,06/28/2026 18:10:00,06/28/2026 18:10:25,ContractUpdate,Succeeded
Anne Pronk (500275),Microsoft Active Directory,APP-Intranet (avo.local/Demo/Groups/APP-Intranet),Grant,02/20/2026 12:10:00,02/20/2026 12:11:23,PersonUpdate,Succeeded
Anne Pronk (500275),Microsoft Active Directory,APP-Office365 (avo.local/Demo/Groups/APP-Office365),Grant,10/24/2025 00:45:00,10/24/2025 00:45:36,Import,Succeeded
Lars Pronk (500276),Microsoft Active Directory,SEC-Antivirus (avo.local/Demo/Groups/SEC-Antivirus),Grant,02/26/2026 04:59:00,02/26/2026 04:59:47,ContractUpdate,Succeeded
Lars Pronk (500276),Microsoft Active Directory,SEC-DiskEncryption (avo.local/Demo/Groups/SEC-DiskEncryption),Grant,09/23/2025 03:53:00,09/23/2025 03:53:23,PersonUpdate,Succeeded
Lars Pronk (500276),Microsoft Active Directory,SEC-MFA-Enrolled (avo.local/Demo/Groups/SEC-MFA-Enrolled),Grant,07/03/2025 12:52:00,07/03/2025 12:52:12,Import,Succeeded
Lars Pronk (500276),Microsoft Active Directory,SEC-Endpoint-Protection (avo.local/Demo/Groups/SEC-Endpoint-Protection),Grant,11/08/2025 00:03:00,11/08/2025 00:03:21,ContractUpdate,Succeeded
Lars Muijs (500277),Microsoft Active Directory,SEC-DiskEncryption (avo.local/Demo/Groups/SEC-DiskEncryption),Grant,07/31/2026 15:55:00,07/31/2026 15:56:02,ContractUpdate,Succeeded
Lars Muijs (500277),Microsoft Active Directory,SEC-MFA-Enrolled (avo.local/Demo/Groups/SEC-MFA-Enrolled),Grant,12/31/2025 09:21:00,12/31/2025 09:21:21,PersonUpdate,Succeeded
Lars Muijs (500277),Microsoft Active Directory,APP-Intranet (avo.local/Demo/Groups/APP-Intranet),Grant,06/29/2025 12:09:00,06/29/2025 12:10:02,BusinessRuleUpdate,Succeeded
Lars Muijs (500277),Microsoft Active Directory,APP-Office365 (avo.local/Demo/Groups/APP-Office365),Grant,02/14/2026 15:45:00,02/14/2026 15:46:29,ContractUpdate,Succeeded
Lars Muijs (500277),Microsoft Active Directory,APP-HRM02-Portal (avo.local/Demo/Groups/APP-HRM02-Portal),Grant,08/04/2025 16:32:00,08/04/2025 16:32:40,PersonUpdate,Succeeded
Lars Muijs (500277),Microsoft Active Directory,FS-HRM02-RW (avo.local/Demo/Groups/FS-HRM02-RW),Grant,08/29/2025 19:00:00,08/29/2025 19:00:57,Import,Succeeded
Lars Muijs (500277),Microsoft Active Directory,TEAM-HRM02 (avo.local/Demo/Groups/TEAM-HRM02),Grant,06/22/2025 03:29:00,06/22/2025 03:29:52,Import,Succeeded
Lars Muijs (500277),Microsoft Active Directory,APP-Adobe-AcrobatPro (avo.local/Demo/Groups/APP-Adobe-AcrobatPro),Grant,05/14/2026 12:28:00,05/14/2026 12:28:17,PersonUpdate,Succeeded
Noa Lindeboom (500278),Microsoft Active Directory,SEC-DiskEncryption (avo.local/Demo/Groups/SEC-DiskEncryption),Grant,11/01/2025 11:09:00,11/01/2025 11:09:51,PersonUpdate,Succeeded
Noa Lindeboom (500278),Microsoft Active Directory,SEC-MFA-Enrolled (avo.local/Demo/Groups/SEC-MFA-Enrolled),Grant,03/01/2026 04:48:00,03/01/2026 04:49:10,ContractUpdate,Succeeded
Noa Lindeboom (500278),Microsoft Active Directory,SEC-Endpoint-Protection (avo.local/Demo/Groups/SEC-Endpoint-Protection),Grant,09/08/2025 09:57:00,09/08/2025 09:57:47,PersonUpdate,Succeeded
Noa Lindeboom (500278),Microsoft Active Directory,APP-Intranet (avo.local/Demo/Groups/APP-Intranet),Grant,09/02/2025 17:17:00,09/02/2025 17:18:30,PersonUpdate,Succeeded
Noa Lindeboom (500278),Microsoft Active Directory,APP-Office365 (avo.local/Demo/Groups/APP-Office365),Grant,08/21/2025 02:22:00,08/21/2025 02:22:13,BusinessRuleUpdate,Succeeded
Noa Lindeboom (500278),Microsoft Active Directory,APP-HRM02-Portal (avo.local/Demo/Groups/APP-HRM02-Portal),Grant,12/22/2025 00:25:00,12/22/2025 00:25:49,BusinessRuleUpdate,Succeeded
Noa Lindeboom (500278),Microsoft Active Directory,FS-HRM02-RO (avo.local/Demo/Groups/FS-HRM02-RO),Grant,02/20/2026 20:55:00,02/20/2026 20:56:19,Import,Succeeded
Hanna Hoekstra (500279),Microsoft Active Directory,SEC-Antivirus (avo.local/Demo/Groups/SEC-Antivirus),Grant,10/31/2025 12:43:00,10/31/2025 12:44:27,PersonUpdate,Succeeded
Hanna Hoekstra (500279),Microsoft Active Directory,SEC-DiskEncryption (avo.local/Demo/Groups/SEC-DiskEncryption),Grant,09/10/2025 22:26:00,09/10/2025 22:26:04,PersonUpdate,Succeeded
Hanna Hoekstra (500279),Microsoft Active Directory,SEC-MFA-Enrolled (avo.local/Demo/Groups/SEC-MFA-Enrolled),Grant,05/09/2026 11:55:00,05/09/2026 11:55:01,PersonUpdate,Succeeded
Hanna Hoekstra (500279),Microsoft Active Directory,SEC-Endpoint-Protection (avo.local/Demo/Groups/SEC-Endpoint-Protection),Grant,02/14/2026 10:50:00,02/14/2026 10:50:40,Import,Succeeded
Hanna Hoekstra (500279),Microsoft Active Directory,APP-Intranet (avo.local/Demo/Groups/APP-Intranet),Grant,03/09/2026 11:58:00,03/09/2026 11:59:08,ContractUpdate,Succeeded
Hanna Hoekstra (500279),Microsoft Active Directory,APP-Office365 (avo.local/Demo/Groups/APP-Office365),Grant,03/03/2026 18:17:00,03/03/2026 18:18:06,ContractUpdate,Succeeded
Hanna Hoekstra (500279),Microsoft Active Directory,APP-CA010-Portal (avo.local/Demo/Groups/APP-CA010-Portal),Grant,05/21/2026 03:35:00,05/21/2026 03:36:25,Import,Succeeded
Hanna Hoekstra (500279),Microsoft Active Directory,APP-Selfservice (avo.local/Demo/Groups/APP-Selfservice),Grant,07/22/2026 05:46:00,07/22/2026 05:46:14,ContractUpdate,Succeeded
Pien Jonker (500280),Microsoft Active Directory,SEC-Antivirus (avo.local/Demo/Groups/SEC-Antivirus),Grant,05/05/2025 15:40:00,05/05/2025 15:40:37,Import,Succeeded
Pien Jonker (500280),Microsoft Active Directory,SEC-DiskEncryption (avo.local/Demo/Groups/SEC-DiskEncryption),Grant,09/18/2025 08:25:00,09/18/2025 08:25:11,Import,Succeeded
Pien Jonker (500280),Microsoft Active Directory,SEC-MFA-Enrolled (avo.local/Demo/Groups/SEC-MFA-Enrolled),Grant,05/23/2026 16:18:00,05/23/2026 16:18:23,Import,Succeeded
Pien Jonker (500280),Microsoft Active Directory,SEC-Endpoint-Protection (avo.local/Demo/Groups/SEC-Endpoint-Protection),Grant,07/09/2025 20:12:00,07/09/2025 20:13:11,BusinessRuleUpdate,Succeeded
Pien Jonker (500280),Microsoft Active Directory,APP-Office365 (avo.local/Demo/Groups/APP-Office365),Grant,10/21/2025 00:56:00,10/21/2025 00:56:43,PersonUpdate,Succeeded
Pien Jonker (500280),Microsoft Active Directory,APP-Adobe-AcrobatPro (avo.local/Demo/Groups/APP-Adobe-AcrobatPro),Grant,11/22/2025 09:00:00,11/22/2025 09:00:47,ContractUpdate,Succeeded
Eva Muijs (500281),Microsoft Active Directory,SEC-Antivirus (avo.local/Demo/Groups/SEC-Antivirus),Grant,07/08/2026 17:40:00,07/08/2026 17:40:27,Import,Succeeded
Eva Muijs (500281),Microsoft Active Directory,SEC-DiskEncryption (avo.local/Demo/Groups/SEC-DiskEncryption),Grant,07/18/2025 04:57:00,07/18/2025 04:57:52,PersonUpdate,Succeeded
Eva Muijs (500281),Microsoft Active Directory,SEC-MFA-Enrolled (avo.local/Demo/Groups/SEC-MFA-Enrolled),Grant,12/01/2025 12:52:00,12/01/2025 12:53:26,ContractUpdate,Succeeded
Eva Muijs (500281),Microsoft Active Directory,SEC-Endpoint-Protection (avo.local/Demo/Groups/SEC-Endpoint-Protection),Grant,10/01/2025 13:00:00,10/01/2025 13:00:17,Import,Succeeded
Eva Muijs (500281),Microsoft Active Directory,APP-Intranet (avo.local/Demo/Groups/APP-Intranet),Grant,05/06/2026 02:36:00,05/06/2026 02:36:09,PersonUpdate,Succeeded
Eva Muijs (500281),Microsoft Active Directory,FS-ICT03-RW (avo.local/Demo/Groups/FS-ICT03-RW),Grant,03/02/2026 00:12:00,03/02/2026 00:13:16,Import,Succeeded
Eva Muijs (500281),Microsoft Active Directory,MBX-ICT03 (avo.local/Demo/Groups/MBX-ICT03),Grant,02/06/2026 04:57:00,02/06/2026 04:58:23,ContractUpdate,Succeeded
Sem Aalbers (500282),Microsoft Active Directory,SEC-MFA-Enrolled (avo.local/Demo/Groups/SEC-MFA-Enrolled),Grant,08/09/2025 04:46:00,08/09/2025 04:46:52,PersonUpdate,Succeeded
Sem Aalbers (500282),Microsoft Active Directory,SEC-Endpoint-Protection (avo.local/Demo/Groups/SEC-Endpoint-Protection),Grant,05/28/2026 02:48:00,05/28/2026 02:48:19,PersonUpdate,Succeeded
Sem Aalbers (500282),Microsoft Active Directory,APP-Intranet (avo.local/Demo/Groups/APP-Intranet),Grant,07/17/2025 21:52:00,07/17/2025 21:52:23,Import,Succeeded
Sem Aalbers (500282),Microsoft Active Directory,APP-Office365 (avo.local/Demo/Groups/APP-Office365),Grant,05/16/2026 10:17:00,05/16/2026 10:17:21,PersonUpdate,Succeeded
Finn Dijkgraaf (500283),Microsoft Active Directory,SEC-Antivirus (avo.local/Demo/Groups/SEC-Antivirus),Grant,07/08/2025 11:58:00,07/08/2025 11:58:55,PersonUpdate,Succeeded
Finn Dijkgraaf (500283),Microsoft Active Directory,SEC-DiskEncryption (avo.local/Demo/Groups/SEC-DiskEncryption),Grant,04/15/2026 07:28:00,04/15/2026 07:28:35,BusinessRuleUpdate,Succeeded
Finn Dijkgraaf (500283),Microsoft Active Directory,SEC-DiskEncryption (avo.local/Demo/Groups/SEC-DiskEncryption),Revoke,05/02/2026 07:28:00,05/02/2026 07:28:54,ContractUpdate,Succeeded
Finn Dijkgraaf (500283),Microsoft Active Directory,SEC-DiskEncryption (avo.local/Demo/Groups/SEC-DiskEncryption),Grant,05/17/2026 07:28:00,05/17/2026 07:28:18,ContractUpdate,Succeeded
Finn Dijkgraaf (500283),Microsoft Active Directory,SEC-Endpoint-Protection (avo.local/Demo/Groups/SEC-Endpoint-Protection),Grant,10/24/2025 18:41:00,10/24/2025 18:41:08,Import,Succeeded
Finn Dijkgraaf (500283),Microsoft Active Directory,APP-Intranet (avo.local/Demo/Groups/APP-Intranet),Grant,02/14/2026 19:39:00,02/14/2026 19:40:13,ContractUpdate,Succeeded
Finn Dijkgraaf (500283),Microsoft Active Directory,APP-Intranet (avo.local/Demo/Groups/APP-Intranet),Revoke,03/12/2026 19:39:00,03/12/2026 19:40:04,ContractUpdate,Succeeded
Finn Dijkgraaf (500283),Microsoft Active Directory,APP-Intranet (avo.local/Demo/Groups/APP-Intranet),Grant,03/25/2026 19:39:00,03/25/2026 19:39:54,ContractUpdate,Succeeded
Finn Dijkgraaf (500283),Microsoft Active Directory,APP-Office365 (avo.local/Demo/Groups/APP-Office365),Grant,06/30/2026 07:03:00,06/30/2026 07:03:34,Import,Succeeded
Finn Dijkgraaf (500283),Microsoft Active Directory,APP-CA010-Portal (avo.local/Demo/Groups/APP-CA010-Portal),Grant,12/17/2025 22:55:00,12/17/2025 22:55:25,Import,Succeeded
Finn Dijkgraaf (500283),Microsoft Active Directory,FS-CA010-RO (avo.local/Demo/Groups/FS-CA010-RO),Grant,05/10/2026 03:52:00,05/10/2026 03:53:05,PersonUpdate,Succeeded
Finn Dijkgraaf (500283),Microsoft Active Directory,TEAM-CA010 (avo.local/Demo/Groups/TEAM-CA010),Grant,11/12/2025 14:40:00,11/12/2025 14:40:03,PersonUpdate,Succeeded
Finn Dijkgraaf (500283),Microsoft Active Directory,MBX-CA010 (avo.local/Demo/Groups/MBX-CA010),Grant,01/31/2026 22:25:00,01/31/2026 22:25:01,BusinessRuleUpdate,Succeeded
Finn Dijkgraaf (500283),Microsoft Active Directory,APP-Selfservice (avo.local/Demo/Groups/APP-Selfservice),Grant,07/09/2025 10:26:00,07/09/2025 10:27:11,Import,Succeeded
Mila Lindeboom (500284),Microsoft Active Directory,SEC-Antivirus (avo.local/Demo/Groups/SEC-Antivirus),Grant,01/15/2026 22:50:00,01/15/2026 22:50:18,ContractUpdate,Succeeded
Mila Lindeboom (500284),Microsoft Active Directory,SEC-DiskEncryption (avo.local/Demo/Groups/SEC-DiskEncryption),Grant,11/15/2025 18:40:00,11/15/2025 18:40:01,PersonUpdate,Succeeded
Mila Lindeboom (500284),Microsoft Active Directory,SEC-MFA-Enrolled (avo.local/Demo/Groups/SEC-MFA-Enrolled),Grant,04/14/2025 18:50:00,04/14/2025 18:51:08,Import,Succeeded
Mila Lindeboom (500284),Microsoft Active Directory,APP-Intranet (avo.local/Demo/Groups/APP-Intranet),Grant,12/07/2025 08:28:00,12/07/2025 08:29:24,ContractUpdate,Succeeded
Mila Lindeboom (500284),Microsoft Active Directory,APP-Office365 (avo.local/Demo/Groups/APP-Office365),Grant,06/21/2025 06:29:00,06/21/2025 06:29:14,PersonUpdate,Succeeded
Tess Wielenga (500285),Microsoft Active Directory,SEC-MFA-Enrolled (avo.local/Demo/Groups/SEC-MFA-Enrolled),Grant,03/16/2026 22:43:00,03/16/2026 22:44:04,BusinessRuleUpdate,Succeeded
Tess Wielenga (500285),Microsoft Active Directory,SEC-Endpoint-Protection (avo.local/Demo/Groups/SEC-Endpoint-Protection),Grant,03/23/2026 15:44:00,03/23/2026 15:44:46,BusinessRuleUpdate,Succeeded
Tess Wielenga (500285),Microsoft Active Directory,APP-Office365 (avo.local/Demo/Groups/APP-Office365),Grant,09/30/2025 10:53:00,09/30/2025 10:53:12,Import,Succeeded
Tess Wielenga (500285),Microsoft Active Directory,ROLE-Begeleider (avo.local/Demo/Groups/ROLE-Begeleider),Grant,04/23/2026 06:06:00,04/23/2026 06:07:02,ContractUpdate,Succeeded
Tess Wielenga (500285),Microsoft Active Directory,ROLE-Begeleider (avo.local/Demo/Groups/ROLE-Begeleider),Revoke,04/28/2026 06:06:00,04/28/2026 06:06:31,ContractUpdate,Succeeded
Tess Wielenga (500285),Microsoft Active Directory,ROLE-Begeleider (avo.local/Demo/Groups/ROLE-Begeleider),Grant,04/29/2026 06:06:00,04/29/2026 06:06:18,ContractUpdate,Succeeded
Wout Lindeboom (500286),Microsoft Active Directory,SEC-Antivirus (avo.local/Demo/Groups/SEC-Antivirus),Grant,08/27/2025 16:27:00,08/27/2025 16:28:17,PersonUpdate,Succeeded
Wout Lindeboom (500286),Microsoft Active Directory,SEC-Endpoint-Protection (avo.local/Demo/Groups/SEC-Endpoint-Protection),Grant,04/13/2025 13:01:00,04/13/2025 13:01:54,Import,Succeeded
Wout Lindeboom (500286),Microsoft Active Directory,APP-Intranet (avo.local/Demo/Groups/APP-Intranet),Grant,05/26/2025 20:46:00,05/26/2025 20:46:07,Import,Succeeded
Wout Lindeboom (500286),Microsoft Active Directory,APP-HRM02-Portal (avo.local/Demo/Groups/APP-HRM02-Portal),Grant,10/11/2025 19:56:00,10/11/2025 19:57:21,Import,Succeeded
Wout Lindeboom (500286),Microsoft Active Directory,FS-HRM02-RW (avo.local/Demo/Groups/FS-HRM02-RW),Grant,08/09/2025 20:00:00,08/09/2025 20:00:23,ContractUpdate,Succeeded
Wout Lindeboom (500286),Microsoft Active Directory,TEAM-HRM02 (avo.local/Demo/Groups/TEAM-HRM02),Grant,06/25/2025 14:45:00,06/25/2025 14:45:02,Import,Succeeded
Wout Lindeboom (500286),Microsoft Active Directory,MBX-HRM02 (avo.local/Demo/Groups/MBX-HRM02),Grant,09/07/2025 16:20:00,09/07/2025 16:20:50,BusinessRuleUpdate,Succeeded
Wout Lindeboom (500286),Microsoft Active Directory,ROLE-Verpleegkundige (avo.local/Demo/Groups/ROLE-Verpleegkundige),Grant,08/23/2025 19:40:00,08/23/2025 19:40:29,PersonUpdate,Succeeded
Jasper Lindeboom (500287),Microsoft Active Directory,SEC-DiskEncryption (avo.local/Demo/Groups/SEC-DiskEncryption),Grant,10/05/2025 11:54:00,10/05/2025 11:55:21,BusinessRuleUpdate,Succeeded
Jasper Lindeboom (500287),Microsoft Active Directory,SEC-MFA-Enrolled (avo.local/Demo/Groups/SEC-MFA-Enrolled),Grant,06/25/2026 07:00:00,06/25/2026 07:00:22,ContractUpdate,Succeeded
Jasper Lindeboom (500287),Microsoft Active Directory,APP-Intranet (avo.local/Demo/Groups/APP-Intranet),Grant,12/25/2025 16:24:00,12/25/2025 16:25:02,BusinessRuleUpdate,Succeeded
Jasper Lindeboom (500287),Microsoft Active Directory,APP-Office365 (avo.local/Demo/Groups/APP-Office365),Grant,04/04/2026 06:19:00,04/04/2026 06:19:48,Import,Succeeded
Jasper Lindeboom (500287),Microsoft Active Directory,APP-Office365 (avo.local/Demo/Groups/APP-Office365),Revoke,05/29/2026 06:19:00,05/29/2026 06:19:32,ContractUpdate,Succeeded
Jasper Lindeboom (500287),Microsoft Active Directory,APP-Office365 (avo.local/Demo/Groups/APP-Office365),Grant,06/11/2026 06:19:00,06/11/2026 06:20:10,ContractUpdate,Succeeded
Jasper Lindeboom (500287),Microsoft Active Directory,ROLE-Begeleider (avo.local/Demo/Groups/ROLE-Begeleider),Grant,06/26/2026 06:11:00,06/26/2026 06:12:02,BusinessRuleUpdate,Succeeded
Jasper Lindeboom (500287),Microsoft Active Directory,APP-Visio (avo.local/Demo/Groups/APP-Visio),Grant,05/21/2026 18:30:00,05/21/2026 18:31:29,ContractUpdate,Succeeded
Hanna Muijs (500288),Microsoft Active Directory,SEC-Antivirus (avo.local/Demo/Groups/SEC-Antivirus),Grant,06/03/2025 10:17:00,06/03/2025 10:17:41,BusinessRuleUpdate,Succeeded
Hanna Muijs (500288),Microsoft Active Directory,SEC-DiskEncryption (avo.local/Demo/Groups/SEC-DiskEncryption),Grant,10/19/2025 20:40:00,10/19/2025 20:40:40,Import,Succeeded
Hanna Muijs (500288),Microsoft Active Directory,SEC-Endpoint-Protection (avo.local/Demo/Groups/SEC-Endpoint-Protection),Grant,02/19/2026 19:44:00,02/19/2026 19:44:01,PersonUpdate,Succeeded
Hanna Muijs (500288),Microsoft Active Directory,APP-Intranet (avo.local/Demo/Groups/APP-Intranet),Grant,04/14/2026 09:33:00,04/14/2026 09:33:30,PersonUpdate,Succeeded
Hanna Muijs (500288),Microsoft Active Directory,APP-Intranet (avo.local/Demo/Groups/APP-Intranet),Revoke,05/29/2026 09:33:00,05/29/2026 09:33:22,ContractUpdate,Succeeded
Hanna Muijs (500288),Microsoft Active Directory,APP-Intranet (avo.local/Demo/Groups/APP-Intranet),Grant,05/31/2026 09:33:00,05/31/2026 09:33:07,ContractUpdate,Succeeded
Pien Fokkema (500289),Microsoft Active Directory,SEC-Antivirus (avo.local/Demo/Groups/SEC-Antivirus),Grant,06/28/2026 23:41:00,06/28/2026 23:41:11,Import,Succeeded
Pien Fokkema (500289),Microsoft Active Directory,SEC-Antivirus (avo.local/Demo/Groups/SEC-Antivirus),Revoke,07/17/2026 23:41:00,07/17/2026 23:41:16,ContractUpdate,Succeeded
Pien Fokkema (500289),Microsoft Active Directory,SEC-Antivirus (avo.local/Demo/Groups/SEC-Antivirus),Grant,07/27/2026 23:41:00,07/27/2026 23:41:47,ContractUpdate,Succeeded
Pien Fokkema (500289),Microsoft Active Directory,APP-Intranet (avo.local/Demo/Groups/APP-Intranet),Grant,04/16/2025 10:01:00,04/16/2025 10:02:14,ContractUpdate,Succeeded
Pien Fokkema (500289),Microsoft Active Directory,APP-Intranet (avo.local/Demo/Groups/APP-Intranet),Revoke,05/28/2025 10:01:00,05/28/2025 10:02:19,ContractUpdate,Succeeded
Pien Fokkema (500289),Microsoft Active Directory,APP-Intranet (avo.local/Demo/Groups/APP-Intranet),Grant,05/29/2025 10:01:00,05/29/2025 10:01:37,ContractUpdate,Succeeded
Pien Fokkema (500289),Microsoft Active Directory,APP-Office365 (avo.local/Demo/Groups/APP-Office365),Grant,04/06/2026 23:30:00,04/06/2026 23:30:04,Import,Succeeded
Yara Berkhout (500290),Microsoft Active Directory,SEC-Antivirus (avo.local/Demo/Groups/SEC-Antivirus),Grant,03/25/2026 18:45:00,03/25/2026 18:45:10,Import,Succeeded
Yara Berkhout (500290),Microsoft Active Directory,APP-Office365 (avo.local/Demo/Groups/APP-Office365),Grant,09/07/2025 08:59:00,09/07/2025 08:59:14,PersonUpdate,Succeeded
Yara Berkhout (500290),Microsoft Active Directory,APP-HRM02-Portal (avo.local/Demo/Groups/APP-HRM02-Portal),Grant,09/27/2025 21:20:00,09/27/2025 21:21:02,Import,Succeeded
Yara Berkhout (500290),Microsoft Active Directory,FS-HRM02-RW (avo.local/Demo/Groups/FS-HRM02-RW),Grant,06/08/2026 03:04:00,06/08/2026 03:04:23,BusinessRuleUpdate,Succeeded
Yara Berkhout (500290),Microsoft Active Directory,TEAM-HRM02 (avo.local/Demo/Groups/TEAM-HRM02),Grant,05/18/2026 17:28:00,05/18/2026 17:29:24,BusinessRuleUpdate,Succeeded
Yara Berkhout (500290),Microsoft Active Directory,MBX-HRM02 (avo.local/Demo/Groups/MBX-HRM02),Grant,06/09/2026 06:34:00,06/09/2026 06:34:30,Import,Succeeded
Yara Berkhout (500290),Microsoft Active Directory,ROLE-Begeleider (avo.local/Demo/Groups/ROLE-Begeleider),Grant,01/27/2026 13:10:00,01/27/2026 13:10:52,PersonUpdate,Succeeded
Xander Hoekstra (500291),Microsoft Active Directory,SEC-Antivirus (avo.local/Demo/Groups/SEC-Antivirus),Grant,07/31/2025 02:50:00,07/31/2025 02:51:24,Import,Succeeded
Xander Hoekstra (500291),Microsoft Active Directory,SEC-DiskEncryption (avo.local/Demo/Groups/SEC-DiskEncryption),Grant,05/08/2025 15:12:00,05/08/2025 15:13:25,BusinessRuleUpdate,Succeeded
Xander Hoekstra (500291),Microsoft Active Directory,APP-Office365 (avo.local/Demo/Groups/APP-Office365),Grant,04/11/2025 10:24:00,04/11/2025 10:25:26,BusinessRuleUpdate,Succeeded
Xander Hoekstra (500291),Microsoft Active Directory,ROLE-Verzorgende (avo.local/Demo/Groups/ROLE-Verzorgende),Grant,08/01/2026 06:51:00,08/01/2026 06:51:43,BusinessRuleUpdate,Succeeded
Xander Hoekstra (500291),Microsoft Active Directory,APP-Copilot (avo.local/Demo/Groups/APP-Copilot),Grant,08/11/2025 22:16:00,08/11/2025 22:16:14,PersonUpdate,Succeeded
Gijs Dijkgraaf (500292),Microsoft Active Directory,SEC-Antivirus (avo.local/Demo/Groups/SEC-Antivirus),Grant,07/26/2025 07:11:00,07/26/2025 07:11:40,PersonUpdate,Succeeded
Gijs Dijkgraaf (500292),Microsoft Active Directory,SEC-Antivirus (avo.local/Demo/Groups/SEC-Antivirus),Revoke,09/14/2025 07:11:00,09/14/2025 07:12:01,ContractUpdate,Succeeded
Gijs Dijkgraaf (500292),Microsoft Active Directory,SEC-Antivirus (avo.local/Demo/Groups/SEC-Antivirus),Grant,09/23/2025 07:11:00,09/23/2025 07:11:17,ContractUpdate,Succeeded
Gijs Dijkgraaf (500292),Microsoft Active Directory,SEC-DiskEncryption (avo.local/Demo/Groups/SEC-DiskEncryption),Grant,06/16/2026 19:20:00,06/16/2026 19:20:40,BusinessRuleUpdate,Succeeded
Gijs Dijkgraaf (500292),Microsoft Active Directory,SEC-MFA-Enrolled (avo.local/Demo/Groups/SEC-MFA-Enrolled),Grant,02/12/2026 02:27:00,02/12/2026 02:27:05,ContractUpdate,Succeeded
Gijs Dijkgraaf (500292),Microsoft Active Directory,APP-Intranet (avo.local/Demo/Groups/APP-Intranet),Grant,04/04/2026 19:49:00,04/04/2026 19:49:03,PersonUpdate,Succeeded
Gijs Dijkgraaf (500292),Microsoft Active Directory,APP-Office365 (avo.local/Demo/Groups/APP-Office365),Grant,12/02/2025 18:26:00,12/02/2025 18:26:33,PersonUpdate,Succeeded
Ursula Kalisvaart (500293),Microsoft Active Directory,SEC-MFA-Enrolled (avo.local/Demo/Groups/SEC-MFA-Enrolled),Grant,06/27/2025 14:01:00,06/27/2025 14:02:25,ContractUpdate,Succeeded
Ursula Kalisvaart (500293),Microsoft Active Directory,SEC-Endpoint-Protection (avo.local/Demo/Groups/SEC-Endpoint-Protection),Grant,08/27/2025 00:30:00,08/27/2025 00:30:39,Import,Succeeded
Ursula Kalisvaart (500293),Microsoft Active Directory,APP-Intranet (avo.local/Demo/Groups/APP-Intranet),Grant,05/09/2026 09:15:00,05/09/2026 09:16:18,BusinessRuleUpdate,Succeeded
Ursula Kalisvaart (500293),Microsoft Active Directory,FS-CB12-RO (avo.local/Demo/Groups/FS-CB12-RO),Grant,02/05/2026 07:19:00,02/05/2026 07:20:02,BusinessRuleUpdate,Succeeded
Ursula Kalisvaart (500293),Microsoft Active Directory,FS-CB12-RW (avo.local/Demo/Groups/FS-CB12-RW),Grant,07/08/2026 04:40:00,07/08/2026 04:40:35,BusinessRuleUpdate,Succeeded
Ursula Kalisvaart (500293),Microsoft Active Directory,TEAM-CB12 (avo.local/Demo/Groups/TEAM-CB12),Grant,12/19/2025 18:28:00,12/19/2025 18:28:01,Import,Succeeded
Zoë Elzinga (500294),Microsoft Active Directory,SEC-Antivirus (avo.local/Demo/Groups/SEC-Antivirus),Grant,06/08/2025 05:40:00,06/08/2025 05:40:19,PersonUpdate,Succeeded
Zoë Elzinga (500294),Microsoft Active Directory,SEC-MFA-Enrolled (avo.local/Demo/Groups/SEC-MFA-Enrolled),Grant,09/27/2025 06:37:00,09/27/2025 06:37:32,PersonUpdate,Succeeded
Zoë Elzinga (500294),Microsoft Active Directory,SEC-Endpoint-Protection (avo.local/Demo/Groups/SEC-Endpoint-Protection),Grant,06/01/2026 20:56:00,06/01/2026 20:56:40,ContractUpdate,Succeeded
Zoë Elzinga (500294),Microsoft Active Directory,APP-Intranet (avo.local/Demo/Groups/APP-Intranet),Grant,04/26/2026 10:58:00,04/26/2026 10:59:30,BusinessRuleUpdate,Succeeded
Zoë Elzinga (500294),Microsoft Active Directory,APP-Office365 (avo.local/Demo/Groups/APP-Office365),Grant,05/18/2026 16:33:00,05/18/2026 16:33:51,BusinessRuleUpdate,Succeeded
Zoë Elzinga (500294),Microsoft Active Directory,APP-HRM02-Portal (avo.local/Demo/Groups/APP-HRM02-Portal),Grant,03/24/2025 07:51:00,03/24/2025 07:51:07,Import,Succeeded
Zoë Elzinga (500294),Microsoft Active Directory,FS-HRM02-RO (avo.local/Demo/Groups/FS-HRM02-RO),Grant,06/22/2025 09:51:00,06/22/2025 09:52:00,Import,Succeeded
Zoë Elzinga (500294),Microsoft Active Directory,FS-HRM02-RW (avo.local/Demo/Groups/FS-HRM02-RW),Grant,06/02/2025 16:26:00,06/02/2025 16:26:34,BusinessRuleUpdate,Succeeded
Zoë Elzinga (500294),Microsoft Active Directory,TEAM-HRM02 (avo.local/Demo/Groups/TEAM-HRM02),Grant,04/01/2026 05:25:00,04/01/2026 05:26:20,ContractUpdate,Succeeded
Zoë Elzinga (500294),Microsoft Active Directory,MBX-HRM02 (avo.local/Demo/Groups/MBX-HRM02),Grant,12/21/2025 14:00:00,12/21/2025 14:00:58,Import,Succeeded
Zoë Elzinga (500294),Microsoft Active Directory,APP-Visio (avo.local/Demo/Groups/APP-Visio),Grant,06/19/2026 22:31:00,06/19/2026 22:31:20,PersonUpdate,Succeeded
Lars Uijlenbroek (500295),Microsoft Active Directory,SEC-Antivirus (avo.local/Demo/Groups/SEC-Antivirus),Grant,04/29/2025 14:58:00,04/29/2025 14:58:06,BusinessRuleUpdate,Succeeded
Lars Uijlenbroek (500295),Microsoft Active Directory,SEC-DiskEncryption (avo.local/Demo/Groups/SEC-DiskEncryption),Grant,10/20/2025 23:23:00,10/20/2025 23:23:23,PersonUpdate,Succeeded
Lars Uijlenbroek (500295),Microsoft Active Directory,SEC-MFA-Enrolled (avo.local/Demo/Groups/SEC-MFA-Enrolled),Grant,08/11/2025 00:37:00,08/11/2025 00:37:12,Import,Succeeded
Lars Uijlenbroek (500295),Microsoft Active Directory,APP-Intranet (avo.local/Demo/Groups/APP-Intranet),Grant,09/16/2025 19:21:00,09/16/2025 19:21:03,BusinessRuleUpdate,Succeeded
Lars Uijlenbroek (500295),Microsoft Active Directory,APP-ICT03-Portal (avo.local/Demo/Groups/APP-ICT03-Portal),Grant,11/11/2025 11:40:00,11/11/2025 11:41:14,Import,Succeeded
Lars Uijlenbroek (500295),Microsoft Active Directory,FS-ICT03-RW (avo.local/Demo/Groups/FS-ICT03-RW),Grant,03/21/2025 22:22:00,03/21/2025 22:22:41,PersonUpdate,Succeeded
Lars Uijlenbroek (500295),Microsoft Active Directory,FS-ICT03-RW (avo.local/Demo/Groups/FS-ICT03-RW),Revoke,04/06/2025 22:22:00,04/06/2025 22:22:27,ContractUpdate,Succeeded
Lars Uijlenbroek (500295),Microsoft Active Directory,FS-ICT03-RW (avo.local/Demo/Groups/FS-ICT03-RW),Grant,04/15/2025 22:22:00,04/15/2025 22:22:30,ContractUpdate,Succeeded
Lars Uijlenbroek (500295),Microsoft Active Directory,TEAM-ICT03 (avo.local/Demo/Groups/TEAM-ICT03),Grant,07/13/2026 11:32:00,07/13/2026 11:32:21,ContractUpdate,Succeeded
Lars Uijlenbroek (500295),Microsoft Active Directory,ROLE-Begeleider (avo.local/Demo/Groups/ROLE-Begeleider),Grant,04/02/2026 08:41:00,04/02/2026 08:41:36,PersonUpdate,Succeeded
Lars Uijlenbroek (500295),Microsoft Active Directory,APP-Adobe-AcrobatPro (avo.local/Demo/Groups/APP-Adobe-AcrobatPro),Grant,08/08/2025 23:34:00,08/08/2025 23:35:08,Import,Succeeded
Daan Berkhout (500296),Microsoft Active Directory,SEC-DiskEncryption (avo.local/Demo/Groups/SEC-DiskEncryption),Grant,12/09/2025 20:19:00,12/09/2025 20:20:22,Import,Succeeded
Daan Berkhout (500296),Microsoft Active Directory,SEC-MFA-Enrolled (avo.local/Demo/Groups/SEC-MFA-Enrolled),Grant,09/23/2025 18:49:00,09/23/2025 18:50:09,ContractUpdate,Succeeded
Daan Berkhout (500296),Microsoft Active Directory,SEC-Endpoint-Protection (avo.local/Demo/Groups/SEC-Endpoint-Protection),Grant,09/26/2025 22:10:00,09/26/2025 22:10:36,BusinessRuleUpdate,Succeeded
Daan Berkhout (500296),Microsoft Active Directory,APP-Intranet (avo.local/Demo/Groups/APP-Intranet),Grant,07/16/2026 10:02:00,07/16/2026 10:03:13,Import,Succeeded
Daan Berkhout (500296),Microsoft Active Directory,APP-Office365 (avo.local/Demo/Groups/APP-Office365),Grant,01/07/2026 05:42:00,01/07/2026 05:42:13,ContractUpdate,Succeeded
Daan Berkhout (500296),Microsoft Active Directory,APP-HRM02-Portal (avo.local/Demo/Groups/APP-HRM02-Portal),Grant,05/27/2026 23:46:00,05/27/2026 23:46:35,ContractUpdate,Succeeded
Daan Berkhout (500296),Microsoft Active Directory,FS-HRM02-RO (avo.local/Demo/Groups/FS-HRM02-RO),Grant,04/23/2026 19:39:00,04/23/2026 19:40:22,BusinessRuleUpdate,Succeeded
Daan Berkhout (500296),Microsoft Active Directory,FS-HRM02-RW (avo.local/Demo/Groups/FS-HRM02-RW),Grant,08/12/2025 18:43:00,08/12/2025 18:44:29,ContractUpdate,Succeeded
Wout Aalbers (500297),Microsoft Active Directory,SEC-Antivirus (avo.local/Demo/Groups/SEC-Antivirus),Grant,06/27/2026 08:47:00,06/27/2026 08:47:14,PersonUpdate,Succeeded
Wout Aalbers (500297),Microsoft Active Directory,SEC-DiskEncryption (avo.local/Demo/Groups/SEC-DiskEncryption),Grant,12/12/2025 12:23:00,12/12/2025 12:23:34,ContractUpdate,Succeeded
Wout Aalbers (500297),Microsoft Active Directory,SEC-MFA-Enrolled (avo.local/Demo/Groups/SEC-MFA-Enrolled),Grant,04/29/2026 19:01:00,04/29/2026 19:02:22,BusinessRuleUpdate,Succeeded
Wout Aalbers (500297),Microsoft Active Directory,SEC-Endpoint-Protection (avo.local/Demo/Groups/SEC-Endpoint-Protection),Grant,10/13/2025 21:59:00,10/13/2025 22:00:16,BusinessRuleUpdate,Succeeded
Wout Aalbers (500297),Microsoft Active Directory,APP-Office365 (avo.local/Demo/Groups/APP-Office365),Grant,01/22/2026 06:57:00,01/22/2026 06:57:50,PersonUpdate,Succeeded
Wout Aalbers (500297),Microsoft Active Directory,APP-CA060-Portal (avo.local/Demo/Groups/APP-CA060-Portal),Grant,03/06/2026 11:23:00,03/06/2026 11:23:35,PersonUpdate,Succeeded
Wout Aalbers (500297),Microsoft Active Directory,FS-CA060-RO (avo.local/Demo/Groups/FS-CA060-RO),Grant,09/01/2025 12:12:00,09/01/2025 12:13:18,ContractUpdate,Succeeded
Wout Aalbers (500297),Microsoft Active Directory,FS-CA060-RW (avo.local/Demo/Groups/FS-CA060-RW),Grant,09/10/2025 19:20:00,09/10/2025 19:21:12,BusinessRuleUpdate,Succeeded
Wout Aalbers (500297),Microsoft Active Directory,APP-Adobe-AcrobatPro (avo.local/Demo/Groups/APP-Adobe-AcrobatPro),Grant,09/30/2025 09:26:00,09/30/2025 09:26:48,PersonUpdate,Succeeded
Wout Aalbers (500297),Microsoft Active Directory,FS-Begeleider-DATA (avo.local/Demo/Groups/FS-Begeleider-DATA),Grant,05/26/2026 11:28:00,05/26/2026 11:28:33,Import,Succeeded
Wout Aalbers (500297),Microsoft Active Directory,MBX-FIN01 (avo.local/Demo/Groups/MBX-FIN01),Grant,02/15/2026 04:59:00,02/15/2026 04:59:31,Import,Succeeded
Wout Aalbers (500297),Microsoft Active Directory,FS-FIN01-RW (avo.local/Demo/Groups/FS-FIN01-RW),Grant,04/03/2025 07:46:00,04/03/2025 07:47:05,BusinessRuleUpdate,Succeeded
Olivier Dijkgraaf (500298),Microsoft Active Directory,SEC-Antivirus (avo.local/Demo/Groups/SEC-Antivirus),Grant,02/06/2026 15:39:00,02/06/2026 15:39:45,Import,Succeeded
Olivier Dijkgraaf (500298),Microsoft Active Directory,SEC-MFA-Enrolled (avo.local/Demo/Groups/SEC-MFA-Enrolled),Grant,06/30/2026 09:08:00,06/30/2026 09:08:03,ContractUpdate,Succeeded
Olivier Dijkgraaf (500298),Microsoft Active Directory,SEC-Endpoint-Protection (avo.local/Demo/Groups/SEC-Endpoint-Protection),Grant,03/24/2025 04:45:00,03/24/2025 04:45:12,ContractUpdate,Succeeded
Olivier Dijkgraaf (500298),Microsoft Active Directory,APP-Intranet (avo.local/Demo/Groups/APP-Intranet),Grant,10/06/2025 18:11:00,10/06/2025 18:12:14,PersonUpdate,Succeeded
Olivier Dijkgraaf (500298),Microsoft Active Directory,APP-Office365 (avo.local/Demo/Groups/APP-Office365),Grant,11/10/2025 16:32:00,11/10/2025 16:32:46,BusinessRuleUpdate,Succeeded
Olivier Dijkgraaf (500298),Microsoft Active Directory,FS-CB12-RO (avo.local/Demo/Groups/FS-CB12-RO),Grant,04/04/2026 03:55:00,04/04/2026 03:55:02,ContractUpdate,Succeeded
Olivier Dijkgraaf (500298),Microsoft Active Directory,TEAM-CB12 (avo.local/Demo/Groups/TEAM-CB12),Grant,07/09/2026 20:12:00,07/09/2026 20:12:38,Import,Succeeded
Olivier Dijkgraaf (500298),Microsoft Active Directory,MBX-CB12 (avo.local/Demo/Groups/MBX-CB12),Grant,06/10/2026 08:31:00,06/10/2026 08:32:27,PersonUpdate,Succeeded
Olivier Dijkgraaf (500298),Microsoft Active Directory,APP-Selfservice (avo.local/Demo/Groups/APP-Selfservice),Grant,04/04/2025 03:07:00,04/04/2025 03:07:34,PersonUpdate,Succeeded
Olivier Dijkgraaf (500298),Microsoft Active Directory,ROLE-Verzorgende (avo.local/Demo/Groups/ROLE-Verzorgende),Grant,03/02/2026 04:57:00,03/02/2026 04:58:08,PersonUpdate,Succeeded
Olivier Dijkgraaf (500298),Microsoft Active Directory,APP-Copilot (avo.local/Demo/Groups/APP-Copilot),Grant,07/02/2026 01:22:00,07/02/2026 01:22:02,PersonUpdate,Succeeded
Hanna Fokkema (500299),Microsoft Active Directory,SEC-DiskEncryption (avo.local/Demo/Groups/SEC-DiskEncryption),Grant,07/28/2025 09:08:00,07/28/2025 09:09:30,PersonUpdate,Succeeded
Hanna Fokkema (500299),Microsoft Active Directory,SEC-MFA-Enrolled (avo.local/Demo/Groups/SEC-MFA-Enrolled),Grant,04/18/2026 12:09:00,04/18/2026 12:09:30,PersonUpdate,Succeeded
Hanna Fokkema (500299),Microsoft Active Directory,SEC-Endpoint-Protection (avo.local/Demo/Groups/SEC-Endpoint-Protection),Grant,05/22/2026 08:28:00,05/22/2026 08:28:38,BusinessRuleUpdate,Succeeded
Hanna Fokkema (500299),Microsoft Active Directory,APP-Intranet (avo.local/Demo/Groups/APP-Intranet),Grant,06/13/2026 04:17:00,06/13/2026 04:18:25,Import,Succeeded
Hanna Fokkema (500299),Microsoft Active Directory,FS-ICT03-RO (avo.local/Demo/Groups/FS-ICT03-RO),Grant,02/08/2026 18:28:00,02/08/2026 18:29:15,BusinessRuleUpdate,Succeeded
Hanna Fokkema (500299),Microsoft Active Directory,FS-ICT03-RW (avo.local/Demo/Groups/FS-ICT03-RW),Grant,03/20/2026 07:53:00,03/20/2026 07:54:18,ContractUpdate,Succeeded
Hanna Fokkema (500299),Microsoft Active Directory,TEAM-ICT03 (avo.local/Demo/Groups/TEAM-ICT03),Grant,06/06/2026 15:09:00,06/06/2026 15:09:05,PersonUpdate,Succeeded
Hanna Fokkema (500299),Microsoft Active Directory,MBX-ICT03 (avo.local/Demo/Groups/MBX-ICT03),Grant,05/23/2025 08:19:00,05/23/2025 08:19:17,PersonUpdate,Succeeded
Gijs Dijkgraaf (500300),Microsoft Active Directory,SEC-Antivirus (avo.local/Demo/Groups/SEC-Antivirus),Grant,10/02/2025 03:48:00,10/02/2025 03:48:41,ContractUpdate,Succeeded
Gijs Dijkgraaf (500300),Microsoft Active Directory,SEC-DiskEncryption (avo.local/Demo/Groups/SEC-DiskEncryption),Grant,11/11/2025 04:57:00,11/11/2025 04:57:48,BusinessRuleUpdate,Succeeded
Gijs Dijkgraaf (500300),Microsoft Active Directory,SEC-Endpoint-Protection (avo.local/Demo/Groups/SEC-Endpoint-Protection),Grant,12/21/2025 01:38:00,12/21/2025 01:38:12,PersonUpdate,Succeeded
Gijs Dijkgraaf (500300),Microsoft Active Directory,APP-Intranet (avo.local/Demo/Groups/APP-Intranet),Grant,03/01/2026 14:47:00,03/01/2026 14:47:55,PersonUpdate,Succeeded
Gijs Dijkgraaf (500300),Microsoft Active Directory,APP-Office365 (avo.local/Demo/Groups/APP-Office365),Grant,03/16/2026 11:11:00,03/16/2026 11:11:52,PersonUpdate,Succeeded
Gijs Dijkgraaf (500300),Microsoft Active Directory,APP-HRM02-Portal (avo.local/Demo/Groups/APP-HRM02-Portal),Grant,05/12/2025 06:39:00,05/12/2025 06:39:42,BusinessRuleUpdate,Succeeded
Gijs Dijkgraaf (500300),Microsoft Active Directory,FS-HRM02-RO (avo.local/Demo/Groups/FS-HRM02-RO),Grant,02/04/2026 01:20:00,02/04/2026 01:20:23,Import,Succeeded
Gijs Dijkgraaf (500300),Microsoft Active Directory,FS-HRM02-RW (avo.local/Demo/Groups/FS-HRM02-RW),Grant,01/22/2026 07:07:00,01/22/2026 07:08:02,PersonUpdate,Succeeded
Gijs Dijkgraaf (500300),Microsoft Active Directory,TEAM-HRM02 (avo.local/Demo/Groups/TEAM-HRM02),Grant,04/30/2026 04:48:00,04/30/2026 04:48:27,Import,Succeeded
Gijs Dijkgraaf (500300),Microsoft Active Directory,MBX-HRM02 (avo.local/Demo/Groups/MBX-HRM02),Grant,03/13/2026 14:10:00,03/13/2026 14:11:08,PersonUpdate,Succeeded
Sem Kalisvaart (500301),Microsoft Active Directory,SEC-Antivirus (avo.local/Demo/Groups/SEC-Antivirus),Grant,12/08/2025 19:44:00,12/08/2025 19:44:52,BusinessRuleUpdate,Succeeded
Sem Kalisvaart (500301),Microsoft Active Directory,APP-Intranet (avo.local/Demo/Groups/APP-Intranet),Grant,10/25/2025 21:51:00,10/25/2025 21:51:11,PersonUpdate,Succeeded
Sem Kalisvaart (500301),Microsoft Active Directory,APP-Office365 (avo.local/Demo/Groups/APP-Office365),Grant,04/23/2026 15:35:00,04/23/2026 15:36:01,BusinessRuleUpdate,Succeeded
Roos Fokkema (500302),Microsoft Active Directory,SEC-Antivirus (avo.local/Demo/Groups/SEC-Antivirus),Grant,12/21/2025 16:31:00,12/21/2025 16:31:31,Import,Succeeded
Roos Fokkema (500302),Microsoft Active Directory,SEC-MFA-Enrolled (avo.local/Demo/Groups/SEC-MFA-Enrolled),Grant,07/17/2025 08:40:00,07/17/2025 08:40:37,PersonUpdate,Succeeded
Roos Fokkema (500302),Microsoft Active Directory,APP-Office365 (avo.local/Demo/Groups/APP-Office365),Grant,02/22/2026 07:37:00,02/22/2026 07:37:58,PersonUpdate,Succeeded
Roos Fokkema (500302),Microsoft Active Directory,APP-CZ08-Portal (avo.local/Demo/Groups/APP-CZ08-Portal),Grant,05/08/2025 21:21:00,05/08/2025 21:22:28,Import,Succeeded
Roos Fokkema (500302),Microsoft Active Directory,FS-CZ08-RO (avo.local/Demo/Groups/FS-CZ08-RO),Grant,12/21/2025 13:07:00,12/21/2025 13:08:19,PersonUpdate,Succeeded
Roos Fokkema (500302),Microsoft Active Directory,FS-CZ08-RW (avo.local/Demo/Groups/FS-CZ08-RW),Grant,08/02/2025 06:40:00,08/02/2025 06:40:01,PersonUpdate,Succeeded
Roos Fokkema (500302),Microsoft Active Directory,TEAM-CZ08 (avo.local/Demo/Groups/TEAM-CZ08),Grant,08/22/2025 11:14:00,08/22/2025 11:15:03,ContractUpdate,Succeeded
Roos Fokkema (500302),Microsoft Active Directory,MBX-CZ08 (avo.local/Demo/Groups/MBX-CZ08),Grant,11/16/2025 02:57:00,11/16/2025 02:57:36,Import,Succeeded
Roos Fokkema (500302),Microsoft Active Directory,APP-Selfservice (avo.local/Demo/Groups/APP-Selfservice),Grant,05/09/2025 01:06:00,05/09/2025 01:06:47,Import,Succeeded
Zoë Ipenburg (500303),Microsoft Active Directory,SEC-Antivirus (avo.local/Demo/Groups/SEC-Antivirus),Grant,02/09/2026 19:00:00,02/09/2026 19:00:45,Import,Succeeded
Zoë Ipenburg (500303),Microsoft Active Directory,SEC-Antivirus (avo.local/Demo/Groups/SEC-Antivirus),Revoke,03/18/2026 19:00:00,03/18/2026 19:00:10,ContractUpdate,Succeeded
Zoë Ipenburg (500303),Microsoft Active Directory,SEC-Antivirus (avo.local/Demo/Groups/SEC-Antivirus),Grant,03/27/2026 19:00:00,03/27/2026 19:00:34,ContractUpdate,Succeeded
Zoë Ipenburg (500303),Microsoft Active Directory,SEC-Endpoint-Protection (avo.local/Demo/Groups/SEC-Endpoint-Protection),Grant,06/06/2025 13:14:00,06/06/2025 13:14:15,ContractUpdate,Succeeded
Zoë Ipenburg (500303),Microsoft Active Directory,TEAM-CB12 (avo.local/Demo/Groups/TEAM-CB12),Grant,08/08/2025 19:36:00,08/08/2025 19:37:07,BusinessRuleUpdate,Succeeded
Zoë Ipenburg (500303),Microsoft Active Directory,MBX-CB12 (avo.local/Demo/Groups/MBX-CB12),Grant,12/19/2025 19:40:00,12/19/2025 19:41:03,BusinessRuleUpdate,Succeeded
Zoë Ipenburg (500303),Microsoft Active Directory,APP-Selfservice (avo.local/Demo/Groups/APP-Selfservice),Grant,11/04/2025 15:35:00,11/04/2025 15:35:56,Import,Succeeded
Zoë Ipenburg (500303),Microsoft Active Directory,APP-Adobe-AcrobatPro (avo.local/Demo/Groups/APP-Adobe-AcrobatPro),Grant,08/28/2025 06:20:00,08/28/2025 06:20:51,PersonUpdate,Succeeded
Eva Muijs (500304),Microsoft Active Directory,SEC-Antivirus (avo.local/Demo/Groups/SEC-Antivirus),Grant,03/01/2026 23:13:00,03/01/2026 23:14:18,Import,Succeeded
Eva Muijs (500304),Microsoft Active Directory,SEC-MFA-Enrolled (avo.local/Demo/Groups/SEC-MFA-Enrolled),Grant,05/02/2025 20:12:00,05/02/2025 20:12:09,PersonUpdate,Succeeded
Eva Muijs (500304),Microsoft Active Directory,SEC-Endpoint-Protection (avo.local/Demo/Groups/SEC-Endpoint-Protection),Grant,02/22/2026 18:26:00,02/22/2026 18:26:14,BusinessRuleUpdate,Succeeded
Eva Muijs (500304),Microsoft Active Directory,APP-Intranet (avo.local/Demo/Groups/APP-Intranet),Grant,10/16/2025 15:23:00,10/16/2025 15:24:24,Import,Succeeded
Eva Muijs (500304),Microsoft Active Directory,APP-Office365 (avo.local/Demo/Groups/APP-Office365),Grant,09/08/2025 12:41:00,09/08/2025 12:41:25,Import,Succeeded
Eva Muijs (500304),Microsoft Active Directory,FS-CA060-RW (avo.local/Demo/Groups/FS-CA060-RW),Grant,03/12/2026 00:08:00,03/12/2026 00:08:59,PersonUpdate,Succeeded
Eva Muijs (500304),Microsoft Active Directory,MBX-CA060 (avo.local/Demo/Groups/MBX-CA060),Grant,03/19/2026 00:55:00,03/19/2026 00:55:47,BusinessRuleUpdate,Succeeded
Eva Muijs (500304),Microsoft Active Directory,APP-Selfservice (avo.local/Demo/Groups/APP-Selfservice),Grant,12/17/2025 05:22:00,12/17/2025 05:23:01,Import,Succeeded
Kim Kalisvaart (500305),Microsoft Active Directory,SEC-Antivirus (avo.local/Demo/Groups/SEC-Antivirus),Grant,04/11/2026 02:54:00,04/11/2026 02:54:15,Import,Succeeded
Kim Kalisvaart (500305),Microsoft Active Directory,SEC-DiskEncryption (avo.local/Demo/Groups/SEC-DiskEncryption),Grant,12/27/2025 00:22:00,12/27/2025 00:23:21,BusinessRuleUpdate,Succeeded
Kim Kalisvaart (500305),Microsoft Active Directory,SEC-Endpoint-Protection (avo.local/Demo/Groups/SEC-Endpoint-Protection),Grant,11/10/2025 08:52:00,11/10/2025 08:52:04,Import,Succeeded
Kim Kalisvaart (500305),Microsoft Active Directory,APP-Intranet (avo.local/Demo/Groups/APP-Intranet),Grant,07/13/2026 04:41:00,07/13/2026 04:41:23,Import,Succeeded
Kim Kalisvaart (500305),Microsoft Active Directory,APP-Office365 (avo.local/Demo/Groups/APP-Office365),Grant,09/28/2025 23:29:00,09/28/2025 23:29:52,BusinessRuleUpdate,Succeeded
Kim Kalisvaart (500305),Microsoft Active Directory,APP-CA060-Portal (avo.local/Demo/Groups/APP-CA060-Portal),Grant,09/03/2025 09:57:00,09/03/2025 09:58:28,ContractUpdate,Succeeded
Kim Kalisvaart (500305),Microsoft Active Directory,TEAM-CA060 (avo.local/Demo/Groups/TEAM-CA060),Grant,10/30/2025 04:11:00,10/30/2025 04:11:29,PersonUpdate,Succeeded
Kim Kalisvaart (500305),Microsoft Active Directory,MBX-CA060 (avo.local/Demo/Groups/MBX-CA060),Grant,05/17/2025 18:23:00,05/17/2025 18:23:34,ContractUpdate,Succeeded
Kim Elzinga (500306),Microsoft Active Directory,SEC-DiskEncryption (avo.local/Demo/Groups/SEC-DiskEncryption),Grant,02/19/2026 03:27:00,02/19/2026 03:28:27,ContractUpdate,Succeeded
Kim Elzinga (500306),Microsoft Active Directory,SEC-MFA-Enrolled (avo.local/Demo/Groups/SEC-MFA-Enrolled),Grant,08/01/2025 10:31:00,08/01/2025 10:31:07,Import,Succeeded
Kim Elzinga (500306),Microsoft Active Directory,APP-Office365 (avo.local/Demo/Groups/APP-Office365),Grant,05/21/2025 23:02:00,05/21/2025 23:02:21,BusinessRuleUpdate,Succeeded
Kim Elzinga (500306),Microsoft Active Directory,APP-Office365 (avo.local/Demo/Groups/APP-Office365),Revoke,06/04/2025 23:02:00,06/04/2025 23:02:54,ContractUpdate,Succeeded
Kim Elzinga (500306),Microsoft Active Directory,APP-Office365 (avo.local/Demo/Groups/APP-Office365),Grant,06/16/2025 23:02:00,06/16/2025 23:03:11,ContractUpdate,Succeeded
Mila Muijs (500307),Microsoft Active Directory,SEC-Antivirus (avo.local/Demo/Groups/SEC-Antivirus),Grant,07/12/2025 14:15:00,07/12/2025 14:15:40,BusinessRuleUpdate,Succeeded
Mila Muijs (500307),Microsoft Active Directory,SEC-MFA-Enrolled (avo.local/Demo/Groups/SEC-MFA-Enrolled),Grant,07/02/2026 21:58:00,07/02/2026 21:58:26,PersonUpdate,Succeeded
Mila Muijs (500307),Microsoft Active Directory,SEC-Endpoint-Protection (avo.local/Demo/Groups/SEC-Endpoint-Protection),Grant,12/13/2025 00:35:00,12/13/2025 00:35:59,ContractUpdate,Succeeded
Mila Muijs (500307),Microsoft Active Directory,APP-Intranet (avo.local/Demo/Groups/APP-Intranet),Grant,06/23/2026 04:54:00,06/23/2026 04:55:29,Import,Succeeded
Mila Muijs (500307),Microsoft Active Directory,APP-Office365 (avo.local/Demo/Groups/APP-Office365),Grant,01/24/2026 11:58:00,01/24/2026 11:58:09,BusinessRuleUpdate,Succeeded
Mila Muijs (500307),Microsoft Active Directory,FS-Begeleider-DATA (avo.local/Demo/Groups/FS-Begeleider-DATA),Grant,10/21/2025 19:26:00,10/21/2025 19:26:57,BusinessRuleUpdate,Succeeded
Olivier Uijlenbroek (500308),Microsoft Active Directory,SEC-Antivirus (avo.local/Demo/Groups/SEC-Antivirus),Grant,07/08/2025 22:59:00,07/08/2025 23:00:05,ContractUpdate,Succeeded
Olivier Uijlenbroek (500308),Microsoft Active Directory,SEC-DiskEncryption (avo.local/Demo/Groups/SEC-DiskEncryption),Grant,04/15/2026 18:53:00,04/15/2026 18:53:16,ContractUpdate,Succeeded
Olivier Uijlenbroek (500308),Microsoft Active Directory,SEC-MFA-Enrolled (avo.local/Demo/Groups/SEC-MFA-Enrolled),Grant,03/23/2025 00:49:00,03/23/2025 00:50:04,ContractUpdate,Succeeded
Olivier Uijlenbroek (500308),Microsoft Active Directory,APP-Intranet (avo.local/Demo/Groups/APP-Intranet),Grant,08/20/2025 09:52:00,08/20/2025 09:53:26,PersonUpdate,Succeeded
Olivier Uijlenbroek (500308),Microsoft Active Directory,APP-Office365 (avo.local/Demo/Groups/APP-Office365),Grant,03/25/2025 22:26:00,03/25/2025 22:27:06,PersonUpdate,Succeeded
Olivier Uijlenbroek (500308),Microsoft Active Directory,APP-CA060-Portal (avo.local/Demo/Groups/APP-CA060-Portal),Grant,09/21/2025 16:11:00,09/21/2025 16:11:03,PersonUpdate,Succeeded
Olivier Uijlenbroek (500308),Microsoft Active Directory,FS-CA060-RO (avo.local/Demo/Groups/FS-CA060-RO),Grant,11/10/2025 14:30:00,11/10/2025 14:30:29,PersonUpdate,Succeeded
Olivier Uijlenbroek (500308),Microsoft Active Directory,FS-CA060-RW (avo.local/Demo/Groups/FS-CA060-RW),Grant,10/22/2025 16:52:00,10/22/2025 16:53:08,Import,Succeeded
Olivier Uijlenbroek (500308),Microsoft Active Directory,TEAM-CA060 (avo.local/Demo/Groups/TEAM-CA060),Grant,02/03/2026 04:30:00,02/03/2026 04:30:51,BusinessRuleUpdate,Succeeded
Olivier Uijlenbroek (500308),Microsoft Active Directory,MBX-CA060 (avo.local/Demo/Groups/MBX-CA060),Grant,03/25/2025 22:51:00,03/25/2025 22:52:07,BusinessRuleUpdate,Succeeded
Olivier Uijlenbroek (500308),Microsoft Active Directory,FS-CZ08-RO (avo.local/Demo/Groups/FS-CZ08-RO),Grant,02/08/2026 22:12:00,02/08/2026 22:12:15,BusinessRuleUpdate,Succeeded
Olivier Uijlenbroek (500308),Microsoft Active Directory,TEAM-CZ08 (avo.local/Demo/Groups/TEAM-CZ08),Grant,02/05/2026 19:59:00,02/05/2026 19:59:16,BusinessRuleUpdate,Succeeded
Ursula Hoekstra (500309),Microsoft Active Directory,SEC-Antivirus (avo.local/Demo/Groups/SEC-Antivirus),Grant,07/23/2025 19:51:00,07/23/2025 19:51:05,BusinessRuleUpdate,Succeeded
Ursula Hoekstra (500309),Microsoft Active Directory,SEC-DiskEncryption (avo.local/Demo/Groups/SEC-DiskEncryption),Grant,07/22/2025 02:16:00,07/22/2025 02:16:22,ContractUpdate,Succeeded
Ursula Hoekstra (500309),Microsoft Active Directory,SEC-MFA-Enrolled (avo.local/Demo/Groups/SEC-MFA-Enrolled),Grant,05/28/2026 18:25:00,05/28/2026 18:25:18,Import,Succeeded
Ursula Hoekstra (500309),Microsoft Active Directory,APP-Intranet (avo.local/Demo/Groups/APP-Intranet),Grant,02/13/2026 19:59:00,02/13/2026 20:00:09,PersonUpdate,Succeeded
Ursula Coenen (500310),Microsoft Active Directory,SEC-DiskEncryption (avo.local/Demo/Groups/SEC-DiskEncryption),Grant,01/09/2026 20:49:00,01/09/2026 20:49:52,PersonUpdate,Succeeded
Ursula Coenen (500310),Microsoft Active Directory,SEC-MFA-Enrolled (avo.local/Demo/Groups/SEC-MFA-Enrolled),Grant,06/16/2026 00:56:00,06/16/2026 00:56:41,Import,Succeeded
Ursula Coenen (500310),Microsoft Active Directory,SEC-Endpoint-Protection (avo.local/Demo/Groups/SEC-Endpoint-Protection),Grant,03/07/2026 05:26:00,03/07/2026 05:26:16,ContractUpdate,Succeeded
Ursula Coenen (500310),Microsoft Active Directory,SEC-Endpoint-Protection (avo.local/Demo/Groups/SEC-Endpoint-Protection),Revoke,03/31/2026 05:26:00,03/31/2026 05:26:13,ContractUpdate,Succeeded
Ursula Coenen (500310),Microsoft Active Directory,SEC-Endpoint-Protection (avo.local/Demo/Groups/SEC-Endpoint-Protection),Grant,04/01/2026 05:26:00,04/01/2026 05:26:59,ContractUpdate,Succeeded
Ursula Coenen (500310),Microsoft Active Directory,APP-Office365 (avo.local/Demo/Groups/APP-Office365),Grant,06/14/2026 08:06:00,06/14/2026 08:07:01,ContractUpdate,Succeeded
Ursula Coenen (500310),Microsoft Active Directory,FS-CB12-RO (avo.local/Demo/Groups/FS-CB12-RO),Grant,10/10/2025 21:49:00,10/10/2025 21:49:39,ContractUpdate,Succeeded
Ursula Coenen (500310),Microsoft Active Directory,FS-CB12-RW (avo.local/Demo/Groups/FS-CB12-RW),Grant,05/29/2025 15:03:00,05/29/2025 15:03:57,Import,Succeeded
Ursula Coenen (500310),Microsoft Active Directory,TEAM-CB12 (avo.local/Demo/Groups/TEAM-CB12),Grant,05/30/2025 11:19:00,05/30/2025 11:19:37,Import,Succeeded
Ursula Coenen (500310),Microsoft Active Directory,MBX-CB12 (avo.local/Demo/Groups/MBX-CB12),Grant,04/05/2025 01:46:00,04/05/2025 01:46:40,ContractUpdate,Succeeded
Ursula Coenen (500310),Microsoft Active Directory,MBX-CB12 (avo.local/Demo/Groups/MBX-CB12),Revoke,04/21/2025 01:46:00,04/21/2025 01:46:53,ContractUpdate,Succeeded
Ursula Coenen (500310),Microsoft Active Directory,MBX-CB12 (avo.local/Demo/Groups/MBX-CB12),Grant,05/03/2025 01:46:00,05/03/2025 01:46:53,ContractUpdate,Succeeded
Ursula Coenen (500310),Microsoft Active Directory,FS-ICT03-RW (avo.local/Demo/Groups/FS-ICT03-RW),Grant,06/17/2025 04:03:00,06/17/2025 04:03:49,Import,Succeeded
Ursula Coenen (500310),Microsoft Active Directory,TEAM-ICT03 (avo.local/Demo/Groups/TEAM-ICT03),Grant,02/20/2026 16:44:00,02/20/2026 16:44:25,BusinessRuleUpdate,Succeeded
Cato Kalisvaart (500311),Microsoft Active Directory,SEC-Antivirus (avo.local/Demo/Groups/SEC-Antivirus),Grant,08/19/2025 11:54:00,08/19/2025 11:54:16,PersonUpdate,Succeeded
Cato Kalisvaart (500311),Microsoft Active Directory,SEC-DiskEncryption (avo.local/Demo/Groups/SEC-DiskEncryption),Grant,04/01/2025 05:47:00,04/01/2025 05:47:49,PersonUpdate,Succeeded
Cato Kalisvaart (500311),Microsoft Active Directory,SEC-Endpoint-Protection (avo.local/Demo/Groups/SEC-Endpoint-Protection),Grant,06/16/2026 21:07:00,06/16/2026 21:07:13,PersonUpdate,Succeeded
Cato Kalisvaart (500311),Microsoft Active Directory,ROLE-Begeleider (avo.local/Demo/Groups/ROLE-Begeleider),Grant,06/03/2026 04:31:00,06/03/2026 04:31:36,BusinessRuleUpdate,Succeeded
Cato Kalisvaart (500311),Microsoft Active Directory,ROLE-Begeleider (avo.local/Demo/Groups/ROLE-Begeleider),Revoke,06/21/2026 04:31:00,06/21/2026 04:32:07,ContractUpdate,Succeeded
Cato Kalisvaart (500311),Microsoft Active Directory,ROLE-Begeleider (avo.local/Demo/Groups/ROLE-Begeleider),Grant,07/05/2026 04:31:00,07/05/2026 04:32:11,ContractUpdate,Succeeded
Cato Kalisvaart (500311),Microsoft Active Directory,APP-Adobe-AcrobatPro (avo.local/Demo/Groups/APP-Adobe-AcrobatPro),Grant,04/30/2026 01:28:00,04/30/2026 01:28:10,Import,Succeeded
Cato Kalisvaart (500311),Microsoft Active Directory,FS-Begeleider-DATA (avo.local/Demo/Groups/FS-Begeleider-DATA),Grant,01/17/2026 03:52:00,01/17/2026 03:52:58,PersonUpdate,Succeeded
Bram Coenen (500312),Microsoft Active Directory,SEC-Antivirus (avo.local/Demo/Groups/SEC-Antivirus),Grant,08/03/2025 16:29:00,08/03/2025 16:29:46,ContractUpdate,Succeeded
Bram Coenen (500312),Microsoft Active Directory,SEC-DiskEncryption (avo.local/Demo/Groups/SEC-DiskEncryption),Grant,01/23/2026 08:32:00,01/23/2026 08:32:19,Import,Succeeded
Bram Coenen (500312),Microsoft Active Directory,SEC-MFA-Enrolled (avo.local/Demo/Groups/SEC-MFA-Enrolled),Grant,02/24/2026 06:53:00,02/24/2026 06:53:27,ContractUpdate,Succeeded
Bram Coenen (500312),Microsoft Active Directory,SEC-Endpoint-Protection (avo.local/Demo/Groups/SEC-Endpoint-Protection),Grant,05/21/2025 00:50:00,05/21/2025 00:51:10,PersonUpdate,Succeeded
Bram Coenen (500312),Microsoft Active Directory,SEC-Endpoint-Protection (avo.local/Demo/Groups/SEC-Endpoint-Protection),Revoke,06/17/2025 00:50:00,06/17/2025 00:51:12,ContractUpdate,Succeeded
Bram Coenen (500312),Microsoft Active Directory,SEC-Endpoint-Protection (avo.local/Demo/Groups/SEC-Endpoint-Protection),Grant,06/28/2025 00:50:00,06/28/2025 00:50:10,ContractUpdate,Succeeded
Bram Coenen (500312),Microsoft Active Directory,APP-Intranet (avo.local/Demo/Groups/APP-Intranet),Grant,01/25/2026 05:36:00,01/25/2026 05:37:21,BusinessRuleUpdate,Succeeded
Bram Coenen (500312),Microsoft Active Directory,APP-Office365 (avo.local/Demo/Groups/APP-Office365),Grant,07/11/2025 00:33:00,07/11/2025 00:33:53,ContractUpdate,Succeeded
Bram Coenen (500312),Microsoft Active Directory,FS-FIN01-RO (avo.local/Demo/Groups/FS-FIN01-RO),Grant,06/17/2025 15:00:00,06/17/2025 15:00:56,ContractUpdate,Succeeded
Bram Coenen (500312),Microsoft Active Directory,FS-FIN01-RW (avo.local/Demo/Groups/FS-FIN01-RW),Grant,07/09/2025 01:42:00,07/09/2025 01:43:20,Import,Succeeded
Bram Coenen (500312),Microsoft Active Directory,MBX-FIN01 (avo.local/Demo/Groups/MBX-FIN01),Grant,10/22/2025 23:34:00,10/22/2025 23:35:02,Import,Succeeded
Noa Hoekstra (500313),Microsoft Active Directory,SEC-Antivirus (avo.local/Demo/Groups/SEC-Antivirus),Grant,03/13/2026 06:13:00,03/13/2026 06:13:43,PersonUpdate,Succeeded
Noa Hoekstra (500313),Microsoft Active Directory,SEC-MFA-Enrolled (avo.local/Demo/Groups/SEC-MFA-Enrolled),Grant,01/14/2026 23:50:00,01/14/2026 23:51:28,ContractUpdate,Succeeded
Noa Hoekstra (500313),Microsoft Active Directory,SEC-Endpoint-Protection (avo.local/Demo/Groups/SEC-Endpoint-Protection),Grant,02/26/2026 07:05:00,02/26/2026 07:05:02,BusinessRuleUpdate,Succeeded
Noa Hoekstra (500313),Microsoft Active Directory,APP-Office365 (avo.local/Demo/Groups/APP-Office365),Grant,02/18/2026 14:37:00,02/18/2026 14:37:48,BusinessRuleUpdate,Succeeded
Noa Hoekstra (500313),Microsoft Active Directory,ROLE-Begeleider (avo.local/Demo/Groups/ROLE-Begeleider),Grant,04/16/2026 00:56:00,04/16/2026 00:56:35,BusinessRuleUpdate,Succeeded
Noa Hoekstra (500313),Microsoft Active Directory,FS-Begeleider-DATA (avo.local/Demo/Groups/FS-Begeleider-DATA),Grant,07/29/2026 21:49:00,07/29/2026 21:49:08,BusinessRuleUpdate,Succeeded
Xander Fokkema (500314),Microsoft Active Directory,SEC-Antivirus (avo.local/Demo/Groups/SEC-Antivirus),Grant,03/24/2026 11:17:00,03/24/2026 11:17:55,BusinessRuleUpdate,Succeeded
Xander Fokkema (500314),Microsoft Active Directory,SEC-DiskEncryption (avo.local/Demo/Groups/SEC-DiskEncryption),Grant,06/29/2026 20:14:00,06/29/2026 20:15:25,ContractUpdate,Succeeded
Xander Fokkema (500314),Microsoft Active Directory,SEC-Endpoint-Protection (avo.local/Demo/Groups/SEC-Endpoint-Protection),Grant,09/19/2025 22:22:00,09/19/2025 22:23:16,ContractUpdate,Succeeded
Xander Fokkema (500314),Microsoft Active Directory,APP-Intranet (avo.local/Demo/Groups/APP-Intranet),Grant,02/21/2026 16:56:00,02/21/2026 16:57:09,BusinessRuleUpdate,Succeeded
Xander Fokkema (500314),Microsoft Active Directory,APP-Office365 (avo.local/Demo/Groups/APP-Office365),Grant,03/06/2026 13:15:00,03/06/2026 13:15:35,PersonUpdate,Succeeded
Xander Fokkema (500314),Microsoft Active Directory,FS-FIN01-RO (avo.local/Demo/Groups/FS-FIN01-RO),Grant,05/09/2025 12:17:00,05/09/2025 12:18:12,BusinessRuleUpdate,Succeeded
Xander Fokkema (500314),Microsoft Active Directory,FS-FIN01-RO (avo.local/Demo/Groups/FS-FIN01-RO),Revoke,06/22/2025 12:17:00,06/22/2025 12:17:36,ContractUpdate,Succeeded
Xander Fokkema (500314),Microsoft Active Directory,FS-FIN01-RO (avo.local/Demo/Groups/FS-FIN01-RO),Grant,06/23/2025 12:17:00,06/23/2025 12:17:36,ContractUpdate,Succeeded
Xander Fokkema (500314),Microsoft Active Directory,FS-FIN01-RW (avo.local/Demo/Groups/FS-FIN01-RW),Grant,05/29/2026 10:14:00,05/29/2026 10:14:17,Import,Succeeded
Xander Fokkema (500314),Microsoft Active Directory,TEAM-FIN01 (avo.local/Demo/Groups/TEAM-FIN01),Grant,05/26/2026 16:43:00,05/26/2026 16:43:11,Import,Succeeded
Iris Dijkgraaf (500315),Microsoft Active Directory,SEC-Antivirus (avo.local/Demo/Groups/SEC-Antivirus),Grant,05/02/2026 17:12:00,05/02/2026 17:12:13,PersonUpdate,Succeeded
Iris Dijkgraaf (500315),Microsoft Active Directory,SEC-DiskEncryption (avo.local/Demo/Groups/SEC-DiskEncryption),Grant,04/01/2025 03:26:00,04/01/2025 03:27:18,Import,Succeeded
Iris Dijkgraaf (500315),Microsoft Active Directory,SEC-MFA-Enrolled (avo.local/Demo/Groups/SEC-MFA-Enrolled),Grant,06/22/2025 17:52:00,06/22/2025 17:52:54,ContractUpdate,Succeeded
Iris Dijkgraaf (500315),Microsoft Active Directory,SEC-Endpoint-Protection (avo.local/Demo/Groups/SEC-Endpoint-Protection),Grant,02/06/2026 16:55:00,02/06/2026 16:55:34,PersonUpdate,Succeeded
Iris Dijkgraaf (500315),Microsoft Active Directory,APP-Intranet (avo.local/Demo/Groups/APP-Intranet),Grant,04/09/2026 03:05:00,04/09/2026 03:05:30,BusinessRuleUpdate,Succeeded
Iris Dijkgraaf (500315),Microsoft Active Directory,APP-Office365 (avo.local/Demo/Groups/APP-Office365),Grant,06/19/2025 16:07:00,06/19/2025 16:07:55,PersonUpdate,Succeeded
Iris Dijkgraaf (500315),Microsoft Active Directory,APP-CA010-Portal (avo.local/Demo/Groups/APP-CA010-Portal),Grant,03/21/2026 18:42:00,03/21/2026 18:42:42,BusinessRuleUpdate,Succeeded
Iris Dijkgraaf (500315),Microsoft Active Directory,FS-CA010-RO (avo.local/Demo/Groups/FS-CA010-RO),Grant,04/05/2026 15:26:00,04/05/2026 15:26:27,ContractUpdate,Succeeded
Iris Dijkgraaf (500315),Microsoft Active Directory,FS-CA010-RW (avo.local/Demo/Groups/FS-CA010-RW),Grant,07/16/2025 14:55:00,07/16/2025 14:55:33,ContractUpdate,Succeeded
Iris Dijkgraaf (500315),Microsoft Active Directory,TEAM-CA010 (avo.local/Demo/Groups/TEAM-CA010),Grant,05/17/2026 00:06:00,05/17/2026 00:07:06,BusinessRuleUpdate,Succeeded
Iris Dijkgraaf (500315),Microsoft Active Directory,APP-Selfservice (avo.local/Demo/Groups/APP-Selfservice),Grant,05/13/2026 21:31:00,05/13/2026 21:31:21,ContractUpdate,Succeeded
Iris Dijkgraaf (500315),Microsoft Active Directory,ROLE-Begeleider (avo.local/Demo/Groups/ROLE-Begeleider),Grant,06/08/2025 21:13:00,06/08/2025 21:13:17,PersonUpdate,Succeeded
Yara Roozendaal (500316),Microsoft Active Directory,SEC-MFA-Enrolled (avo.local/Demo/Groups/SEC-MFA-Enrolled),Grant,07/21/2025 17:14:00,07/21/2025 17:14:16,BusinessRuleUpdate,Succeeded
Yara Roozendaal (500316),Microsoft Active Directory,APP-Intranet (avo.local/Demo/Groups/APP-Intranet),Grant,02/06/2026 06:22:00,02/06/2026 06:22:32,PersonUpdate,Succeeded
Yara Roozendaal (500316),Microsoft Active Directory,APP-Office365 (avo.local/Demo/Groups/APP-Office365),Grant,08/06/2025 07:12:00,08/06/2025 07:13:18,BusinessRuleUpdate,Succeeded
Yara Roozendaal (500316),Microsoft Active Directory,APP-ICT03-Portal (avo.local/Demo/Groups/APP-ICT03-Portal),Grant,06/09/2025 08:02:00,06/09/2025 08:02:26,ContractUpdate,Succeeded
Yara Roozendaal (500316),Microsoft Active Directory,FS-ICT03-RO (avo.local/Demo/Groups/FS-ICT03-RO),Grant,06/01/2025 14:33:00,06/01/2025 14:33:14,Import,Succeeded
Yara Roozendaal (500316),Microsoft Active Directory,TEAM-ICT03 (avo.local/Demo/Groups/TEAM-ICT03),Grant,07/22/2025 08:15:00,07/22/2025 08:15:43,BusinessRuleUpdate,Succeeded
Yara Roozendaal (500316),Microsoft Active Directory,MBX-ICT03 (avo.local/Demo/Groups/MBX-ICT03),Grant,11/08/2025 14:51:00,11/08/2025 14:52:03,BusinessRuleUpdate,Succeeded
Kim Fokkema (500317),Microsoft Active Directory,SEC-Antivirus (avo.local/Demo/Groups/SEC-Antivirus),Grant,03/15/2026 08:35:00,03/15/2026 08:36:22,PersonUpdate,Succeeded
Kim Fokkema (500317),Microsoft Active Directory,SEC-Endpoint-Protection (avo.local/Demo/Groups/SEC-Endpoint-Protection),Grant,06/07/2025 05:20:00,06/07/2025 05:21:00,Import,Succeeded
Kim Fokkema (500317),Microsoft Active Directory,APP-Intranet (avo.local/Demo/Groups/APP-Intranet),Grant,06/27/2025 23:26:00,06/27/2025 23:27:18,Import,Succeeded
Kim Fokkema (500317),Microsoft Active Directory,APP-Office365 (avo.local/Demo/Groups/APP-Office365),Grant,05/21/2025 07:22:00,05/21/2025 07:23:21,ContractUpdate,Succeeded
Kim Fokkema (500317),Microsoft Active Directory,FS-ICT03-RW (avo.local/Demo/Groups/FS-ICT03-RW),Grant,12/18/2025 13:59:00,12/18/2025 13:59:18,Import,Succeeded
Kim Fokkema (500317),Microsoft Active Directory,TEAM-ICT03 (avo.local/Demo/Groups/TEAM-ICT03),Grant,07/13/2025 10:04:00,07/13/2025 10:05:04,ContractUpdate,Succeeded
Ursula Vroegindeweij (500318),Microsoft Active Directory,SEC-Antivirus (avo.local/Demo/Groups/SEC-Antivirus),Grant,01/25/2026 01:03:00,01/25/2026 01:04:11,BusinessRuleUpdate,Succeeded
Ursula Vroegindeweij (500318),Microsoft Active Directory,SEC-DiskEncryption (avo.local/Demo/Groups/SEC-DiskEncryption),Grant,02/09/2026 11:01:00,02/09/2026 11:01:36,Import,Succeeded
Ursula Vroegindeweij (500318),Microsoft Active Directory,SEC-MFA-Enrolled (avo.local/Demo/Groups/SEC-MFA-Enrolled),Grant,12/02/2025 17:51:00,12/02/2025 17:51:22,PersonUpdate,Succeeded
Ursula Vroegindeweij (500318),Microsoft Active Directory,APP-Intranet (avo.local/Demo/Groups/APP-Intranet),Grant,01/18/2026 06:34:00,01/18/2026 06:34:52,Import,Succeeded
Lars Nagtegaal (500319),Microsoft Active Directory,SEC-Antivirus (avo.local/Demo/Groups/SEC-Antivirus),Grant,11/13/2025 00:57:00,11/13/2025 00:57:31,ContractUpdate,Succeeded
Lars Nagtegaal (500319),Microsoft Active Directory,SEC-MFA-Enrolled (avo.local/Demo/Groups/SEC-MFA-Enrolled),Grant,06/03/2026 05:45:00,06/03/2026 05:46:25,PersonUpdate,Succeeded
Lars Nagtegaal (500319),Microsoft Active Directory,SEC-Endpoint-Protection (avo.local/Demo/Groups/SEC-Endpoint-Protection),Grant,01/22/2026 08:07:00,01/22/2026 08:07:38,PersonUpdate,Succeeded
Lars Nagtegaal (500319),Microsoft Active Directory,APP-Intranet (avo.local/Demo/Groups/APP-Intranet),Grant,05/03/2025 02:11:00,05/03/2025 02:11:37,PersonUpdate,Succeeded
Lars Nagtegaal (500319),Microsoft Active Directory,APP-ICT03-Portal (avo.local/Demo/Groups/APP-ICT03-Portal),Grant,03/16/2026 05:16:00,03/16/2026 05:16:04,ContractUpdate,Succeeded
Lars Nagtegaal (500319),Microsoft Active Directory,FS-ICT03-RO (avo.local/Demo/Groups/FS-ICT03-RO),Grant,02/14/2026 15:41:00,02/14/2026 15:41:05,BusinessRuleUpdate,Succeeded
Lars Nagtegaal (500319),Microsoft Active Directory,FS-ICT03-RW (avo.local/Demo/Groups/FS-ICT03-RW),Grant,09/22/2025 00:42:00,09/22/2025 00:42:10,PersonUpdate,Succeeded
Lars Nagtegaal (500319),Microsoft Active Directory,TEAM-ICT03 (avo.local/Demo/Groups/TEAM-ICT03),Grant,06/27/2026 20:02:00,06/27/2026 20:02:20,Import,Succeeded
Lars Nagtegaal (500319),Microsoft Active Directory,MBX-ICT03 (avo.local/Demo/Groups/MBX-ICT03),Grant,05/06/2025 11:26:00,05/06/2025 11:26:55,Import,Succeeded
Lars Nagtegaal (500319),Microsoft Active Directory,APP-Adobe-AcrobatPro (avo.local/Demo/Groups/APP-Adobe-AcrobatPro),Grant,03/09/2026 19:08:00,03/09/2026 19:09:26,PersonUpdate,Succeeded
Sem Berkhout (500075),Microsoft Active Directory,SEC-MFA-Enrolled (avo.local/Sample/Groups/SEC-MFA-Enrolled),Grant,06/28/2026 00:00:00,06/28/2026 00:00:36,ContractUpdate|Blocked: person excluded,Skipped
Mila Elzinga (500175),Microsoft Active Directory,APP-Selfservice (avo.local/Sample/Groups/APP-Selfservice),Grant,05/19/2026 00:00:00,05/19/2026 00:00:45,BusinessRuleUpdate|Retry,Failed
Hanna Slootweg (500008),Microsoft Active Directory,APP-Intranet (avo.local/Sample/Groups/APP-Intranet),Grant,05/06/2026 00:00:00,05/06/2026 00:00:47,ContractUpdate|Blocked: person excluded,Skipped
Xander Zomerdijk (500230),Microsoft Active Directory,SEC-MFA-Enrolled (avo.local/Sample/Groups/SEC-MFA-Enrolled),Grant,05/18/2026 00:00:00,05/18/2026 00:01:23,ContractUpdate|Blocked: person excluded,Skipped
Bram Quaedvlieg (500235),Microsoft Active Directory,APP-Teams (avo.local/Sample/Groups/APP-Teams),Grant,05/15/2026 00:00:00,05/15/2026 00:01:16,BusinessRuleUpdate|Retry,Failed
Mila Nagtegaal (500082),Microsoft Active Directory,APP-Selfservice (avo.local/Sample/Groups/APP-Selfservice),Grant,07/12/2026 00:00:00,07/12/2026 00:01:04,BusinessRuleUpdate|Retry,Failed
Xander Jonker (500157),Microsoft Active Directory,APP-Selfservice (avo.local/Sample/Groups/APP-Selfservice),Grant,06/30/2026 00:00:00,06/30/2026 00:00:39,BusinessRuleUpdate|Retry,Failed
Anne Hoekstra (500011),Microsoft Active Directory,APP-Intranet (avo.local/Sample/Groups/APP-Intranet),Grant,07/24/2026 00:00:00,07/24/2026 00:00:07,BusinessRuleUpdate|Retry,Failed
Olivier Lindeboom (500268),Microsoft Active Directory,APP-Intranet (avo.local/Sample/Groups/APP-Intranet),Grant,06/01/2026 00:00:00,06/01/2026 00:00:17,ContractUpdate|Blocked: person excluded,Skipped
Hanna Hoekstra (500279),Microsoft Active Directory,APP-Office365 (avo.local/Sample/Groups/APP-Office365),Grant,05/28/2026 00:00:00,05/28/2026 00:01:15,BusinessRuleUpdate|Retry,Failed
Wout Muijs (500226),Microsoft Active Directory,APP-Office365 (avo.local/Sample/Groups/APP-Office365),Grant,06/28/2026 00:00:00,06/28/2026 00:00:13,ContractUpdate|Blocked: person excluded,Skipped
Pien Lindeboom (500137),Microsoft Active Directory,APP-Teams (avo.local/Sample/Groups/APP-Teams),Grant,07/31/2026 00:00:00,07/31/2026 00:00:31,ContractUpdate|Blocked: person excluded,Skipped
Finn Dijkgraaf (500194),Microsoft Active Directory,SEC-MFA-Enrolled (avo.local/Sample/Groups/SEC-MFA-Enrolled),Grant,07/31/2026 00:00:00,07/31/2026 00:00:50,BusinessRuleUpdate|Retry,Failed
Tess Muijs (500216),Microsoft Active Directory,SEC-MFA-Enrolled (avo.local/Sample/Groups/SEC-MFA-Enrolled),Grant,05/25/2026 00:00:00,05/25/2026 00:00:13,ContractUpdate|Blocked: person excluded,Skipped
Finn Dijkgraaf (500177),Microsoft Active Directory,APP-Intranet (avo.local/Sample/Groups/APP-Intranet),Grant,07/28/2026 00:00:00,07/28/2026 00:00:57,BusinessRuleUpdate|Retry,Failed
Roos Hoekstra (500270),Microsoft Active Directory,APP-Planner (avo.local/Sample/Groups/APP-Planner),Grant,07/17/2026 00:00:00,07/17/2026 00:01:08,BusinessRuleUpdate|Retry,Failed
Kim Dijkgraaf (500040),Microsoft Active Directory,SEC-Antivirus (avo.local/Sample/Groups/SEC-Antivirus),Grant,06/15/2026 00:00:00,06/15/2026 00:00:02,ContractUpdate|Blocked: person excluded,Skipped
Quinten Berkhout (500197),Microsoft Active Directory,SEC-Endpoint-Protection (avo.local/Sample/Groups/SEC-Endpoint-Protection),Grant,06/12/2026 00:00:00,06/12/2026 00:00:21,ContractUpdate|Blocked: person excluded,Skipped
Quinten Jonker (500088),Microsoft Active Directory,APP-Intranet (avo.local/Sample/Groups/APP-Intranet),Grant,06/03/2026 00:00:00,06/03/2026 00:00:22,ContractUpdate|Blocked: person excluded,Skipped
Sem Zomerdijk (500015),Microsoft Active Directory,APP-Selfservice (avo.local/Sample/Groups/APP-Selfservice),Grant,05/19/2026 00:00:00,05/19/2026 00:01:18,BusinessRuleUpdate|Retry,Failed
Zoë Roozendaal (500135),Microsoft Active Directory,SEC-Antivirus (avo.local/Sample/Groups/SEC-Antivirus),Grant,07/17/2026 00:00:00,07/17/2026 00:01:23,BusinessRuleUpdate|Retry,Failed
Jasper Kalisvaart (500068),Microsoft Active Directory,APP-Planner (avo.local/Sample/Groups/APP-Planner),Grant,07/23/2026 00:00:00,07/23/2026 00:00:18,ContractUpdate|Blocked: person excluded,Skipped
Sem Kalisvaart (500301),Microsoft Active Directory,SEC-Antivirus (avo.local/Sample/Groups/SEC-Antivirus),Grant,05/06/2026 00:00:00,05/06/2026 00:01:26,BusinessRuleUpdate|Retry,Failed
Daan Zomerdijk (500266),Microsoft Active Directory,SEC-DiskEncryption (avo.local/Sample/Groups/SEC-DiskEncryption),Grant,07/10/2026 00:00:00,07/10/2026 00:01:18,BusinessRuleUpdate|Retry,Failed
Mila Vroegindeweij (500209),Microsoft Active Directory,APP-Intranet (avo.local/Sample/Groups/APP-Intranet),Grant,07/05/2026 00:00:00,07/05/2026 00:01:01,ContractUpdate|Blocked: person excluded,Skipped
Ursula Oosterhuis (500249),Microsoft Active Directory,APP-Office365 (avo.local/Sample/Groups/APP-Office365),Grant,06/03/2026 00:00:00,06/03/2026 00:00:09,ContractUpdate|Blocked: person excluded,Skipped
Olivier Dijkgraaf (500227),Microsoft Active Directory,APP-Teams (avo.local/Sample/Groups/APP-Teams),Grant,07/18/2026 00:00:00,07/18/2026 00:01:15,ContractUpdate|Blocked: person excluded,Skipped
Eva Nagtegaal (500164),Microsoft Active Directory,APP-Teams (avo.local/Sample/Groups/APP-Teams),Grant,06/13/2026 00:00:00,06/13/2026 00:01:03,ContractUpdate|Blocked: person excluded,Skipped
Kim Coenen (500027),Microsoft Active Directory,SEC-DiskEncryption (avo.local/Sample/Groups/SEC-DiskEncryption),Grant,07/15/2026 00:00:00,07/15/2026 00:01:11,ContractUpdate|Blocked: person excluded,Skipped
Lars Fokkema (500108),Microsoft Active Directory,APP-Intranet (avo.local/Sample/Groups/APP-Intranet),Grant,06/10/2026 00:00:00,06/10/2026 00:00:22,BusinessRuleUpdate|Retry,Failed
Finn Fokkema (500221),Microsoft Active Directory,APP-Office365 (avo.local/Sample/Groups/APP-Office365),Grant,07/14/2026 00:00:00,07/14/2026 00:01:10,BusinessRuleUpdate|Retry,Failed
Lars Muijs (500277),Microsoft Active Directory,SEC-Endpoint-Protection (avo.local/Sample/Groups/SEC-Endpoint-Protection),Grant,05/08/2026 00:00:00,05/08/2026 00:00:38,BusinessRuleUpdate|Retry,Failed
Anne Berkhout (500170),Microsoft Active Directory,APP-Teams (avo.local/Sample/Groups/APP-Teams),Grant,05/12/2026 00:00:00,05/12/2026 00:00:53,ContractUpdate|Blocked: person excluded,Skipped
Bram Aalbers (500111),Microsoft Active Directory,SEC-Endpoint-Protection (avo.local/Sample/Groups/SEC-Endpoint-Protection),Grant,07/05/2026 00:00:00,07/05/2026 00:00:42,ContractUpdate|Blocked: person excluded,Skipped
Pien Muijs (500034),Microsoft Active Directory,APP-Teams (avo.local/Sample/Groups/APP-Teams),Grant,07/22/2026 00:00:00,07/22/2026 00:01:17,BusinessRuleUpdate|Retry,Failed
Vera Lindeboom (500154),Microsoft Active Directory,APP-Teams (avo.local/Sample/Groups/APP-Teams),Grant,07/22/2026 00:00:00,07/22/2026 00:01:09,BusinessRuleUpdate|Retry,Failed
Vera Elzinga (500109),Microsoft Active Directory,APP-Selfservice (avo.local/Sample/Groups/APP-Selfservice),Grant,06/05/2026 00:00:00,06/05/2026 00:00:58,ContractUpdate|Blocked: person excluded,Skipped
Hanna Slootweg (500151),Microsoft Active Directory,SEC-DiskEncryption (avo.local/Sample/Groups/SEC-DiskEncryption),Grant,06/05/2026 00:00:00,06/05/2026 00:00:57,BusinessRuleUpdate|Retry,Failed
Pien Ipenburg (500259),Microsoft Active Directory,APP-Planner (avo.local/Sample/Groups/APP-Planner),Grant,05/22/2026 00:00:00,05/22/2026 00:00:07,BusinessRuleUpdate|Retry,Failed
Hanna Pronk (500058),Microsoft Active Directory,APP-Office365 (avo.local/Sample/Groups/APP-Office365),Grant,07/26/2026 00:00:00,07/26/2026 00:01:00,ContractUpdate|Blocked: person excluded,Skipped
Pien Jonker (500280),Microsoft Active Directory,APP-Selfservice (avo.local/Sample/Groups/APP-Selfservice),Grant,06/17/2026 00:00:00,06/17/2026 00:00:05,BusinessRuleUpdate|Retry,Failed
Daan Berkhout (500065),Microsoft Active Directory,APP-Selfservice (avo.local/Sample/Groups/APP-Selfservice),Grant,07/31/2026 00:00:00,07/31/2026 00:00:54,ContractUpdate|Blocked: person excluded,Skipped
Pien Lindeboom (500115),Microsoft Active Directory,SEC-MFA-Enrolled (avo.local/Sample/Groups/SEC-MFA-Enrolled),Grant,07/07/2026 00:00:00,07/07/2026 00:01:10,ContractUpdate|Blocked: person excluded,Skipped
Hanna Fokkema (500299),Microsoft Active Directory,SEC-Antivirus (avo.local/Sample/Groups/SEC-Antivirus),Grant,06/07/2026 00:00:00,06/07/2026 00:00:46,ContractUpdate|Blocked: person excluded,Skipped
Lars Nagtegaal (500319),Microsoft Active Directory,SEC-Endpoint-Protection (avo.local/Sample/Groups/SEC-Endpoint-Protection),Grant,07/24/2026 00:00:00,07/24/2026 00:00:39,BusinessRuleUpdate|Retry,Failed
Noa Jonker (500179),Microsoft Active Directory,SEC-MFA-Enrolled (avo.local/Sample/Groups/SEC-MFA-Enrolled),Grant,07/14/2026 00:00:00,07/14/2026 00:00:19,ContractUpdate|Blocked: person excluded,Skipped
Wout Oosterhuis (500018),Microsoft Active Directory,SEC-DiskEncryption (avo.local/Sample/Groups/SEC-DiskEncryption),Grant,05/14/2026 00:00:00,05/14/2026 00:00:40,BusinessRuleUpdate|Retry,Failed
Tess Gerritsen (500223),Microsoft Active Directory,SEC-Endpoint-Protection (avo.local/Sample/Groups/SEC-Endpoint-Protection),Grant,07/14/2026 00:00:00,07/14/2026 00:00:27,ContractUpdate|Blocked: person excluded,Skipped
Finn Zomerdijk (500251),Microsoft Active Directory,APP-Office365 (avo.local/Sample/Groups/APP-Office365),Grant,05/30/2026 00:00:00,05/30/2026 00:01:21,BusinessRuleUpdate|Retry,Failed
Bram Terlouw (500163),Microsoft Active Directory,SEC-Antivirus (avo.local/Sample/Groups/SEC-Antivirus),Grant,07/30/2026 00:00:00,07/30/2026 00:01:08,BusinessRuleUpdate|Retry,Failed
Noa Kalisvaart (500252),Microsoft Active Directory,APP-Intranet (avo.local/Sample/Groups/APP-Intranet),Grant,05/26/2026 00:00:00,05/26/2026 00:00:52,BusinessRuleUpdate|Retry,Failed
Tess Oosterhuis (500183),Microsoft Active Directory,APP-Selfservice (avo.local/Sample/Groups/APP-Selfservice),Grant,06/11/2026 00:00:00,06/11/2026 00:01:12,BusinessRuleUpdate|Retry,Failed
Zoë Coenen (500097),Microsoft Active Directory,SEC-DiskEncryption (avo.local/Sample/Groups/SEC-DiskEncryption),Grant,06/18/2026 00:00:00,06/18/2026 00:00:27,ContractUpdate|Blocked: person excluded,Skipped
Eva Coenen (500125),Microsoft Active Directory,APP-Planner (avo.local/Sample/Groups/APP-Planner),Grant,05/24/2026 00:00:00,05/24/2026 00:01:26,BusinessRuleUpdate|Retry,Failed
Xander Quaedvlieg (500039),Microsoft Active Directory,APP-Selfservice (avo.local/Sample/Groups/APP-Selfservice),Grant,06/27/2026 00:00:00,06/27/2026 00:01:11,BusinessRuleUpdate|Retry,Failed
Sem Vroegindeweij (500193),Microsoft Active Directory,SEC-Endpoint-Protection (avo.local/Sample/Groups/SEC-Endpoint-Protection),Grant,06/25/2026 00:00:00,06/25/2026 00:01:24,BusinessRuleUpdate|Retry,Failed
Quinten Coenen (500245),Microsoft Active Directory,APP-Selfservice (avo.local/Sample/Groups/APP-Selfservice),Grant,06/23/2026 00:00:00,06/23/2026 00:01:18,ContractUpdate|Blocked: person excluded,Skipped
Cato Pronk (500208),Microsoft Active Directory,APP-Teams (avo.local/Sample/Groups/APP-Teams),Grant,06/11/2026 00:00:00,06/11/2026 00:00:06,ContractUpdate|Blocked: person excluded,Skipped
Mila Dijkgraaf (500094),Microsoft Active Directory,APP-Selfservice (avo.local/Sample/Groups/APP-Selfservice),Grant,07/30/2026 00:00:00,07/30/2026 00:00:57,BusinessRuleUpdate|Retry,Failed
Ursula Coenen (500310),Microsoft Active Directory,APP-Planner (avo.local/Sample/Groups/APP-Planner),Grant,07/22/2026 00:00:00,07/22/2026 00:00:37,BusinessRuleUpdate|Retry,Failed
