System,Person,AccountDisplayName,AccountUserName,AccountEnabled,PermissionDisplayName,PermissionConfigurationDisplayName,SubPermissionDisplayName,Issue,Resolution
Microsoft Active Directory,Sem Coenen (500001),Sem Coenen,sem.coenen62,True,FS-KWA07-Kwaliteit-RO (avo.local/Sample/Groups/FS-KWA07-Kwaliteit-RO),,,Permission unmanaged,None
Microsoft Active Directory,Sem Coenen (500001),Sem Coenen,sem.coenen62,True,APP-KWA07-Kwaliteit-Portal (avo.local/Sample/Groups/APP-KWA07-Kwaliteit-Portal),,,Permission unmanaged,None
Microsoft Active Directory,Sem Coenen (500001),Sem Coenen,sem.coenen62,True,TEAM-KWA07-Kwaliteit (avo.local/Sample/Groups/TEAM-KWA07-Kwaliteit),,,Permission unmanaged,None
Microsoft Active Directory,Sem Coenen (500001),Sem Coenen,sem.coenen62,True,MBX-KWA07-Kwaliteit (avo.local/Sample/Groups/MBX-KWA07-Kwaliteit),,,Permission unmanaged,None
Microsoft Active Directory,Sem Coenen (500001),Sem Coenen,sem.coenen62,True,ROLE-KWA07-Kwaliteit (avo.local/Sample/Groups/ROLE-KWA07-Kwaliteit),,,Permission unmanaged,None
Microsoft Active Directory,Sem Coenen (500001),Sem Coenen,sem.coenen62,True,APP-Selfservice (avo.local/Sample/Groups/APP-Selfservice),,,Permission unmanaged,None
Microsoft Active Directory,Sem Coenen (500001),Sem Coenen,sem.coenen62,True,APP-Intranet (avo.local/Sample/Groups/APP-Intranet),,,Permission unmanaged,None
Microsoft Active Directory,Sem Coenen (500001),Sem Coenen,sem.coenen62,True,WIFI-Personeel (avo.local/Sample/Groups/WIFI-Personeel),,,Permission unmanaged,None
Microsoft Active Directory,Sem Coenen (500001),Sem Coenen,sem.coenen62,True,VPN-Thuiswerken (avo.local/Sample/Groups/VPN-Thuiswerken),,,Permission unmanaged,None
Microsoft Active Directory,Sem Coenen (500001),Sem Coenen,sem.coenen62,True,SEC-Antivirus (avo.local/Sample/Groups/SEC-Antivirus),,,Permission unmanaged,None
Microsoft Active Directory,Sem Coenen (500001),Sem Coenen,sem.coenen62,True,SEC-DiskEncryption (avo.local/Sample/Groups/SEC-DiskEncryption),,,Permission unmanaged,None
Microsoft Active Directory,Sem Coenen (500001),Sem Coenen,sem.coenen62,True,APP-Project (avo.local/Sample/Groups/APP-Project),,,Permission unmanaged,None
Microsoft Active Directory,Sem Coenen (500001),Sem Coenen,sem.coenen62,True,LIC-M365-E1 (avo.local/Sample/Groups/LIC-M365-E1),,,Permission unmanaged,None
Microsoft Active Directory,Xander Aalbers (500002),Xander Aalbers,xander.aalbers63,True,FS-COM05-Communicatie-RW (avo.local/Sample/Groups/FS-COM05-Communicatie-RW),,,Permission unmanaged,None
Microsoft Active Directory,Xander Aalbers (500002),Xander Aalbers,xander.aalbers63,True,FS-COM05-Communicatie-RO (avo.local/Sample/Groups/FS-COM05-Communicatie-RO),,,Permission unmanaged,None
Microsoft Active Directory,Xander Aalbers (500002),Xander Aalbers,xander.aalbers63,True,MBX-COM05-Communicatie (avo.local/Sample/Groups/MBX-COM05-Communicatie),,,Permission unmanaged,None
Microsoft Active Directory,Xander Aalbers (500002),Xander Aalbers,xander.aalbers63,True,APP-Teams (avo.local/Sample/Groups/APP-Teams),,,Permission unmanaged,None
Microsoft Active Directory,Xander Aalbers (500002),Xander Aalbers,xander.aalbers63,True,APP-Intranet (avo.local/Sample/Groups/APP-Intranet),,,Permission unmanaged,None
Microsoft Active Directory,Xander Aalbers (500002),Xander Aalbers,xander.aalbers63,True,VPN-Thuiswerken (avo.local/Sample/Groups/VPN-Thuiswerken),,,Permission unmanaged,None
Microsoft Active Directory,Xander Aalbers (500002),Xander Aalbers,xander.aalbers63,True,SEC-DiskEncryption (avo.local/Sample/Groups/SEC-DiskEncryption),,,Permission unmanaged,None
Microsoft Active Directory,Xander Aalbers (500002),Xander Aalbers,xander.aalbers63,True,SEC-MFA-Enrolled (avo.local/Sample/Groups/SEC-MFA-Enrolled),,,Permission unmanaged,None
Microsoft Active Directory,Xander Aalbers (500002),Xander Aalbers,xander.aalbers63,True,SEC-Endpoint-Protection (avo.local/Sample/Groups/SEC-Endpoint-Protection),,,Permission unmanaged,None
Microsoft Active Directory,Xander Aalbers (500002),Xander Aalbers,xander.aalbers63,True,APP-Project (avo.local/Sample/Groups/APP-Project),,,Permission unmanaged,None
Microsoft Active Directory,Xander Aalbers (500002),Xander Aalbers,xander.aalbers63,True,APP-Visio (avo.local/Sample/Groups/APP-Visio),,,Permission unmanaged,None
Microsoft Active Directory,Xander Aalbers (500002),Xander Aalbers,xander.aalbers63,True,LIC-M365-E3 (avo.local/Sample/Groups/LIC-M365-E3),,,Permission unmanaged,None
Microsoft Active Directory,Sem Berkhout (500003),Sem Berkhout,sem.berkhout64,True,FS-KWA07-Kwaliteit-RW (avo.local/Sample/Groups/FS-KWA07-Kwaliteit-RW),,,Permission unmanaged,None
Microsoft Active Directory,Sem Berkhout (500003),Sem Berkhout,sem.berkhout64,True,MBX-KWA07-Kwaliteit (avo.local/Sample/Groups/MBX-KWA07-Kwaliteit),,,Permission unmanaged,None
Microsoft Active Directory,Sem Berkhout (500003),Sem Berkhout,sem.berkhout64,True,ROLE-KWA07-Kwaliteit (avo.local/Sample/Groups/ROLE-KWA07-Kwaliteit),,,Permission unmanaged,None
Microsoft Active Directory,Sem Berkhout (500003),Sem Berkhout,sem.berkhout64,True,APP-Planner (avo.local/Sample/Groups/APP-Planner),,,Permission unmanaged,None
Microsoft Active Directory,Sem Berkhout (500003),Sem Berkhout,sem.berkhout64,True,VPN-Thuiswerken (avo.local/Sample/Groups/VPN-Thuiswerken),,,Permission unmanaged,None
Microsoft Active Directory,Sem Berkhout (500003),Sem Berkhout,sem.berkhout64,True,PRINT-Default (avo.local/Sample/Groups/PRINT-Default),,,Permission unmanaged,None
Microsoft Active Directory,Sem Berkhout (500003),Sem Berkhout,sem.berkhout64,True,SEC-Antivirus (avo.local/Sample/Groups/SEC-Antivirus),,,Permission unmanaged,None
Microsoft Active Directory,Sem Berkhout (500003),Sem Berkhout,sem.berkhout64,True,SEC-DiskEncryption (avo.local/Sample/Groups/SEC-DiskEncryption),,,Permission unmanaged,None
Microsoft Active Directory,Sem Berkhout (500003),Sem Berkhout,sem.berkhout64,True,SEC-MFA-Enrolled (avo.local/Sample/Groups/SEC-MFA-Enrolled),,,Permission unmanaged,None
Microsoft Active Directory,Sem Berkhout (500003),Sem Berkhout,sem.berkhout64,True,SEC-Endpoint-Protection (avo.local/Sample/Groups/SEC-Endpoint-Protection),,,Permission unmanaged,None
Microsoft Active Directory,Sem Berkhout (500003),Sem Berkhout,sem.berkhout64,True,APP-PowerBI-Pro (avo.local/Sample/Groups/APP-PowerBI-Pro),,,Permission unmanaged,None
Microsoft Active Directory,Sem Berkhout (500003),Sem Berkhout,sem.berkhout64,True,LIC-M365-F3 (avo.local/Sample/Groups/LIC-M365-F3),,,Permission unmanaged,None
Microsoft Active Directory,Yara Gerritsen (500004),Yara Gerritsen,yara.gerritsen65,True,MBX-COM05-Communicatie (avo.local/Sample/Groups/MBX-COM05-Communicatie),,,Permission unmanaged,None
Microsoft Active Directory,Yara Gerritsen (500004),Yara Gerritsen,yara.gerritsen65,True,FS-COM05-Communicatie-RW (avo.local/Sample/Groups/FS-COM05-Communicatie-RW),,,Permission unmanaged,None
Microsoft Active Directory,Yara Gerritsen (500004),Yara Gerritsen,yara.gerritsen65,True,TEAM-COM05-Communicatie (avo.local/Sample/Groups/TEAM-COM05-Communicatie),,,Permission unmanaged,None
Microsoft Active Directory,Yara Gerritsen (500004),Yara Gerritsen,yara.gerritsen65,True,FS-COM05-Communicatie-RO (avo.local/Sample/Groups/FS-COM05-Communicatie-RO),,,Permission unmanaged,None
Microsoft Active Directory,Yara Gerritsen (500004),Yara Gerritsen,yara.gerritsen65,True,APP-Selfservice (avo.local/Sample/Groups/APP-Selfservice),,,Permission unmanaged,None
Microsoft Active Directory,Yara Gerritsen (500004),Yara Gerritsen,yara.gerritsen65,True,APP-Intranet (avo.local/Sample/Groups/APP-Intranet),,,Permission unmanaged,None
Microsoft Active Directory,Yara Gerritsen (500004),Yara Gerritsen,yara.gerritsen65,True,APP-Office365 (avo.local/Sample/Groups/APP-Office365),,,Permission unmanaged,None
Microsoft Active Directory,Yara Gerritsen (500004),Yara Gerritsen,yara.gerritsen65,True,VPN-Thuiswerken (avo.local/Sample/Groups/VPN-Thuiswerken),,,Permission unmanaged,None
Microsoft Active Directory,Yara Gerritsen (500004),Yara Gerritsen,yara.gerritsen65,True,PRINT-Default (avo.local/Sample/Groups/PRINT-Default),,,Permission unmanaged,None
Microsoft Active Directory,Yara Gerritsen (500004),Yara Gerritsen,yara.gerritsen65,True,SEC-Antivirus (avo.local/Sample/Groups/SEC-Antivirus),,,Permission unmanaged,None
Microsoft Active Directory,Yara Gerritsen (500004),Yara Gerritsen,yara.gerritsen65,True,SEC-DiskEncryption (avo.local/Sample/Groups/SEC-DiskEncryption),,,Permission unmanaged,None
Microsoft Active Directory,Yara Gerritsen (500004),Yara Gerritsen,yara.gerritsen65,True,SEC-MFA-Enrolled (avo.local/Sample/Groups/SEC-MFA-Enrolled),,,Permission unmanaged,None
Microsoft Active Directory,Yara Gerritsen (500004),Yara Gerritsen,yara.gerritsen65,True,SEC-Endpoint-Protection (avo.local/Sample/Groups/SEC-Endpoint-Protection),,,Permission unmanaged,None
Microsoft Active Directory,Yara Gerritsen (500004),Yara Gerritsen,yara.gerritsen65,True,LIC-M365-E3 (avo.local/Sample/Groups/LIC-M365-E3),,,Permission unmanaged,None
Microsoft Active Directory,Lars Aalbers (500005),Lars Aalbers,lars.aalbers66,True,APP-FAC04-Facilitair-Portal (avo.local/Sample/Groups/APP-FAC04-Facilitair-Portal),,,Permission unmanaged,None
Microsoft Active Directory,Lars Aalbers (500005),Lars Aalbers,lars.aalbers66,True,FS-FAC04-Facilitair-RO (avo.local/Sample/Groups/FS-FAC04-Facilitair-RO),,,Permission unmanaged,None
Microsoft Active Directory,Lars Aalbers (500005),Lars Aalbers,lars.aalbers66,True,MBX-FAC04-Facilitair (avo.local/Sample/Groups/MBX-FAC04-Facilitair),,,Permission unmanaged,None
Microsoft Active Directory,Lars Aalbers (500005),Lars Aalbers,lars.aalbers66,True,FS-FAC04-Facilitair-RW (avo.local/Sample/Groups/FS-FAC04-Facilitair-RW),,,Permission unmanaged,None
Microsoft Active Directory,Lars Aalbers (500005),Lars Aalbers,lars.aalbers66,True,ROLE-FAC04-Facilitair (avo.local/Sample/Groups/ROLE-FAC04-Facilitair),,,Permission unmanaged,None
Microsoft Active Directory,Lars Aalbers (500005),Lars Aalbers,lars.aalbers66,True,TEAM-FAC04-Facilitair (avo.local/Sample/Groups/TEAM-FAC04-Facilitair),,,Permission unmanaged,None
Microsoft Active Directory,Lars Aalbers (500005),Lars Aalbers,lars.aalbers66,True,APP-Teams (avo.local/Sample/Groups/APP-Teams),,,Permission unmanaged,None
Microsoft Active Directory,Lars Aalbers (500005),Lars Aalbers,lars.aalbers66,True,APP-Intranet (avo.local/Sample/Groups/APP-Intranet),,,Permission unmanaged,None
Microsoft Active Directory,Lars Aalbers (500005),Lars Aalbers,lars.aalbers66,True,APP-Selfservice (avo.local/Sample/Groups/APP-Selfservice),,,Permission unmanaged,None
Microsoft Active Directory,Lars Aalbers (500005),Lars Aalbers,lars.aalbers66,True,SEC-Antivirus (avo.local/Sample/Groups/SEC-Antivirus),,,Permission unmanaged,None
Microsoft Active Directory,Lars Aalbers (500005),Lars Aalbers,lars.aalbers66,True,SEC-DiskEncryption (avo.local/Sample/Groups/SEC-DiskEncryption),,,Permission unmanaged,None
Microsoft Active Directory,Lars Aalbers (500005),Lars Aalbers,lars.aalbers66,True,SEC-MFA-Enrolled (avo.local/Sample/Groups/SEC-MFA-Enrolled),,,Permission unmanaged,None
Microsoft Active Directory,Lars Aalbers (500005),Lars Aalbers,lars.aalbers66,True,SEC-Endpoint-Protection (avo.local/Sample/Groups/SEC-Endpoint-Protection),,,Permission unmanaged,None
Microsoft Active Directory,Lars Aalbers (500005),Lars Aalbers,lars.aalbers66,True,APP-Project (avo.local/Sample/Groups/APP-Project),,,Permission unmanaged,None
Microsoft Active Directory,Lars Aalbers (500005),Lars Aalbers,lars.aalbers66,True,LIC-M365-E3 (avo.local/Sample/Groups/LIC-M365-E3),,,Permission unmanaged,None
Microsoft Active Directory,Vera Ipenburg (500006),Vera Ipenburg,vera.ipenburg67,True,APP-FAC04-Facilitair-Portal (avo.local/Sample/Groups/APP-FAC04-Facilitair-Portal),,,Permission unmanaged,None
Microsoft Active Directory,Vera Ipenburg (500006),Vera Ipenburg,vera.ipenburg67,True,ROLE-FAC04-Facilitair (avo.local/Sample/Groups/ROLE-FAC04-Facilitair),,,Permission unmanaged,None
Microsoft Active Directory,Vera Ipenburg (500006),Vera Ipenburg,vera.ipenburg67,True,FS-FAC04-Facilitair-RW (avo.local/Sample/Groups/FS-FAC04-Facilitair-RW),,,Permission unmanaged,None
Microsoft Active Directory,Vera Ipenburg (500006),Vera Ipenburg,vera.ipenburg67,True,FS-FAC04-Facilitair-RO (avo.local/Sample/Groups/FS-FAC04-Facilitair-RO),,,Permission unmanaged,None
Microsoft Active Directory,Vera Ipenburg (500006),Vera Ipenburg,vera.ipenburg67,True,TEAM-FAC04-Facilitair (avo.local/Sample/Groups/TEAM-FAC04-Facilitair),,,Permission unmanaged,None
Microsoft Active Directory,Vera Ipenburg (500006),Vera Ipenburg,vera.ipenburg67,True,APP-Office365 (avo.local/Sample/Groups/APP-Office365),,,Permission unmanaged,None
Microsoft Active Directory,Vera Ipenburg (500006),Vera Ipenburg,vera.ipenburg67,True,APP-Teams (avo.local/Sample/Groups/APP-Teams),,,Permission unmanaged,None
Microsoft Active Directory,Vera Ipenburg (500006),Vera Ipenburg,vera.ipenburg67,True,SEC-Antivirus (avo.local/Sample/Groups/SEC-Antivirus),,,Permission unmanaged,None
Microsoft Active Directory,Vera Ipenburg (500006),Vera Ipenburg,vera.ipenburg67,True,SEC-DiskEncryption (avo.local/Sample/Groups/SEC-DiskEncryption),,,Permission unmanaged,None
Microsoft Active Directory,Vera Ipenburg (500006),Vera Ipenburg,vera.ipenburg67,True,APP-Adobe-AcrobatPro (avo.local/Sample/Groups/APP-Adobe-AcrobatPro),,,Permission unmanaged,None
Microsoft Active Directory,Vera Ipenburg (500006),Vera Ipenburg,vera.ipenburg67,True,LIC-M365-E1 (avo.local/Sample/Groups/LIC-M365-E1),,,Permission unmanaged,None
Microsoft Active Directory,Vera Ipenburg (500006),Vera Ipenburg,vera.ipenburg67,True,ROLE-COM05-Communicatie (avo.local/Sample/Groups/ROLE-COM05-Communicatie),,,Permission unmanaged,None
Microsoft Active Directory,Vera Ipenburg (500006),Vera Ipenburg,vera.ipenburg67,True,MBX-COM05-Communicatie (avo.local/Sample/Groups/MBX-COM05-Communicatie),,,Permission unmanaged,None
Microsoft Active Directory,Vera Ipenburg (500006),Vera Ipenburg,vera.ipenburg67,True,TEAM-COM05-Communicatie (avo.local/Sample/Groups/TEAM-COM05-Communicatie),,,Permission unmanaged,None
Microsoft Active Directory,Mila Vroegindeweij (500007),Mila Vroegindeweij,mila.vroegindeweij68,True,FS-CA010-Thuiszorg-RO (avo.local/Sample/Groups/FS-CA010-Thuiszorg-RO),,,Permission unmanaged,None
Microsoft Active Directory,Mila Vroegindeweij (500007),Mila Vroegindeweij,mila.vroegindeweij68,True,ROLE-CA010-Thuiszorg (avo.local/Sample/Groups/ROLE-CA010-Thuiszorg),,,Permission unmanaged,None
Microsoft Active Directory,Mila Vroegindeweij (500007),Mila Vroegindeweij,mila.vroegindeweij68,True,APP-CA010-Thuiszorg-Portal (avo.local/Sample/Groups/APP-CA010-Thuiszorg-Portal),,,Permission unmanaged,None
Microsoft Active Directory,Mila Vroegindeweij (500007),Mila Vroegindeweij,mila.vroegindeweij68,True,MBX-CA010-Thuiszorg (avo.local/Sample/Groups/MBX-CA010-Thuiszorg),,,Permission unmanaged,None
Microsoft Active Directory,Mila Vroegindeweij (500007),Mila Vroegindeweij,mila.vroegindeweij68,True,APP-Intranet (avo.local/Sample/Groups/APP-Intranet),,,Permission unmanaged,None
Microsoft Active Directory,Mila Vroegindeweij (500007),Mila Vroegindeweij,mila.vroegindeweij68,True,WIFI-Personeel (avo.local/Sample/Groups/WIFI-Personeel),,,Permission unmanaged,None
Microsoft Active Directory,Mila Vroegindeweij (500007),Mila Vroegindeweij,mila.vroegindeweij68,True,SEC-Antivirus (avo.local/Sample/Groups/SEC-Antivirus),,,Permission unmanaged,None
Microsoft Active Directory,Mila Vroegindeweij (500007),Mila Vroegindeweij,mila.vroegindeweij68,True,SEC-DiskEncryption (avo.local/Sample/Groups/SEC-DiskEncryption),,,Permission unmanaged,None
Microsoft Active Directory,Mila Vroegindeweij (500007),Mila Vroegindeweij,mila.vroegindeweij68,True,SEC-MFA-Enrolled (avo.local/Sample/Groups/SEC-MFA-Enrolled),,,Permission unmanaged,None
Microsoft Active Directory,Mila Vroegindeweij (500007),Mila Vroegindeweij,mila.vroegindeweij68,True,SEC-Endpoint-Protection (avo.local/Sample/Groups/SEC-Endpoint-Protection),,,Permission unmanaged,None
Microsoft Active Directory,Mila Vroegindeweij (500007),Mila Vroegindeweij,mila.vroegindeweij68,True,LIC-M365-E1 (avo.local/Sample/Groups/LIC-M365-E1),,,Permission unmanaged,None
Microsoft Active Directory,,Finn Wielenga,finn.wielenga69,True,,,,Account unmanaged,None
Microsoft Active Directory,,Finn Wielenga,finn.wielenga69,True,MBX-CA060-Revalidatie (avo.local/Sample/Groups/MBX-CA060-Revalidatie),,,Permission unmanaged,None
Microsoft Active Directory,,Finn Wielenga,finn.wielenga69,True,TEAM-CA060-Revalidatie (avo.local/Sample/Groups/TEAM-CA060-Revalidatie),,,Permission unmanaged,None
Microsoft Active Directory,,Finn Wielenga,finn.wielenga69,True,FS-CA060-Revalidatie-RO (avo.local/Sample/Groups/FS-CA060-Revalidatie-RO),,,Permission unmanaged,None
Microsoft Active Directory,,Finn Wielenga,finn.wielenga69,True,APP-Intranet (avo.local/Sample/Groups/APP-Intranet),,,Permission unmanaged,None
Microsoft Active Directory,,Finn Wielenga,finn.wielenga69,True,APP-Planner (avo.local/Sample/Groups/APP-Planner),,,Permission unmanaged,None
Microsoft Active Directory,,Finn Wielenga,finn.wielenga69,True,VPN-Thuiswerken (avo.local/Sample/Groups/VPN-Thuiswerken),,,Permission unmanaged,None
Microsoft Active Directory,,Finn Wielenga,finn.wielenga69,True,SEC-Antivirus (avo.local/Sample/Groups/SEC-Antivirus),,,Permission unmanaged,None
Microsoft Active Directory,,Finn Wielenga,finn.wielenga69,True,SEC-DiskEncryption (avo.local/Sample/Groups/SEC-DiskEncryption),,,Permission unmanaged,None
Microsoft Active Directory,,Finn Wielenga,finn.wielenga69,True,SEC-MFA-Enrolled (avo.local/Sample/Groups/SEC-MFA-Enrolled),,,Permission unmanaged,None
Microsoft Active Directory,,Finn Wielenga,finn.wielenga69,True,APP-PowerBI-Pro (avo.local/Sample/Groups/APP-PowerBI-Pro),,,Permission unmanaged,None
Microsoft Active Directory,,Finn Wielenga,finn.wielenga69,True,LIC-M365-E3 (avo.local/Sample/Groups/LIC-M365-E3),,,Permission unmanaged,None
Microsoft Active Directory,Roos Lindeboom (500009),Roos Lindeboom,roos.lindeboom70,True,APP-COM05-Communicatie-Portal (avo.local/Sample/Groups/APP-COM05-Communicatie-Portal),,,Permission unmanaged,None
Microsoft Active Directory,Roos Lindeboom (500009),Roos Lindeboom,roos.lindeboom70,True,ROLE-COM05-Communicatie (avo.local/Sample/Groups/ROLE-COM05-Communicatie),,,Permission unmanaged,None
Microsoft Active Directory,Roos Lindeboom (500009),Roos Lindeboom,roos.lindeboom70,True,MBX-COM05-Communicatie (avo.local/Sample/Groups/MBX-COM05-Communicatie),,,Permission unmanaged,None
Microsoft Active Directory,Roos Lindeboom (500009),Roos Lindeboom,roos.lindeboom70,True,APP-Office365 (avo.local/Sample/Groups/APP-Office365),,,Permission unmanaged,None
Microsoft Active Directory,Roos Lindeboom (500009),Roos Lindeboom,roos.lindeboom70,True,SEC-DiskEncryption (avo.local/Sample/Groups/SEC-DiskEncryption),,,Permission unmanaged,None
Microsoft Active Directory,Roos Lindeboom (500009),Roos Lindeboom,roos.lindeboom70,True,SEC-MFA-Enrolled (avo.local/Sample/Groups/SEC-MFA-Enrolled),,,Permission unmanaged,None
Microsoft Active Directory,Roos Lindeboom (500009),Roos Lindeboom,roos.lindeboom70,True,SEC-Endpoint-Protection (avo.local/Sample/Groups/SEC-Endpoint-Protection),,,Permission unmanaged,None
Microsoft Active Directory,Roos Lindeboom (500009),Roos Lindeboom,roos.lindeboom70,True,LIC-M365-E5 (avo.local/Sample/Groups/LIC-M365-E5),,,Permission unmanaged,None
Microsoft Active Directory,,Eva Slootweg,eva.slootweg71,False,,,,Account unmanaged,None
Microsoft Active Directory,,Eva Slootweg,eva.slootweg71,False,FS-CA060-Revalidatie-RO (avo.local/Sample/Groups/FS-CA060-Revalidatie-RO),,,Permission unmanaged,None
Microsoft Active Directory,,Eva Slootweg,eva.slootweg71,False,ROLE-CA060-Revalidatie (avo.local/Sample/Groups/ROLE-CA060-Revalidatie),,,Permission unmanaged,None
Microsoft Active Directory,,Eva Slootweg,eva.slootweg71,False,FS-CA060-Revalidatie-RW (avo.local/Sample/Groups/FS-CA060-Revalidatie-RW),,,Permission unmanaged,None
Microsoft Active Directory,,Eva Slootweg,eva.slootweg71,False,APP-CA060-Revalidatie-Portal (avo.local/Sample/Groups/APP-CA060-Revalidatie-Portal),,,Permission unmanaged,None
Microsoft Active Directory,,Eva Slootweg,eva.slootweg71,False,MBX-CA060-Revalidatie (avo.local/Sample/Groups/MBX-CA060-Revalidatie),,,Permission unmanaged,None
Microsoft Active Directory,,Eva Slootweg,eva.slootweg71,False,APP-Selfservice (avo.local/Sample/Groups/APP-Selfservice),,,Permission unmanaged,None
Microsoft Active Directory,,Eva Slootweg,eva.slootweg71,False,PRINT-Default (avo.local/Sample/Groups/PRINT-Default),,,Permission unmanaged,None
Microsoft Active Directory,,Eva Slootweg,eva.slootweg71,False,VPN-Thuiswerken (avo.local/Sample/Groups/VPN-Thuiswerken),,,Permission unmanaged,None
Microsoft Active Directory,,Eva Slootweg,eva.slootweg71,False,SEC-DiskEncryption (avo.local/Sample/Groups/SEC-DiskEncryption),,,Permission unmanaged,None
Microsoft Active Directory,,Eva Slootweg,eva.slootweg71,False,SEC-MFA-Enrolled (avo.local/Sample/Groups/SEC-MFA-Enrolled),,,Permission unmanaged,None
Microsoft Active Directory,,Eva Slootweg,eva.slootweg71,False,SEC-Endpoint-Protection (avo.local/Sample/Groups/SEC-Endpoint-Protection),,,Permission unmanaged,None
Microsoft Active Directory,,Eva Slootweg,eva.slootweg71,False,APP-Copilot (avo.local/Sample/Groups/APP-Copilot),,,Permission unmanaged,None
Microsoft Active Directory,,Eva Slootweg,eva.slootweg71,False,APP-Project (avo.local/Sample/Groups/APP-Project),,,Permission unmanaged,None
Microsoft Active Directory,,Eva Slootweg,eva.slootweg71,False,LIC-M365-E5 (avo.local/Sample/Groups/LIC-M365-E5),,,Permission unmanaged,None
Microsoft Active Directory,,Eva Slootweg,eva.slootweg71,False,LIC-M365-F3 (avo.local/Sample/Groups/LIC-M365-F3),,,Permission unmanaged,None
Microsoft Active Directory,,Eva Slootweg,eva.slootweg71,False,TEAM-CA060-Revalidatie (avo.local/Sample/Groups/TEAM-CA060-Revalidatie),,,Permission unmanaged,None
Microsoft Active Directory,,Eva Slootweg,eva.slootweg71,False,FS-CA010-Thuiszorg-RO (avo.local/Sample/Groups/FS-CA010-Thuiszorg-RO),,,Permission unmanaged,None
Microsoft Active Directory,,Eva Slootweg,eva.slootweg71,False,APP-CA010-Thuiszorg-Portal (avo.local/Sample/Groups/APP-CA010-Thuiszorg-Portal),,,Permission unmanaged,None
Microsoft Active Directory,,Eva Slootweg,eva.slootweg71,False,TEAM-CA010-Thuiszorg (avo.local/Sample/Groups/TEAM-CA010-Thuiszorg),,,Permission unmanaged,None
Microsoft Active Directory,,Eva Slootweg,eva.slootweg71,False,FS-CB12-Dagbesteding-RO (avo.local/Sample/Groups/FS-CB12-Dagbesteding-RO),,,Permission unmanaged,None
Microsoft Active Directory,,Eva Slootweg,eva.slootweg71,False,ROLE-CB12-Dagbesteding (avo.local/Sample/Groups/ROLE-CB12-Dagbesteding),,,Permission unmanaged,None
Microsoft Active Directory,,Eva Slootweg,eva.slootweg71,False,MBX-CB12-Dagbesteding (avo.local/Sample/Groups/MBX-CB12-Dagbesteding),,,Permission unmanaged,None
Microsoft Active Directory,Noa Muijs (500011),Noa Muijs,noa.muijs72,True,ROLE-COM05-Communicatie (avo.local/Sample/Groups/ROLE-COM05-Communicatie),,,Permission unmanaged,None
Microsoft Active Directory,Noa Muijs (500011),Noa Muijs,noa.muijs72,True,TEAM-COM05-Communicatie (avo.local/Sample/Groups/TEAM-COM05-Communicatie),,,Permission unmanaged,None
Microsoft Active Directory,Noa Muijs (500011),Noa Muijs,noa.muijs72,True,FS-COM05-Communicatie-RW (avo.local/Sample/Groups/FS-COM05-Communicatie-RW),,,Permission unmanaged,None
Microsoft Active Directory,Noa Muijs (500011),Noa Muijs,noa.muijs72,True,APP-COM05-Communicatie-Portal (avo.local/Sample/Groups/APP-COM05-Communicatie-Portal),,,Permission unmanaged,None
Microsoft Active Directory,Noa Muijs (500011),Noa Muijs,noa.muijs72,True,APP-Teams (avo.local/Sample/Groups/APP-Teams),,,Permission unmanaged,None
Microsoft Active Directory,Noa Muijs (500011),Noa Muijs,noa.muijs72,True,SEC-Antivirus (avo.local/Sample/Groups/SEC-Antivirus),,,Permission unmanaged,None
Microsoft Active Directory,Noa Muijs (500011),Noa Muijs,noa.muijs72,True,SEC-DiskEncryption (avo.local/Sample/Groups/SEC-DiskEncryption),,,Permission unmanaged,None
Microsoft Active Directory,Noa Muijs (500011),Noa Muijs,noa.muijs72,True,SEC-Endpoint-Protection (avo.local/Sample/Groups/SEC-Endpoint-Protection),,,Permission unmanaged,None
Microsoft Active Directory,Noa Muijs (500011),Noa Muijs,noa.muijs72,True,APP-PowerBI-Pro (avo.local/Sample/Groups/APP-PowerBI-Pro),,,Permission unmanaged,None
Microsoft Active Directory,Noa Muijs (500011),Noa Muijs,noa.muijs72,True,APP-Visio (avo.local/Sample/Groups/APP-Visio),,,Permission unmanaged,None
Microsoft Active Directory,Noa Muijs (500011),Noa Muijs,noa.muijs72,True,LIC-M365-E1 (avo.local/Sample/Groups/LIC-M365-E1),,,Permission unmanaged,None
Microsoft Active Directory,Noa Muijs (500011),Noa Muijs,noa.muijs72,True,LIC-M365-E5 (avo.local/Sample/Groups/LIC-M365-E5),,,Permission unmanaged,None
Microsoft Active Directory,Iris Gerritsen (500012),Iris Gerritsen,iris.gerritsen73,True,ROLE-INK08-Inkoop (avo.local/Sample/Groups/ROLE-INK08-Inkoop),,,Permission unmanaged,None
Microsoft Active Directory,Iris Gerritsen (500012),Iris Gerritsen,iris.gerritsen73,True,FS-INK08-Inkoop-RW (avo.local/Sample/Groups/FS-INK08-Inkoop-RW),,,Permission unmanaged,None
Microsoft Active Directory,Iris Gerritsen (500012),Iris Gerritsen,iris.gerritsen73,True,MBX-INK08-Inkoop (avo.local/Sample/Groups/MBX-INK08-Inkoop),,,Permission unmanaged,None
Microsoft Active Directory,Iris Gerritsen (500012),Iris Gerritsen,iris.gerritsen73,True,APP-INK08-Inkoop-Portal (avo.local/Sample/Groups/APP-INK08-Inkoop-Portal),,,Permission unmanaged,None
Microsoft Active Directory,Iris Gerritsen (500012),Iris Gerritsen,iris.gerritsen73,True,TEAM-INK08-Inkoop (avo.local/Sample/Groups/TEAM-INK08-Inkoop),,,Permission unmanaged,None
Microsoft Active Directory,Iris Gerritsen (500012),Iris Gerritsen,iris.gerritsen73,True,APP-Office365 (avo.local/Sample/Groups/APP-Office365),,,Permission unmanaged,None
Microsoft Active Directory,Iris Gerritsen (500012),Iris Gerritsen,iris.gerritsen73,True,APP-Selfservice (avo.local/Sample/Groups/APP-Selfservice),,,Permission unmanaged,None
Microsoft Active Directory,Iris Gerritsen (500012),Iris Gerritsen,iris.gerritsen73,True,PRINT-Default (avo.local/Sample/Groups/PRINT-Default),,,Permission unmanaged,None
Microsoft Active Directory,Iris Gerritsen (500012),Iris Gerritsen,iris.gerritsen73,True,SEC-Antivirus (avo.local/Sample/Groups/SEC-Antivirus),,,Permission unmanaged,None
Microsoft Active Directory,Iris Gerritsen (500012),Iris Gerritsen,iris.gerritsen73,True,SEC-DiskEncryption (avo.local/Sample/Groups/SEC-DiskEncryption),,,Permission unmanaged,None
Microsoft Active Directory,Iris Gerritsen (500012),Iris Gerritsen,iris.gerritsen73,True,SEC-MFA-Enrolled (avo.local/Sample/Groups/SEC-MFA-Enrolled),,,Permission unmanaged,None
Microsoft Active Directory,Iris Gerritsen (500012),Iris Gerritsen,iris.gerritsen73,True,SEC-Endpoint-Protection (avo.local/Sample/Groups/SEC-Endpoint-Protection),,,Permission unmanaged,None
Microsoft Active Directory,Iris Gerritsen (500012),Iris Gerritsen,iris.gerritsen73,True,LIC-M365-E5 (avo.local/Sample/Groups/LIC-M365-E5),,,Permission unmanaged,None
Microsoft Active Directory,Finn Kalisvaart (500013),Finn Kalisvaart,finn.kalisvaart74,True,APP-CB12-Dagbesteding-Portal (avo.local/Sample/Groups/APP-CB12-Dagbesteding-Portal),,,Permission unmanaged,None
Microsoft Active Directory,Finn Kalisvaart (500013),Finn Kalisvaart,finn.kalisvaart74,True,MBX-CB12-Dagbesteding (avo.local/Sample/Groups/MBX-CB12-Dagbesteding),,,Permission unmanaged,None
Microsoft Active Directory,Finn Kalisvaart (500013),Finn Kalisvaart,finn.kalisvaart74,True,ROLE-CB12-Dagbesteding (avo.local/Sample/Groups/ROLE-CB12-Dagbesteding),,,Permission unmanaged,None
Microsoft Active Directory,Finn Kalisvaart (500013),Finn Kalisvaart,finn.kalisvaart74,True,TEAM-CB12-Dagbesteding (avo.local/Sample/Groups/TEAM-CB12-Dagbesteding),,,Permission unmanaged,None
Microsoft Active Directory,Finn Kalisvaart (500013),Finn Kalisvaart,finn.kalisvaart74,True,APP-Intranet (avo.local/Sample/Groups/APP-Intranet),,,Permission unmanaged,None
Microsoft Active Directory,Finn Kalisvaart (500013),Finn Kalisvaart,finn.kalisvaart74,True,SEC-Antivirus (avo.local/Sample/Groups/SEC-Antivirus),,,Permission unmanaged,None
Microsoft Active Directory,Finn Kalisvaart (500013),Finn Kalisvaart,finn.kalisvaart74,True,SEC-DiskEncryption (avo.local/Sample/Groups/SEC-DiskEncryption),,,Permission unmanaged,None
Microsoft Active Directory,Finn Kalisvaart (500013),Finn Kalisvaart,finn.kalisvaart74,True,SEC-MFA-Enrolled (avo.local/Sample/Groups/SEC-MFA-Enrolled),,,Permission unmanaged,None
Microsoft Active Directory,Finn Kalisvaart (500013),Finn Kalisvaart,finn.kalisvaart74,True,SEC-Endpoint-Protection (avo.local/Sample/Groups/SEC-Endpoint-Protection),,,Permission unmanaged,None
Microsoft Active Directory,Finn Kalisvaart (500013),Finn Kalisvaart,finn.kalisvaart74,True,APP-PowerBI-Pro (avo.local/Sample/Groups/APP-PowerBI-Pro),,,Permission unmanaged,None
Microsoft Active Directory,Finn Kalisvaart (500013),Finn Kalisvaart,finn.kalisvaart74,True,LIC-M365-E5 (avo.local/Sample/Groups/LIC-M365-E5),,,Permission unmanaged,None
Microsoft Active Directory,Cato Quaedvlieg (500014),Cato Quaedvlieg,cato.quaedvlieg75,True,FS-CZ08-Begeleiding-RW (avo.local/Sample/Groups/FS-CZ08-Begeleiding-RW),,,Permission unmanaged,None
Microsoft Active Directory,Cato Quaedvlieg (500014),Cato Quaedvlieg,cato.quaedvlieg75,True,APP-CZ08-Begeleiding-Portal (avo.local/Sample/Groups/APP-CZ08-Begeleiding-Portal),,,Permission unmanaged,None
Microsoft Active Directory,Cato Quaedvlieg (500014),Cato Quaedvlieg,cato.quaedvlieg75,True,ROLE-CZ08-Begeleiding (avo.local/Sample/Groups/ROLE-CZ08-Begeleiding),,,Permission unmanaged,None
Microsoft Active Directory,Cato Quaedvlieg (500014),Cato Quaedvlieg,cato.quaedvlieg75,True,MBX-CZ08-Begeleiding (avo.local/Sample/Groups/MBX-CZ08-Begeleiding),,,Permission unmanaged,None
Microsoft Active Directory,Cato Quaedvlieg (500014),Cato Quaedvlieg,cato.quaedvlieg75,True,APP-Office365 (avo.local/Sample/Groups/APP-Office365),,,Permission unmanaged,None
Microsoft Active Directory,Cato Quaedvlieg (500014),Cato Quaedvlieg,cato.quaedvlieg75,True,VPN-Thuiswerken (avo.local/Sample/Groups/VPN-Thuiswerken),,,Permission unmanaged,None
Microsoft Active Directory,Cato Quaedvlieg (500014),Cato Quaedvlieg,cato.quaedvlieg75,True,PRINT-Default (avo.local/Sample/Groups/PRINT-Default),,,Permission unmanaged,None
Microsoft Active Directory,Cato Quaedvlieg (500014),Cato Quaedvlieg,cato.quaedvlieg75,True,SEC-Antivirus (avo.local/Sample/Groups/SEC-Antivirus),,,Permission unmanaged,None
Microsoft Active Directory,Cato Quaedvlieg (500014),Cato Quaedvlieg,cato.quaedvlieg75,True,SEC-DiskEncryption (avo.local/Sample/Groups/SEC-DiskEncryption),,,Permission unmanaged,None
Microsoft Active Directory,Cato Quaedvlieg (500014),Cato Quaedvlieg,cato.quaedvlieg75,True,SEC-MFA-Enrolled (avo.local/Sample/Groups/SEC-MFA-Enrolled),,,Permission unmanaged,None
Microsoft Active Directory,Cato Quaedvlieg (500014),Cato Quaedvlieg,cato.quaedvlieg75,True,SEC-Endpoint-Protection (avo.local/Sample/Groups/SEC-Endpoint-Protection),,,Permission unmanaged,None
Microsoft Active Directory,Cato Quaedvlieg (500014),Cato Quaedvlieg,cato.quaedvlieg75,True,LIC-M365-E3 (avo.local/Sample/Groups/LIC-M365-E3),,,Permission unmanaged,None
Microsoft Active Directory,Iris Coenen (500015),Iris Coenen,iris.coenen76,True,TEAM-FIN01-Financien (avo.local/Sample/Groups/TEAM-FIN01-Financien),,,Permission unmanaged,None
Microsoft Active Directory,Iris Coenen (500015),Iris Coenen,iris.coenen76,True,MBX-FIN01-Financien (avo.local/Sample/Groups/MBX-FIN01-Financien),,,Permission unmanaged,None
Microsoft Active Directory,Iris Coenen (500015),Iris Coenen,iris.coenen76,True,ROLE-FIN01-Financien (avo.local/Sample/Groups/ROLE-FIN01-Financien),,,Permission unmanaged,None
Microsoft Active Directory,Iris Coenen (500015),Iris Coenen,iris.coenen76,True,APP-FIN01-Financien-Portal (avo.local/Sample/Groups/APP-FIN01-Financien-Portal),,,Permission unmanaged,None
Microsoft Active Directory,Iris Coenen (500015),Iris Coenen,iris.coenen76,True,FS-FIN01-Financien-RO (avo.local/Sample/Groups/FS-FIN01-Financien-RO),,,Permission unmanaged,None
Microsoft Active Directory,Iris Coenen (500015),Iris Coenen,iris.coenen76,True,FS-FIN01-Financien-RW (avo.local/Sample/Groups/FS-FIN01-Financien-RW),,,Permission unmanaged,None
Microsoft Active Directory,Iris Coenen (500015),Iris Coenen,iris.coenen76,True,APP-Teams (avo.local/Sample/Groups/APP-Teams),,,Permission unmanaged,None
Microsoft Active Directory,Iris Coenen (500015),Iris Coenen,iris.coenen76,True,PRINT-Default (avo.local/Sample/Groups/PRINT-Default),,,Permission unmanaged,None
Microsoft Active Directory,Iris Coenen (500015),Iris Coenen,iris.coenen76,True,SEC-Antivirus (avo.local/Sample/Groups/SEC-Antivirus),,,Permission unmanaged,None
Microsoft Active Directory,Iris Coenen (500015),Iris Coenen,iris.coenen76,True,SEC-Endpoint-Protection (avo.local/Sample/Groups/SEC-Endpoint-Protection),,,Permission unmanaged,None
Microsoft Active Directory,Iris Coenen (500015),Iris Coenen,iris.coenen76,True,LIC-M365-E3 (avo.local/Sample/Groups/LIC-M365-E3),,,Permission unmanaged,None
Microsoft Active Directory,Mila Slootweg (500016),Mila Slootweg,mila.slootweg77,True,MBX-CA010-Thuiszorg (avo.local/Sample/Groups/MBX-CA010-Thuiszorg),,,Permission unmanaged,None
Microsoft Active Directory,Mila Slootweg (500016),Mila Slootweg,mila.slootweg77,True,FS-CA010-Thuiszorg-RW (avo.local/Sample/Groups/FS-CA010-Thuiszorg-RW),,,Permission unmanaged,None
Microsoft Active Directory,Mila Slootweg (500016),Mila Slootweg,mila.slootweg77,True,TEAM-CA010-Thuiszorg (avo.local/Sample/Groups/TEAM-CA010-Thuiszorg),,,Permission unmanaged,None
Microsoft Active Directory,Mila Slootweg (500016),Mila Slootweg,mila.slootweg77,True,APP-Office365 (avo.local/Sample/Groups/APP-Office365),,,Permission unmanaged,None
Microsoft Active Directory,Mila Slootweg (500016),Mila Slootweg,mila.slootweg77,True,APP-Selfservice (avo.local/Sample/Groups/APP-Selfservice),,,Permission unmanaged,None
Microsoft Active Directory,Mila Slootweg (500016),Mila Slootweg,mila.slootweg77,True,APP-Planner (avo.local/Sample/Groups/APP-Planner),,,Permission unmanaged,None
Microsoft Active Directory,Mila Slootweg (500016),Mila Slootweg,mila.slootweg77,True,VPN-Thuiswerken (avo.local/Sample/Groups/VPN-Thuiswerken),,,Permission unmanaged,None
Microsoft Active Directory,Mila Slootweg (500016),Mila Slootweg,mila.slootweg77,True,SEC-Antivirus (avo.local/Sample/Groups/SEC-Antivirus),,,Permission unmanaged,None
Microsoft Active Directory,Mila Slootweg (500016),Mila Slootweg,mila.slootweg77,True,SEC-DiskEncryption (avo.local/Sample/Groups/SEC-DiskEncryption),,,Permission unmanaged,None
Microsoft Active Directory,Mila Slootweg (500016),Mila Slootweg,mila.slootweg77,True,SEC-MFA-Enrolled (avo.local/Sample/Groups/SEC-MFA-Enrolled),,,Permission unmanaged,None
Microsoft Active Directory,Mila Slootweg (500016),Mila Slootweg,mila.slootweg77,True,SEC-Endpoint-Protection (avo.local/Sample/Groups/SEC-Endpoint-Protection),,,Permission unmanaged,None
Microsoft Active Directory,Mila Slootweg (500016),Mila Slootweg,mila.slootweg77,True,LIC-M365-E5 (avo.local/Sample/Groups/LIC-M365-E5),,,Permission unmanaged,None
Microsoft Active Directory,Finn Quaedvlieg (500017),Finn Quaedvlieg,finn.quaedvlieg78,True,MBX-INK08-Inkoop (avo.local/Sample/Groups/MBX-INK08-Inkoop),,,Permission unmanaged,None
Microsoft Active Directory,Finn Quaedvlieg (500017),Finn Quaedvlieg,finn.quaedvlieg78,True,FS-INK08-Inkoop-RW (avo.local/Sample/Groups/FS-INK08-Inkoop-RW),,,Permission unmanaged,None
Microsoft Active Directory,Finn Quaedvlieg (500017),Finn Quaedvlieg,finn.quaedvlieg78,True,FS-INK08-Inkoop-RO (avo.local/Sample/Groups/FS-INK08-Inkoop-RO),,,Permission unmanaged,None
Microsoft Active Directory,Finn Quaedvlieg (500017),Finn Quaedvlieg,finn.quaedvlieg78,True,ROLE-INK08-Inkoop (avo.local/Sample/Groups/ROLE-INK08-Inkoop),,,Permission unmanaged,None
Microsoft Active Directory,Finn Quaedvlieg (500017),Finn Quaedvlieg,finn.quaedvlieg78,True,APP-Planner (avo.local/Sample/Groups/APP-Planner),,,Permission unmanaged,None
Microsoft Active Directory,Finn Quaedvlieg (500017),Finn Quaedvlieg,finn.quaedvlieg78,True,APP-Intranet (avo.local/Sample/Groups/APP-Intranet),,,Permission unmanaged,None
Microsoft Active Directory,Finn Quaedvlieg (500017),Finn Quaedvlieg,finn.quaedvlieg78,True,APP-Selfservice (avo.local/Sample/Groups/APP-Selfservice),,,Permission unmanaged,None
Microsoft Active Directory,Finn Quaedvlieg (500017),Finn Quaedvlieg,finn.quaedvlieg78,True,VPN-Thuiswerken (avo.local/Sample/Groups/VPN-Thuiswerken),,,Permission unmanaged,None
Microsoft Active Directory,Finn Quaedvlieg (500017),Finn Quaedvlieg,finn.quaedvlieg78,True,WIFI-Personeel (avo.local/Sample/Groups/WIFI-Personeel),,,Permission unmanaged,None
Microsoft Active Directory,Finn Quaedvlieg (500017),Finn Quaedvlieg,finn.quaedvlieg78,True,SEC-Antivirus (avo.local/Sample/Groups/SEC-Antivirus),,,Permission unmanaged,None
Microsoft Active Directory,Finn Quaedvlieg (500017),Finn Quaedvlieg,finn.quaedvlieg78,True,SEC-DiskEncryption (avo.local/Sample/Groups/SEC-DiskEncryption),,,Permission unmanaged,None
Microsoft Active Directory,Finn Quaedvlieg (500017),Finn Quaedvlieg,finn.quaedvlieg78,True,SEC-MFA-Enrolled (avo.local/Sample/Groups/SEC-MFA-Enrolled),,,Permission unmanaged,None
Microsoft Active Directory,Finn Quaedvlieg (500017),Finn Quaedvlieg,finn.quaedvlieg78,True,SEC-Endpoint-Protection (avo.local/Sample/Groups/SEC-Endpoint-Protection),,,Permission unmanaged,None
Microsoft Active Directory,Finn Quaedvlieg (500017),Finn Quaedvlieg,finn.quaedvlieg78,True,LIC-M365-E1 (avo.local/Sample/Groups/LIC-M365-E1),,,Permission unmanaged,None
Microsoft Active Directory,Quinten Fokkema (500018),Quinten Fokkema,quinten.fokkema79,True,ROLE-CA060-Revalidatie (avo.local/Sample/Groups/ROLE-CA060-Revalidatie),,,Permission unmanaged,None
Microsoft Active Directory,Quinten Fokkema (500018),Quinten Fokkema,quinten.fokkema79,True,APP-CA060-Revalidatie-Portal (avo.local/Sample/Groups/APP-CA060-Revalidatie-Portal),,,Permission unmanaged,None
Microsoft Active Directory,Quinten Fokkema (500018),Quinten Fokkema,quinten.fokkema79,True,FS-CA060-Revalidatie-RW (avo.local/Sample/Groups/FS-CA060-Revalidatie-RW),,,Permission unmanaged,None
Microsoft Active Directory,Quinten Fokkema (500018),Quinten Fokkema,quinten.fokkema79,True,TEAM-CA060-Revalidatie (avo.local/Sample/Groups/TEAM-CA060-Revalidatie),,,Permission unmanaged,None
Microsoft Active Directory,Quinten Fokkema (500018),Quinten Fokkema,quinten.fokkema79,True,APP-Office365 (avo.local/Sample/Groups/APP-Office365),,,Permission unmanaged,None
Microsoft Active Directory,Quinten Fokkema (500018),Quinten Fokkema,quinten.fokkema79,True,VPN-Thuiswerken (avo.local/Sample/Groups/VPN-Thuiswerken),,,Permission unmanaged,None
Microsoft Active Directory,Quinten Fokkema (500018),Quinten Fokkema,quinten.fokkema79,True,PRINT-Default (avo.local/Sample/Groups/PRINT-Default),,,Permission unmanaged,None
Microsoft Active Directory,Quinten Fokkema (500018),Quinten Fokkema,quinten.fokkema79,True,SEC-Antivirus (avo.local/Sample/Groups/SEC-Antivirus),,,Permission unmanaged,None
Microsoft Active Directory,Quinten Fokkema (500018),Quinten Fokkema,quinten.fokkema79,True,SEC-Endpoint-Protection (avo.local/Sample/Groups/SEC-Endpoint-Protection),,,Permission unmanaged,None
Microsoft Active Directory,Quinten Fokkema (500018),Quinten Fokkema,quinten.fokkema79,True,LIC-M365-F3 (avo.local/Sample/Groups/LIC-M365-F3),,,Permission unmanaged,None
Microsoft Active Directory,Gijs Dijkgraaf (500019),Gijs Dijkgraaf,gijs.dijkgraaf80,True,FS-KWA07-Kwaliteit-RW (avo.local/Sample/Groups/FS-KWA07-Kwaliteit-RW),,,Permission unmanaged,None
Microsoft Active Directory,Gijs Dijkgraaf (500019),Gijs Dijkgraaf,gijs.dijkgraaf80,True,FS-KWA07-Kwaliteit-RO (avo.local/Sample/Groups/FS-KWA07-Kwaliteit-RO),,,Permission unmanaged,None
Microsoft Active Directory,Gijs Dijkgraaf (500019),Gijs Dijkgraaf,gijs.dijkgraaf80,True,TEAM-KWA07-Kwaliteit (avo.local/Sample/Groups/TEAM-KWA07-Kwaliteit),,,Permission unmanaged,None
Microsoft Active Directory,Gijs Dijkgraaf (500019),Gijs Dijkgraaf,gijs.dijkgraaf80,True,ROLE-KWA07-Kwaliteit (avo.local/Sample/Groups/ROLE-KWA07-Kwaliteit),,,Permission unmanaged,None
Microsoft Active Directory,Gijs Dijkgraaf (500019),Gijs Dijkgraaf,gijs.dijkgraaf80,True,APP-Intranet (avo.local/Sample/Groups/APP-Intranet),,,Permission unmanaged,None
Microsoft Active Directory,Gijs Dijkgraaf (500019),Gijs Dijkgraaf,gijs.dijkgraaf80,True,APP-Office365 (avo.local/Sample/Groups/APP-Office365),,,Permission unmanaged,None
Microsoft Active Directory,Gijs Dijkgraaf (500019),Gijs Dijkgraaf,gijs.dijkgraaf80,True,APP-Teams (avo.local/Sample/Groups/APP-Teams),,,Permission unmanaged,None
Microsoft Active Directory,Gijs Dijkgraaf (500019),Gijs Dijkgraaf,gijs.dijkgraaf80,True,VPN-Thuiswerken (avo.local/Sample/Groups/VPN-Thuiswerken),,,Permission unmanaged,None
Microsoft Active Directory,Gijs Dijkgraaf (500019),Gijs Dijkgraaf,gijs.dijkgraaf80,True,SEC-Antivirus (avo.local/Sample/Groups/SEC-Antivirus),,,Permission unmanaged,None
Microsoft Active Directory,Gijs Dijkgraaf (500019),Gijs Dijkgraaf,gijs.dijkgraaf80,True,SEC-DiskEncryption (avo.local/Sample/Groups/SEC-DiskEncryption),,,Permission unmanaged,None
Microsoft Active Directory,Gijs Dijkgraaf (500019),Gijs Dijkgraaf,gijs.dijkgraaf80,True,SEC-MFA-Enrolled (avo.local/Sample/Groups/SEC-MFA-Enrolled),,,Permission unmanaged,None
Microsoft Active Directory,Gijs Dijkgraaf (500019),Gijs Dijkgraaf,gijs.dijkgraaf80,True,SEC-Endpoint-Protection (avo.local/Sample/Groups/SEC-Endpoint-Protection),,,Permission unmanaged,None
Microsoft Active Directory,Gijs Dijkgraaf (500019),Gijs Dijkgraaf,gijs.dijkgraaf80,True,APP-Adobe-AcrobatPro (avo.local/Sample/Groups/APP-Adobe-AcrobatPro),,,Permission unmanaged,None
Microsoft Active Directory,Gijs Dijkgraaf (500019),Gijs Dijkgraaf,gijs.dijkgraaf80,True,APP-Project (avo.local/Sample/Groups/APP-Project),,,Permission unmanaged,None
Microsoft Active Directory,Gijs Dijkgraaf (500019),Gijs Dijkgraaf,gijs.dijkgraaf80,True,LIC-M365-E5 (avo.local/Sample/Groups/LIC-M365-E5),,,Permission unmanaged,None
Microsoft Active Directory,Zoë Fokkema (500020),Zoë Fokkema,zoe.fokkema81,True,TEAM-CB12-Dagbesteding (avo.local/Sample/Groups/TEAM-CB12-Dagbesteding),,,Permission unmanaged,None
Microsoft Active Directory,Zoë Fokkema (500020),Zoë Fokkema,zoe.fokkema81,True,FS-CB12-Dagbesteding-RO (avo.local/Sample/Groups/FS-CB12-Dagbesteding-RO),,,Permission unmanaged,None
Microsoft Active Directory,Zoë Fokkema (500020),Zoë Fokkema,zoe.fokkema81,True,FS-CB12-Dagbesteding-RW (avo.local/Sample/Groups/FS-CB12-Dagbesteding-RW),,,Permission unmanaged,None
Microsoft Active Directory,Zoë Fokkema (500020),Zoë Fokkema,zoe.fokkema81,True,APP-CB12-Dagbesteding-Portal (avo.local/Sample/Groups/APP-CB12-Dagbesteding-Portal),,,Permission unmanaged,None
Microsoft Active Directory,Zoë Fokkema (500020),Zoë Fokkema,zoe.fokkema81,True,ROLE-CB12-Dagbesteding (avo.local/Sample/Groups/ROLE-CB12-Dagbesteding),,,Permission unmanaged,None
Microsoft Active Directory,Zoë Fokkema (500020),Zoë Fokkema,zoe.fokkema81,True,MBX-CB12-Dagbesteding (avo.local/Sample/Groups/MBX-CB12-Dagbesteding),,,Permission unmanaged,None
Microsoft Active Directory,Zoë Fokkema (500020),Zoë Fokkema,zoe.fokkema81,True,APP-Intranet (avo.local/Sample/Groups/APP-Intranet),,,Permission unmanaged,None
Microsoft Active Directory,Zoë Fokkema (500020),Zoë Fokkema,zoe.fokkema81,True,APP-Teams (avo.local/Sample/Groups/APP-Teams),,,Permission unmanaged,None
Microsoft Active Directory,Zoë Fokkema (500020),Zoë Fokkema,zoe.fokkema81,True,APP-Planner (avo.local/Sample/Groups/APP-Planner),,,Permission unmanaged,None
Microsoft Active Directory,Zoë Fokkema (500020),Zoë Fokkema,zoe.fokkema81,True,VPN-Thuiswerken (avo.local/Sample/Groups/VPN-Thuiswerken),,,Permission unmanaged,None
Microsoft Active Directory,Zoë Fokkema (500020),Zoë Fokkema,zoe.fokkema81,True,PRINT-Default (avo.local/Sample/Groups/PRINT-Default),,,Permission unmanaged,None
Microsoft Active Directory,Zoë Fokkema (500020),Zoë Fokkema,zoe.fokkema81,True,SEC-Antivirus (avo.local/Sample/Groups/SEC-Antivirus),,,Permission unmanaged,None
Microsoft Active Directory,Zoë Fokkema (500020),Zoë Fokkema,zoe.fokkema81,True,SEC-DiskEncryption (avo.local/Sample/Groups/SEC-DiskEncryption),,,Permission unmanaged,None
Microsoft Active Directory,Zoë Fokkema (500020),Zoë Fokkema,zoe.fokkema81,True,SEC-MFA-Enrolled (avo.local/Sample/Groups/SEC-MFA-Enrolled),,,Permission unmanaged,None
Microsoft Active Directory,Zoë Fokkema (500020),Zoë Fokkema,zoe.fokkema81,True,SEC-Endpoint-Protection (avo.local/Sample/Groups/SEC-Endpoint-Protection),,,Permission unmanaged,None
Microsoft Active Directory,Zoë Fokkema (500020),Zoë Fokkema,zoe.fokkema81,True,LIC-M365-E5 (avo.local/Sample/Groups/LIC-M365-E5),,,Permission unmanaged,None
Microsoft Active Directory,Zoë Fokkema (500020),Zoë Fokkema,zoe.fokkema81,True,LIC-M365-E3 (avo.local/Sample/Groups/LIC-M365-E3),,,Permission unmanaged,None
Microsoft Active Directory,Kim Zomerdijk (500021),Kim Zomerdijk,kim.zomerdijk82,True,FS-ICT03-Techniek-RO (avo.local/Sample/Groups/FS-ICT03-Techniek-RO),,,Permission unmanaged,None
Microsoft Active Directory,Kim Zomerdijk (500021),Kim Zomerdijk,kim.zomerdijk82,True,MBX-ICT03-Techniek (avo.local/Sample/Groups/MBX-ICT03-Techniek),,,Permission unmanaged,None
Microsoft Active Directory,Kim Zomerdijk (500021),Kim Zomerdijk,kim.zomerdijk82,True,APP-ICT03-Techniek-Portal (avo.local/Sample/Groups/APP-ICT03-Techniek-Portal),,,Permission unmanaged,None
Microsoft Active Directory,Kim Zomerdijk (500021),Kim Zomerdijk,kim.zomerdijk82,True,ROLE-ICT03-Techniek (avo.local/Sample/Groups/ROLE-ICT03-Techniek),,,Permission unmanaged,None
Microsoft Active Directory,Kim Zomerdijk (500021),Kim Zomerdijk,kim.zomerdijk82,True,TEAM-ICT03-Techniek (avo.local/Sample/Groups/TEAM-ICT03-Techniek),,,Permission unmanaged,None
Microsoft Active Directory,Kim Zomerdijk (500021),Kim Zomerdijk,kim.zomerdijk82,True,APP-Selfservice (avo.local/Sample/Groups/APP-Selfservice),,,Permission unmanaged,None
Microsoft Active Directory,Kim Zomerdijk (500021),Kim Zomerdijk,kim.zomerdijk82,True,APP-Planner (avo.local/Sample/Groups/APP-Planner),,,Permission unmanaged,None
Microsoft Active Directory,Kim Zomerdijk (500021),Kim Zomerdijk,kim.zomerdijk82,True,VPN-Thuiswerken (avo.local/Sample/Groups/VPN-Thuiswerken),,,Permission unmanaged,None
Microsoft Active Directory,Kim Zomerdijk (500021),Kim Zomerdijk,kim.zomerdijk82,True,WIFI-Personeel (avo.local/Sample/Groups/WIFI-Personeel),,,Permission unmanaged,None
Microsoft Active Directory,Kim Zomerdijk (500021),Kim Zomerdijk,kim.zomerdijk82,True,SEC-Antivirus (avo.local/Sample/Groups/SEC-Antivirus),,,Permission unmanaged,None
Microsoft Active Directory,Kim Zomerdijk (500021),Kim Zomerdijk,kim.zomerdijk82,True,SEC-DiskEncryption (avo.local/Sample/Groups/SEC-DiskEncryption),,,Permission unmanaged,None
Microsoft Active Directory,Kim Zomerdijk (500021),Kim Zomerdijk,kim.zomerdijk82,True,SEC-MFA-Enrolled (avo.local/Sample/Groups/SEC-MFA-Enrolled),,,Permission unmanaged,None
Microsoft Active Directory,Kim Zomerdijk (500021),Kim Zomerdijk,kim.zomerdijk82,True,SEC-Endpoint-Protection (avo.local/Sample/Groups/SEC-Endpoint-Protection),,,Permission unmanaged,None
Microsoft Active Directory,Kim Zomerdijk (500021),Kim Zomerdijk,kim.zomerdijk82,True,APP-Project (avo.local/Sample/Groups/APP-Project),,,Permission unmanaged,None
Microsoft Active Directory,Kim Zomerdijk (500021),Kim Zomerdijk,kim.zomerdijk82,True,APP-Visio (avo.local/Sample/Groups/APP-Visio),,,Permission unmanaged,None
Microsoft Active Directory,Kim Zomerdijk (500021),Kim Zomerdijk,kim.zomerdijk82,True,LIC-M365-F3 (avo.local/Sample/Groups/LIC-M365-F3),,,Permission unmanaged,None
Microsoft Active Directory,Pien Zomerdijk (500022),Pien Zomerdijk,pien.zomerdijk83,True,ROLE-CA010-Thuiszorg (avo.local/Sample/Groups/ROLE-CA010-Thuiszorg),,,Permission unmanaged,None
Microsoft Active Directory,Pien Zomerdijk (500022),Pien Zomerdijk,pien.zomerdijk83,True,FS-CA010-Thuiszorg-RO (avo.local/Sample/Groups/FS-CA010-Thuiszorg-RO),,,Permission unmanaged,None
Microsoft Active Directory,Pien Zomerdijk (500022),Pien Zomerdijk,pien.zomerdijk83,True,TEAM-CA010-Thuiszorg (avo.local/Sample/Groups/TEAM-CA010-Thuiszorg),,,Permission unmanaged,None
Microsoft Active Directory,Pien Zomerdijk (500022),Pien Zomerdijk,pien.zomerdijk83,True,MBX-CA010-Thuiszorg (avo.local/Sample/Groups/MBX-CA010-Thuiszorg),,,Permission unmanaged,None
Microsoft Active Directory,Pien Zomerdijk (500022),Pien Zomerdijk,pien.zomerdijk83,True,APP-CA010-Thuiszorg-Portal (avo.local/Sample/Groups/APP-CA010-Thuiszorg-Portal),,,Permission unmanaged,None
Microsoft Active Directory,Pien Zomerdijk (500022),Pien Zomerdijk,pien.zomerdijk83,True,APP-Selfservice (avo.local/Sample/Groups/APP-Selfservice),,,Permission unmanaged,None
Microsoft Active Directory,Pien Zomerdijk (500022),Pien Zomerdijk,pien.zomerdijk83,True,SEC-Antivirus (avo.local/Sample/Groups/SEC-Antivirus),,,Permission unmanaged,None
Microsoft Active Directory,Pien Zomerdijk (500022),Pien Zomerdijk,pien.zomerdijk83,True,SEC-DiskEncryption (avo.local/Sample/Groups/SEC-DiskEncryption),,,Permission unmanaged,None
Microsoft Active Directory,Pien Zomerdijk (500022),Pien Zomerdijk,pien.zomerdijk83,True,SEC-MFA-Enrolled (avo.local/Sample/Groups/SEC-MFA-Enrolled),,,Permission unmanaged,None
Microsoft Active Directory,Pien Zomerdijk (500022),Pien Zomerdijk,pien.zomerdijk83,True,SEC-Endpoint-Protection (avo.local/Sample/Groups/SEC-Endpoint-Protection),,,Permission unmanaged,None
Microsoft Active Directory,Pien Zomerdijk (500022),Pien Zomerdijk,pien.zomerdijk83,True,APP-Visio (avo.local/Sample/Groups/APP-Visio),,,Permission unmanaged,None
Microsoft Active Directory,Pien Zomerdijk (500022),Pien Zomerdijk,pien.zomerdijk83,True,LIC-M365-E5 (avo.local/Sample/Groups/LIC-M365-E5),,,Permission unmanaged,None
Microsoft Active Directory,Xander Slootweg (500023),Xander Slootweg,xander.slootweg84,True,MBX-CA010-Thuiszorg (avo.local/Sample/Groups/MBX-CA010-Thuiszorg),,,Permission unmanaged,None
Microsoft Active Directory,Xander Slootweg (500023),Xander Slootweg,xander.slootweg84,True,FS-CA010-Thuiszorg-RO (avo.local/Sample/Groups/FS-CA010-Thuiszorg-RO),,,Permission unmanaged,None
Microsoft Active Directory,Xander Slootweg (500023),Xander Slootweg,xander.slootweg84,True,APP-CA010-Thuiszorg-Portal (avo.local/Sample/Groups/APP-CA010-Thuiszorg-Portal),,,Permission unmanaged,None
Microsoft Active Directory,Xander Slootweg (500023),Xander Slootweg,xander.slootweg84,True,APP-Teams (avo.local/Sample/Groups/APP-Teams),,,Permission unmanaged,None
Microsoft Active Directory,Xander Slootweg (500023),Xander Slootweg,xander.slootweg84,True,APP-Selfservice (avo.local/Sample/Groups/APP-Selfservice),,,Permission unmanaged,None
Microsoft Active Directory,Xander Slootweg (500023),Xander Slootweg,xander.slootweg84,True,SEC-Antivirus (avo.local/Sample/Groups/SEC-Antivirus),,,Permission unmanaged,None
Microsoft Active Directory,Xander Slootweg (500023),Xander Slootweg,xander.slootweg84,True,SEC-DiskEncryption (avo.local/Sample/Groups/SEC-DiskEncryption),,,Permission unmanaged,None
Microsoft Active Directory,Xander Slootweg (500023),Xander Slootweg,xander.slootweg84,True,SEC-MFA-Enrolled (avo.local/Sample/Groups/SEC-MFA-Enrolled),,,Permission unmanaged,None
Microsoft Active Directory,Xander Slootweg (500023),Xander Slootweg,xander.slootweg84,True,SEC-Endpoint-Protection (avo.local/Sample/Groups/SEC-Endpoint-Protection),,,Permission unmanaged,None
Microsoft Active Directory,Xander Slootweg (500023),Xander Slootweg,xander.slootweg84,True,LIC-M365-E5 (avo.local/Sample/Groups/LIC-M365-E5),,,Permission unmanaged,None
Microsoft Active Directory,Xander Slootweg (500023),Xander Slootweg,xander.slootweg84,True,APP-Intranet (avo.local/Sample/Groups/APP-Intranet),,,Permission missing,None
Microsoft Active Directory,Lars Terlouw (500024),Lars Terlouw,lars.terlouw85,True,MBX-FAC04-Facilitair (avo.local/Sample/Groups/MBX-FAC04-Facilitair),,,Permission unmanaged,None
Microsoft Active Directory,Lars Terlouw (500024),Lars Terlouw,lars.terlouw85,True,FS-FAC04-Facilitair-RW (avo.local/Sample/Groups/FS-FAC04-Facilitair-RW),,,Permission unmanaged,None
Microsoft Active Directory,Lars Terlouw (500024),Lars Terlouw,lars.terlouw85,True,FS-FAC04-Facilitair-RO (avo.local/Sample/Groups/FS-FAC04-Facilitair-RO),,,Permission unmanaged,None
Microsoft Active Directory,Lars Terlouw (500024),Lars Terlouw,lars.terlouw85,True,TEAM-FAC04-Facilitair (avo.local/Sample/Groups/TEAM-FAC04-Facilitair),,,Permission unmanaged,None
Microsoft Active Directory,Lars Terlouw (500024),Lars Terlouw,lars.terlouw85,True,APP-Office365 (avo.local/Sample/Groups/APP-Office365),,,Permission unmanaged,None
Microsoft Active Directory,Lars Terlouw (500024),Lars Terlouw,lars.terlouw85,True,APP-Intranet (avo.local/Sample/Groups/APP-Intranet),,,Permission unmanaged,None
Microsoft Active Directory,Lars Terlouw (500024),Lars Terlouw,lars.terlouw85,True,APP-Teams (avo.local/Sample/Groups/APP-Teams),,,Permission unmanaged,None
Microsoft Active Directory,Lars Terlouw (500024),Lars Terlouw,lars.terlouw85,True,WIFI-Personeel (avo.local/Sample/Groups/WIFI-Personeel),,,Permission unmanaged,None
Microsoft Active Directory,Lars Terlouw (500024),Lars Terlouw,lars.terlouw85,True,SEC-MFA-Enrolled (avo.local/Sample/Groups/SEC-MFA-Enrolled),,,Permission unmanaged,None
Microsoft Active Directory,Lars Terlouw (500024),Lars Terlouw,lars.terlouw85,True,SEC-Endpoint-Protection (avo.local/Sample/Groups/SEC-Endpoint-Protection),,,Permission unmanaged,None
Microsoft Active Directory,Lars Terlouw (500024),Lars Terlouw,lars.terlouw85,True,APP-Project (avo.local/Sample/Groups/APP-Project),,,Permission unmanaged,None
Microsoft Active Directory,Lars Terlouw (500024),Lars Terlouw,lars.terlouw85,True,LIC-M365-F3 (avo.local/Sample/Groups/LIC-M365-F3),,,Permission unmanaged,None
Microsoft Active Directory,Olivier Quaedvlieg (500025),Olivier Quaedvlieg,olivier.quaedvlieg86,True,FS-FAC04-Facilitair-RW (avo.local/Sample/Groups/FS-FAC04-Facilitair-RW),,,Permission unmanaged,None
Microsoft Active Directory,Olivier Quaedvlieg (500025),Olivier Quaedvlieg,olivier.quaedvlieg86,True,TEAM-FAC04-Facilitair (avo.local/Sample/Groups/TEAM-FAC04-Facilitair),,,Permission unmanaged,None
Microsoft Active Directory,Olivier Quaedvlieg (500025),Olivier Quaedvlieg,olivier.quaedvlieg86,True,FS-FAC04-Facilitair-RO (avo.local/Sample/Groups/FS-FAC04-Facilitair-RO),,,Permission unmanaged,None
Microsoft Active Directory,Olivier Quaedvlieg (500025),Olivier Quaedvlieg,olivier.quaedvlieg86,True,APP-FAC04-Facilitair-Portal (avo.local/Sample/Groups/APP-FAC04-Facilitair-Portal),,,Permission unmanaged,None
Microsoft Active Directory,Olivier Quaedvlieg (500025),Olivier Quaedvlieg,olivier.quaedvlieg86,True,APP-Office365 (avo.local/Sample/Groups/APP-Office365),,,Permission unmanaged,None
Microsoft Active Directory,Olivier Quaedvlieg (500025),Olivier Quaedvlieg,olivier.quaedvlieg86,True,APP-Teams (avo.local/Sample/Groups/APP-Teams),,,Permission unmanaged,None
Microsoft Active Directory,Olivier Quaedvlieg (500025),Olivier Quaedvlieg,olivier.quaedvlieg86,True,APP-Intranet (avo.local/Sample/Groups/APP-Intranet),,,Permission unmanaged,None
Microsoft Active Directory,Olivier Quaedvlieg (500025),Olivier Quaedvlieg,olivier.quaedvlieg86,True,SEC-Antivirus (avo.local/Sample/Groups/SEC-Antivirus),,,Permission unmanaged,None
Microsoft Active Directory,Olivier Quaedvlieg (500025),Olivier Quaedvlieg,olivier.quaedvlieg86,True,SEC-DiskEncryption (avo.local/Sample/Groups/SEC-DiskEncryption),,,Permission unmanaged,None
Microsoft Active Directory,Olivier Quaedvlieg (500025),Olivier Quaedvlieg,olivier.quaedvlieg86,True,APP-Adobe-AcrobatPro (avo.local/Sample/Groups/APP-Adobe-AcrobatPro),,,Permission unmanaged,None
Microsoft Active Directory,Olivier Quaedvlieg (500025),Olivier Quaedvlieg,olivier.quaedvlieg86,True,LIC-M365-E1 (avo.local/Sample/Groups/LIC-M365-E1),,,Permission unmanaged,None
Microsoft Active Directory,,Kim Vroegindeweij,kim.vroegindeweij87,True,,,,Account unmanaged,Excluded
Microsoft Active Directory,,Kim Vroegindeweij,kim.vroegindeweij87,True,TEAM-CA060-Revalidatie (avo.local/Sample/Groups/TEAM-CA060-Revalidatie),,,Permission unmanaged,None
Microsoft Active Directory,,Kim Vroegindeweij,kim.vroegindeweij87,True,FS-CA060-Revalidatie-RO (avo.local/Sample/Groups/FS-CA060-Revalidatie-RO),,,Permission unmanaged,None
Microsoft Active Directory,,Kim Vroegindeweij,kim.vroegindeweij87,True,ROLE-CA060-Revalidatie (avo.local/Sample/Groups/ROLE-CA060-Revalidatie),,,Permission unmanaged,None
Microsoft Active Directory,,Kim Vroegindeweij,kim.vroegindeweij87,True,APP-Planner (avo.local/Sample/Groups/APP-Planner),,,Permission unmanaged,None
Microsoft Active Directory,,Kim Vroegindeweij,kim.vroegindeweij87,True,APP-Office365 (avo.local/Sample/Groups/APP-Office365),,,Permission unmanaged,None
Microsoft Active Directory,,Kim Vroegindeweij,kim.vroegindeweij87,True,SEC-Antivirus (avo.local/Sample/Groups/SEC-Antivirus),,,Permission unmanaged,None
Microsoft Active Directory,,Kim Vroegindeweij,kim.vroegindeweij87,True,SEC-DiskEncryption (avo.local/Sample/Groups/SEC-DiskEncryption),,,Permission unmanaged,None
Microsoft Active Directory,,Kim Vroegindeweij,kim.vroegindeweij87,True,SEC-MFA-Enrolled (avo.local/Sample/Groups/SEC-MFA-Enrolled),,,Permission unmanaged,None
Microsoft Active Directory,,Kim Vroegindeweij,kim.vroegindeweij87,True,SEC-Endpoint-Protection (avo.local/Sample/Groups/SEC-Endpoint-Protection),,,Permission unmanaged,None
Microsoft Active Directory,,Kim Vroegindeweij,kim.vroegindeweij87,True,APP-PowerBI-Pro (avo.local/Sample/Groups/APP-PowerBI-Pro),,,Permission unmanaged,None
Microsoft Active Directory,,Kim Vroegindeweij,kim.vroegindeweij87,True,APP-Visio (avo.local/Sample/Groups/APP-Visio),,,Permission unmanaged,None
Microsoft Active Directory,,Kim Vroegindeweij,kim.vroegindeweij87,True,LIC-M365-E1 (avo.local/Sample/Groups/LIC-M365-E1),,,Permission unmanaged,None
Microsoft Active Directory,Pien Kalisvaart (500027),Pien Kalisvaart,pien.kalisvaart88,True,FS-CB12-Dagbesteding-RO (avo.local/Sample/Groups/FS-CB12-Dagbesteding-RO),,,Permission unmanaged,None
Microsoft Active Directory,Pien Kalisvaart (500027),Pien Kalisvaart,pien.kalisvaart88,True,ROLE-CB12-Dagbesteding (avo.local/Sample/Groups/ROLE-CB12-Dagbesteding),,,Permission unmanaged,None
Microsoft Active Directory,Pien Kalisvaart (500027),Pien Kalisvaart,pien.kalisvaart88,True,APP-CB12-Dagbesteding-Portal (avo.local/Sample/Groups/APP-CB12-Dagbesteding-Portal),,,Permission unmanaged,None
Microsoft Active Directory,Pien Kalisvaart (500027),Pien Kalisvaart,pien.kalisvaart88,True,TEAM-CB12-Dagbesteding (avo.local/Sample/Groups/TEAM-CB12-Dagbesteding),,,Permission unmanaged,None
Microsoft Active Directory,Pien Kalisvaart (500027),Pien Kalisvaart,pien.kalisvaart88,True,MBX-CB12-Dagbesteding (avo.local/Sample/Groups/MBX-CB12-Dagbesteding),,,Permission unmanaged,None
Microsoft Active Directory,Pien Kalisvaart (500027),Pien Kalisvaart,pien.kalisvaart88,True,APP-Selfservice (avo.local/Sample/Groups/APP-Selfservice),,,Permission unmanaged,None
Microsoft Active Directory,Pien Kalisvaart (500027),Pien Kalisvaart,pien.kalisvaart88,True,SEC-Antivirus (avo.local/Sample/Groups/SEC-Antivirus),,,Permission unmanaged,None
Microsoft Active Directory,Pien Kalisvaart (500027),Pien Kalisvaart,pien.kalisvaart88,True,SEC-DiskEncryption (avo.local/Sample/Groups/SEC-DiskEncryption),,,Permission unmanaged,None
Microsoft Active Directory,Pien Kalisvaart (500027),Pien Kalisvaart,pien.kalisvaart88,True,SEC-MFA-Enrolled (avo.local/Sample/Groups/SEC-MFA-Enrolled),,,Permission unmanaged,None
Microsoft Active Directory,Pien Kalisvaart (500027),Pien Kalisvaart,pien.kalisvaart88,True,SEC-Endpoint-Protection (avo.local/Sample/Groups/SEC-Endpoint-Protection),,,Permission unmanaged,None
Microsoft Active Directory,Pien Kalisvaart (500027),Pien Kalisvaart,pien.kalisvaart88,True,APP-Copilot (avo.local/Sample/Groups/APP-Copilot),,,Permission unmanaged,None
Microsoft Active Directory,Pien Kalisvaart (500027),Pien Kalisvaart,pien.kalisvaart88,True,LIC-M365-E1 (avo.local/Sample/Groups/LIC-M365-E1),,,Permission unmanaged,None
Microsoft Active Directory,Noa Coenen (500028),Noa Coenen,noa.coenen89,True,ROLE-FIN01-Financien (avo.local/Sample/Groups/ROLE-FIN01-Financien),,,Permission unmanaged,None
Microsoft Active Directory,Noa Coenen (500028),Noa Coenen,noa.coenen89,True,TEAM-FIN01-Financien (avo.local/Sample/Groups/TEAM-FIN01-Financien),,,Permission unmanaged,None
Microsoft Active Directory,Noa Coenen (500028),Noa Coenen,noa.coenen89,True,MBX-FIN01-Financien (avo.local/Sample/Groups/MBX-FIN01-Financien),,,Permission unmanaged,None
Microsoft Active Directory,Noa Coenen (500028),Noa Coenen,noa.coenen89,True,APP-Teams (avo.local/Sample/Groups/APP-Teams),,,Permission unmanaged,None
Microsoft Active Directory,Noa Coenen (500028),Noa Coenen,noa.coenen89,True,APP-Selfservice (avo.local/Sample/Groups/APP-Selfservice),,,Permission unmanaged,None
Microsoft Active Directory,Noa Coenen (500028),Noa Coenen,noa.coenen89,True,VPN-Thuiswerken (avo.local/Sample/Groups/VPN-Thuiswerken),,,Permission unmanaged,None
Microsoft Active Directory,Noa Coenen (500028),Noa Coenen,noa.coenen89,True,PRINT-Default (avo.local/Sample/Groups/PRINT-Default),,,Permission unmanaged,None
Microsoft Active Directory,Noa Coenen (500028),Noa Coenen,noa.coenen89,True,SEC-Antivirus (avo.local/Sample/Groups/SEC-Antivirus),,,Permission unmanaged,None
Microsoft Active Directory,Noa Coenen (500028),Noa Coenen,noa.coenen89,True,SEC-DiskEncryption (avo.local/Sample/Groups/SEC-DiskEncryption),,,Permission unmanaged,None
Microsoft Active Directory,Noa Coenen (500028),Noa Coenen,noa.coenen89,True,SEC-MFA-Enrolled (avo.local/Sample/Groups/SEC-MFA-Enrolled),,,Permission unmanaged,None
Microsoft Active Directory,Noa Coenen (500028),Noa Coenen,noa.coenen89,True,SEC-Endpoint-Protection (avo.local/Sample/Groups/SEC-Endpoint-Protection),,,Permission unmanaged,None
Microsoft Active Directory,Noa Coenen (500028),Noa Coenen,noa.coenen89,True,APP-PowerBI-Pro (avo.local/Sample/Groups/APP-PowerBI-Pro),,,Permission unmanaged,None
Microsoft Active Directory,Noa Coenen (500028),Noa Coenen,noa.coenen89,True,LIC-M365-F3 (avo.local/Sample/Groups/LIC-M365-F3),,,Permission unmanaged,None
Microsoft Active Directory,Wout Ipenburg (500029),Wout Ipenburg,wout.ipenburg90,True,APP-FIN01-Financien-Portal (avo.local/Sample/Groups/APP-FIN01-Financien-Portal),,,Permission unmanaged,None
Microsoft Active Directory,Wout Ipenburg (500029),Wout Ipenburg,wout.ipenburg90,True,FS-FIN01-Financien-RO (avo.local/Sample/Groups/FS-FIN01-Financien-RO),,,Permission unmanaged,None
Microsoft Active Directory,Wout Ipenburg (500029),Wout Ipenburg,wout.ipenburg90,True,ROLE-FIN01-Financien (avo.local/Sample/Groups/ROLE-FIN01-Financien),,,Permission unmanaged,None
Microsoft Active Directory,Wout Ipenburg (500029),Wout Ipenburg,wout.ipenburg90,True,APP-Planner (avo.local/Sample/Groups/APP-Planner),,,Permission unmanaged,None
Microsoft Active Directory,Wout Ipenburg (500029),Wout Ipenburg,wout.ipenburg90,True,SEC-Antivirus (avo.local/Sample/Groups/SEC-Antivirus),,,Permission unmanaged,None
Microsoft Active Directory,Wout Ipenburg (500029),Wout Ipenburg,wout.ipenburg90,True,SEC-DiskEncryption (avo.local/Sample/Groups/SEC-DiskEncryption),,,Permission unmanaged,None
Microsoft Active Directory,Wout Ipenburg (500029),Wout Ipenburg,wout.ipenburg90,True,SEC-MFA-Enrolled (avo.local/Sample/Groups/SEC-MFA-Enrolled),,,Permission unmanaged,None
Microsoft Active Directory,Wout Ipenburg (500029),Wout Ipenburg,wout.ipenburg90,True,SEC-Endpoint-Protection (avo.local/Sample/Groups/SEC-Endpoint-Protection),,,Permission unmanaged,None
Microsoft Active Directory,Wout Ipenburg (500029),Wout Ipenburg,wout.ipenburg90,True,APP-Copilot (avo.local/Sample/Groups/APP-Copilot),,,Permission unmanaged,None
Microsoft Active Directory,Wout Ipenburg (500029),Wout Ipenburg,wout.ipenburg90,True,APP-Adobe-AcrobatPro (avo.local/Sample/Groups/APP-Adobe-AcrobatPro),,,Permission unmanaged,None
Microsoft Active Directory,Wout Ipenburg (500029),Wout Ipenburg,wout.ipenburg90,True,LIC-M365-E1 (avo.local/Sample/Groups/LIC-M365-E1),,,Permission unmanaged,None
Microsoft Active Directory,,Anne Zomerdijk,anne.zomerdijk91,True,,,,Account unmanaged,None
Microsoft Active Directory,,Anne Zomerdijk,anne.zomerdijk91,True,APP-CA060-Revalidatie-Portal (avo.local/Sample/Groups/APP-CA060-Revalidatie-Portal),,,Permission unmanaged,None
Microsoft Active Directory,,Anne Zomerdijk,anne.zomerdijk91,True,TEAM-CA060-Revalidatie (avo.local/Sample/Groups/TEAM-CA060-Revalidatie),,,Permission unmanaged,None
Microsoft Active Directory,,Anne Zomerdijk,anne.zomerdijk91,True,ROLE-CA060-Revalidatie (avo.local/Sample/Groups/ROLE-CA060-Revalidatie),,,Permission unmanaged,None
Microsoft Active Directory,,Anne Zomerdijk,anne.zomerdijk91,True,FS-CA060-Revalidatie-RW (avo.local/Sample/Groups/FS-CA060-Revalidatie-RW),,,Permission unmanaged,None
Microsoft Active Directory,,Anne Zomerdijk,anne.zomerdijk91,True,APP-Teams (avo.local/Sample/Groups/APP-Teams),,,Permission unmanaged,None
Microsoft Active Directory,,Anne Zomerdijk,anne.zomerdijk91,True,APP-Office365 (avo.local/Sample/Groups/APP-Office365),,,Permission unmanaged,None
Microsoft Active Directory,,Anne Zomerdijk,anne.zomerdijk91,True,WIFI-Personeel (avo.local/Sample/Groups/WIFI-Personeel),,,Permission unmanaged,None
Microsoft Active Directory,,Anne Zomerdijk,anne.zomerdijk91,True,SEC-Antivirus (avo.local/Sample/Groups/SEC-Antivirus),,,Permission unmanaged,None
Microsoft Active Directory,,Anne Zomerdijk,anne.zomerdijk91,True,SEC-DiskEncryption (avo.local/Sample/Groups/SEC-DiskEncryption),,,Permission unmanaged,None
Microsoft Active Directory,,Anne Zomerdijk,anne.zomerdijk91,True,SEC-MFA-Enrolled (avo.local/Sample/Groups/SEC-MFA-Enrolled),,,Permission unmanaged,None
Microsoft Active Directory,,Anne Zomerdijk,anne.zomerdijk91,True,SEC-Endpoint-Protection (avo.local/Sample/Groups/SEC-Endpoint-Protection),,,Permission unmanaged,None
Microsoft Active Directory,,Anne Zomerdijk,anne.zomerdijk91,True,APP-PowerBI-Pro (avo.local/Sample/Groups/APP-PowerBI-Pro),,,Permission unmanaged,None
Microsoft Active Directory,,Anne Zomerdijk,anne.zomerdijk91,True,LIC-M365-E5 (avo.local/Sample/Groups/LIC-M365-E5),,,Permission unmanaged,None
Microsoft Active Directory,Daan Elzinga (500031),Daan Elzinga,daan.elzinga92,True,ROLE-INK08-Inkoop (avo.local/Sample/Groups/ROLE-INK08-Inkoop),,,Permission unmanaged,None
Microsoft Active Directory,Daan Elzinga (500031),Daan Elzinga,daan.elzinga92,True,MBX-INK08-Inkoop (avo.local/Sample/Groups/MBX-INK08-Inkoop),,,Permission unmanaged,None
Microsoft Active Directory,Daan Elzinga (500031),Daan Elzinga,daan.elzinga92,True,APP-INK08-Inkoop-Portal (avo.local/Sample/Groups/APP-INK08-Inkoop-Portal),,,Permission unmanaged,None
Microsoft Active Directory,Daan Elzinga (500031),Daan Elzinga,daan.elzinga92,True,FS-INK08-Inkoop-RO (avo.local/Sample/Groups/FS-INK08-Inkoop-RO),,,Permission unmanaged,None
Microsoft Active Directory,Daan Elzinga (500031),Daan Elzinga,daan.elzinga92,True,TEAM-INK08-Inkoop (avo.local/Sample/Groups/TEAM-INK08-Inkoop),,,Permission unmanaged,None
Microsoft Active Directory,Daan Elzinga (500031),Daan Elzinga,daan.elzinga92,True,FS-INK08-Inkoop-RW (avo.local/Sample/Groups/FS-INK08-Inkoop-RW),,,Permission unmanaged,None
Microsoft Active Directory,Daan Elzinga (500031),Daan Elzinga,daan.elzinga92,True,APP-Planner (avo.local/Sample/Groups/APP-Planner),,,Permission unmanaged,None
Microsoft Active Directory,Daan Elzinga (500031),Daan Elzinga,daan.elzinga92,True,APP-Teams (avo.local/Sample/Groups/APP-Teams),,,Permission unmanaged,None
Microsoft Active Directory,Daan Elzinga (500031),Daan Elzinga,daan.elzinga92,True,SEC-Antivirus (avo.local/Sample/Groups/SEC-Antivirus),,,Permission unmanaged,None
Microsoft Active Directory,Daan Elzinga (500031),Daan Elzinga,daan.elzinga92,True,SEC-DiskEncryption (avo.local/Sample/Groups/SEC-DiskEncryption),,,Permission unmanaged,None
Microsoft Active Directory,Daan Elzinga (500031),Daan Elzinga,daan.elzinga92,True,SEC-MFA-Enrolled (avo.local/Sample/Groups/SEC-MFA-Enrolled),,,Permission unmanaged,None
Microsoft Active Directory,Daan Elzinga (500031),Daan Elzinga,daan.elzinga92,True,SEC-Endpoint-Protection (avo.local/Sample/Groups/SEC-Endpoint-Protection),,,Permission unmanaged,None
Microsoft Active Directory,Daan Elzinga (500031),Daan Elzinga,daan.elzinga92,True,LIC-M365-E5 (avo.local/Sample/Groups/LIC-M365-E5),,,Permission unmanaged,None
Microsoft Active Directory,Quinten Dijkgraaf (500032),Quinten Dijkgraaf,quinten.dijkgraaf93,True,APP-HRM02-Personeel-Portal (avo.local/Sample/Groups/APP-HRM02-Personeel-Portal),,,Permission unmanaged,None
Microsoft Active Directory,Quinten Dijkgraaf (500032),Quinten Dijkgraaf,quinten.dijkgraaf93,True,TEAM-HRM02-Personeel (avo.local/Sample/Groups/TEAM-HRM02-Personeel),,,Permission unmanaged,None
Microsoft Active Directory,Quinten Dijkgraaf (500032),Quinten Dijkgraaf,quinten.dijkgraaf93,True,FS-HRM02-Personeel-RW (avo.local/Sample/Groups/FS-HRM02-Personeel-RW),,,Permission unmanaged,None
Microsoft Active Directory,Quinten Dijkgraaf (500032),Quinten Dijkgraaf,quinten.dijkgraaf93,True,FS-HRM02-Personeel-RO (avo.local/Sample/Groups/FS-HRM02-Personeel-RO),,,Permission unmanaged,None
Microsoft Active Directory,Quinten Dijkgraaf (500032),Quinten Dijkgraaf,quinten.dijkgraaf93,True,MBX-HRM02-Personeel (avo.local/Sample/Groups/MBX-HRM02-Personeel),,,Permission unmanaged,None
Microsoft Active Directory,Quinten Dijkgraaf (500032),Quinten Dijkgraaf,quinten.dijkgraaf93,True,ROLE-HRM02-Personeel (avo.local/Sample/Groups/ROLE-HRM02-Personeel),,,Permission unmanaged,None
Microsoft Active Directory,Quinten Dijkgraaf (500032),Quinten Dijkgraaf,quinten.dijkgraaf93,True,APP-Planner (avo.local/Sample/Groups/APP-Planner),,,Permission unmanaged,None
Microsoft Active Directory,Quinten Dijkgraaf (500032),Quinten Dijkgraaf,quinten.dijkgraaf93,True,APP-Intranet (avo.local/Sample/Groups/APP-Intranet),,,Permission unmanaged,None
Microsoft Active Directory,Quinten Dijkgraaf (500032),Quinten Dijkgraaf,quinten.dijkgraaf93,True,APP-Teams (avo.local/Sample/Groups/APP-Teams),,,Permission unmanaged,None
Microsoft Active Directory,Quinten Dijkgraaf (500032),Quinten Dijkgraaf,quinten.dijkgraaf93,True,SEC-Antivirus (avo.local/Sample/Groups/SEC-Antivirus),,,Permission unmanaged,None
Microsoft Active Directory,Quinten Dijkgraaf (500032),Quinten Dijkgraaf,quinten.dijkgraaf93,True,SEC-DiskEncryption (avo.local/Sample/Groups/SEC-DiskEncryption),,,Permission unmanaged,None
Microsoft Active Directory,Quinten Dijkgraaf (500032),Quinten Dijkgraaf,quinten.dijkgraaf93,True,SEC-MFA-Enrolled (avo.local/Sample/Groups/SEC-MFA-Enrolled),,,Permission unmanaged,None
Microsoft Active Directory,Quinten Dijkgraaf (500032),Quinten Dijkgraaf,quinten.dijkgraaf93,True,LIC-M365-E5 (avo.local/Sample/Groups/LIC-M365-E5),,,Permission unmanaged,None
Microsoft Active Directory,Jasper Oosterhuis (500033),Jasper Oosterhuis,jasper.oosterhuis94,True,FS-CA010-Thuiszorg-RW (avo.local/Sample/Groups/FS-CA010-Thuiszorg-RW),,,Permission unmanaged,None
Microsoft Active Directory,Jasper Oosterhuis (500033),Jasper Oosterhuis,jasper.oosterhuis94,True,FS-CA010-Thuiszorg-RO (avo.local/Sample/Groups/FS-CA010-Thuiszorg-RO),,,Permission unmanaged,None
Microsoft Active Directory,Jasper Oosterhuis (500033),Jasper Oosterhuis,jasper.oosterhuis94,True,MBX-CA010-Thuiszorg (avo.local/Sample/Groups/MBX-CA010-Thuiszorg),,,Permission unmanaged,None
Microsoft Active Directory,Jasper Oosterhuis (500033),Jasper Oosterhuis,jasper.oosterhuis94,True,APP-Office365 (avo.local/Sample/Groups/APP-Office365),,,Permission unmanaged,None
Microsoft Active Directory,Jasper Oosterhuis (500033),Jasper Oosterhuis,jasper.oosterhuis94,True,VPN-Thuiswerken (avo.local/Sample/Groups/VPN-Thuiswerken),,,Permission unmanaged,None
Microsoft Active Directory,Jasper Oosterhuis (500033),Jasper Oosterhuis,jasper.oosterhuis94,True,SEC-Antivirus (avo.local/Sample/Groups/SEC-Antivirus),,,Permission unmanaged,None
Microsoft Active Directory,Jasper Oosterhuis (500033),Jasper Oosterhuis,jasper.oosterhuis94,True,SEC-DiskEncryption (avo.local/Sample/Groups/SEC-DiskEncryption),,,Permission unmanaged,None
Microsoft Active Directory,Jasper Oosterhuis (500033),Jasper Oosterhuis,jasper.oosterhuis94,True,SEC-Endpoint-Protection (avo.local/Sample/Groups/SEC-Endpoint-Protection),,,Permission unmanaged,None
Microsoft Active Directory,Jasper Oosterhuis (500033),Jasper Oosterhuis,jasper.oosterhuis94,True,LIC-M365-E3 (avo.local/Sample/Groups/LIC-M365-E3),,,Permission unmanaged,None
Microsoft Active Directory,Cato Gerritsen (500034),Cato Gerritsen,cato.gerritsen95,True,FS-CA010-Thuiszorg-RW (avo.local/Sample/Groups/FS-CA010-Thuiszorg-RW),,,Permission unmanaged,None
Microsoft Active Directory,Cato Gerritsen (500034),Cato Gerritsen,cato.gerritsen95,True,TEAM-CA010-Thuiszorg (avo.local/Sample/Groups/TEAM-CA010-Thuiszorg),,,Permission unmanaged,None
Microsoft Active Directory,Cato Gerritsen (500034),Cato Gerritsen,cato.gerritsen95,True,ROLE-CA010-Thuiszorg (avo.local/Sample/Groups/ROLE-CA010-Thuiszorg),,,Permission unmanaged,None
Microsoft Active Directory,Cato Gerritsen (500034),Cato Gerritsen,cato.gerritsen95,True,APP-CA010-Thuiszorg-Portal (avo.local/Sample/Groups/APP-CA010-Thuiszorg-Portal),,,Permission unmanaged,None
Microsoft Active Directory,Cato Gerritsen (500034),Cato Gerritsen,cato.gerritsen95,True,MBX-CA010-Thuiszorg (avo.local/Sample/Groups/MBX-CA010-Thuiszorg),,,Permission unmanaged,None
Microsoft Active Directory,Cato Gerritsen (500034),Cato Gerritsen,cato.gerritsen95,True,FS-CA010-Thuiszorg-RO (avo.local/Sample/Groups/FS-CA010-Thuiszorg-RO),,,Permission unmanaged,None
Microsoft Active Directory,Cato Gerritsen (500034),Cato Gerritsen,cato.gerritsen95,True,APP-Planner (avo.local/Sample/Groups/APP-Planner),,,Permission unmanaged,None
Microsoft Active Directory,Cato Gerritsen (500034),Cato Gerritsen,cato.gerritsen95,True,VPN-Thuiswerken (avo.local/Sample/Groups/VPN-Thuiswerken),,,Permission unmanaged,None
Microsoft Active Directory,Cato Gerritsen (500034),Cato Gerritsen,cato.gerritsen95,True,SEC-Antivirus (avo.local/Sample/Groups/SEC-Antivirus),,,Permission unmanaged,None
Microsoft Active Directory,Cato Gerritsen (500034),Cato Gerritsen,cato.gerritsen95,True,SEC-MFA-Enrolled (avo.local/Sample/Groups/SEC-MFA-Enrolled),,,Permission unmanaged,None
Microsoft Active Directory,Cato Gerritsen (500034),Cato Gerritsen,cato.gerritsen95,True,SEC-Endpoint-Protection (avo.local/Sample/Groups/SEC-Endpoint-Protection),,,Permission unmanaged,None
Microsoft Active Directory,Cato Gerritsen (500034),Cato Gerritsen,cato.gerritsen95,True,APP-Visio (avo.local/Sample/Groups/APP-Visio),,,Permission unmanaged,None
Microsoft Active Directory,Cato Gerritsen (500034),Cato Gerritsen,cato.gerritsen95,True,APP-Adobe-AcrobatPro (avo.local/Sample/Groups/APP-Adobe-AcrobatPro),,,Permission unmanaged,None
Microsoft Active Directory,Cato Gerritsen (500034),Cato Gerritsen,cato.gerritsen95,True,LIC-M365-E1 (avo.local/Sample/Groups/LIC-M365-E1),,,Permission unmanaged,None
Microsoft Active Directory,Cato Muijs (500035),Cato Muijs,cato.muijs96,True,FS-ICT03-Techniek-RW (avo.local/Sample/Groups/FS-ICT03-Techniek-RW),,,Permission unmanaged,None
Microsoft Active Directory,Cato Muijs (500035),Cato Muijs,cato.muijs96,True,TEAM-ICT03-Techniek (avo.local/Sample/Groups/TEAM-ICT03-Techniek),,,Permission unmanaged,None
Microsoft Active Directory,Cato Muijs (500035),Cato Muijs,cato.muijs96,True,APP-Office365 (avo.local/Sample/Groups/APP-Office365),,,Permission unmanaged,None
Microsoft Active Directory,Cato Muijs (500035),Cato Muijs,cato.muijs96,True,VPN-Thuiswerken (avo.local/Sample/Groups/VPN-Thuiswerken),,,Permission unmanaged,None
Microsoft Active Directory,Cato Muijs (500035),Cato Muijs,cato.muijs96,True,SEC-Antivirus (avo.local/Sample/Groups/SEC-Antivirus),,,Permission unmanaged,None
Microsoft Active Directory,Cato Muijs (500035),Cato Muijs,cato.muijs96,True,SEC-DiskEncryption (avo.local/Sample/Groups/SEC-DiskEncryption),,,Permission unmanaged,None
Microsoft Active Directory,Cato Muijs (500035),Cato Muijs,cato.muijs96,True,SEC-MFA-Enrolled (avo.local/Sample/Groups/SEC-MFA-Enrolled),,,Permission unmanaged,None
Microsoft Active Directory,Cato Muijs (500035),Cato Muijs,cato.muijs96,True,SEC-Endpoint-Protection (avo.local/Sample/Groups/SEC-Endpoint-Protection),,,Permission unmanaged,None
Microsoft Active Directory,Cato Muijs (500035),Cato Muijs,cato.muijs96,True,LIC-M365-E5 (avo.local/Sample/Groups/LIC-M365-E5),,,Permission unmanaged,None
Microsoft Active Directory,Quinten Nagtegaal (500036),Quinten Nagtegaal,quinten.nagtegaal0,True,ROLE-ICT03-Techniek (avo.local/Sample/Groups/ROLE-ICT03-Techniek),,,Permission unmanaged,None
Microsoft Active Directory,Quinten Nagtegaal (500036),Quinten Nagtegaal,quinten.nagtegaal0,True,MBX-ICT03-Techniek (avo.local/Sample/Groups/MBX-ICT03-Techniek),,,Permission unmanaged,None
Microsoft Active Directory,Quinten Nagtegaal (500036),Quinten Nagtegaal,quinten.nagtegaal0,True,FS-ICT03-Techniek-RW (avo.local/Sample/Groups/FS-ICT03-Techniek-RW),,,Permission unmanaged,None
Microsoft Active Directory,Quinten Nagtegaal (500036),Quinten Nagtegaal,quinten.nagtegaal0,True,FS-ICT03-Techniek-RO (avo.local/Sample/Groups/FS-ICT03-Techniek-RO),,,Permission unmanaged,None
Microsoft Active Directory,Quinten Nagtegaal (500036),Quinten Nagtegaal,quinten.nagtegaal0,True,TEAM-ICT03-Techniek (avo.local/Sample/Groups/TEAM-ICT03-Techniek),,,Permission unmanaged,None
Microsoft Active Directory,Quinten Nagtegaal (500036),Quinten Nagtegaal,quinten.nagtegaal0,True,APP-ICT03-Techniek-Portal (avo.local/Sample/Groups/APP-ICT03-Techniek-Portal),,,Permission unmanaged,None
Microsoft Active Directory,Quinten Nagtegaal (500036),Quinten Nagtegaal,quinten.nagtegaal0,True,APP-Planner (avo.local/Sample/Groups/APP-Planner),,,Permission unmanaged,None
Microsoft Active Directory,Quinten Nagtegaal (500036),Quinten Nagtegaal,quinten.nagtegaal0,True,APP-Office365 (avo.local/Sample/Groups/APP-Office365),,,Permission unmanaged,None
Microsoft Active Directory,Quinten Nagtegaal (500036),Quinten Nagtegaal,quinten.nagtegaal0,True,APP-Teams (avo.local/Sample/Groups/APP-Teams),,,Permission unmanaged,None
Microsoft Active Directory,Quinten Nagtegaal (500036),Quinten Nagtegaal,quinten.nagtegaal0,True,SEC-Antivirus (avo.local/Sample/Groups/SEC-Antivirus),,,Permission unmanaged,None
Microsoft Active Directory,Quinten Nagtegaal (500036),Quinten Nagtegaal,quinten.nagtegaal0,True,SEC-DiskEncryption (avo.local/Sample/Groups/SEC-DiskEncryption),,,Permission unmanaged,None
Microsoft Active Directory,Quinten Nagtegaal (500036),Quinten Nagtegaal,quinten.nagtegaal0,True,SEC-MFA-Enrolled (avo.local/Sample/Groups/SEC-MFA-Enrolled),,,Permission unmanaged,None
Microsoft Active Directory,Quinten Nagtegaal (500036),Quinten Nagtegaal,quinten.nagtegaal0,True,SEC-Endpoint-Protection (avo.local/Sample/Groups/SEC-Endpoint-Protection),,,Permission unmanaged,None
Microsoft Active Directory,Quinten Nagtegaal (500036),Quinten Nagtegaal,quinten.nagtegaal0,True,APP-Visio (avo.local/Sample/Groups/APP-Visio),,,Permission unmanaged,None
Microsoft Active Directory,Quinten Nagtegaal (500036),Quinten Nagtegaal,quinten.nagtegaal0,True,APP-PowerBI-Pro (avo.local/Sample/Groups/APP-PowerBI-Pro),,,Permission unmanaged,None
Microsoft Active Directory,Quinten Nagtegaal (500036),Quinten Nagtegaal,quinten.nagtegaal0,True,LIC-M365-E1 (avo.local/Sample/Groups/LIC-M365-E1),,,Permission unmanaged,None
Microsoft Active Directory,Iris Oosterhuis (500037),Iris Oosterhuis,iris.oosterhuis1,True,TEAM-FAC04-Facilitair (avo.local/Sample/Groups/TEAM-FAC04-Facilitair),,,Permission unmanaged,None
Microsoft Active Directory,Iris Oosterhuis (500037),Iris Oosterhuis,iris.oosterhuis1,True,ROLE-FAC04-Facilitair (avo.local/Sample/Groups/ROLE-FAC04-Facilitair),,,Permission unmanaged,None
Microsoft Active Directory,Iris Oosterhuis (500037),Iris Oosterhuis,iris.oosterhuis1,True,APP-FAC04-Facilitair-Portal (avo.local/Sample/Groups/APP-FAC04-Facilitair-Portal),,,Permission unmanaged,None
Microsoft Active Directory,Iris Oosterhuis (500037),Iris Oosterhuis,iris.oosterhuis1,True,FS-FAC04-Facilitair-RO (avo.local/Sample/Groups/FS-FAC04-Facilitair-RO),,,Permission unmanaged,None
Microsoft Active Directory,Iris Oosterhuis (500037),Iris Oosterhuis,iris.oosterhuis1,True,APP-Office365 (avo.local/Sample/Groups/APP-Office365),,,Permission unmanaged,None
Microsoft Active Directory,Iris Oosterhuis (500037),Iris Oosterhuis,iris.oosterhuis1,True,APP-Planner (avo.local/Sample/Groups/APP-Planner),,,Permission unmanaged,None
Microsoft Active Directory,Iris Oosterhuis (500037),Iris Oosterhuis,iris.oosterhuis1,True,SEC-Antivirus (avo.local/Sample/Groups/SEC-Antivirus),,,Permission unmanaged,None
Microsoft Active Directory,Iris Oosterhuis (500037),Iris Oosterhuis,iris.oosterhuis1,True,SEC-DiskEncryption (avo.local/Sample/Groups/SEC-DiskEncryption),,,Permission unmanaged,None
Microsoft Active Directory,Iris Oosterhuis (500037),Iris Oosterhuis,iris.oosterhuis1,True,SEC-MFA-Enrolled (avo.local/Sample/Groups/SEC-MFA-Enrolled),,,Permission unmanaged,None
Microsoft Active Directory,Iris Oosterhuis (500037),Iris Oosterhuis,iris.oosterhuis1,True,SEC-Endpoint-Protection (avo.local/Sample/Groups/SEC-Endpoint-Protection),,,Permission unmanaged,None
Microsoft Active Directory,Iris Oosterhuis (500037),Iris Oosterhuis,iris.oosterhuis1,True,LIC-M365-E5 (avo.local/Sample/Groups/LIC-M365-E5),,,Permission unmanaged,None
Microsoft Active Directory,Xander Nagtegaal (500038),Xander Nagtegaal,xander.nagtegaal2,True,ROLE-FAC04-Facilitair (avo.local/Sample/Groups/ROLE-FAC04-Facilitair),,,Permission unmanaged,None
Microsoft Active Directory,Xander Nagtegaal (500038),Xander Nagtegaal,xander.nagtegaal2,True,TEAM-FAC04-Facilitair (avo.local/Sample/Groups/TEAM-FAC04-Facilitair),,,Permission unmanaged,None
Microsoft Active Directory,Xander Nagtegaal (500038),Xander Nagtegaal,xander.nagtegaal2,True,MBX-FAC04-Facilitair (avo.local/Sample/Groups/MBX-FAC04-Facilitair),,,Permission unmanaged,None
Microsoft Active Directory,Xander Nagtegaal (500038),Xander Nagtegaal,xander.nagtegaal2,True,APP-Planner (avo.local/Sample/Groups/APP-Planner),,,Permission unmanaged,None
Microsoft Active Directory,Xander Nagtegaal (500038),Xander Nagtegaal,xander.nagtegaal2,True,APP-Intranet (avo.local/Sample/Groups/APP-Intranet),,,Permission unmanaged,None
Microsoft Active Directory,Xander Nagtegaal (500038),Xander Nagtegaal,xander.nagtegaal2,True,APP-Selfservice (avo.local/Sample/Groups/APP-Selfservice),,,Permission unmanaged,None
Microsoft Active Directory,Xander Nagtegaal (500038),Xander Nagtegaal,xander.nagtegaal2,True,SEC-Antivirus (avo.local/Sample/Groups/SEC-Antivirus),,,Permission unmanaged,None
Microsoft Active Directory,Xander Nagtegaal (500038),Xander Nagtegaal,xander.nagtegaal2,True,SEC-DiskEncryption (avo.local/Sample/Groups/SEC-DiskEncryption),,,Permission unmanaged,None
Microsoft Active Directory,Xander Nagtegaal (500038),Xander Nagtegaal,xander.nagtegaal2,True,SEC-MFA-Enrolled (avo.local/Sample/Groups/SEC-MFA-Enrolled),,,Permission unmanaged,None
Microsoft Active Directory,Xander Nagtegaal (500038),Xander Nagtegaal,xander.nagtegaal2,True,SEC-Endpoint-Protection (avo.local/Sample/Groups/SEC-Endpoint-Protection),,,Permission unmanaged,None
Microsoft Active Directory,Xander Nagtegaal (500038),Xander Nagtegaal,xander.nagtegaal2,True,APP-Visio (avo.local/Sample/Groups/APP-Visio),,,Permission unmanaged,None
Microsoft Active Directory,Xander Nagtegaal (500038),Xander Nagtegaal,xander.nagtegaal2,True,LIC-M365-E3 (avo.local/Sample/Groups/LIC-M365-E3),,,Permission unmanaged,None
Microsoft Active Directory,Roos Gerritsen (500039),Roos Gerritsen,roos.gerritsen3,True,ROLE-CA060-Revalidatie (avo.local/Sample/Groups/ROLE-CA060-Revalidatie),,,Permission unmanaged,None
Microsoft Active Directory,Roos Gerritsen (500039),Roos Gerritsen,roos.gerritsen3,True,TEAM-CA060-Revalidatie (avo.local/Sample/Groups/TEAM-CA060-Revalidatie),,,Permission unmanaged,None
Microsoft Active Directory,Roos Gerritsen (500039),Roos Gerritsen,roos.gerritsen3,True,APP-CA060-Revalidatie-Portal (avo.local/Sample/Groups/APP-CA060-Revalidatie-Portal),,,Permission unmanaged,None
Microsoft Active Directory,Roos Gerritsen (500039),Roos Gerritsen,roos.gerritsen3,True,FS-CA060-Revalidatie-RO (avo.local/Sample/Groups/FS-CA060-Revalidatie-RO),,,Permission unmanaged,None
Microsoft Active Directory,Roos Gerritsen (500039),Roos Gerritsen,roos.gerritsen3,True,FS-CA060-Revalidatie-RW (avo.local/Sample/Groups/FS-CA060-Revalidatie-RW),,,Permission unmanaged,None
Microsoft Active Directory,Roos Gerritsen (500039),Roos Gerritsen,roos.gerritsen3,True,MBX-CA060-Revalidatie (avo.local/Sample/Groups/MBX-CA060-Revalidatie),,,Permission unmanaged,None
Microsoft Active Directory,Roos Gerritsen (500039),Roos Gerritsen,roos.gerritsen3,True,APP-Intranet (avo.local/Sample/Groups/APP-Intranet),,,Permission unmanaged,None
Microsoft Active Directory,Roos Gerritsen (500039),Roos Gerritsen,roos.gerritsen3,True,APP-Office365 (avo.local/Sample/Groups/APP-Office365),,,Permission unmanaged,None
Microsoft Active Directory,Roos Gerritsen (500039),Roos Gerritsen,roos.gerritsen3,True,VPN-Thuiswerken (avo.local/Sample/Groups/VPN-Thuiswerken),,,Permission unmanaged,None
Microsoft Active Directory,Roos Gerritsen (500039),Roos Gerritsen,roos.gerritsen3,True,PRINT-Default (avo.local/Sample/Groups/PRINT-Default),,,Permission unmanaged,None
Microsoft Active Directory,Roos Gerritsen (500039),Roos Gerritsen,roos.gerritsen3,True,SEC-Antivirus (avo.local/Sample/Groups/SEC-Antivirus),,,Permission unmanaged,None
Microsoft Active Directory,Roos Gerritsen (500039),Roos Gerritsen,roos.gerritsen3,True,SEC-DiskEncryption (avo.local/Sample/Groups/SEC-DiskEncryption),,,Permission unmanaged,None
Microsoft Active Directory,Roos Gerritsen (500039),Roos Gerritsen,roos.gerritsen3,True,SEC-MFA-Enrolled (avo.local/Sample/Groups/SEC-MFA-Enrolled),,,Permission unmanaged,None
Microsoft Active Directory,Roos Gerritsen (500039),Roos Gerritsen,roos.gerritsen3,True,SEC-Endpoint-Protection (avo.local/Sample/Groups/SEC-Endpoint-Protection),,,Permission unmanaged,None
Microsoft Active Directory,Roos Gerritsen (500039),Roos Gerritsen,roos.gerritsen3,True,APP-Copilot (avo.local/Sample/Groups/APP-Copilot),,,Permission unmanaged,None
Microsoft Active Directory,Roos Gerritsen (500039),Roos Gerritsen,roos.gerritsen3,True,APP-Visio (avo.local/Sample/Groups/APP-Visio),,,Permission unmanaged,None
Microsoft Active Directory,Roos Gerritsen (500039),Roos Gerritsen,roos.gerritsen3,True,LIC-M365-E1 (avo.local/Sample/Groups/LIC-M365-E1),,,Permission unmanaged,None
Microsoft Active Directory,Quinten Ipenburg (500040),Quinten Ipenburg,quinten.ipenburg4,True,ROLE-FIN01-Financien (avo.local/Sample/Groups/ROLE-FIN01-Financien),,,Permission unmanaged,None
Microsoft Active Directory,Quinten Ipenburg (500040),Quinten Ipenburg,quinten.ipenburg4,True,MBX-FIN01-Financien (avo.local/Sample/Groups/MBX-FIN01-Financien),,,Permission unmanaged,None
Microsoft Active Directory,Quinten Ipenburg (500040),Quinten Ipenburg,quinten.ipenburg4,True,FS-FIN01-Financien-RO (avo.local/Sample/Groups/FS-FIN01-Financien-RO),,,Permission unmanaged,None
Microsoft Active Directory,Quinten Ipenburg (500040),Quinten Ipenburg,quinten.ipenburg4,True,FS-FIN01-Financien-RW (avo.local/Sample/Groups/FS-FIN01-Financien-RW),,,Permission unmanaged,None
Microsoft Active Directory,Quinten Ipenburg (500040),Quinten Ipenburg,quinten.ipenburg4,True,TEAM-FIN01-Financien (avo.local/Sample/Groups/TEAM-FIN01-Financien),,,Permission unmanaged,None
Microsoft Active Directory,Quinten Ipenburg (500040),Quinten Ipenburg,quinten.ipenburg4,True,APP-Intranet (avo.local/Sample/Groups/APP-Intranet),,,Permission unmanaged,None
Microsoft Active Directory,Quinten Ipenburg (500040),Quinten Ipenburg,quinten.ipenburg4,True,APP-Selfservice (avo.local/Sample/Groups/APP-Selfservice),,,Permission unmanaged,None
Microsoft Active Directory,Quinten Ipenburg (500040),Quinten Ipenburg,quinten.ipenburg4,True,VPN-Thuiswerken (avo.local/Sample/Groups/VPN-Thuiswerken),,,Permission unmanaged,None
Microsoft Active Directory,Quinten Ipenburg (500040),Quinten Ipenburg,quinten.ipenburg4,True,WIFI-Personeel (avo.local/Sample/Groups/WIFI-Personeel),,,Permission unmanaged,None
Microsoft Active Directory,Quinten Ipenburg (500040),Quinten Ipenburg,quinten.ipenburg4,True,SEC-MFA-Enrolled (avo.local/Sample/Groups/SEC-MFA-Enrolled),,,Permission unmanaged,None
Microsoft Active Directory,Quinten Ipenburg (500040),Quinten Ipenburg,quinten.ipenburg4,True,SEC-Endpoint-Protection (avo.local/Sample/Groups/SEC-Endpoint-Protection),,,Permission unmanaged,None
Microsoft Active Directory,Quinten Ipenburg (500040),Quinten Ipenburg,quinten.ipenburg4,True,APP-Adobe-AcrobatPro (avo.local/Sample/Groups/APP-Adobe-AcrobatPro),,,Permission unmanaged,None
Microsoft Active Directory,Quinten Ipenburg (500040),Quinten Ipenburg,quinten.ipenburg4,True,LIC-M365-E5 (avo.local/Sample/Groups/LIC-M365-E5),,,Permission unmanaged,None
Microsoft Active Directory,Gijs Nagtegaal (500041),Gijs Nagtegaal,gijs.nagtegaal5,True,MBX-COM05-Communicatie (avo.local/Sample/Groups/MBX-COM05-Communicatie),,,Permission unmanaged,None
Microsoft Active Directory,Gijs Nagtegaal (500041),Gijs Nagtegaal,gijs.nagtegaal5,True,FS-COM05-Communicatie-RO (avo.local/Sample/Groups/FS-COM05-Communicatie-RO),,,Permission unmanaged,None
Microsoft Active Directory,Gijs Nagtegaal (500041),Gijs Nagtegaal,gijs.nagtegaal5,True,TEAM-COM05-Communicatie (avo.local/Sample/Groups/TEAM-COM05-Communicatie),,,Permission unmanaged,None
Microsoft Active Directory,Gijs Nagtegaal (500041),Gijs Nagtegaal,gijs.nagtegaal5,True,ROLE-COM05-Communicatie (avo.local/Sample/Groups/ROLE-COM05-Communicatie),,,Permission unmanaged,None
Microsoft Active Directory,Gijs Nagtegaal (500041),Gijs Nagtegaal,gijs.nagtegaal5,True,FS-COM05-Communicatie-RW (avo.local/Sample/Groups/FS-COM05-Communicatie-RW),,,Permission unmanaged,None
Microsoft Active Directory,Gijs Nagtegaal (500041),Gijs Nagtegaal,gijs.nagtegaal5,True,APP-COM05-Communicatie-Portal (avo.local/Sample/Groups/APP-COM05-Communicatie-Portal),,,Permission unmanaged,None
Microsoft Active Directory,Gijs Nagtegaal (500041),Gijs Nagtegaal,gijs.nagtegaal5,True,APP-Teams (avo.local/Sample/Groups/APP-Teams),,,Permission unmanaged,None
Microsoft Active Directory,Gijs Nagtegaal (500041),Gijs Nagtegaal,gijs.nagtegaal5,True,APP-Selfservice (avo.local/Sample/Groups/APP-Selfservice),,,Permission unmanaged,None
Microsoft Active Directory,Gijs Nagtegaal (500041),Gijs Nagtegaal,gijs.nagtegaal5,True,APP-Office365 (avo.local/Sample/Groups/APP-Office365),,,Permission unmanaged,None
Microsoft Active Directory,Gijs Nagtegaal (500041),Gijs Nagtegaal,gijs.nagtegaal5,True,SEC-Antivirus (avo.local/Sample/Groups/SEC-Antivirus),,,Permission unmanaged,None
Microsoft Active Directory,Gijs Nagtegaal (500041),Gijs Nagtegaal,gijs.nagtegaal5,True,SEC-DiskEncryption (avo.local/Sample/Groups/SEC-DiskEncryption),,,Permission unmanaged,None
Microsoft Active Directory,Gijs Nagtegaal (500041),Gijs Nagtegaal,gijs.nagtegaal5,True,SEC-MFA-Enrolled (avo.local/Sample/Groups/SEC-MFA-Enrolled),,,Permission unmanaged,None
Microsoft Active Directory,Gijs Nagtegaal (500041),Gijs Nagtegaal,gijs.nagtegaal5,True,SEC-Endpoint-Protection (avo.local/Sample/Groups/SEC-Endpoint-Protection),,,Permission unmanaged,None
Microsoft Active Directory,Gijs Nagtegaal (500041),Gijs Nagtegaal,gijs.nagtegaal5,True,LIC-M365-F3 (avo.local/Sample/Groups/LIC-M365-F3),,,Permission unmanaged,None
Microsoft Active Directory,Ursula Gerritsen (500042),Ursula Gerritsen,ursula.gerritsen6,True,ROLE-CZ08-Begeleiding (avo.local/Sample/Groups/ROLE-CZ08-Begeleiding),,,Permission unmanaged,None
Microsoft Active Directory,Ursula Gerritsen (500042),Ursula Gerritsen,ursula.gerritsen6,True,FS-CZ08-Begeleiding-RW (avo.local/Sample/Groups/FS-CZ08-Begeleiding-RW),,,Permission unmanaged,None
Microsoft Active Directory,Ursula Gerritsen (500042),Ursula Gerritsen,ursula.gerritsen6,True,FS-CZ08-Begeleiding-RO (avo.local/Sample/Groups/FS-CZ08-Begeleiding-RO),,,Permission unmanaged,None
Microsoft Active Directory,Ursula Gerritsen (500042),Ursula Gerritsen,ursula.gerritsen6,True,APP-Selfservice (avo.local/Sample/Groups/APP-Selfservice),,,Permission unmanaged,None
Microsoft Active Directory,Ursula Gerritsen (500042),Ursula Gerritsen,ursula.gerritsen6,True,PRINT-Default (avo.local/Sample/Groups/PRINT-Default),,,Permission unmanaged,None
Microsoft Active Directory,Ursula Gerritsen (500042),Ursula Gerritsen,ursula.gerritsen6,True,VPN-Thuiswerken (avo.local/Sample/Groups/VPN-Thuiswerken),,,Permission unmanaged,None
Microsoft Active Directory,Ursula Gerritsen (500042),Ursula Gerritsen,ursula.gerritsen6,True,SEC-Antivirus (avo.local/Sample/Groups/SEC-Antivirus),,,Permission unmanaged,None
Microsoft Active Directory,Ursula Gerritsen (500042),Ursula Gerritsen,ursula.gerritsen6,True,SEC-DiskEncryption (avo.local/Sample/Groups/SEC-DiskEncryption),,,Permission unmanaged,None
Microsoft Active Directory,Ursula Gerritsen (500042),Ursula Gerritsen,ursula.gerritsen6,True,SEC-MFA-Enrolled (avo.local/Sample/Groups/SEC-MFA-Enrolled),,,Permission unmanaged,None
Microsoft Active Directory,Ursula Gerritsen (500042),Ursula Gerritsen,ursula.gerritsen6,True,SEC-Endpoint-Protection (avo.local/Sample/Groups/SEC-Endpoint-Protection),,,Permission unmanaged,None
Microsoft Active Directory,Ursula Gerritsen (500042),Ursula Gerritsen,ursula.gerritsen6,True,LIC-M365-F3 (avo.local/Sample/Groups/LIC-M365-F3),,,Permission unmanaged,None
Microsoft Active Directory,Cato Zomerdijk (500043),Cato Zomerdijk,cato.zomerdijk7,True,MBX-HRM02-Personeel (avo.local/Sample/Groups/MBX-HRM02-Personeel),,,Permission unmanaged,None
Microsoft Active Directory,Cato Zomerdijk (500043),Cato Zomerdijk,cato.zomerdijk7,True,ROLE-HRM02-Personeel (avo.local/Sample/Groups/ROLE-HRM02-Personeel),,,Permission unmanaged,None
Microsoft Active Directory,Cato Zomerdijk (500043),Cato Zomerdijk,cato.zomerdijk7,True,TEAM-HRM02-Personeel (avo.local/Sample/Groups/TEAM-HRM02-Personeel),,,Permission unmanaged,None
Microsoft Active Directory,Cato Zomerdijk (500043),Cato Zomerdijk,cato.zomerdijk7,True,APP-HRM02-Personeel-Portal (avo.local/Sample/Groups/APP-HRM02-Personeel-Portal),,,Permission unmanaged,None
Microsoft Active Directory,Cato Zomerdijk (500043),Cato Zomerdijk,cato.zomerdijk7,True,APP-Teams (avo.local/Sample/Groups/APP-Teams),,,Permission unmanaged,None
Microsoft Active Directory,Cato Zomerdijk (500043),Cato Zomerdijk,cato.zomerdijk7,True,PRINT-Default (avo.local/Sample/Groups/PRINT-Default),,,Permission unmanaged,None
Microsoft Active Directory,Cato Zomerdijk (500043),Cato Zomerdijk,cato.zomerdijk7,True,SEC-Antivirus (avo.local/Sample/Groups/SEC-Antivirus),,,Permission unmanaged,None
Microsoft Active Directory,Cato Zomerdijk (500043),Cato Zomerdijk,cato.zomerdijk7,True,SEC-MFA-Enrolled (avo.local/Sample/Groups/SEC-MFA-Enrolled),,,Permission unmanaged,None
Microsoft Active Directory,Cato Zomerdijk (500043),Cato Zomerdijk,cato.zomerdijk7,True,SEC-Endpoint-Protection (avo.local/Sample/Groups/SEC-Endpoint-Protection),,,Permission unmanaged,None
Microsoft Active Directory,Cato Zomerdijk (500043),Cato Zomerdijk,cato.zomerdijk7,True,APP-Copilot (avo.local/Sample/Groups/APP-Copilot),,,Permission unmanaged,None
Microsoft Active Directory,Cato Zomerdijk (500043),Cato Zomerdijk,cato.zomerdijk7,True,LIC-M365-E5 (avo.local/Sample/Groups/LIC-M365-E5),,,Permission unmanaged,None
Microsoft Active Directory,Eva Muijs (500044),Eva Muijs,eva.muijs8,True,FS-CA060-Revalidatie-RW (avo.local/Sample/Groups/FS-CA060-Revalidatie-RW),,,Permission unmanaged,None
Microsoft Active Directory,Eva Muijs (500044),Eva Muijs,eva.muijs8,True,APP-CA060-Revalidatie-Portal (avo.local/Sample/Groups/APP-CA060-Revalidatie-Portal),,,Permission unmanaged,None
Microsoft Active Directory,Eva Muijs (500044),Eva Muijs,eva.muijs8,True,ROLE-CA060-Revalidatie (avo.local/Sample/Groups/ROLE-CA060-Revalidatie),,,Permission unmanaged,None
Microsoft Active Directory,Eva Muijs (500044),Eva Muijs,eva.muijs8,True,MBX-CA060-Revalidatie (avo.local/Sample/Groups/MBX-CA060-Revalidatie),,,Permission unmanaged,None
Microsoft Active Directory,Eva Muijs (500044),Eva Muijs,eva.muijs8,True,APP-Office365 (avo.local/Sample/Groups/APP-Office365),,,Permission unmanaged,None
Microsoft Active Directory,Eva Muijs (500044),Eva Muijs,eva.muijs8,True,APP-Teams (avo.local/Sample/Groups/APP-Teams),,,Permission unmanaged,None
Microsoft Active Directory,Eva Muijs (500044),Eva Muijs,eva.muijs8,True,PRINT-Default (avo.local/Sample/Groups/PRINT-Default),,,Permission unmanaged,None
Microsoft Active Directory,Eva Muijs (500044),Eva Muijs,eva.muijs8,True,SEC-Antivirus (avo.local/Sample/Groups/SEC-Antivirus),,,Permission unmanaged,None
Microsoft Active Directory,Eva Muijs (500044),Eva Muijs,eva.muijs8,True,SEC-DiskEncryption (avo.local/Sample/Groups/SEC-DiskEncryption),,,Permission unmanaged,None
Microsoft Active Directory,Eva Muijs (500044),Eva Muijs,eva.muijs8,True,SEC-MFA-Enrolled (avo.local/Sample/Groups/SEC-MFA-Enrolled),,,Permission unmanaged,None
Microsoft Active Directory,Eva Muijs (500044),Eva Muijs,eva.muijs8,True,SEC-Endpoint-Protection (avo.local/Sample/Groups/SEC-Endpoint-Protection),,,Permission unmanaged,None
Microsoft Active Directory,Eva Muijs (500044),Eva Muijs,eva.muijs8,True,APP-PowerBI-Pro (avo.local/Sample/Groups/APP-PowerBI-Pro),,,Permission unmanaged,None
Microsoft Active Directory,Eva Muijs (500044),Eva Muijs,eva.muijs8,True,APP-Adobe-AcrobatPro (avo.local/Sample/Groups/APP-Adobe-AcrobatPro),,,Permission unmanaged,None
Microsoft Active Directory,Eva Muijs (500044),Eva Muijs,eva.muijs8,True,LIC-M365-E5 (avo.local/Sample/Groups/LIC-M365-E5),,,Permission unmanaged,None
Microsoft Active Directory,Hanna Gerritsen (500045),Hanna Gerritsen,hanna.gerritsen9,False,MBX-COM05-Communicatie (avo.local/Sample/Groups/MBX-COM05-Communicatie),,,Permission unmanaged,None
Microsoft Active Directory,Hanna Gerritsen (500045),Hanna Gerritsen,hanna.gerritsen9,False,FS-COM05-Communicatie-RW (avo.local/Sample/Groups/FS-COM05-Communicatie-RW),,,Permission unmanaged,None
Microsoft Active Directory,Hanna Gerritsen (500045),Hanna Gerritsen,hanna.gerritsen9,False,TEAM-COM05-Communicatie (avo.local/Sample/Groups/TEAM-COM05-Communicatie),,,Permission unmanaged,None
Microsoft Active Directory,Hanna Gerritsen (500045),Hanna Gerritsen,hanna.gerritsen9,False,APP-COM05-Communicatie-Portal (avo.local/Sample/Groups/APP-COM05-Communicatie-Portal),,,Permission unmanaged,None
Microsoft Active Directory,Hanna Gerritsen (500045),Hanna Gerritsen,hanna.gerritsen9,False,APP-Intranet (avo.local/Sample/Groups/APP-Intranet),,,Permission unmanaged,None
Microsoft Active Directory,Hanna Gerritsen (500045),Hanna Gerritsen,hanna.gerritsen9,False,APP-Teams (avo.local/Sample/Groups/APP-Teams),,,Permission unmanaged,None
Microsoft Active Directory,Hanna Gerritsen (500045),Hanna Gerritsen,hanna.gerritsen9,False,SEC-Antivirus (avo.local/Sample/Groups/SEC-Antivirus),,,Permission unmanaged,None
Microsoft Active Directory,Hanna Gerritsen (500045),Hanna Gerritsen,hanna.gerritsen9,False,SEC-DiskEncryption (avo.local/Sample/Groups/SEC-DiskEncryption),,,Permission unmanaged,None
Microsoft Active Directory,Hanna Gerritsen (500045),Hanna Gerritsen,hanna.gerritsen9,False,SEC-MFA-Enrolled (avo.local/Sample/Groups/SEC-MFA-Enrolled),,,Permission unmanaged,None
Microsoft Active Directory,Hanna Gerritsen (500045),Hanna Gerritsen,hanna.gerritsen9,False,SEC-Endpoint-Protection (avo.local/Sample/Groups/SEC-Endpoint-Protection),,,Permission unmanaged,None
Microsoft Active Directory,Hanna Gerritsen (500045),Hanna Gerritsen,hanna.gerritsen9,False,LIC-M365-E1 (avo.local/Sample/Groups/LIC-M365-E1),,,Permission unmanaged,None
Microsoft Active Directory,Sem Elzinga (500046),Sem Elzinga,sem.elzinga10,True,FS-HRM02-Personeel-RW (avo.local/Sample/Groups/FS-HRM02-Personeel-RW),,,Permission unmanaged,None
Microsoft Active Directory,Sem Elzinga (500046),Sem Elzinga,sem.elzinga10,True,FS-HRM02-Personeel-RO (avo.local/Sample/Groups/FS-HRM02-Personeel-RO),,,Permission unmanaged,None
Microsoft Active Directory,Sem Elzinga (500046),Sem Elzinga,sem.elzinga10,True,MBX-HRM02-Personeel (avo.local/Sample/Groups/MBX-HRM02-Personeel),,,Permission unmanaged,None
Microsoft Active Directory,Sem Elzinga (500046),Sem Elzinga,sem.elzinga10,True,TEAM-HRM02-Personeel (avo.local/Sample/Groups/TEAM-HRM02-Personeel),,,Permission unmanaged,None
Microsoft Active Directory,Sem Elzinga (500046),Sem Elzinga,sem.elzinga10,True,APP-Planner (avo.local/Sample/Groups/APP-Planner),,,Permission unmanaged,None
Microsoft Active Directory,Sem Elzinga (500046),Sem Elzinga,sem.elzinga10,True,APP-Intranet (avo.local/Sample/Groups/APP-Intranet),,,Permission unmanaged,None
Microsoft Active Directory,Sem Elzinga (500046),Sem Elzinga,sem.elzinga10,True,PRINT-Default (avo.local/Sample/Groups/PRINT-Default),,,Permission unmanaged,None
Microsoft Active Directory,Sem Elzinga (500046),Sem Elzinga,sem.elzinga10,True,WIFI-Personeel (avo.local/Sample/Groups/WIFI-Personeel),,,Permission unmanaged,None
Microsoft Active Directory,Sem Elzinga (500046),Sem Elzinga,sem.elzinga10,True,SEC-Antivirus (avo.local/Sample/Groups/SEC-Antivirus),,,Permission unmanaged,None
Microsoft Active Directory,Sem Elzinga (500046),Sem Elzinga,sem.elzinga10,True,SEC-DiskEncryption (avo.local/Sample/Groups/SEC-DiskEncryption),,,Permission unmanaged,None
Microsoft Active Directory,Sem Elzinga (500046),Sem Elzinga,sem.elzinga10,True,SEC-MFA-Enrolled (avo.local/Sample/Groups/SEC-MFA-Enrolled),,,Permission unmanaged,None
Microsoft Active Directory,Sem Elzinga (500046),Sem Elzinga,sem.elzinga10,True,APP-Adobe-AcrobatPro (avo.local/Sample/Groups/APP-Adobe-AcrobatPro),,,Permission unmanaged,None
Microsoft Active Directory,Sem Elzinga (500046),Sem Elzinga,sem.elzinga10,True,LIC-M365-F3 (avo.local/Sample/Groups/LIC-M365-F3),,,Permission unmanaged,None
Microsoft Active Directory,Yara Nagtegaal (500047),Yara Nagtegaal,yara.nagtegaal11,True,MBX-ICT03-Techniek (avo.local/Sample/Groups/MBX-ICT03-Techniek),,,Permission unmanaged,None
Microsoft Active Directory,Yara Nagtegaal (500047),Yara Nagtegaal,yara.nagtegaal11,True,TEAM-ICT03-Techniek (avo.local/Sample/Groups/TEAM-ICT03-Techniek),,,Permission unmanaged,None
Microsoft Active Directory,Yara Nagtegaal (500047),Yara Nagtegaal,yara.nagtegaal11,True,APP-ICT03-Techniek-Portal (avo.local/Sample/Groups/APP-ICT03-Techniek-Portal),,,Permission unmanaged,None
Microsoft Active Directory,Yara Nagtegaal (500047),Yara Nagtegaal,yara.nagtegaal11,True,ROLE-ICT03-Techniek (avo.local/Sample/Groups/ROLE-ICT03-Techniek),,,Permission unmanaged,None
Microsoft Active Directory,Yara Nagtegaal (500047),Yara Nagtegaal,yara.nagtegaal11,True,FS-ICT03-Techniek-RO (avo.local/Sample/Groups/FS-ICT03-Techniek-RO),,,Permission unmanaged,None
Microsoft Active Directory,Yara Nagtegaal (500047),Yara Nagtegaal,yara.nagtegaal11,True,APP-Intranet (avo.local/Sample/Groups/APP-Intranet),,,Permission unmanaged,None
Microsoft Active Directory,Yara Nagtegaal (500047),Yara Nagtegaal,yara.nagtegaal11,True,SEC-Antivirus (avo.local/Sample/Groups/SEC-Antivirus),,,Permission unmanaged,None
Microsoft Active Directory,Yara Nagtegaal (500047),Yara Nagtegaal,yara.nagtegaal11,True,SEC-DiskEncryption (avo.local/Sample/Groups/SEC-DiskEncryption),,,Permission unmanaged,None
Microsoft Active Directory,Yara Nagtegaal (500047),Yara Nagtegaal,yara.nagtegaal11,True,SEC-MFA-Enrolled (avo.local/Sample/Groups/SEC-MFA-Enrolled),,,Permission unmanaged,None
Microsoft Active Directory,Yara Nagtegaal (500047),Yara Nagtegaal,yara.nagtegaal11,True,SEC-Endpoint-Protection (avo.local/Sample/Groups/SEC-Endpoint-Protection),,,Permission unmanaged,None
Microsoft Active Directory,Yara Nagtegaal (500047),Yara Nagtegaal,yara.nagtegaal11,True,LIC-M365-E5 (avo.local/Sample/Groups/LIC-M365-E5),,,Permission unmanaged,None
Microsoft Active Directory,Daan Roozendaal (500048),Daan Roozendaal,daan.roozendaal12,True,TEAM-CA010-Thuiszorg (avo.local/Sample/Groups/TEAM-CA010-Thuiszorg),,,Permission unmanaged,None
Microsoft Active Directory,Daan Roozendaal (500048),Daan Roozendaal,daan.roozendaal12,True,FS-CA010-Thuiszorg-RW (avo.local/Sample/Groups/FS-CA010-Thuiszorg-RW),,,Permission unmanaged,None
Microsoft Active Directory,Daan Roozendaal (500048),Daan Roozendaal,daan.roozendaal12,True,MBX-CA010-Thuiszorg (avo.local/Sample/Groups/MBX-CA010-Thuiszorg),,,Permission unmanaged,None
Microsoft Active Directory,Daan Roozendaal (500048),Daan Roozendaal,daan.roozendaal12,True,ROLE-CA010-Thuiszorg (avo.local/Sample/Groups/ROLE-CA010-Thuiszorg),,,Permission unmanaged,None
Microsoft Active Directory,Daan Roozendaal (500048),Daan Roozendaal,daan.roozendaal12,True,APP-Intranet (avo.local/Sample/Groups/APP-Intranet),,,Permission unmanaged,None
Microsoft Active Directory,Daan Roozendaal (500048),Daan Roozendaal,daan.roozendaal12,True,APP-Planner (avo.local/Sample/Groups/APP-Planner),,,Permission unmanaged,None
Microsoft Active Directory,Daan Roozendaal (500048),Daan Roozendaal,daan.roozendaal12,True,APP-Office365 (avo.local/Sample/Groups/APP-Office365),,,Permission unmanaged,None
Microsoft Active Directory,Daan Roozendaal (500048),Daan Roozendaal,daan.roozendaal12,True,WIFI-Personeel (avo.local/Sample/Groups/WIFI-Personeel),,,Permission unmanaged,None
Microsoft Active Directory,Daan Roozendaal (500048),Daan Roozendaal,daan.roozendaal12,True,SEC-Antivirus (avo.local/Sample/Groups/SEC-Antivirus),,,Permission unmanaged,None
Microsoft Active Directory,Daan Roozendaal (500048),Daan Roozendaal,daan.roozendaal12,True,SEC-DiskEncryption (avo.local/Sample/Groups/SEC-DiskEncryption),,,Permission unmanaged,None
Microsoft Active Directory,Daan Roozendaal (500048),Daan Roozendaal,daan.roozendaal12,True,SEC-MFA-Enrolled (avo.local/Sample/Groups/SEC-MFA-Enrolled),,,Permission unmanaged,None
Microsoft Active Directory,Daan Roozendaal (500048),Daan Roozendaal,daan.roozendaal12,True,SEC-Endpoint-Protection (avo.local/Sample/Groups/SEC-Endpoint-Protection),,,Permission unmanaged,None
Microsoft Active Directory,Daan Roozendaal (500048),Daan Roozendaal,daan.roozendaal12,True,LIC-M365-E3 (avo.local/Sample/Groups/LIC-M365-E3),,,Permission unmanaged,None
Microsoft Active Directory,Daan Roozendaal (500048),Daan Roozendaal,daan.roozendaal12,True,LIC-M365-F3 (avo.local/Sample/Groups/LIC-M365-F3),,,Permission unmanaged,None
Microsoft Active Directory,,Kim Wielenga (test),test.kim.wielenga13,True,,,,Account unmanaged,None
Microsoft Active Directory,,Kim Wielenga (test),test.kim.wielenga13,True,FS-FAC04-Facilitair-RO (avo.local/Sample/Groups/FS-FAC04-Facilitair-RO),,,Permission unmanaged,None
Microsoft Active Directory,,Kim Wielenga (test),test.kim.wielenga13,True,APP-Teams (avo.local/Sample/Groups/APP-Teams),,,Permission unmanaged,None
Microsoft Active Directory,,Kim Wielenga (test),test.kim.wielenga13,True,ROLE-FAC04-Facilitair (avo.local/Sample/Groups/ROLE-FAC04-Facilitair),,,Permission unmanaged,None
Microsoft Active Directory,,Kim Wielenga (test),test.kim.wielenga13,True,LIC-M365-E3 (avo.local/Sample/Groups/LIC-M365-E3),,,Permission unmanaged,None
Microsoft Active Directory,Kim Vroegindeweij (500050),Kim Vroegindeweij,kim.vroegindeweij14,True,ROLE-HRM02-Personeel (avo.local/Sample/Groups/ROLE-HRM02-Personeel),,,Permission unmanaged,None
Microsoft Active Directory,Kim Vroegindeweij (500050),Kim Vroegindeweij,kim.vroegindeweij14,True,FS-HRM02-Personeel-RO (avo.local/Sample/Groups/FS-HRM02-Personeel-RO),,,Permission unmanaged,None
Microsoft Active Directory,Kim Vroegindeweij (500050),Kim Vroegindeweij,kim.vroegindeweij14,True,TEAM-HRM02-Personeel (avo.local/Sample/Groups/TEAM-HRM02-Personeel),,,Permission unmanaged,None
Microsoft Active Directory,Kim Vroegindeweij (500050),Kim Vroegindeweij,kim.vroegindeweij14,True,MBX-HRM02-Personeel (avo.local/Sample/Groups/MBX-HRM02-Personeel),,,Permission unmanaged,None
Microsoft Active Directory,Kim Vroegindeweij (500050),Kim Vroegindeweij,kim.vroegindeweij14,True,FS-HRM02-Personeel-RW (avo.local/Sample/Groups/FS-HRM02-Personeel-RW),,,Permission unmanaged,None
Microsoft Active Directory,Kim Vroegindeweij (500050),Kim Vroegindeweij,kim.vroegindeweij14,True,APP-Intranet (avo.local/Sample/Groups/APP-Intranet),,,Permission unmanaged,None
Microsoft Active Directory,Kim Vroegindeweij (500050),Kim Vroegindeweij,kim.vroegindeweij14,True,APP-Planner (avo.local/Sample/Groups/APP-Planner),,,Permission unmanaged,None
Microsoft Active Directory,Kim Vroegindeweij (500050),Kim Vroegindeweij,kim.vroegindeweij14,True,APP-Office365 (avo.local/Sample/Groups/APP-Office365),,,Permission unmanaged,None
Microsoft Active Directory,Kim Vroegindeweij (500050),Kim Vroegindeweij,kim.vroegindeweij14,True,SEC-Antivirus (avo.local/Sample/Groups/SEC-Antivirus),,,Permission unmanaged,None
Microsoft Active Directory,Kim Vroegindeweij (500050),Kim Vroegindeweij,kim.vroegindeweij14,True,SEC-DiskEncryption (avo.local/Sample/Groups/SEC-DiskEncryption),,,Permission unmanaged,None
Microsoft Active Directory,Kim Vroegindeweij (500050),Kim Vroegindeweij,kim.vroegindeweij14,True,SEC-MFA-Enrolled (avo.local/Sample/Groups/SEC-MFA-Enrolled),,,Permission unmanaged,None
Microsoft Active Directory,Kim Vroegindeweij (500050),Kim Vroegindeweij,kim.vroegindeweij14,True,SEC-Endpoint-Protection (avo.local/Sample/Groups/SEC-Endpoint-Protection),,,Permission unmanaged,None
Microsoft Active Directory,Kim Vroegindeweij (500050),Kim Vroegindeweij,kim.vroegindeweij14,True,APP-Visio (avo.local/Sample/Groups/APP-Visio),,,Permission unmanaged,None
Microsoft Active Directory,Kim Vroegindeweij (500050),Kim Vroegindeweij,kim.vroegindeweij14,True,LIC-M365-F3 (avo.local/Sample/Groups/LIC-M365-F3),,,Permission unmanaged,None
Microsoft Active Directory,Eva Quaedvlieg (500051),Eva Quaedvlieg,eva.quaedvlieg15,False,MBX-ICT03-Techniek (avo.local/Sample/Groups/MBX-ICT03-Techniek),,,Permission unmanaged,None
Microsoft Active Directory,Eva Quaedvlieg (500051),Eva Quaedvlieg,eva.quaedvlieg15,False,TEAM-ICT03-Techniek (avo.local/Sample/Groups/TEAM-ICT03-Techniek),,,Permission unmanaged,None
Microsoft Active Directory,Eva Quaedvlieg (500051),Eva Quaedvlieg,eva.quaedvlieg15,False,APP-ICT03-Techniek-Portal (avo.local/Sample/Groups/APP-ICT03-Techniek-Portal),,,Permission unmanaged,None
Microsoft Active Directory,Eva Quaedvlieg (500051),Eva Quaedvlieg,eva.quaedvlieg15,False,APP-Office365 (avo.local/Sample/Groups/APP-Office365),,,Permission unmanaged,None
Microsoft Active Directory,Eva Quaedvlieg (500051),Eva Quaedvlieg,eva.quaedvlieg15,False,APP-Planner (avo.local/Sample/Groups/APP-Planner),,,Permission unmanaged,None
Microsoft Active Directory,Eva Quaedvlieg (500051),Eva Quaedvlieg,eva.quaedvlieg15,False,APP-Intranet (avo.local/Sample/Groups/APP-Intranet),,,Permission unmanaged,None
Microsoft Active Directory,Eva Quaedvlieg (500051),Eva Quaedvlieg,eva.quaedvlieg15,False,PRINT-Default (avo.local/Sample/Groups/PRINT-Default),,,Permission unmanaged,None
Microsoft Active Directory,Eva Quaedvlieg (500051),Eva Quaedvlieg,eva.quaedvlieg15,False,WIFI-Personeel (avo.local/Sample/Groups/WIFI-Personeel),,,Permission unmanaged,None
Microsoft Active Directory,Eva Quaedvlieg (500051),Eva Quaedvlieg,eva.quaedvlieg15,False,SEC-Antivirus (avo.local/Sample/Groups/SEC-Antivirus),,,Permission unmanaged,None
Microsoft Active Directory,Eva Quaedvlieg (500051),Eva Quaedvlieg,eva.quaedvlieg15,False,SEC-DiskEncryption (avo.local/Sample/Groups/SEC-DiskEncryption),,,Permission unmanaged,None
Microsoft Active Directory,Eva Quaedvlieg (500051),Eva Quaedvlieg,eva.quaedvlieg15,False,SEC-MFA-Enrolled (avo.local/Sample/Groups/SEC-MFA-Enrolled),,,Permission unmanaged,None
Microsoft Active Directory,Eva Quaedvlieg (500051),Eva Quaedvlieg,eva.quaedvlieg15,False,SEC-Endpoint-Protection (avo.local/Sample/Groups/SEC-Endpoint-Protection),,,Permission unmanaged,None
Microsoft Active Directory,Eva Quaedvlieg (500051),Eva Quaedvlieg,eva.quaedvlieg15,False,APP-Project (avo.local/Sample/Groups/APP-Project),,,Permission unmanaged,None
Microsoft Active Directory,Eva Quaedvlieg (500051),Eva Quaedvlieg,eva.quaedvlieg15,False,APP-Copilot (avo.local/Sample/Groups/APP-Copilot),,,Permission unmanaged,None
Microsoft Active Directory,Eva Quaedvlieg (500051),Eva Quaedvlieg,eva.quaedvlieg15,False,LIC-M365-E3 (avo.local/Sample/Groups/LIC-M365-E3),,,Permission unmanaged,None
Microsoft Active Directory,Wout Quaedvlieg (500052),Wout Quaedvlieg,wout.quaedvlieg16,True,TEAM-CB12-Dagbesteding (avo.local/Sample/Groups/TEAM-CB12-Dagbesteding),,,Permission unmanaged,None
Microsoft Active Directory,Wout Quaedvlieg (500052),Wout Quaedvlieg,wout.quaedvlieg16,True,APP-CB12-Dagbesteding-Portal (avo.local/Sample/Groups/APP-CB12-Dagbesteding-Portal),,,Permission unmanaged,None
Microsoft Active Directory,Wout Quaedvlieg (500052),Wout Quaedvlieg,wout.quaedvlieg16,True,MBX-CB12-Dagbesteding (avo.local/Sample/Groups/MBX-CB12-Dagbesteding),,,Permission unmanaged,None
Microsoft Active Directory,Wout Quaedvlieg (500052),Wout Quaedvlieg,wout.quaedvlieg16,True,FS-CB12-Dagbesteding-RO (avo.local/Sample/Groups/FS-CB12-Dagbesteding-RO),,,Permission unmanaged,None
Microsoft Active Directory,Wout Quaedvlieg (500052),Wout Quaedvlieg,wout.quaedvlieg16,True,ROLE-CB12-Dagbesteding (avo.local/Sample/Groups/ROLE-CB12-Dagbesteding),,,Permission unmanaged,None
Microsoft Active Directory,Wout Quaedvlieg (500052),Wout Quaedvlieg,wout.quaedvlieg16,True,APP-Intranet (avo.local/Sample/Groups/APP-Intranet),,,Permission unmanaged,None
Microsoft Active Directory,Wout Quaedvlieg (500052),Wout Quaedvlieg,wout.quaedvlieg16,True,APP-Planner (avo.local/Sample/Groups/APP-Planner),,,Permission unmanaged,None
Microsoft Active Directory,Wout Quaedvlieg (500052),Wout Quaedvlieg,wout.quaedvlieg16,True,APP-Selfservice (avo.local/Sample/Groups/APP-Selfservice),,,Permission unmanaged,None
Microsoft Active Directory,Wout Quaedvlieg (500052),Wout Quaedvlieg,wout.quaedvlieg16,True,PRINT-Default (avo.local/Sample/Groups/PRINT-Default),,,Permission unmanaged,None
Microsoft Active Directory,Wout Quaedvlieg (500052),Wout Quaedvlieg,wout.quaedvlieg16,True,VPN-Thuiswerken (avo.local/Sample/Groups/VPN-Thuiswerken),,,Permission unmanaged,None
Microsoft Active Directory,Wout Quaedvlieg (500052),Wout Quaedvlieg,wout.quaedvlieg16,True,SEC-Antivirus (avo.local/Sample/Groups/SEC-Antivirus),,,Permission unmanaged,None
Microsoft Active Directory,Wout Quaedvlieg (500052),Wout Quaedvlieg,wout.quaedvlieg16,True,SEC-DiskEncryption (avo.local/Sample/Groups/SEC-DiskEncryption),,,Permission unmanaged,None
Microsoft Active Directory,Wout Quaedvlieg (500052),Wout Quaedvlieg,wout.quaedvlieg16,True,SEC-MFA-Enrolled (avo.local/Sample/Groups/SEC-MFA-Enrolled),,,Permission unmanaged,None
Microsoft Active Directory,Wout Quaedvlieg (500052),Wout Quaedvlieg,wout.quaedvlieg16,True,SEC-Endpoint-Protection (avo.local/Sample/Groups/SEC-Endpoint-Protection),,,Permission unmanaged,None
Microsoft Active Directory,Wout Quaedvlieg (500052),Wout Quaedvlieg,wout.quaedvlieg16,True,APP-Project (avo.local/Sample/Groups/APP-Project),,,Permission unmanaged,None
Microsoft Active Directory,Wout Quaedvlieg (500052),Wout Quaedvlieg,wout.quaedvlieg16,True,LIC-M365-E5 (avo.local/Sample/Groups/LIC-M365-E5),,,Permission unmanaged,None
Microsoft Active Directory,Roos Fokkema (500053),Roos Fokkema,roos.fokkema17,True,FS-FAC04-Facilitair-RW (avo.local/Sample/Groups/FS-FAC04-Facilitair-RW),,,Permission unmanaged,None
Microsoft Active Directory,Roos Fokkema (500053),Roos Fokkema,roos.fokkema17,True,FS-FAC04-Facilitair-RO (avo.local/Sample/Groups/FS-FAC04-Facilitair-RO),,,Permission unmanaged,None
Microsoft Active Directory,Roos Fokkema (500053),Roos Fokkema,roos.fokkema17,True,ROLE-FAC04-Facilitair (avo.local/Sample/Groups/ROLE-FAC04-Facilitair),,,Permission unmanaged,None
Microsoft Active Directory,Roos Fokkema (500053),Roos Fokkema,roos.fokkema17,True,TEAM-FAC04-Facilitair (avo.local/Sample/Groups/TEAM-FAC04-Facilitair),,,Permission unmanaged,None
Microsoft Active Directory,Roos Fokkema (500053),Roos Fokkema,roos.fokkema17,True,APP-Office365 (avo.local/Sample/Groups/APP-Office365),,,Permission unmanaged,None
Microsoft Active Directory,Roos Fokkema (500053),Roos Fokkema,roos.fokkema17,True,APP-Intranet (avo.local/Sample/Groups/APP-Intranet),,,Permission unmanaged,None
Microsoft Active Directory,Roos Fokkema (500053),Roos Fokkema,roos.fokkema17,True,WIFI-Personeel (avo.local/Sample/Groups/WIFI-Personeel),,,Permission unmanaged,None
Microsoft Active Directory,Roos Fokkema (500053),Roos Fokkema,roos.fokkema17,True,VPN-Thuiswerken (avo.local/Sample/Groups/VPN-Thuiswerken),,,Permission unmanaged,None
Microsoft Active Directory,Roos Fokkema (500053),Roos Fokkema,roos.fokkema17,True,SEC-DiskEncryption (avo.local/Sample/Groups/SEC-DiskEncryption),,,Permission unmanaged,None
Microsoft Active Directory,Roos Fokkema (500053),Roos Fokkema,roos.fokkema17,True,SEC-MFA-Enrolled (avo.local/Sample/Groups/SEC-MFA-Enrolled),,,Permission unmanaged,None
Microsoft Active Directory,Roos Fokkema (500053),Roos Fokkema,roos.fokkema17,True,SEC-Endpoint-Protection (avo.local/Sample/Groups/SEC-Endpoint-Protection),,,Permission unmanaged,None
Microsoft Active Directory,Roos Fokkema (500053),Roos Fokkema,roos.fokkema17,True,LIC-M365-E1 (avo.local/Sample/Groups/LIC-M365-E1),,,Permission unmanaged,None
Microsoft Active Directory,Cato Slootweg (500054),Cato Slootweg,cato.slootweg18,True,FS-CB12-Dagbesteding-RO (avo.local/Sample/Groups/FS-CB12-Dagbesteding-RO),,,Permission unmanaged,None
Microsoft Active Directory,Cato Slootweg (500054),Cato Slootweg,cato.slootweg18,True,MBX-CB12-Dagbesteding (avo.local/Sample/Groups/MBX-CB12-Dagbesteding),,,Permission unmanaged,None
Microsoft Active Directory,Cato Slootweg (500054),Cato Slootweg,cato.slootweg18,True,TEAM-CB12-Dagbesteding (avo.local/Sample/Groups/TEAM-CB12-Dagbesteding),,,Permission unmanaged,None
Microsoft Active Directory,Cato Slootweg (500054),Cato Slootweg,cato.slootweg18,True,ROLE-CB12-Dagbesteding (avo.local/Sample/Groups/ROLE-CB12-Dagbesteding),,,Permission unmanaged,None
Microsoft Active Directory,Cato Slootweg (500054),Cato Slootweg,cato.slootweg18,True,APP-CB12-Dagbesteding-Portal (avo.local/Sample/Groups/APP-CB12-Dagbesteding-Portal),,,Permission unmanaged,None
Microsoft Active Directory,Cato Slootweg (500054),Cato Slootweg,cato.slootweg18,True,FS-CB12-Dagbesteding-RW (avo.local/Sample/Groups/FS-CB12-Dagbesteding-RW),,,Permission unmanaged,None
Microsoft Active Directory,Cato Slootweg (500054),Cato Slootweg,cato.slootweg18,True,APP-Intranet (avo.local/Sample/Groups/APP-Intranet),,,Permission unmanaged,None
Microsoft Active Directory,Cato Slootweg (500054),Cato Slootweg,cato.slootweg18,True,APP-Office365 (avo.local/Sample/Groups/APP-Office365),,,Permission unmanaged,None
Microsoft Active Directory,Cato Slootweg (500054),Cato Slootweg,cato.slootweg18,True,APP-Teams (avo.local/Sample/Groups/APP-Teams),,,Permission unmanaged,None
Microsoft Active Directory,Cato Slootweg (500054),Cato Slootweg,cato.slootweg18,True,SEC-Antivirus (avo.local/Sample/Groups/SEC-Antivirus),,,Permission unmanaged,None
Microsoft Active Directory,Cato Slootweg (500054),Cato Slootweg,cato.slootweg18,True,SEC-DiskEncryption (avo.local/Sample/Groups/SEC-DiskEncryption),,,Permission unmanaged,None
Microsoft Active Directory,Cato Slootweg (500054),Cato Slootweg,cato.slootweg18,True,SEC-MFA-Enrolled (avo.local/Sample/Groups/SEC-MFA-Enrolled),,,Permission unmanaged,None
Microsoft Active Directory,Cato Slootweg (500054),Cato Slootweg,cato.slootweg18,True,SEC-Endpoint-Protection (avo.local/Sample/Groups/SEC-Endpoint-Protection),,,Permission unmanaged,None
Microsoft Active Directory,Cato Slootweg (500054),Cato Slootweg,cato.slootweg18,True,LIC-M365-E1 (avo.local/Sample/Groups/LIC-M365-E1),,,Permission unmanaged,None
Microsoft Active Directory,Vera Zomerdijk (500055),Vera Zomerdijk,vera.zomerdijk19,True,ROLE-CB12-Dagbesteding (avo.local/Sample/Groups/ROLE-CB12-Dagbesteding),,,Permission unmanaged,None
Microsoft Active Directory,Vera Zomerdijk (500055),Vera Zomerdijk,vera.zomerdijk19,True,FS-CB12-Dagbesteding-RO (avo.local/Sample/Groups/FS-CB12-Dagbesteding-RO),,,Permission unmanaged,None
Microsoft Active Directory,Vera Zomerdijk (500055),Vera Zomerdijk,vera.zomerdijk19,True,FS-CB12-Dagbesteding-RW (avo.local/Sample/Groups/FS-CB12-Dagbesteding-RW),,,Permission unmanaged,None
Microsoft Active Directory,Vera Zomerdijk (500055),Vera Zomerdijk,vera.zomerdijk19,True,MBX-CB12-Dagbesteding (avo.local/Sample/Groups/MBX-CB12-Dagbesteding),,,Permission unmanaged,None
Microsoft Active Directory,Vera Zomerdijk (500055),Vera Zomerdijk,vera.zomerdijk19,True,APP-Teams (avo.local/Sample/Groups/APP-Teams),,,Permission unmanaged,None
Microsoft Active Directory,Vera Zomerdijk (500055),Vera Zomerdijk,vera.zomerdijk19,True,APP-Intranet (avo.local/Sample/Groups/APP-Intranet),,,Permission unmanaged,None
Microsoft Active Directory,Vera Zomerdijk (500055),Vera Zomerdijk,vera.zomerdijk19,True,APP-Selfservice (avo.local/Sample/Groups/APP-Selfservice),,,Permission unmanaged,None
Microsoft Active Directory,Vera Zomerdijk (500055),Vera Zomerdijk,vera.zomerdijk19,True,PRINT-Default (avo.local/Sample/Groups/PRINT-Default),,,Permission unmanaged,None
Microsoft Active Directory,Vera Zomerdijk (500055),Vera Zomerdijk,vera.zomerdijk19,True,SEC-Antivirus (avo.local/Sample/Groups/SEC-Antivirus),,,Permission unmanaged,None
Microsoft Active Directory,Vera Zomerdijk (500055),Vera Zomerdijk,vera.zomerdijk19,True,SEC-DiskEncryption (avo.local/Sample/Groups/SEC-DiskEncryption),,,Permission unmanaged,None
Microsoft Active Directory,Vera Zomerdijk (500055),Vera Zomerdijk,vera.zomerdijk19,True,SEC-MFA-Enrolled (avo.local/Sample/Groups/SEC-MFA-Enrolled),,,Permission unmanaged,None
Microsoft Active Directory,Vera Zomerdijk (500055),Vera Zomerdijk,vera.zomerdijk19,True,SEC-Endpoint-Protection (avo.local/Sample/Groups/SEC-Endpoint-Protection),,,Permission unmanaged,None
Microsoft Active Directory,Vera Zomerdijk (500055),Vera Zomerdijk,vera.zomerdijk19,True,APP-Visio (avo.local/Sample/Groups/APP-Visio),,,Permission unmanaged,None
Microsoft Active Directory,Vera Zomerdijk (500055),Vera Zomerdijk,vera.zomerdijk19,True,APP-PowerBI-Pro (avo.local/Sample/Groups/APP-PowerBI-Pro),,,Permission unmanaged,None
Microsoft Active Directory,Vera Zomerdijk (500055),Vera Zomerdijk,vera.zomerdijk19,True,LIC-M365-E1 (avo.local/Sample/Groups/LIC-M365-E1),,,Permission unmanaged,None
Microsoft Active Directory,Vera Zomerdijk (500055),Vera Zomerdijk,vera.zomerdijk19,True,LIC-M365-E5 (avo.local/Sample/Groups/LIC-M365-E5),,,Permission unmanaged,None
Microsoft Active Directory,Daan Nagtegaal (500056),Daan Nagtegaal,daan.nagtegaal20,True,APP-COM05-Communicatie-Portal (avo.local/Sample/Groups/APP-COM05-Communicatie-Portal),,,Permission unmanaged,None
Microsoft Active Directory,Daan Nagtegaal (500056),Daan Nagtegaal,daan.nagtegaal20,True,FS-COM05-Communicatie-RO (avo.local/Sample/Groups/FS-COM05-Communicatie-RO),,,Permission unmanaged,None
Microsoft Active Directory,Daan Nagtegaal (500056),Daan Nagtegaal,daan.nagtegaal20,True,TEAM-COM05-Communicatie (avo.local/Sample/Groups/TEAM-COM05-Communicatie),,,Permission unmanaged,None
Microsoft Active Directory,Daan Nagtegaal (500056),Daan Nagtegaal,daan.nagtegaal20,True,FS-COM05-Communicatie-RW (avo.local/Sample/Groups/FS-COM05-Communicatie-RW),,,Permission unmanaged,None
Microsoft Active Directory,Daan Nagtegaal (500056),Daan Nagtegaal,daan.nagtegaal20,True,ROLE-COM05-Communicatie (avo.local/Sample/Groups/ROLE-COM05-Communicatie),,,Permission unmanaged,None
Microsoft Active Directory,Daan Nagtegaal (500056),Daan Nagtegaal,daan.nagtegaal20,True,APP-Selfservice (avo.local/Sample/Groups/APP-Selfservice),,,Permission unmanaged,None
Microsoft Active Directory,Daan Nagtegaal (500056),Daan Nagtegaal,daan.nagtegaal20,True,APP-Teams (avo.local/Sample/Groups/APP-Teams),,,Permission unmanaged,None
Microsoft Active Directory,Daan Nagtegaal (500056),Daan Nagtegaal,daan.nagtegaal20,True,APP-Planner (avo.local/Sample/Groups/APP-Planner),,,Permission unmanaged,None
Microsoft Active Directory,Daan Nagtegaal (500056),Daan Nagtegaal,daan.nagtegaal20,True,SEC-Antivirus (avo.local/Sample/Groups/SEC-Antivirus),,,Permission unmanaged,None
Microsoft Active Directory,Daan Nagtegaal (500056),Daan Nagtegaal,daan.nagtegaal20,True,SEC-DiskEncryption (avo.local/Sample/Groups/SEC-DiskEncryption),,,Permission unmanaged,None
Microsoft Active Directory,Daan Nagtegaal (500056),Daan Nagtegaal,daan.nagtegaal20,True,SEC-Endpoint-Protection (avo.local/Sample/Groups/SEC-Endpoint-Protection),,,Permission unmanaged,None
Microsoft Active Directory,Daan Nagtegaal (500056),Daan Nagtegaal,daan.nagtegaal20,True,LIC-M365-E3 (avo.local/Sample/Groups/LIC-M365-E3),,,Permission unmanaged,None
Microsoft Active Directory,Noa Ipenburg (500057),Noa Ipenburg,noa.ipenburg21,True,FS-CA060-Revalidatie-RO (avo.local/Sample/Groups/FS-CA060-Revalidatie-RO),,,Permission unmanaged,None
Microsoft Active Directory,Noa Ipenburg (500057),Noa Ipenburg,noa.ipenburg21,True,MBX-CA060-Revalidatie (avo.local/Sample/Groups/MBX-CA060-Revalidatie),,,Permission unmanaged,None
Microsoft Active Directory,Noa Ipenburg (500057),Noa Ipenburg,noa.ipenburg21,True,APP-CA060-Revalidatie-Portal (avo.local/Sample/Groups/APP-CA060-Revalidatie-Portal),,,Permission unmanaged,None
Microsoft Active Directory,Noa Ipenburg (500057),Noa Ipenburg,noa.ipenburg21,True,APP-Intranet (avo.local/Sample/Groups/APP-Intranet),,,Permission unmanaged,None
Microsoft Active Directory,Noa Ipenburg (500057),Noa Ipenburg,noa.ipenburg21,True,APP-Planner (avo.local/Sample/Groups/APP-Planner),,,Permission unmanaged,None
Microsoft Active Directory,Noa Ipenburg (500057),Noa Ipenburg,noa.ipenburg21,True,SEC-Antivirus (avo.local/Sample/Groups/SEC-Antivirus),,,Permission unmanaged,None
Microsoft Active Directory,Noa Ipenburg (500057),Noa Ipenburg,noa.ipenburg21,True,SEC-DiskEncryption (avo.local/Sample/Groups/SEC-DiskEncryption),,,Permission unmanaged,None
Microsoft Active Directory,Noa Ipenburg (500057),Noa Ipenburg,noa.ipenburg21,True,SEC-MFA-Enrolled (avo.local/Sample/Groups/SEC-MFA-Enrolled),,,Permission unmanaged,None
Microsoft Active Directory,Noa Ipenburg (500057),Noa Ipenburg,noa.ipenburg21,True,SEC-Endpoint-Protection (avo.local/Sample/Groups/SEC-Endpoint-Protection),,,Permission unmanaged,None
Microsoft Active Directory,Noa Ipenburg (500057),Noa Ipenburg,noa.ipenburg21,True,APP-Copilot (avo.local/Sample/Groups/APP-Copilot),,,Permission unmanaged,None
Microsoft Active Directory,Noa Ipenburg (500057),Noa Ipenburg,noa.ipenburg21,True,LIC-M365-F3 (avo.local/Sample/Groups/LIC-M365-F3),,,Permission unmanaged,None
Microsoft Active Directory,Quinten Muijs (500058),Quinten Muijs,quinten.muijs22,True,FS-ZRG06-Wijkzorg-RW (avo.local/Sample/Groups/FS-ZRG06-Wijkzorg-RW),,,Permission unmanaged,None
Microsoft Active Directory,Quinten Muijs (500058),Quinten Muijs,quinten.muijs22,True,APP-ZRG06-Wijkzorg-Portal (avo.local/Sample/Groups/APP-ZRG06-Wijkzorg-Portal),,,Permission unmanaged,None
Microsoft Active Directory,Quinten Muijs (500058),Quinten Muijs,quinten.muijs22,True,APP-Intranet (avo.local/Sample/Groups/APP-Intranet),,,Permission unmanaged,None
Microsoft Active Directory,Quinten Muijs (500058),Quinten Muijs,quinten.muijs22,True,APP-Office365 (avo.local/Sample/Groups/APP-Office365),,,Permission unmanaged,None
Microsoft Active Directory,Quinten Muijs (500058),Quinten Muijs,quinten.muijs22,True,SEC-Antivirus (avo.local/Sample/Groups/SEC-Antivirus),,,Permission unmanaged,None
Microsoft Active Directory,Quinten Muijs (500058),Quinten Muijs,quinten.muijs22,True,SEC-MFA-Enrolled (avo.local/Sample/Groups/SEC-MFA-Enrolled),,,Permission unmanaged,None
Microsoft Active Directory,Quinten Muijs (500058),Quinten Muijs,quinten.muijs22,True,SEC-Endpoint-Protection (avo.local/Sample/Groups/SEC-Endpoint-Protection),,,Permission unmanaged,None
Microsoft Active Directory,Quinten Muijs (500058),Quinten Muijs,quinten.muijs22,True,APP-Copilot (avo.local/Sample/Groups/APP-Copilot),,,Permission unmanaged,None
Microsoft Active Directory,Quinten Muijs (500058),Quinten Muijs,quinten.muijs22,True,APP-Visio (avo.local/Sample/Groups/APP-Visio),,,Permission unmanaged,None
Microsoft Active Directory,Quinten Muijs (500058),Quinten Muijs,quinten.muijs22,True,LIC-M365-E5 (avo.local/Sample/Groups/LIC-M365-E5),,,Permission unmanaged,None
Microsoft Active Directory,,Roos Pronk (admin),adm-roos.pronk23,True,,,,Account unmanaged,None
Microsoft Active Directory,,Roos Pronk (admin),adm-roos.pronk23,True,ADMIN-AD-Beheer (avo.local/Sample/Groups/ADMIN-AD-Beheer),,,Permission unmanaged,None
Microsoft Active Directory,,Roos Pronk (admin),adm-roos.pronk23,True,ADMIN-Exchange-Beheer (avo.local/Sample/Groups/ADMIN-Exchange-Beheer),,,Permission unmanaged,None
Microsoft Active Directory,,Roos Pronk (admin),adm-roos.pronk23,True,LOG-Eventcollector (avo.local/Sample/Groups/LOG-Eventcollector),,,Permission unmanaged,None
Microsoft Active Directory,,Roos Pronk (admin),adm-roos.pronk23,True,SRV-Aanmelden-AlsService (avo.local/Sample/Groups/SRV-Aanmelden-AlsService),,,Permission unmanaged,None
Microsoft Active Directory,,Roos Pronk (admin),adm-roos.pronk23,True,PRIV-Noodprocedure-Breakglass (avo.local/Sample/Groups/PRIV-Noodprocedure-Breakglass),,,Permission unmanaged,None
Microsoft Active Directory,,Roos Pronk (admin),adm-roos.pronk23,True,LIC-M365-E5 (avo.local/Sample/Groups/LIC-M365-E5),,,Permission unmanaged,None
Microsoft Active Directory,,Sem Slootweg (extern),sem.slootweg.extern24,False,,,,Account unmanaged,None
Microsoft Active Directory,,Sem Slootweg (extern),sem.slootweg.extern24,False,FS-HRM02-Personeel-RW (avo.local/Sample/Groups/FS-HRM02-Personeel-RW),,,Permission unmanaged,None
Microsoft Active Directory,,Sem Slootweg (extern),sem.slootweg.extern24,False,MBX-HRM02-Personeel (avo.local/Sample/Groups/MBX-HRM02-Personeel),,,Permission unmanaged,None
Microsoft Active Directory,,Sem Slootweg (extern),sem.slootweg.extern24,False,APP-HRM02-Personeel-Portal (avo.local/Sample/Groups/APP-HRM02-Personeel-Portal),,,Permission unmanaged,None
Microsoft Active Directory,,Sem Slootweg (extern),sem.slootweg.extern24,False,ROLE-HRM02-Personeel (avo.local/Sample/Groups/ROLE-HRM02-Personeel),,,Permission unmanaged,None
Microsoft Active Directory,,Sem Slootweg (extern),sem.slootweg.extern24,False,APP-Selfservice (avo.local/Sample/Groups/APP-Selfservice),,,Permission unmanaged,None
Microsoft Active Directory,,Sem Slootweg (extern),sem.slootweg.extern24,False,APP-Intranet (avo.local/Sample/Groups/APP-Intranet),,,Permission unmanaged,None
Microsoft Active Directory,,Sem Slootweg (extern),sem.slootweg.extern24,False,VPN-Thuiswerken (avo.local/Sample/Groups/VPN-Thuiswerken),,,Permission unmanaged,None
Microsoft Active Directory,,Sem Slootweg (extern),sem.slootweg.extern24,False,SEC-Antivirus (avo.local/Sample/Groups/SEC-Antivirus),,,Permission unmanaged,None
Microsoft Active Directory,,Sem Slootweg (extern),sem.slootweg.extern24,False,SEC-DiskEncryption (avo.local/Sample/Groups/SEC-DiskEncryption),,,Permission unmanaged,None
Microsoft Active Directory,,Sem Slootweg (extern),sem.slootweg.extern24,False,SEC-MFA-Enrolled (avo.local/Sample/Groups/SEC-MFA-Enrolled),,,Permission unmanaged,None
Microsoft Active Directory,,Sem Slootweg (extern),sem.slootweg.extern24,False,APP-PowerBI-Pro (avo.local/Sample/Groups/APP-PowerBI-Pro),,,Permission unmanaged,None
Microsoft Active Directory,,Sem Slootweg (extern),sem.slootweg.extern24,False,LIC-M365-E5 (avo.local/Sample/Groups/LIC-M365-E5),,,Permission unmanaged,None
Microsoft Active Directory,Mila Kalisvaart (500061),Mila Kalisvaart,mila.kalisvaart25,True,MBX-HRM02-Personeel (avo.local/Sample/Groups/MBX-HRM02-Personeel),,,Permission unmanaged,None
Microsoft Active Directory,Mila Kalisvaart (500061),Mila Kalisvaart,mila.kalisvaart25,True,FS-HRM02-Personeel-RW (avo.local/Sample/Groups/FS-HRM02-Personeel-RW),,,Permission unmanaged,None
Microsoft Active Directory,Mila Kalisvaart (500061),Mila Kalisvaart,mila.kalisvaart25,True,APP-HRM02-Personeel-Portal (avo.local/Sample/Groups/APP-HRM02-Personeel-Portal),,,Permission unmanaged,None
Microsoft Active Directory,Mila Kalisvaart (500061),Mila Kalisvaart,mila.kalisvaart25,True,ROLE-HRM02-Personeel (avo.local/Sample/Groups/ROLE-HRM02-Personeel),,,Permission unmanaged,None
Microsoft Active Directory,Mila Kalisvaart (500061),Mila Kalisvaart,mila.kalisvaart25,True,APP-Office365 (avo.local/Sample/Groups/APP-Office365),,,Permission unmanaged,None
Microsoft Active Directory,Mila Kalisvaart (500061),Mila Kalisvaart,mila.kalisvaart25,True,WIFI-Personeel (avo.local/Sample/Groups/WIFI-Personeel),,,Permission unmanaged,None
Microsoft Active Directory,Mila Kalisvaart (500061),Mila Kalisvaart,mila.kalisvaart25,True,SEC-Antivirus (avo.local/Sample/Groups/SEC-Antivirus),,,Permission unmanaged,None
Microsoft Active Directory,Mila Kalisvaart (500061),Mila Kalisvaart,mila.kalisvaart25,True,SEC-DiskEncryption (avo.local/Sample/Groups/SEC-DiskEncryption),,,Permission unmanaged,None
Microsoft Active Directory,Mila Kalisvaart (500061),Mila Kalisvaart,mila.kalisvaart25,True,SEC-MFA-Enrolled (avo.local/Sample/Groups/SEC-MFA-Enrolled),,,Permission unmanaged,None
Microsoft Active Directory,Mila Kalisvaart (500061),Mila Kalisvaart,mila.kalisvaart25,True,SEC-Endpoint-Protection (avo.local/Sample/Groups/SEC-Endpoint-Protection),,,Permission unmanaged,None
Microsoft Active Directory,Mila Kalisvaart (500061),Mila Kalisvaart,mila.kalisvaart25,True,APP-Visio (avo.local/Sample/Groups/APP-Visio),,,Permission unmanaged,None
Microsoft Active Directory,Mila Kalisvaart (500061),Mila Kalisvaart,mila.kalisvaart25,True,APP-Copilot (avo.local/Sample/Groups/APP-Copilot),,,Permission unmanaged,None
Microsoft Active Directory,Mila Kalisvaart (500061),Mila Kalisvaart,mila.kalisvaart25,True,LIC-M365-E3 (avo.local/Sample/Groups/LIC-M365-E3),,,Permission unmanaged,None
Microsoft Active Directory,,Daan Ipenburg,daan.ipenburg26,True,,,,Account unmanaged,None
Microsoft Active Directory,,Daan Ipenburg,daan.ipenburg26,True,APP-CB12-Dagbesteding-Portal (avo.local/Sample/Groups/APP-CB12-Dagbesteding-Portal),,,Permission unmanaged,None
Microsoft Active Directory,,Daan Ipenburg,daan.ipenburg26,True,MBX-CB12-Dagbesteding (avo.local/Sample/Groups/MBX-CB12-Dagbesteding),,,Permission unmanaged,None
Microsoft Active Directory,,Daan Ipenburg,daan.ipenburg26,True,FS-CB12-Dagbesteding-RW (avo.local/Sample/Groups/FS-CB12-Dagbesteding-RW),,,Permission unmanaged,None
Microsoft Active Directory,,Daan Ipenburg,daan.ipenburg26,True,FS-CB12-Dagbesteding-RO (avo.local/Sample/Groups/FS-CB12-Dagbesteding-RO),,,Permission unmanaged,None
Microsoft Active Directory,,Daan Ipenburg,daan.ipenburg26,True,TEAM-CB12-Dagbesteding (avo.local/Sample/Groups/TEAM-CB12-Dagbesteding),,,Permission unmanaged,None
Microsoft Active Directory,,Daan Ipenburg,daan.ipenburg26,True,ROLE-CB12-Dagbesteding (avo.local/Sample/Groups/ROLE-CB12-Dagbesteding),,,Permission unmanaged,None
Microsoft Active Directory,,Daan Ipenburg,daan.ipenburg26,True,APP-Planner (avo.local/Sample/Groups/APP-Planner),,,Permission unmanaged,None
Microsoft Active Directory,,Daan Ipenburg,daan.ipenburg26,True,VPN-Thuiswerken (avo.local/Sample/Groups/VPN-Thuiswerken),,,Permission unmanaged,None
Microsoft Active Directory,,Daan Ipenburg,daan.ipenburg26,True,SEC-Antivirus (avo.local/Sample/Groups/SEC-Antivirus),,,Permission unmanaged,None
Microsoft Active Directory,,Daan Ipenburg,daan.ipenburg26,True,SEC-MFA-Enrolled (avo.local/Sample/Groups/SEC-MFA-Enrolled),,,Permission unmanaged,None
Microsoft Active Directory,,Daan Ipenburg,daan.ipenburg26,True,SEC-Endpoint-Protection (avo.local/Sample/Groups/SEC-Endpoint-Protection),,,Permission unmanaged,None
Microsoft Active Directory,,Daan Ipenburg,daan.ipenburg26,True,LIC-M365-F3 (avo.local/Sample/Groups/LIC-M365-F3),,,Permission unmanaged,None
Microsoft Active Directory,,Sem Quaedvlieg (test),test.sem.quaedvlieg27,True,,,,Account unmanaged,None
Microsoft Active Directory,,Sem Quaedvlieg (test),test.sem.quaedvlieg27,True,APP-CB12-Dagbesteding-Portal (avo.local/Sample/Groups/APP-CB12-Dagbesteding-Portal),,,Permission unmanaged,None
Microsoft Active Directory,,Sem Quaedvlieg (test),test.sem.quaedvlieg27,True,FS-CB12-Dagbesteding-RW (avo.local/Sample/Groups/FS-CB12-Dagbesteding-RW),,,Permission unmanaged,None
Microsoft Active Directory,,Sem Quaedvlieg (test),test.sem.quaedvlieg27,True,LIC-M365-E5 (avo.local/Sample/Groups/LIC-M365-E5),,,Permission unmanaged,None
Microsoft Active Directory,,Hanna Uijlenbroek (admin),adm-hanna.uijlenbroek28,True,,,,Account unmanaged,None
Microsoft Active Directory,,Hanna Uijlenbroek (admin),adm-hanna.uijlenbroek28,True,ADMIN-Exchange-Beheer (avo.local/Sample/Groups/ADMIN-Exchange-Beheer),,,Permission unmanaged,None
Microsoft Active Directory,,Hanna Uijlenbroek (admin),adm-hanna.uijlenbroek28,True,SRV-Applicatieserver (avo.local/Sample/Groups/SRV-Applicatieserver),,,Permission unmanaged,None
Microsoft Active Directory,,Hanna Uijlenbroek (admin),adm-hanna.uijlenbroek28,True,LOG-Eventcollector (avo.local/Sample/Groups/LOG-Eventcollector),,,Permission unmanaged,None
Microsoft Active Directory,,Hanna Uijlenbroek (admin),adm-hanna.uijlenbroek28,True,ADMIN-Tier0-Domeinbeheer (avo.local/Sample/Groups/ADMIN-Tier0-Domeinbeheer),,,Permission unmanaged,None
Microsoft Active Directory,,Hanna Uijlenbroek (admin),adm-hanna.uijlenbroek28,True,LIC-M365-E1 (avo.local/Sample/Groups/LIC-M365-E1),,,Permission unmanaged,None
Microsoft Active Directory,Bram Quaedvlieg (500065),Bram Quaedvlieg,bram.quaedvlieg29,True,FS-COM05-Communicatie-RW (avo.local/Sample/Groups/FS-COM05-Communicatie-RW),,,Permission unmanaged,None
Microsoft Active Directory,Bram Quaedvlieg (500065),Bram Quaedvlieg,bram.quaedvlieg29,True,TEAM-COM05-Communicatie (avo.local/Sample/Groups/TEAM-COM05-Communicatie),,,Permission unmanaged,None
Microsoft Active Directory,Bram Quaedvlieg (500065),Bram Quaedvlieg,bram.quaedvlieg29,True,APP-COM05-Communicatie-Portal (avo.local/Sample/Groups/APP-COM05-Communicatie-Portal),,,Permission unmanaged,None
Microsoft Active Directory,Bram Quaedvlieg (500065),Bram Quaedvlieg,bram.quaedvlieg29,True,MBX-COM05-Communicatie (avo.local/Sample/Groups/MBX-COM05-Communicatie),,,Permission unmanaged,None
Microsoft Active Directory,Bram Quaedvlieg (500065),Bram Quaedvlieg,bram.quaedvlieg29,True,APP-Office365 (avo.local/Sample/Groups/APP-Office365),,,Permission unmanaged,None
Microsoft Active Directory,Bram Quaedvlieg (500065),Bram Quaedvlieg,bram.quaedvlieg29,True,APP-Selfservice (avo.local/Sample/Groups/APP-Selfservice),,,Permission unmanaged,None
Microsoft Active Directory,Bram Quaedvlieg (500065),Bram Quaedvlieg,bram.quaedvlieg29,True,APP-Teams (avo.local/Sample/Groups/APP-Teams),,,Permission unmanaged,None
Microsoft Active Directory,Bram Quaedvlieg (500065),Bram Quaedvlieg,bram.quaedvlieg29,True,WIFI-Personeel (avo.local/Sample/Groups/WIFI-Personeel),,,Permission unmanaged,None
Microsoft Active Directory,Bram Quaedvlieg (500065),Bram Quaedvlieg,bram.quaedvlieg29,True,VPN-Thuiswerken (avo.local/Sample/Groups/VPN-Thuiswerken),,,Permission unmanaged,None
Microsoft Active Directory,Bram Quaedvlieg (500065),Bram Quaedvlieg,bram.quaedvlieg29,True,SEC-Antivirus (avo.local/Sample/Groups/SEC-Antivirus),,,Permission unmanaged,None
Microsoft Active Directory,Bram Quaedvlieg (500065),Bram Quaedvlieg,bram.quaedvlieg29,True,SEC-DiskEncryption (avo.local/Sample/Groups/SEC-DiskEncryption),,,Permission unmanaged,None
Microsoft Active Directory,Bram Quaedvlieg (500065),Bram Quaedvlieg,bram.quaedvlieg29,True,SEC-MFA-Enrolled (avo.local/Sample/Groups/SEC-MFA-Enrolled),,,Permission unmanaged,None
Microsoft Active Directory,Bram Quaedvlieg (500065),Bram Quaedvlieg,bram.quaedvlieg29,True,LIC-M365-F3 (avo.local/Sample/Groups/LIC-M365-F3),,,Permission unmanaged,None
Microsoft Active Directory,Gijs Wielenga (500066),Gijs Wielenga,gijs.wielenga30,True,ROLE-ZRG06-Wijkzorg (avo.local/Sample/Groups/ROLE-ZRG06-Wijkzorg),,,Permission unmanaged,None
Microsoft Active Directory,Gijs Wielenga (500066),Gijs Wielenga,gijs.wielenga30,True,MBX-ZRG06-Wijkzorg (avo.local/Sample/Groups/MBX-ZRG06-Wijkzorg),,,Permission unmanaged,None
Microsoft Active Directory,Gijs Wielenga (500066),Gijs Wielenga,gijs.wielenga30,True,TEAM-ZRG06-Wijkzorg (avo.local/Sample/Groups/TEAM-ZRG06-Wijkzorg),,,Permission unmanaged,None
Microsoft Active Directory,Gijs Wielenga (500066),Gijs Wielenga,gijs.wielenga30,True,FS-ZRG06-Wijkzorg-RW (avo.local/Sample/Groups/FS-ZRG06-Wijkzorg-RW),,,Permission unmanaged,None
Microsoft Active Directory,Gijs Wielenga (500066),Gijs Wielenga,gijs.wielenga30,True,FS-ZRG06-Wijkzorg-RO (avo.local/Sample/Groups/FS-ZRG06-Wijkzorg-RO),,,Permission unmanaged,None
Microsoft Active Directory,Gijs Wielenga (500066),Gijs Wielenga,gijs.wielenga30,True,APP-ZRG06-Wijkzorg-Portal (avo.local/Sample/Groups/APP-ZRG06-Wijkzorg-Portal),,,Permission unmanaged,None
Microsoft Active Directory,Gijs Wielenga (500066),Gijs Wielenga,gijs.wielenga30,True,APP-Teams (avo.local/Sample/Groups/APP-Teams),,,Permission unmanaged,None
Microsoft Active Directory,Gijs Wielenga (500066),Gijs Wielenga,gijs.wielenga30,True,VPN-Thuiswerken (avo.local/Sample/Groups/VPN-Thuiswerken),,,Permission unmanaged,None
Microsoft Active Directory,Gijs Wielenga (500066),Gijs Wielenga,gijs.wielenga30,True,WIFI-Personeel (avo.local/Sample/Groups/WIFI-Personeel),,,Permission unmanaged,None
Microsoft Active Directory,Gijs Wielenga (500066),Gijs Wielenga,gijs.wielenga30,True,SEC-Antivirus (avo.local/Sample/Groups/SEC-Antivirus),,,Permission unmanaged,None
Microsoft Active Directory,Gijs Wielenga (500066),Gijs Wielenga,gijs.wielenga30,True,SEC-DiskEncryption (avo.local/Sample/Groups/SEC-DiskEncryption),,,Permission unmanaged,None
Microsoft Active Directory,Gijs Wielenga (500066),Gijs Wielenga,gijs.wielenga30,True,SEC-MFA-Enrolled (avo.local/Sample/Groups/SEC-MFA-Enrolled),,,Permission unmanaged,None
Microsoft Active Directory,Gijs Wielenga (500066),Gijs Wielenga,gijs.wielenga30,True,SEC-Endpoint-Protection (avo.local/Sample/Groups/SEC-Endpoint-Protection),,,Permission unmanaged,None
Microsoft Active Directory,Gijs Wielenga (500066),Gijs Wielenga,gijs.wielenga30,True,APP-Visio (avo.local/Sample/Groups/APP-Visio),,,Permission unmanaged,None
Microsoft Active Directory,Gijs Wielenga (500066),Gijs Wielenga,gijs.wielenga30,True,LIC-M365-F3 (avo.local/Sample/Groups/LIC-M365-F3),,,Permission unmanaged,None
Microsoft Active Directory,Kim Wielenga (500067),Kim Wielenga,kim.wielenga31,True,FS-CA010-Thuiszorg-RW (avo.local/Sample/Groups/FS-CA010-Thuiszorg-RW),,,Permission unmanaged,None
Microsoft Active Directory,Kim Wielenga (500067),Kim Wielenga,kim.wielenga31,True,APP-CA010-Thuiszorg-Portal (avo.local/Sample/Groups/APP-CA010-Thuiszorg-Portal),,,Permission unmanaged,None
Microsoft Active Directory,Kim Wielenga (500067),Kim Wielenga,kim.wielenga31,True,APP-Selfservice (avo.local/Sample/Groups/APP-Selfservice),,,Permission unmanaged,None
Microsoft Active Directory,Kim Wielenga (500067),Kim Wielenga,kim.wielenga31,True,APP-Intranet (avo.local/Sample/Groups/APP-Intranet),,,Permission unmanaged,None
Microsoft Active Directory,Kim Wielenga (500067),Kim Wielenga,kim.wielenga31,True,WIFI-Personeel (avo.local/Sample/Groups/WIFI-Personeel),,,Permission unmanaged,None
Microsoft Active Directory,Kim Wielenga (500067),Kim Wielenga,kim.wielenga31,True,SEC-Antivirus (avo.local/Sample/Groups/SEC-Antivirus),,,Permission unmanaged,None
Microsoft Active Directory,Kim Wielenga (500067),Kim Wielenga,kim.wielenga31,True,SEC-DiskEncryption (avo.local/Sample/Groups/SEC-DiskEncryption),,,Permission unmanaged,None
Microsoft Active Directory,Kim Wielenga (500067),Kim Wielenga,kim.wielenga31,True,SEC-MFA-Enrolled (avo.local/Sample/Groups/SEC-MFA-Enrolled),,,Permission unmanaged,None
Microsoft Active Directory,Kim Wielenga (500067),Kim Wielenga,kim.wielenga31,True,SEC-Endpoint-Protection (avo.local/Sample/Groups/SEC-Endpoint-Protection),,,Permission unmanaged,None
Microsoft Active Directory,Kim Wielenga (500067),Kim Wielenga,kim.wielenga31,True,LIC-M365-E3 (avo.local/Sample/Groups/LIC-M365-E3),,,Permission unmanaged,None
Microsoft Active Directory,Eva Wielenga (500068),Eva Wielenga,eva.wielenga32,True,MBX-CA010-Thuiszorg (avo.local/Sample/Groups/MBX-CA010-Thuiszorg),,,Permission unmanaged,None
Microsoft Active Directory,Eva Wielenga (500068),Eva Wielenga,eva.wielenga32,True,ROLE-CA010-Thuiszorg (avo.local/Sample/Groups/ROLE-CA010-Thuiszorg),,,Permission unmanaged,None
Microsoft Active Directory,Eva Wielenga (500068),Eva Wielenga,eva.wielenga32,True,FS-CA010-Thuiszorg-RW (avo.local/Sample/Groups/FS-CA010-Thuiszorg-RW),,,Permission unmanaged,None
Microsoft Active Directory,Eva Wielenga (500068),Eva Wielenga,eva.wielenga32,True,APP-Teams (avo.local/Sample/Groups/APP-Teams),,,Permission unmanaged,None
Microsoft Active Directory,Eva Wielenga (500068),Eva Wielenga,eva.wielenga32,True,APP-Planner (avo.local/Sample/Groups/APP-Planner),,,Permission unmanaged,None
Microsoft Active Directory,Eva Wielenga (500068),Eva Wielenga,eva.wielenga32,True,VPN-Thuiswerken (avo.local/Sample/Groups/VPN-Thuiswerken),,,Permission unmanaged,None
Microsoft Active Directory,Eva Wielenga (500068),Eva Wielenga,eva.wielenga32,True,SEC-DiskEncryption (avo.local/Sample/Groups/SEC-DiskEncryption),,,Permission unmanaged,None
Microsoft Active Directory,Eva Wielenga (500068),Eva Wielenga,eva.wielenga32,True,SEC-MFA-Enrolled (avo.local/Sample/Groups/SEC-MFA-Enrolled),,,Permission unmanaged,None
Microsoft Active Directory,Eva Wielenga (500068),Eva Wielenga,eva.wielenga32,True,APP-Project (avo.local/Sample/Groups/APP-Project),,,Permission unmanaged,None
Microsoft Active Directory,Eva Wielenga (500068),Eva Wielenga,eva.wielenga32,True,LIC-M365-E1 (avo.local/Sample/Groups/LIC-M365-E1),,,Permission unmanaged,None
Microsoft Active Directory,Mila Gerritsen (500069),Mila Gerritsen,mila.gerritsen33,True,APP-INK08-Inkoop-Portal (avo.local/Sample/Groups/APP-INK08-Inkoop-Portal),,,Permission unmanaged,None
Microsoft Active Directory,Mila Gerritsen (500069),Mila Gerritsen,mila.gerritsen33,True,FS-INK08-Inkoop-RW (avo.local/Sample/Groups/FS-INK08-Inkoop-RW),,,Permission unmanaged,None
Microsoft Active Directory,Mila Gerritsen (500069),Mila Gerritsen,mila.gerritsen33,True,TEAM-INK08-Inkoop (avo.local/Sample/Groups/TEAM-INK08-Inkoop),,,Permission unmanaged,None
Microsoft Active Directory,Mila Gerritsen (500069),Mila Gerritsen,mila.gerritsen33,True,FS-INK08-Inkoop-RO (avo.local/Sample/Groups/FS-INK08-Inkoop-RO),,,Permission unmanaged,None
Microsoft Active Directory,Mila Gerritsen (500069),Mila Gerritsen,mila.gerritsen33,True,APP-Office365 (avo.local/Sample/Groups/APP-Office365),,,Permission unmanaged,None
Microsoft Active Directory,Mila Gerritsen (500069),Mila Gerritsen,mila.gerritsen33,True,SEC-DiskEncryption (avo.local/Sample/Groups/SEC-DiskEncryption),,,Permission unmanaged,None
Microsoft Active Directory,Mila Gerritsen (500069),Mila Gerritsen,mila.gerritsen33,True,SEC-MFA-Enrolled (avo.local/Sample/Groups/SEC-MFA-Enrolled),,,Permission unmanaged,None
Microsoft Active Directory,Mila Gerritsen (500069),Mila Gerritsen,mila.gerritsen33,True,SEC-Endpoint-Protection (avo.local/Sample/Groups/SEC-Endpoint-Protection),,,Permission unmanaged,None
Microsoft Active Directory,Mila Gerritsen (500069),Mila Gerritsen,mila.gerritsen33,True,APP-Project (avo.local/Sample/Groups/APP-Project),,,Permission unmanaged,None
Microsoft Active Directory,Mila Gerritsen (500069),Mila Gerritsen,mila.gerritsen33,True,LIC-M365-E5 (avo.local/Sample/Groups/LIC-M365-E5),,,Permission unmanaged,None
Microsoft Active Directory,,Yara Coenen,yara.coenen34,True,,,,Account unmanaged,None
Microsoft Active Directory,,Yara Coenen,yara.coenen34,True,TEAM-ZRG06-Wijkzorg (avo.local/Sample/Groups/TEAM-ZRG06-Wijkzorg),,,Permission unmanaged,None
Microsoft Active Directory,,Yara Coenen,yara.coenen34,True,FS-ZRG06-Wijkzorg-RW (avo.local/Sample/Groups/FS-ZRG06-Wijkzorg-RW),,,Permission unmanaged,None
Microsoft Active Directory,,Yara Coenen,yara.coenen34,True,FS-ZRG06-Wijkzorg-RO (avo.local/Sample/Groups/FS-ZRG06-Wijkzorg-RO),,,Permission unmanaged,None
Microsoft Active Directory,,Yara Coenen,yara.coenen34,True,APP-ZRG06-Wijkzorg-Portal (avo.local/Sample/Groups/APP-ZRG06-Wijkzorg-Portal),,,Permission unmanaged,None
Microsoft Active Directory,,Yara Coenen,yara.coenen34,True,APP-Selfservice (avo.local/Sample/Groups/APP-Selfservice),,,Permission unmanaged,None
Microsoft Active Directory,,Yara Coenen,yara.coenen34,True,VPN-Thuiswerken (avo.local/Sample/Groups/VPN-Thuiswerken),,,Permission unmanaged,None
Microsoft Active Directory,,Yara Coenen,yara.coenen34,True,PRINT-Default (avo.local/Sample/Groups/PRINT-Default),,,Permission unmanaged,None
Microsoft Active Directory,,Yara Coenen,yara.coenen34,True,SEC-Antivirus (avo.local/Sample/Groups/SEC-Antivirus),,,Permission unmanaged,None
Microsoft Active Directory,,Yara Coenen,yara.coenen34,True,SEC-Endpoint-Protection (avo.local/Sample/Groups/SEC-Endpoint-Protection),,,Permission unmanaged,None
Microsoft Active Directory,,Yara Coenen,yara.coenen34,True,APP-Visio (avo.local/Sample/Groups/APP-Visio),,,Permission unmanaged,None
Microsoft Active Directory,,Yara Coenen,yara.coenen34,True,LIC-M365-E1 (avo.local/Sample/Groups/LIC-M365-E1),,,Permission unmanaged,None
Microsoft Active Directory,,Yara Coenen,yara.coenen34,True,LIC-M365-E3 (avo.local/Sample/Groups/LIC-M365-E3),,,Permission unmanaged,None
Microsoft Active Directory,,Yara Coenen,yara.coenen34,True,APP-HRM02-Personeel-Portal (avo.local/Sample/Groups/APP-HRM02-Personeel-Portal),,,Permission unmanaged,None
Microsoft Active Directory,,Yara Coenen,yara.coenen34,True,MBX-HRM02-Personeel (avo.local/Sample/Groups/MBX-HRM02-Personeel),,,Permission unmanaged,None
Microsoft Active Directory,,Yara Coenen,yara.coenen34,True,FS-HRM02-Personeel-RO (avo.local/Sample/Groups/FS-HRM02-Personeel-RO),,,Permission unmanaged,None
Microsoft Active Directory,,Yara Coenen,yara.coenen34,True,TEAM-CA010-Thuiszorg (avo.local/Sample/Groups/TEAM-CA010-Thuiszorg),,,Permission unmanaged,None
Microsoft Active Directory,,Yara Coenen,yara.coenen34,True,FS-CA010-Thuiszorg-RO (avo.local/Sample/Groups/FS-CA010-Thuiszorg-RO),,,Permission unmanaged,None
Microsoft Active Directory,,Yara Coenen,yara.coenen34,True,FS-CA010-Thuiszorg-RW (avo.local/Sample/Groups/FS-CA010-Thuiszorg-RW),,,Permission unmanaged,None
Microsoft Active Directory,,Yara Coenen,yara.coenen34,True,MBX-ZRG06-Wijkzorg (avo.local/Sample/Groups/MBX-ZRG06-Wijkzorg),,,Permission unmanaged,None
Microsoft Active Directory,,Yara Coenen,yara.coenen34,True,ROLE-ZRG06-Wijkzorg (avo.local/Sample/Groups/ROLE-ZRG06-Wijkzorg),,,Permission unmanaged,None
Microsoft Active Directory,Gijs Muijs (500071),Gijs Muijs,gijs.muijs35,True,FS-FAC04-Facilitair-RW (avo.local/Sample/Groups/FS-FAC04-Facilitair-RW),,,Permission unmanaged,None
Microsoft Active Directory,Gijs Muijs (500071),Gijs Muijs,gijs.muijs35,True,ROLE-FAC04-Facilitair (avo.local/Sample/Groups/ROLE-FAC04-Facilitair),,,Permission unmanaged,None
Microsoft Active Directory,Gijs Muijs (500071),Gijs Muijs,gijs.muijs35,True,APP-Intranet (avo.local/Sample/Groups/APP-Intranet),,,Permission unmanaged,None
Microsoft Active Directory,Gijs Muijs (500071),Gijs Muijs,gijs.muijs35,True,APP-Selfservice (avo.local/Sample/Groups/APP-Selfservice),,,Permission unmanaged,None
Microsoft Active Directory,Gijs Muijs (500071),Gijs Muijs,gijs.muijs35,True,PRINT-Default (avo.local/Sample/Groups/PRINT-Default),,,Permission unmanaged,None
Microsoft Active Directory,Gijs Muijs (500071),Gijs Muijs,gijs.muijs35,True,VPN-Thuiswerken (avo.local/Sample/Groups/VPN-Thuiswerken),,,Permission unmanaged,None
Microsoft Active Directory,Gijs Muijs (500071),Gijs Muijs,gijs.muijs35,True,SEC-Antivirus (avo.local/Sample/Groups/SEC-Antivirus),,,Permission unmanaged,None
Microsoft Active Directory,Gijs Muijs (500071),Gijs Muijs,gijs.muijs35,True,SEC-DiskEncryption (avo.local/Sample/Groups/SEC-DiskEncryption),,,Permission unmanaged,None
Microsoft Active Directory,Gijs Muijs (500071),Gijs Muijs,gijs.muijs35,True,SEC-MFA-Enrolled (avo.local/Sample/Groups/SEC-MFA-Enrolled),,,Permission unmanaged,None
Microsoft Active Directory,Gijs Muijs (500071),Gijs Muijs,gijs.muijs35,True,APP-Adobe-AcrobatPro (avo.local/Sample/Groups/APP-Adobe-AcrobatPro),,,Permission unmanaged,None
Microsoft Active Directory,Gijs Muijs (500071),Gijs Muijs,gijs.muijs35,True,APP-Copilot (avo.local/Sample/Groups/APP-Copilot),,,Permission unmanaged,None
Microsoft Active Directory,Gijs Muijs (500071),Gijs Muijs,gijs.muijs35,True,LIC-M365-F3 (avo.local/Sample/Groups/LIC-M365-F3),,,Permission unmanaged,None
Microsoft Active Directory,Gijs Muijs (500071),Gijs Muijs,gijs.muijs35,True,APP-HRM02-Personeel-Portal (avo.local/Sample/Groups/APP-HRM02-Personeel-Portal),,,Permission unmanaged,None
Microsoft Active Directory,Gijs Muijs (500071),Gijs Muijs,gijs.muijs35,True,TEAM-HRM02-Personeel (avo.local/Sample/Groups/TEAM-HRM02-Personeel),,,Permission unmanaged,None
Microsoft Active Directory,Gijs Muijs (500071),Gijs Muijs,gijs.muijs35,True,FS-HRM02-Personeel-RO (avo.local/Sample/Groups/FS-HRM02-Personeel-RO),,,Permission unmanaged,None
Microsoft Active Directory,Gijs Muijs (500071),Gijs Muijs,gijs.muijs35,True,FS-CA010-Thuiszorg-RO (avo.local/Sample/Groups/FS-CA010-Thuiszorg-RO),,,Permission unmanaged,None
Microsoft Active Directory,Gijs Muijs (500071),Gijs Muijs,gijs.muijs35,True,ROLE-CA010-Thuiszorg (avo.local/Sample/Groups/ROLE-CA010-Thuiszorg),,,Permission unmanaged,None
Microsoft Active Directory,Gijs Muijs (500071),Gijs Muijs,gijs.muijs35,True,APP-CA010-Thuiszorg-Portal (avo.local/Sample/Groups/APP-CA010-Thuiszorg-Portal),,,Permission unmanaged,None
Microsoft Active Directory,Gijs Muijs (500071),Gijs Muijs,gijs.muijs35,True,APP-ZRG06-Wijkzorg-Portal (avo.local/Sample/Groups/APP-ZRG06-Wijkzorg-Portal),,,Permission unmanaged,None
Microsoft Active Directory,Gijs Muijs (500071),Gijs Muijs,gijs.muijs35,True,FS-ZRG06-Wijkzorg-RO (avo.local/Sample/Groups/FS-ZRG06-Wijkzorg-RO),,,Permission unmanaged,None
Microsoft Active Directory,Gijs Muijs (500071),Gijs Muijs,gijs.muijs35,True,ROLE-ZRG06-Wijkzorg (avo.local/Sample/Groups/ROLE-ZRG06-Wijkzorg),,,Permission unmanaged,None
Microsoft Active Directory,Cato Zomerdijk (500072),Cato Zomerdijk,cato.zomerdijk36,True,ROLE-ICT03-Techniek (avo.local/Sample/Groups/ROLE-ICT03-Techniek),,,Permission unmanaged,None
Microsoft Active Directory,Cato Zomerdijk (500072),Cato Zomerdijk,cato.zomerdijk36,True,APP-ICT03-Techniek-Portal (avo.local/Sample/Groups/APP-ICT03-Techniek-Portal),,,Permission unmanaged,None
Microsoft Active Directory,Cato Zomerdijk (500072),Cato Zomerdijk,cato.zomerdijk36,True,FS-ICT03-Techniek-RW (avo.local/Sample/Groups/FS-ICT03-Techniek-RW),,,Permission unmanaged,None
Microsoft Active Directory,Cato Zomerdijk (500072),Cato Zomerdijk,cato.zomerdijk36,True,APP-Teams (avo.local/Sample/Groups/APP-Teams),,,Permission unmanaged,None
Microsoft Active Directory,Cato Zomerdijk (500072),Cato Zomerdijk,cato.zomerdijk36,True,WIFI-Personeel (avo.local/Sample/Groups/WIFI-Personeel),,,Permission unmanaged,None
Microsoft Active Directory,Cato Zomerdijk (500072),Cato Zomerdijk,cato.zomerdijk36,True,SEC-Antivirus (avo.local/Sample/Groups/SEC-Antivirus),,,Permission unmanaged,None
Microsoft Active Directory,Cato Zomerdijk (500072),Cato Zomerdijk,cato.zomerdijk36,True,SEC-DiskEncryption (avo.local/Sample/Groups/SEC-DiskEncryption),,,Permission unmanaged,None
Microsoft Active Directory,Cato Zomerdijk (500072),Cato Zomerdijk,cato.zomerdijk36,True,SEC-MFA-Enrolled (avo.local/Sample/Groups/SEC-MFA-Enrolled),,,Permission unmanaged,None
Microsoft Active Directory,Cato Zomerdijk (500072),Cato Zomerdijk,cato.zomerdijk36,True,SEC-Endpoint-Protection (avo.local/Sample/Groups/SEC-Endpoint-Protection),,,Permission unmanaged,None
Microsoft Active Directory,Cato Zomerdijk (500072),Cato Zomerdijk,cato.zomerdijk36,True,LIC-M365-F3 (avo.local/Sample/Groups/LIC-M365-F3),,,Permission unmanaged,None
Microsoft Active Directory,,Kim Fokkema,kim.fokkema37,False,,,,Account unmanaged,None
Microsoft Active Directory,,Kim Fokkema,kim.fokkema37,False,MBX-ICT03-Techniek (avo.local/Sample/Groups/MBX-ICT03-Techniek),,,Permission unmanaged,None
Microsoft Active Directory,,Kim Fokkema,kim.fokkema37,False,FS-ICT03-Techniek-RW (avo.local/Sample/Groups/FS-ICT03-Techniek-RW),,,Permission unmanaged,None
Microsoft Active Directory,,Kim Fokkema,kim.fokkema37,False,ROLE-ICT03-Techniek (avo.local/Sample/Groups/ROLE-ICT03-Techniek),,,Permission unmanaged,None
Microsoft Active Directory,,Kim Fokkema,kim.fokkema37,False,FS-ICT03-Techniek-RO (avo.local/Sample/Groups/FS-ICT03-Techniek-RO),,,Permission unmanaged,None
Microsoft Active Directory,,Kim Fokkema,kim.fokkema37,False,APP-Planner (avo.local/Sample/Groups/APP-Planner),,,Permission unmanaged,None
Microsoft Active Directory,,Kim Fokkema,kim.fokkema37,False,APP-Teams (avo.local/Sample/Groups/APP-Teams),,,Permission unmanaged,None
Microsoft Active Directory,,Kim Fokkema,kim.fokkema37,False,WIFI-Personeel (avo.local/Sample/Groups/WIFI-Personeel),,,Permission unmanaged,None
Microsoft Active Directory,,Kim Fokkema,kim.fokkema37,False,SEC-Antivirus (avo.local/Sample/Groups/SEC-Antivirus),,,Permission unmanaged,None
Microsoft Active Directory,,Kim Fokkema,kim.fokkema37,False,SEC-DiskEncryption (avo.local/Sample/Groups/SEC-DiskEncryption),,,Permission unmanaged,None
Microsoft Active Directory,,Kim Fokkema,kim.fokkema37,False,SEC-MFA-Enrolled (avo.local/Sample/Groups/SEC-MFA-Enrolled),,,Permission unmanaged,None
Microsoft Active Directory,,Kim Fokkema,kim.fokkema37,False,SEC-Endpoint-Protection (avo.local/Sample/Groups/SEC-Endpoint-Protection),,,Permission unmanaged,None
Microsoft Active Directory,,Kim Fokkema,kim.fokkema37,False,APP-Project (avo.local/Sample/Groups/APP-Project),,,Permission unmanaged,None
Microsoft Active Directory,,Kim Fokkema,kim.fokkema37,False,LIC-M365-E3 (avo.local/Sample/Groups/LIC-M365-E3),,,Permission unmanaged,None
Microsoft Active Directory,Cato Terlouw (500074),Cato Terlouw,cato.terlouw38,True,FS-FIN01-Financien-RW (avo.local/Sample/Groups/FS-FIN01-Financien-RW),,,Permission unmanaged,None
Microsoft Active Directory,Cato Terlouw (500074),Cato Terlouw,cato.terlouw38,True,APP-FIN01-Financien-Portal (avo.local/Sample/Groups/APP-FIN01-Financien-Portal),,,Permission unmanaged,None
Microsoft Active Directory,Cato Terlouw (500074),Cato Terlouw,cato.terlouw38,True,TEAM-FIN01-Financien (avo.local/Sample/Groups/TEAM-FIN01-Financien),,,Permission unmanaged,None
Microsoft Active Directory,Cato Terlouw (500074),Cato Terlouw,cato.terlouw38,True,MBX-FIN01-Financien (avo.local/Sample/Groups/MBX-FIN01-Financien),,,Permission unmanaged,None
Microsoft Active Directory,Cato Terlouw (500074),Cato Terlouw,cato.terlouw38,True,FS-FIN01-Financien-RO (avo.local/Sample/Groups/FS-FIN01-Financien-RO),,,Permission unmanaged,None
Microsoft Active Directory,Cato Terlouw (500074),Cato Terlouw,cato.terlouw38,True,APP-Intranet (avo.local/Sample/Groups/APP-Intranet),,,Permission unmanaged,None
Microsoft Active Directory,Cato Terlouw (500074),Cato Terlouw,cato.terlouw38,True,APP-Office365 (avo.local/Sample/Groups/APP-Office365),,,Permission unmanaged,None
Microsoft Active Directory,Cato Terlouw (500074),Cato Terlouw,cato.terlouw38,True,WIFI-Personeel (avo.local/Sample/Groups/WIFI-Personeel),,,Permission unmanaged,None
Microsoft Active Directory,Cato Terlouw (500074),Cato Terlouw,cato.terlouw38,True,PRINT-Default (avo.local/Sample/Groups/PRINT-Default),,,Permission unmanaged,None
Microsoft Active Directory,Cato Terlouw (500074),Cato Terlouw,cato.terlouw38,True,SEC-Antivirus (avo.local/Sample/Groups/SEC-Antivirus),,,Permission unmanaged,None
Microsoft Active Directory,Cato Terlouw (500074),Cato Terlouw,cato.terlouw38,True,SEC-DiskEncryption (avo.local/Sample/Groups/SEC-DiskEncryption),,,Permission unmanaged,None
Microsoft Active Directory,Cato Terlouw (500074),Cato Terlouw,cato.terlouw38,True,SEC-MFA-Enrolled (avo.local/Sample/Groups/SEC-MFA-Enrolled),,,Permission unmanaged,None
Microsoft Active Directory,Cato Terlouw (500074),Cato Terlouw,cato.terlouw38,True,SEC-Endpoint-Protection (avo.local/Sample/Groups/SEC-Endpoint-Protection),,,Permission unmanaged,None
Microsoft Active Directory,Cato Terlouw (500074),Cato Terlouw,cato.terlouw38,True,LIC-M365-E5 (avo.local/Sample/Groups/LIC-M365-E5),,,Permission unmanaged,None
Microsoft Active Directory,Zoë Quaedvlieg (500075),Zoë Quaedvlieg,zoe.quaedvlieg39,True,TEAM-CA060-Revalidatie (avo.local/Sample/Groups/TEAM-CA060-Revalidatie),,,Permission unmanaged,None
Microsoft Active Directory,Zoë Quaedvlieg (500075),Zoë Quaedvlieg,zoe.quaedvlieg39,True,APP-CA060-Revalidatie-Portal (avo.local/Sample/Groups/APP-CA060-Revalidatie-Portal),,,Permission unmanaged,None
Microsoft Active Directory,Zoë Quaedvlieg (500075),Zoë Quaedvlieg,zoe.quaedvlieg39,True,FS-CA060-Revalidatie-RW (avo.local/Sample/Groups/FS-CA060-Revalidatie-RW),,,Permission unmanaged,None
Microsoft Active Directory,Zoë Quaedvlieg (500075),Zoë Quaedvlieg,zoe.quaedvlieg39,True,APP-Office365 (avo.local/Sample/Groups/APP-Office365),,,Permission unmanaged,None
Microsoft Active Directory,Zoë Quaedvlieg (500075),Zoë Quaedvlieg,zoe.quaedvlieg39,True,APP-Intranet (avo.local/Sample/Groups/APP-Intranet),,,Permission unmanaged,None
Microsoft Active Directory,Zoë Quaedvlieg (500075),Zoë Quaedvlieg,zoe.quaedvlieg39,True,APP-Planner (avo.local/Sample/Groups/APP-Planner),,,Permission unmanaged,None
Microsoft Active Directory,Zoë Quaedvlieg (500075),Zoë Quaedvlieg,zoe.quaedvlieg39,True,WIFI-Personeel (avo.local/Sample/Groups/WIFI-Personeel),,,Permission unmanaged,None
Microsoft Active Directory,Zoë Quaedvlieg (500075),Zoë Quaedvlieg,zoe.quaedvlieg39,True,SEC-Antivirus (avo.local/Sample/Groups/SEC-Antivirus),,,Permission unmanaged,None
Microsoft Active Directory,Zoë Quaedvlieg (500075),Zoë Quaedvlieg,zoe.quaedvlieg39,True,SEC-DiskEncryption (avo.local/Sample/Groups/SEC-DiskEncryption),,,Permission unmanaged,None
Microsoft Active Directory,Zoë Quaedvlieg (500075),Zoë Quaedvlieg,zoe.quaedvlieg39,True,SEC-MFA-Enrolled (avo.local/Sample/Groups/SEC-MFA-Enrolled),,,Permission unmanaged,None
Microsoft Active Directory,Zoë Quaedvlieg (500075),Zoë Quaedvlieg,zoe.quaedvlieg39,True,SEC-Endpoint-Protection (avo.local/Sample/Groups/SEC-Endpoint-Protection),,,Permission unmanaged,None
Microsoft Active Directory,Zoë Quaedvlieg (500075),Zoë Quaedvlieg,zoe.quaedvlieg39,True,APP-Adobe-AcrobatPro (avo.local/Sample/Groups/APP-Adobe-AcrobatPro),,,Permission unmanaged,None
Microsoft Active Directory,Zoë Quaedvlieg (500075),Zoë Quaedvlieg,zoe.quaedvlieg39,True,LIC-M365-E1 (avo.local/Sample/Groups/LIC-M365-E1),,,Permission unmanaged,None
Microsoft Active Directory,Eva Fokkema (500076),Eva Fokkema,eva.fokkema40,True,MBX-COM05-Communicatie (avo.local/Sample/Groups/MBX-COM05-Communicatie),,,Permission unmanaged,None
Microsoft Active Directory,Eva Fokkema (500076),Eva Fokkema,eva.fokkema40,True,TEAM-COM05-Communicatie (avo.local/Sample/Groups/TEAM-COM05-Communicatie),,,Permission unmanaged,None
Microsoft Active Directory,Eva Fokkema (500076),Eva Fokkema,eva.fokkema40,True,ROLE-COM05-Communicatie (avo.local/Sample/Groups/ROLE-COM05-Communicatie),,,Permission unmanaged,None
Microsoft Active Directory,Eva Fokkema (500076),Eva Fokkema,eva.fokkema40,True,FS-COM05-Communicatie-RW (avo.local/Sample/Groups/FS-COM05-Communicatie-RW),,,Permission unmanaged,None
Microsoft Active Directory,Eva Fokkema (500076),Eva Fokkema,eva.fokkema40,True,FS-COM05-Communicatie-RO (avo.local/Sample/Groups/FS-COM05-Communicatie-RO),,,Permission unmanaged,None
Microsoft Active Directory,Eva Fokkema (500076),Eva Fokkema,eva.fokkema40,True,APP-COM05-Communicatie-Portal (avo.local/Sample/Groups/APP-COM05-Communicatie-Portal),,,Permission unmanaged,None
Microsoft Active Directory,Eva Fokkema (500076),Eva Fokkema,eva.fokkema40,True,APP-Teams (avo.local/Sample/Groups/APP-Teams),,,Permission unmanaged,None
Microsoft Active Directory,Eva Fokkema (500076),Eva Fokkema,eva.fokkema40,True,APP-Office365 (avo.local/Sample/Groups/APP-Office365),,,Permission unmanaged,None
Microsoft Active Directory,Eva Fokkema (500076),Eva Fokkema,eva.fokkema40,True,APP-Planner (avo.local/Sample/Groups/APP-Planner),,,Permission unmanaged,None
Microsoft Active Directory,Eva Fokkema (500076),Eva Fokkema,eva.fokkema40,True,SEC-Antivirus (avo.local/Sample/Groups/SEC-Antivirus),,,Permission unmanaged,None
Microsoft Active Directory,Eva Fokkema (500076),Eva Fokkema,eva.fokkema40,True,SEC-DiskEncryption (avo.local/Sample/Groups/SEC-DiskEncryption),,,Permission unmanaged,None
Microsoft Active Directory,Eva Fokkema (500076),Eva Fokkema,eva.fokkema40,True,SEC-MFA-Enrolled (avo.local/Sample/Groups/SEC-MFA-Enrolled),,,Permission unmanaged,None
Microsoft Active Directory,Eva Fokkema (500076),Eva Fokkema,eva.fokkema40,True,SEC-Endpoint-Protection (avo.local/Sample/Groups/SEC-Endpoint-Protection),,,Permission unmanaged,None
Microsoft Active Directory,Eva Fokkema (500076),Eva Fokkema,eva.fokkema40,True,APP-PowerBI-Pro (avo.local/Sample/Groups/APP-PowerBI-Pro),,,Permission unmanaged,None
Microsoft Active Directory,Eva Fokkema (500076),Eva Fokkema,eva.fokkema40,True,APP-Adobe-AcrobatPro (avo.local/Sample/Groups/APP-Adobe-AcrobatPro),,,Permission unmanaged,None
Microsoft Active Directory,Eva Fokkema (500076),Eva Fokkema,eva.fokkema40,True,LIC-M365-E1 (avo.local/Sample/Groups/LIC-M365-E1),,,Permission unmanaged,None
Microsoft Active Directory,Cato Oosterhuis (500077),Cato Oosterhuis,cato.oosterhuis41,True,FS-ZRG06-Wijkzorg-RO (avo.local/Sample/Groups/FS-ZRG06-Wijkzorg-RO),,,Permission unmanaged,None
Microsoft Active Directory,Cato Oosterhuis (500077),Cato Oosterhuis,cato.oosterhuis41,True,FS-ZRG06-Wijkzorg-RW (avo.local/Sample/Groups/FS-ZRG06-Wijkzorg-RW),,,Permission unmanaged,None
Microsoft Active Directory,Cato Oosterhuis (500077),Cato Oosterhuis,cato.oosterhuis41,True,APP-Selfservice (avo.local/Sample/Groups/APP-Selfservice),,,Permission unmanaged,None
Microsoft Active Directory,Cato Oosterhuis (500077),Cato Oosterhuis,cato.oosterhuis41,True,APP-Intranet (avo.local/Sample/Groups/APP-Intranet),,,Permission unmanaged,None
Microsoft Active Directory,Cato Oosterhuis (500077),Cato Oosterhuis,cato.oosterhuis41,True,SEC-Antivirus (avo.local/Sample/Groups/SEC-Antivirus),,,Permission unmanaged,None
Microsoft Active Directory,Cato Oosterhuis (500077),Cato Oosterhuis,cato.oosterhuis41,True,SEC-DiskEncryption (avo.local/Sample/Groups/SEC-DiskEncryption),,,Permission unmanaged,None
Microsoft Active Directory,Cato Oosterhuis (500077),Cato Oosterhuis,cato.oosterhuis41,True,SEC-MFA-Enrolled (avo.local/Sample/Groups/SEC-MFA-Enrolled),,,Permission unmanaged,None
Microsoft Active Directory,Cato Oosterhuis (500077),Cato Oosterhuis,cato.oosterhuis41,True,SEC-Endpoint-Protection (avo.local/Sample/Groups/SEC-Endpoint-Protection),,,Permission unmanaged,None
Microsoft Active Directory,Cato Oosterhuis (500077),Cato Oosterhuis,cato.oosterhuis41,True,APP-Project (avo.local/Sample/Groups/APP-Project),,,Permission unmanaged,None
Microsoft Active Directory,Cato Oosterhuis (500077),Cato Oosterhuis,cato.oosterhuis41,True,APP-PowerBI-Pro (avo.local/Sample/Groups/APP-PowerBI-Pro),,,Permission unmanaged,None
Microsoft Active Directory,Cato Oosterhuis (500077),Cato Oosterhuis,cato.oosterhuis41,True,LIC-M365-E1 (avo.local/Sample/Groups/LIC-M365-E1),,,Permission unmanaged,None
Microsoft Active Directory,,Vera Uijlenbroek,vera.uijlenbroek42,True,,,,Account unmanaged,None
Microsoft Active Directory,,Vera Uijlenbroek,vera.uijlenbroek42,True,FS-HRM02-Personeel-RW (avo.local/Sample/Groups/FS-HRM02-Personeel-RW),,,Permission unmanaged,None
Microsoft Active Directory,,Vera Uijlenbroek,vera.uijlenbroek42,True,ROLE-HRM02-Personeel (avo.local/Sample/Groups/ROLE-HRM02-Personeel),,,Permission unmanaged,None
Microsoft Active Directory,,Vera Uijlenbroek,vera.uijlenbroek42,True,MBX-HRM02-Personeel (avo.local/Sample/Groups/MBX-HRM02-Personeel),,,Permission unmanaged,None
Microsoft Active Directory,,Vera Uijlenbroek,vera.uijlenbroek42,True,APP-Planner (avo.local/Sample/Groups/APP-Planner),,,Permission unmanaged,None
Microsoft Active Directory,,Vera Uijlenbroek,vera.uijlenbroek42,True,APP-Selfservice (avo.local/Sample/Groups/APP-Selfservice),,,Permission unmanaged,None
Microsoft Active Directory,,Vera Uijlenbroek,vera.uijlenbroek42,True,SEC-Antivirus (avo.local/Sample/Groups/SEC-Antivirus),,,Permission unmanaged,None
Microsoft Active Directory,,Vera Uijlenbroek,vera.uijlenbroek42,True,SEC-DiskEncryption (avo.local/Sample/Groups/SEC-DiskEncryption),,,Permission unmanaged,None
Microsoft Active Directory,,Vera Uijlenbroek,vera.uijlenbroek42,True,SEC-MFA-Enrolled (avo.local/Sample/Groups/SEC-MFA-Enrolled),,,Permission unmanaged,None
Microsoft Active Directory,,Vera Uijlenbroek,vera.uijlenbroek42,True,SEC-Endpoint-Protection (avo.local/Sample/Groups/SEC-Endpoint-Protection),,,Permission unmanaged,None
Microsoft Active Directory,,Vera Uijlenbroek,vera.uijlenbroek42,True,LIC-M365-E3 (avo.local/Sample/Groups/LIC-M365-E3),,,Permission unmanaged,None
Microsoft Active Directory,Sem Jonker (500079),Sem Jonker,sem.jonker43,True,TEAM-HRM02-Personeel (avo.local/Sample/Groups/TEAM-HRM02-Personeel),,,Permission unmanaged,None
Microsoft Active Directory,Sem Jonker (500079),Sem Jonker,sem.jonker43,True,FS-HRM02-Personeel-RW (avo.local/Sample/Groups/FS-HRM02-Personeel-RW),,,Permission unmanaged,None
Microsoft Active Directory,Sem Jonker (500079),Sem Jonker,sem.jonker43,True,APP-Selfservice (avo.local/Sample/Groups/APP-Selfservice),,,Permission unmanaged,None
Microsoft Active Directory,Sem Jonker (500079),Sem Jonker,sem.jonker43,True,APP-Office365 (avo.local/Sample/Groups/APP-Office365),,,Permission unmanaged,None
Microsoft Active Directory,Sem Jonker (500079),Sem Jonker,sem.jonker43,True,APP-Planner (avo.local/Sample/Groups/APP-Planner),,,Permission unmanaged,None
Microsoft Active Directory,Sem Jonker (500079),Sem Jonker,sem.jonker43,True,PRINT-Default (avo.local/Sample/Groups/PRINT-Default),,,Permission unmanaged,None
Microsoft Active Directory,Sem Jonker (500079),Sem Jonker,sem.jonker43,True,SEC-Antivirus (avo.local/Sample/Groups/SEC-Antivirus),,,Permission unmanaged,None
Microsoft Active Directory,Sem Jonker (500079),Sem Jonker,sem.jonker43,True,SEC-MFA-Enrolled (avo.local/Sample/Groups/SEC-MFA-Enrolled),,,Permission unmanaged,None
Microsoft Active Directory,Sem Jonker (500079),Sem Jonker,sem.jonker43,True,SEC-Endpoint-Protection (avo.local/Sample/Groups/SEC-Endpoint-Protection),,,Permission unmanaged,None
Microsoft Active Directory,Sem Jonker (500079),Sem Jonker,sem.jonker43,True,APP-Copilot (avo.local/Sample/Groups/APP-Copilot),,,Permission unmanaged,None
Microsoft Active Directory,Sem Jonker (500079),Sem Jonker,sem.jonker43,True,LIC-M365-F3 (avo.local/Sample/Groups/LIC-M365-F3),,,Permission unmanaged,None
Microsoft Active Directory,,Sem Wielenga,sem.wielenga44,True,,,,Account unmanaged,None
Microsoft Active Directory,,Sem Wielenga,sem.wielenga44,True,FS-COM05-Communicatie-RO (avo.local/Sample/Groups/FS-COM05-Communicatie-RO),,,Permission unmanaged,None
Microsoft Active Directory,,Sem Wielenga,sem.wielenga44,True,MBX-COM05-Communicatie (avo.local/Sample/Groups/MBX-COM05-Communicatie),,,Permission unmanaged,None
Microsoft Active Directory,,Sem Wielenga,sem.wielenga44,True,FS-COM05-Communicatie-RW (avo.local/Sample/Groups/FS-COM05-Communicatie-RW),,,Permission unmanaged,None
Microsoft Active Directory,,Sem Wielenga,sem.wielenga44,True,APP-COM05-Communicatie-Portal (avo.local/Sample/Groups/APP-COM05-Communicatie-Portal),,,Permission unmanaged,None
Microsoft Active Directory,,Sem Wielenga,sem.wielenga44,True,ROLE-COM05-Communicatie (avo.local/Sample/Groups/ROLE-COM05-Communicatie),,,Permission unmanaged,None
Microsoft Active Directory,,Sem Wielenga,sem.wielenga44,True,APP-Planner (avo.local/Sample/Groups/APP-Planner),,,Permission unmanaged,None
Microsoft Active Directory,,Sem Wielenga,sem.wielenga44,True,APP-Office365 (avo.local/Sample/Groups/APP-Office365),,,Permission unmanaged,None
Microsoft Active Directory,,Sem Wielenga,sem.wielenga44,True,VPN-Thuiswerken (avo.local/Sample/Groups/VPN-Thuiswerken),,,Permission unmanaged,None
Microsoft Active Directory,,Sem Wielenga,sem.wielenga44,True,WIFI-Personeel (avo.local/Sample/Groups/WIFI-Personeel),,,Permission unmanaged,None
Microsoft Active Directory,,Sem Wielenga,sem.wielenga44,True,SEC-Antivirus (avo.local/Sample/Groups/SEC-Antivirus),,,Permission unmanaged,None
Microsoft Active Directory,,Sem Wielenga,sem.wielenga44,True,SEC-DiskEncryption (avo.local/Sample/Groups/SEC-DiskEncryption),,,Permission unmanaged,None
Microsoft Active Directory,,Sem Wielenga,sem.wielenga44,True,SEC-MFA-Enrolled (avo.local/Sample/Groups/SEC-MFA-Enrolled),,,Permission unmanaged,None
Microsoft Active Directory,,Sem Wielenga,sem.wielenga44,True,SEC-Endpoint-Protection (avo.local/Sample/Groups/SEC-Endpoint-Protection),,,Permission unmanaged,None
Microsoft Active Directory,,Sem Wielenga,sem.wielenga44,True,APP-PowerBI-Pro (avo.local/Sample/Groups/APP-PowerBI-Pro),,,Permission unmanaged,None
Microsoft Active Directory,,Sem Wielenga,sem.wielenga44,True,LIC-M365-E5 (avo.local/Sample/Groups/LIC-M365-E5),,,Permission unmanaged,None
Microsoft Active Directory,Sem Hoekstra (500081),Sem Hoekstra,sem.hoekstra45,True,FS-CZ08-Begeleiding-RO (avo.local/Sample/Groups/FS-CZ08-Begeleiding-RO),,,Permission unmanaged,None
Microsoft Active Directory,Sem Hoekstra (500081),Sem Hoekstra,sem.hoekstra45,True,TEAM-CZ08-Begeleiding (avo.local/Sample/Groups/TEAM-CZ08-Begeleiding),,,Permission unmanaged,None
Microsoft Active Directory,Sem Hoekstra (500081),Sem Hoekstra,sem.hoekstra45,True,MBX-CZ08-Begeleiding (avo.local/Sample/Groups/MBX-CZ08-Begeleiding),,,Permission unmanaged,None
Microsoft Active Directory,Sem Hoekstra (500081),Sem Hoekstra,sem.hoekstra45,True,APP-CZ08-Begeleiding-Portal (avo.local/Sample/Groups/APP-CZ08-Begeleiding-Portal),,,Permission unmanaged,None
Microsoft Active Directory,Sem Hoekstra (500081),Sem Hoekstra,sem.hoekstra45,True,ROLE-CZ08-Begeleiding (avo.local/Sample/Groups/ROLE-CZ08-Begeleiding),,,Permission unmanaged,None
Microsoft Active Directory,Sem Hoekstra (500081),Sem Hoekstra,sem.hoekstra45,True,FS-CZ08-Begeleiding-RW (avo.local/Sample/Groups/FS-CZ08-Begeleiding-RW),,,Permission unmanaged,None
Microsoft Active Directory,Sem Hoekstra (500081),Sem Hoekstra,sem.hoekstra45,True,APP-Office365 (avo.local/Sample/Groups/APP-Office365),,,Permission unmanaged,None
Microsoft Active Directory,Sem Hoekstra (500081),Sem Hoekstra,sem.hoekstra45,True,PRINT-Default (avo.local/Sample/Groups/PRINT-Default),,,Permission unmanaged,None
Microsoft Active Directory,Sem Hoekstra (500081),Sem Hoekstra,sem.hoekstra45,True,SEC-Antivirus (avo.local/Sample/Groups/SEC-Antivirus),,,Permission unmanaged,None
Microsoft Active Directory,Sem Hoekstra (500081),Sem Hoekstra,sem.hoekstra45,True,SEC-MFA-Enrolled (avo.local/Sample/Groups/SEC-MFA-Enrolled),,,Permission unmanaged,None
Microsoft Active Directory,Sem Hoekstra (500081),Sem Hoekstra,sem.hoekstra45,True,SEC-Endpoint-Protection (avo.local/Sample/Groups/SEC-Endpoint-Protection),,,Permission unmanaged,None
Microsoft Active Directory,Sem Hoekstra (500081),Sem Hoekstra,sem.hoekstra45,True,LIC-M365-F3 (avo.local/Sample/Groups/LIC-M365-F3),,,Permission unmanaged,None
Microsoft Active Directory,Sem Gerritsen (500082),Sem Gerritsen,sem.gerritsen46,False,TEAM-HRM02-Personeel (avo.local/Sample/Groups/TEAM-HRM02-Personeel),,,Permission unmanaged,None
Microsoft Active Directory,Sem Gerritsen (500082),Sem Gerritsen,sem.gerritsen46,False,ROLE-HRM02-Personeel (avo.local/Sample/Groups/ROLE-HRM02-Personeel),,,Permission unmanaged,None
Microsoft Active Directory,Sem Gerritsen (500082),Sem Gerritsen,sem.gerritsen46,False,APP-Selfservice (avo.local/Sample/Groups/APP-Selfservice),,,Permission unmanaged,None
Microsoft Active Directory,Sem Gerritsen (500082),Sem Gerritsen,sem.gerritsen46,False,APP-Office365 (avo.local/Sample/Groups/APP-Office365),,,Permission unmanaged,None
Microsoft Active Directory,Sem Gerritsen (500082),Sem Gerritsen,sem.gerritsen46,False,APP-Teams (avo.local/Sample/Groups/APP-Teams),,,Permission unmanaged,None
Microsoft Active Directory,Sem Gerritsen (500082),Sem Gerritsen,sem.gerritsen46,False,WIFI-Personeel (avo.local/Sample/Groups/WIFI-Personeel),,,Permission unmanaged,None
Microsoft Active Directory,Sem Gerritsen (500082),Sem Gerritsen,sem.gerritsen46,False,SEC-Antivirus (avo.local/Sample/Groups/SEC-Antivirus),,,Permission unmanaged,None
Microsoft Active Directory,Sem Gerritsen (500082),Sem Gerritsen,sem.gerritsen46,False,SEC-DiskEncryption (avo.local/Sample/Groups/SEC-DiskEncryption),,,Permission unmanaged,None
Microsoft Active Directory,Sem Gerritsen (500082),Sem Gerritsen,sem.gerritsen46,False,SEC-MFA-Enrolled (avo.local/Sample/Groups/SEC-MFA-Enrolled),,,Permission unmanaged,None
Microsoft Active Directory,Sem Gerritsen (500082),Sem Gerritsen,sem.gerritsen46,False,SEC-Endpoint-Protection (avo.local/Sample/Groups/SEC-Endpoint-Protection),,,Permission unmanaged,None
Microsoft Active Directory,Sem Gerritsen (500082),Sem Gerritsen,sem.gerritsen46,False,LIC-M365-E1 (avo.local/Sample/Groups/LIC-M365-E1),,,Permission unmanaged,None
Microsoft Active Directory,,Olivier Quaedvlieg,olivier.quaedvlieg47,True,,,,Account unmanaged,None
Microsoft Active Directory,,Olivier Quaedvlieg,olivier.quaedvlieg47,True,TEAM-ZRG06-Wijkzorg (avo.local/Sample/Groups/TEAM-ZRG06-Wijkzorg),,,Permission unmanaged,None
Microsoft Active Directory,,Olivier Quaedvlieg,olivier.quaedvlieg47,True,ROLE-ZRG06-Wijkzorg (avo.local/Sample/Groups/ROLE-ZRG06-Wijkzorg),,,Permission unmanaged,None
Microsoft Active Directory,,Olivier Quaedvlieg,olivier.quaedvlieg47,True,FS-ZRG06-Wijkzorg-RW (avo.local/Sample/Groups/FS-ZRG06-Wijkzorg-RW),,,Permission unmanaged,None
Microsoft Active Directory,,Olivier Quaedvlieg,olivier.quaedvlieg47,True,FS-ZRG06-Wijkzorg-RO (avo.local/Sample/Groups/FS-ZRG06-Wijkzorg-RO),,,Permission unmanaged,None
Microsoft Active Directory,,Olivier Quaedvlieg,olivier.quaedvlieg47,True,APP-ZRG06-Wijkzorg-Portal (avo.local/Sample/Groups/APP-ZRG06-Wijkzorg-Portal),,,Permission unmanaged,None
Microsoft Active Directory,,Olivier Quaedvlieg,olivier.quaedvlieg47,True,APP-Teams (avo.local/Sample/Groups/APP-Teams),,,Permission unmanaged,None
Microsoft Active Directory,,Olivier Quaedvlieg,olivier.quaedvlieg47,True,APP-Office365 (avo.local/Sample/Groups/APP-Office365),,,Permission unmanaged,None
Microsoft Active Directory,,Olivier Quaedvlieg,olivier.quaedvlieg47,True,APP-Intranet (avo.local/Sample/Groups/APP-Intranet),,,Permission unmanaged,None
Microsoft Active Directory,,Olivier Quaedvlieg,olivier.quaedvlieg47,True,PRINT-Default (avo.local/Sample/Groups/PRINT-Default),,,Permission unmanaged,None
Microsoft Active Directory,,Olivier Quaedvlieg,olivier.quaedvlieg47,True,VPN-Thuiswerken (avo.local/Sample/Groups/VPN-Thuiswerken),,,Permission unmanaged,None
Microsoft Active Directory,,Olivier Quaedvlieg,olivier.quaedvlieg47,True,SEC-DiskEncryption (avo.local/Sample/Groups/SEC-DiskEncryption),,,Permission unmanaged,None
Microsoft Active Directory,,Olivier Quaedvlieg,olivier.quaedvlieg47,True,SEC-MFA-Enrolled (avo.local/Sample/Groups/SEC-MFA-Enrolled),,,Permission unmanaged,None
Microsoft Active Directory,,Olivier Quaedvlieg,olivier.quaedvlieg47,True,SEC-Endpoint-Protection (avo.local/Sample/Groups/SEC-Endpoint-Protection),,,Permission unmanaged,None
Microsoft Active Directory,,Olivier Quaedvlieg,olivier.quaedvlieg47,True,APP-Visio (avo.local/Sample/Groups/APP-Visio),,,Permission unmanaged,None
Microsoft Active Directory,,Olivier Quaedvlieg,olivier.quaedvlieg47,True,LIC-M365-E1 (avo.local/Sample/Groups/LIC-M365-E1),,,Permission unmanaged,None
Microsoft Active Directory,Quinten Dijkgraaf (500084),Quinten Dijkgraaf,quinten.dijkgraaf48,True,MBX-ZRG06-Wijkzorg (avo.local/Sample/Groups/MBX-ZRG06-Wijkzorg),,,Permission unmanaged,None
Microsoft Active Directory,Quinten Dijkgraaf (500084),Quinten Dijkgraaf,quinten.dijkgraaf48,True,FS-ZRG06-Wijkzorg-RO (avo.local/Sample/Groups/FS-ZRG06-Wijkzorg-RO),,,Permission unmanaged,None
Microsoft Active Directory,Quinten Dijkgraaf (500084),Quinten Dijkgraaf,quinten.dijkgraaf48,True,FS-ZRG06-Wijkzorg-RW (avo.local/Sample/Groups/FS-ZRG06-Wijkzorg-RW),,,Permission unmanaged,None
Microsoft Active Directory,Quinten Dijkgraaf (500084),Quinten Dijkgraaf,quinten.dijkgraaf48,True,APP-ZRG06-Wijkzorg-Portal (avo.local/Sample/Groups/APP-ZRG06-Wijkzorg-Portal),,,Permission unmanaged,None
Microsoft Active Directory,Quinten Dijkgraaf (500084),Quinten Dijkgraaf,quinten.dijkgraaf48,True,ROLE-ZRG06-Wijkzorg (avo.local/Sample/Groups/ROLE-ZRG06-Wijkzorg),,,Permission unmanaged,None
Microsoft Active Directory,Quinten Dijkgraaf (500084),Quinten Dijkgraaf,quinten.dijkgraaf48,True,APP-Selfservice (avo.local/Sample/Groups/APP-Selfservice),,,Permission unmanaged,None
Microsoft Active Directory,Quinten Dijkgraaf (500084),Quinten Dijkgraaf,quinten.dijkgraaf48,True,SEC-Antivirus (avo.local/Sample/Groups/SEC-Antivirus),,,Permission unmanaged,None
Microsoft Active Directory,Quinten Dijkgraaf (500084),Quinten Dijkgraaf,quinten.dijkgraaf48,True,SEC-DiskEncryption (avo.local/Sample/Groups/SEC-DiskEncryption),,,Permission unmanaged,None
Microsoft Active Directory,Quinten Dijkgraaf (500084),Quinten Dijkgraaf,quinten.dijkgraaf48,True,SEC-MFA-Enrolled (avo.local/Sample/Groups/SEC-MFA-Enrolled),,,Permission unmanaged,None
Microsoft Active Directory,Quinten Dijkgraaf (500084),Quinten Dijkgraaf,quinten.dijkgraaf48,True,SEC-Endpoint-Protection (avo.local/Sample/Groups/SEC-Endpoint-Protection),,,Permission unmanaged,None
Microsoft Active Directory,Quinten Dijkgraaf (500084),Quinten Dijkgraaf,quinten.dijkgraaf48,True,LIC-M365-E1 (avo.local/Sample/Groups/LIC-M365-E1),,,Permission unmanaged,None
Microsoft Active Directory,Roos Kalisvaart (500085),Roos Kalisvaart,roos.kalisvaart49,True,FS-INK08-Inkoop-RW (avo.local/Sample/Groups/FS-INK08-Inkoop-RW),,,Permission unmanaged,None
Microsoft Active Directory,Roos Kalisvaart (500085),Roos Kalisvaart,roos.kalisvaart49,True,ROLE-INK08-Inkoop (avo.local/Sample/Groups/ROLE-INK08-Inkoop),,,Permission unmanaged,None
Microsoft Active Directory,Roos Kalisvaart (500085),Roos Kalisvaart,roos.kalisvaart49,True,TEAM-INK08-Inkoop (avo.local/Sample/Groups/TEAM-INK08-Inkoop),,,Permission unmanaged,None
Microsoft Active Directory,Roos Kalisvaart (500085),Roos Kalisvaart,roos.kalisvaart49,True,FS-INK08-Inkoop-RO (avo.local/Sample/Groups/FS-INK08-Inkoop-RO),,,Permission unmanaged,None
Microsoft Active Directory,Roos Kalisvaart (500085),Roos Kalisvaart,roos.kalisvaart49,True,MBX-INK08-Inkoop (avo.local/Sample/Groups/MBX-INK08-Inkoop),,,Permission unmanaged,None
Microsoft Active Directory,Roos Kalisvaart (500085),Roos Kalisvaart,roos.kalisvaart49,True,APP-Intranet (avo.local/Sample/Groups/APP-Intranet),,,Permission unmanaged,None
Microsoft Active Directory,Roos Kalisvaart (500085),Roos Kalisvaart,roos.kalisvaart49,True,PRINT-Default (avo.local/Sample/Groups/PRINT-Default),,,Permission unmanaged,None
Microsoft Active Directory,Roos Kalisvaart (500085),Roos Kalisvaart,roos.kalisvaart49,True,SEC-Antivirus (avo.local/Sample/Groups/SEC-Antivirus),,,Permission unmanaged,None
Microsoft Active Directory,Roos Kalisvaart (500085),Roos Kalisvaart,roos.kalisvaart49,True,SEC-DiskEncryption (avo.local/Sample/Groups/SEC-DiskEncryption),,,Permission unmanaged,None
Microsoft Active Directory,Roos Kalisvaart (500085),Roos Kalisvaart,roos.kalisvaart49,True,SEC-MFA-Enrolled (avo.local/Sample/Groups/SEC-MFA-Enrolled),,,Permission unmanaged,None
Microsoft Active Directory,Roos Kalisvaart (500085),Roos Kalisvaart,roos.kalisvaart49,True,SEC-Endpoint-Protection (avo.local/Sample/Groups/SEC-Endpoint-Protection),,,Permission unmanaged,None
Microsoft Active Directory,Roos Kalisvaart (500085),Roos Kalisvaart,roos.kalisvaart49,True,APP-Project (avo.local/Sample/Groups/APP-Project),,,Permission unmanaged,None
Microsoft Active Directory,Roos Kalisvaart (500085),Roos Kalisvaart,roos.kalisvaart49,True,APP-PowerBI-Pro (avo.local/Sample/Groups/APP-PowerBI-Pro),,,Permission unmanaged,None
Microsoft Active Directory,Roos Kalisvaart (500085),Roos Kalisvaart,roos.kalisvaart49,True,LIC-M365-E5 (avo.local/Sample/Groups/LIC-M365-E5),,,Permission unmanaged,None
Microsoft Active Directory,Roos Gerritsen (500086),Roos Gerritsen,roos.gerritsen50,True,FS-CB12-Dagbesteding-RW (avo.local/Sample/Groups/FS-CB12-Dagbesteding-RW),,,Permission unmanaged,None
Microsoft Active Directory,Roos Gerritsen (500086),Roos Gerritsen,roos.gerritsen50,True,MBX-CB12-Dagbesteding (avo.local/Sample/Groups/MBX-CB12-Dagbesteding),,,Permission unmanaged,None
Microsoft Active Directory,Roos Gerritsen (500086),Roos Gerritsen,roos.gerritsen50,True,APP-Teams (avo.local/Sample/Groups/APP-Teams),,,Permission unmanaged,None
Microsoft Active Directory,Roos Gerritsen (500086),Roos Gerritsen,roos.gerritsen50,True,PRINT-Default (avo.local/Sample/Groups/PRINT-Default),,,Permission unmanaged,None
Microsoft Active Directory,Roos Gerritsen (500086),Roos Gerritsen,roos.gerritsen50,True,SEC-Antivirus (avo.local/Sample/Groups/SEC-Antivirus),,,Permission unmanaged,None
Microsoft Active Directory,Roos Gerritsen (500086),Roos Gerritsen,roos.gerritsen50,True,SEC-DiskEncryption (avo.local/Sample/Groups/SEC-DiskEncryption),,,Permission unmanaged,None
Microsoft Active Directory,Roos Gerritsen (500086),Roos Gerritsen,roos.gerritsen50,True,SEC-MFA-Enrolled (avo.local/Sample/Groups/SEC-MFA-Enrolled),,,Permission unmanaged,None
Microsoft Active Directory,Roos Gerritsen (500086),Roos Gerritsen,roos.gerritsen50,True,SEC-Endpoint-Protection (avo.local/Sample/Groups/SEC-Endpoint-Protection),,,Permission unmanaged,None
Microsoft Active Directory,Roos Gerritsen (500086),Roos Gerritsen,roos.gerritsen50,True,APP-Adobe-AcrobatPro (avo.local/Sample/Groups/APP-Adobe-AcrobatPro),,,Permission unmanaged,None
Microsoft Active Directory,Roos Gerritsen (500086),Roos Gerritsen,roos.gerritsen50,True,APP-PowerBI-Pro (avo.local/Sample/Groups/APP-PowerBI-Pro),,,Permission unmanaged,None
Microsoft Active Directory,Roos Gerritsen (500086),Roos Gerritsen,roos.gerritsen50,True,LIC-M365-F3 (avo.local/Sample/Groups/LIC-M365-F3),,,Permission unmanaged,None
Microsoft Active Directory,Mila Uijlenbroek (500087),Mila Uijlenbroek,mila.uijlenbroek51,True,FS-ZRG06-Wijkzorg-RO (avo.local/Sample/Groups/FS-ZRG06-Wijkzorg-RO),,,Permission unmanaged,None
Microsoft Active Directory,Mila Uijlenbroek (500087),Mila Uijlenbroek,mila.uijlenbroek51,True,APP-ZRG06-Wijkzorg-Portal (avo.local/Sample/Groups/APP-ZRG06-Wijkzorg-Portal),,,Permission unmanaged,None
Microsoft Active Directory,Mila Uijlenbroek (500087),Mila Uijlenbroek,mila.uijlenbroek51,True,FS-ZRG06-Wijkzorg-RW (avo.local/Sample/Groups/FS-ZRG06-Wijkzorg-RW),,,Permission unmanaged,None
Microsoft Active Directory,Mila Uijlenbroek (500087),Mila Uijlenbroek,mila.uijlenbroek51,True,APP-Office365 (avo.local/Sample/Groups/APP-Office365),,,Permission unmanaged,None
Microsoft Active Directory,Mila Uijlenbroek (500087),Mila Uijlenbroek,mila.uijlenbroek51,True,APP-Teams (avo.local/Sample/Groups/APP-Teams),,,Permission unmanaged,None
Microsoft Active Directory,Mila Uijlenbroek (500087),Mila Uijlenbroek,mila.uijlenbroek51,True,SEC-Antivirus (avo.local/Sample/Groups/SEC-Antivirus),,,Permission unmanaged,None
Microsoft Active Directory,Mila Uijlenbroek (500087),Mila Uijlenbroek,mila.uijlenbroek51,True,SEC-DiskEncryption (avo.local/Sample/Groups/SEC-DiskEncryption),,,Permission unmanaged,None
Microsoft Active Directory,Mila Uijlenbroek (500087),Mila Uijlenbroek,mila.uijlenbroek51,True,SEC-MFA-Enrolled (avo.local/Sample/Groups/SEC-MFA-Enrolled),,,Permission unmanaged,None
Microsoft Active Directory,Mila Uijlenbroek (500087),Mila Uijlenbroek,mila.uijlenbroek51,True,SEC-Endpoint-Protection (avo.local/Sample/Groups/SEC-Endpoint-Protection),,,Permission unmanaged,None
Microsoft Active Directory,Mila Uijlenbroek (500087),Mila Uijlenbroek,mila.uijlenbroek51,True,APP-PowerBI-Pro (avo.local/Sample/Groups/APP-PowerBI-Pro),,,Permission unmanaged,None
Microsoft Active Directory,Mila Uijlenbroek (500087),Mila Uijlenbroek,mila.uijlenbroek51,True,LIC-M365-E3 (avo.local/Sample/Groups/LIC-M365-E3),,,Permission unmanaged,None
Microsoft Active Directory,Gijs Gerritsen (500088),Gijs Gerritsen,gijs.gerritsen52,True,TEAM-CZ08-Begeleiding (avo.local/Sample/Groups/TEAM-CZ08-Begeleiding),,,Permission unmanaged,None
Microsoft Active Directory,Gijs Gerritsen (500088),Gijs Gerritsen,gijs.gerritsen52,True,MBX-CZ08-Begeleiding (avo.local/Sample/Groups/MBX-CZ08-Begeleiding),,,Permission unmanaged,None
Microsoft Active Directory,Gijs Gerritsen (500088),Gijs Gerritsen,gijs.gerritsen52,True,APP-Office365 (avo.local/Sample/Groups/APP-Office365),,,Permission unmanaged,None
Microsoft Active Directory,Gijs Gerritsen (500088),Gijs Gerritsen,gijs.gerritsen52,True,APP-Planner (avo.local/Sample/Groups/APP-Planner),,,Permission unmanaged,None
Microsoft Active Directory,Gijs Gerritsen (500088),Gijs Gerritsen,gijs.gerritsen52,True,APP-Intranet (avo.local/Sample/Groups/APP-Intranet),,,Permission unmanaged,None
Microsoft Active Directory,Gijs Gerritsen (500088),Gijs Gerritsen,gijs.gerritsen52,True,VPN-Thuiswerken (avo.local/Sample/Groups/VPN-Thuiswerken),,,Permission unmanaged,None
Microsoft Active Directory,Gijs Gerritsen (500088),Gijs Gerritsen,gijs.gerritsen52,True,SEC-Antivirus (avo.local/Sample/Groups/SEC-Antivirus),,,Permission unmanaged,None
Microsoft Active Directory,Gijs Gerritsen (500088),Gijs Gerritsen,gijs.gerritsen52,True,SEC-DiskEncryption (avo.local/Sample/Groups/SEC-DiskEncryption),,,Permission unmanaged,None
Microsoft Active Directory,Gijs Gerritsen (500088),Gijs Gerritsen,gijs.gerritsen52,True,SEC-MFA-Enrolled (avo.local/Sample/Groups/SEC-MFA-Enrolled),,,Permission unmanaged,None
Microsoft Active Directory,Gijs Gerritsen (500088),Gijs Gerritsen,gijs.gerritsen52,True,SEC-Endpoint-Protection (avo.local/Sample/Groups/SEC-Endpoint-Protection),,,Permission unmanaged,None
Microsoft Active Directory,Gijs Gerritsen (500088),Gijs Gerritsen,gijs.gerritsen52,True,APP-Adobe-AcrobatPro (avo.local/Sample/Groups/APP-Adobe-AcrobatPro),,,Permission unmanaged,None
Microsoft Active Directory,Gijs Gerritsen (500088),Gijs Gerritsen,gijs.gerritsen52,True,LIC-M365-E3 (avo.local/Sample/Groups/LIC-M365-E3),,,Permission unmanaged,None
Microsoft Active Directory,Roos Pronk (500089),Roos Pronk,roos.pronk53,True,ROLE-CZ08-Begeleiding (avo.local/Sample/Groups/ROLE-CZ08-Begeleiding),,,Permission unmanaged,None
Microsoft Active Directory,Roos Pronk (500089),Roos Pronk,roos.pronk53,True,FS-CZ08-Begeleiding-RW (avo.local/Sample/Groups/FS-CZ08-Begeleiding-RW),,,Permission unmanaged,None
Microsoft Active Directory,Roos Pronk (500089),Roos Pronk,roos.pronk53,True,APP-CZ08-Begeleiding-Portal (avo.local/Sample/Groups/APP-CZ08-Begeleiding-Portal),,,Permission unmanaged,None
Microsoft Active Directory,Roos Pronk (500089),Roos Pronk,roos.pronk53,True,FS-CZ08-Begeleiding-RO (avo.local/Sample/Groups/FS-CZ08-Begeleiding-RO),,,Permission unmanaged,None
Microsoft Active Directory,Roos Pronk (500089),Roos Pronk,roos.pronk53,True,APP-Intranet (avo.local/Sample/Groups/APP-Intranet),,,Permission unmanaged,None
Microsoft Active Directory,Roos Pronk (500089),Roos Pronk,roos.pronk53,True,APP-Planner (avo.local/Sample/Groups/APP-Planner),,,Permission unmanaged,None
Microsoft Active Directory,Roos Pronk (500089),Roos Pronk,roos.pronk53,True,SEC-Antivirus (avo.local/Sample/Groups/SEC-Antivirus),,,Permission unmanaged,None
Microsoft Active Directory,Roos Pronk (500089),Roos Pronk,roos.pronk53,True,SEC-DiskEncryption (avo.local/Sample/Groups/SEC-DiskEncryption),,,Permission unmanaged,None
Microsoft Active Directory,Roos Pronk (500089),Roos Pronk,roos.pronk53,True,SEC-Endpoint-Protection (avo.local/Sample/Groups/SEC-Endpoint-Protection),,,Permission unmanaged,None
Microsoft Active Directory,Roos Pronk (500089),Roos Pronk,roos.pronk53,True,LIC-M365-E1 (avo.local/Sample/Groups/LIC-M365-E1),,,Permission unmanaged,None
Microsoft Active Directory,Zoë Dijkgraaf (500090),Zoë Dijkgraaf,zoe.dijkgraaf54,True,ROLE-ZRG06-Wijkzorg (avo.local/Sample/Groups/ROLE-ZRG06-Wijkzorg),,,Permission unmanaged,None
Microsoft Active Directory,Zoë Dijkgraaf (500090),Zoë Dijkgraaf,zoe.dijkgraaf54,True,TEAM-ZRG06-Wijkzorg (avo.local/Sample/Groups/TEAM-ZRG06-Wijkzorg),,,Permission unmanaged,None
Microsoft Active Directory,Zoë Dijkgraaf (500090),Zoë Dijkgraaf,zoe.dijkgraaf54,True,FS-ZRG06-Wijkzorg-RW (avo.local/Sample/Groups/FS-ZRG06-Wijkzorg-RW),,,Permission unmanaged,None
Microsoft Active Directory,Zoë Dijkgraaf (500090),Zoë Dijkgraaf,zoe.dijkgraaf54,True,APP-ZRG06-Wijkzorg-Portal (avo.local/Sample/Groups/APP-ZRG06-Wijkzorg-Portal),,,Permission unmanaged,None
Microsoft Active Directory,Zoë Dijkgraaf (500090),Zoë Dijkgraaf,zoe.dijkgraaf54,True,FS-ZRG06-Wijkzorg-RO (avo.local/Sample/Groups/FS-ZRG06-Wijkzorg-RO),,,Permission unmanaged,None
Microsoft Active Directory,Zoë Dijkgraaf (500090),Zoë Dijkgraaf,zoe.dijkgraaf54,True,MBX-ZRG06-Wijkzorg (avo.local/Sample/Groups/MBX-ZRG06-Wijkzorg),,,Permission unmanaged,None
Microsoft Active Directory,Zoë Dijkgraaf (500090),Zoë Dijkgraaf,zoe.dijkgraaf54,True,APP-Teams (avo.local/Sample/Groups/APP-Teams),,,Permission unmanaged,None
Microsoft Active Directory,Zoë Dijkgraaf (500090),Zoë Dijkgraaf,zoe.dijkgraaf54,True,APP-Planner (avo.local/Sample/Groups/APP-Planner),,,Permission unmanaged,None
Microsoft Active Directory,Zoë Dijkgraaf (500090),Zoë Dijkgraaf,zoe.dijkgraaf54,True,APP-Office365 (avo.local/Sample/Groups/APP-Office365),,,Permission unmanaged,None
Microsoft Active Directory,Zoë Dijkgraaf (500090),Zoë Dijkgraaf,zoe.dijkgraaf54,True,WIFI-Personeel (avo.local/Sample/Groups/WIFI-Personeel),,,Permission unmanaged,None
Microsoft Active Directory,Zoë Dijkgraaf (500090),Zoë Dijkgraaf,zoe.dijkgraaf54,True,SEC-MFA-Enrolled (avo.local/Sample/Groups/SEC-MFA-Enrolled),,,Permission unmanaged,None
Microsoft Active Directory,Zoë Dijkgraaf (500090),Zoë Dijkgraaf,zoe.dijkgraaf54,True,SEC-Endpoint-Protection (avo.local/Sample/Groups/SEC-Endpoint-Protection),,,Permission unmanaged,None
Microsoft Active Directory,Zoë Dijkgraaf (500090),Zoë Dijkgraaf,zoe.dijkgraaf54,True,APP-Visio (avo.local/Sample/Groups/APP-Visio),,,Permission unmanaged,None
Microsoft Active Directory,Zoë Dijkgraaf (500090),Zoë Dijkgraaf,zoe.dijkgraaf54,True,LIC-M365-F3 (avo.local/Sample/Groups/LIC-M365-F3),,,Permission unmanaged,None
Microsoft Active Directory,,Quinten Aalbers (admin),adm-quinten.aalbers55,True,,,,Account unmanaged,None
Microsoft Active Directory,,Quinten Aalbers (admin),adm-quinten.aalbers55,True,ADMIN-AD-Beheer (avo.local/Sample/Groups/ADMIN-AD-Beheer),,,Permission unmanaged,None
Microsoft Active Directory,,Quinten Aalbers (admin),adm-quinten.aalbers55,True,ADMIN-Beheer (avo.local/Sample/Groups/ADMIN-Beheer),,,Permission unmanaged,None
Microsoft Active Directory,,Quinten Aalbers (admin),adm-quinten.aalbers55,True,SRV-Aanmelden-AlsService (avo.local/Sample/Groups/SRV-Aanmelden-AlsService),,,Permission unmanaged,None
Microsoft Active Directory,,Quinten Aalbers (admin),adm-quinten.aalbers55,True,DB-SQL-Service (avo.local/Sample/Groups/DB-SQL-Service),,,Permission unmanaged,None
Microsoft Active Directory,,Quinten Oosterhuis (test),test.quinten.oosterhuis56,True,,,,Account unmanaged,None
Microsoft Active Directory,,Quinten Oosterhuis (test),test.quinten.oosterhuis56,True,APP-Intranet (avo.local/Sample/Groups/APP-Intranet),,,Permission unmanaged,None
Microsoft Active Directory,,Quinten Oosterhuis (test),test.quinten.oosterhuis56,True,APP-HRM02-Personeel-Portal (avo.local/Sample/Groups/APP-HRM02-Personeel-Portal),,,Permission unmanaged,None
Microsoft Active Directory,,Quinten Oosterhuis (test),test.quinten.oosterhuis56,True,APP-Office365 (avo.local/Sample/Groups/APP-Office365),,,Permission unmanaged,None
Microsoft Active Directory,,Quinten Oosterhuis (test),test.quinten.oosterhuis56,True,APP-Planner (avo.local/Sample/Groups/APP-Planner),,,Permission unmanaged,None
Microsoft Active Directory,,Quinten Oosterhuis (test),test.quinten.oosterhuis56,True,MBX-HRM02-Personeel (avo.local/Sample/Groups/MBX-HRM02-Personeel),,,Permission unmanaged,None
Microsoft Active Directory,,Quinten Oosterhuis (test),test.quinten.oosterhuis56,True,FS-HRM02-Personeel-RO (avo.local/Sample/Groups/FS-HRM02-Personeel-RO),,,Permission unmanaged,None
Microsoft Active Directory,,Quinten Oosterhuis (test),test.quinten.oosterhuis56,True,LIC-M365-E1 (avo.local/Sample/Groups/LIC-M365-E1),,,Permission unmanaged,None
Microsoft Active Directory,Zoë Aalbers (500093),Zoë Aalbers,zoe.aalbers57,False,TEAM-KWA07-Kwaliteit (avo.local/Sample/Groups/TEAM-KWA07-Kwaliteit),,,Permission unmanaged,None
Microsoft Active Directory,Zoë Aalbers (500093),Zoë Aalbers,zoe.aalbers57,False,APP-KWA07-Kwaliteit-Portal (avo.local/Sample/Groups/APP-KWA07-Kwaliteit-Portal),,,Permission unmanaged,None
Microsoft Active Directory,Zoë Aalbers (500093),Zoë Aalbers,zoe.aalbers57,False,APP-Planner (avo.local/Sample/Groups/APP-Planner),,,Permission unmanaged,None
Microsoft Active Directory,Zoë Aalbers (500093),Zoë Aalbers,zoe.aalbers57,False,APP-Intranet (avo.local/Sample/Groups/APP-Intranet),,,Permission unmanaged,None
Microsoft Active Directory,Zoë Aalbers (500093),Zoë Aalbers,zoe.aalbers57,False,APP-Office365 (avo.local/Sample/Groups/APP-Office365),,,Permission unmanaged,None
Microsoft Active Directory,Zoë Aalbers (500093),Zoë Aalbers,zoe.aalbers57,False,VPN-Thuiswerken (avo.local/Sample/Groups/VPN-Thuiswerken),,,Permission unmanaged,None
Microsoft Active Directory,Zoë Aalbers (500093),Zoë Aalbers,zoe.aalbers57,False,PRINT-Default (avo.local/Sample/Groups/PRINT-Default),,,Permission unmanaged,None
Microsoft Active Directory,Zoë Aalbers (500093),Zoë Aalbers,zoe.aalbers57,False,SEC-Antivirus (avo.local/Sample/Groups/SEC-Antivirus),,,Permission unmanaged,None
Microsoft Active Directory,Zoë Aalbers (500093),Zoë Aalbers,zoe.aalbers57,False,SEC-DiskEncryption (avo.local/Sample/Groups/SEC-DiskEncryption),,,Permission unmanaged,None
Microsoft Active Directory,Zoë Aalbers (500093),Zoë Aalbers,zoe.aalbers57,False,SEC-MFA-Enrolled (avo.local/Sample/Groups/SEC-MFA-Enrolled),,,Permission unmanaged,None
Microsoft Active Directory,Zoë Aalbers (500093),Zoë Aalbers,zoe.aalbers57,False,SEC-Endpoint-Protection (avo.local/Sample/Groups/SEC-Endpoint-Protection),,,Permission unmanaged,None
Microsoft Active Directory,Zoë Aalbers (500093),Zoë Aalbers,zoe.aalbers57,False,LIC-M365-F3 (avo.local/Sample/Groups/LIC-M365-F3),,,Permission unmanaged,None
Microsoft Active Directory,,Service ZRG06-Wijkzorg,svc-zrg0658,True,,,,Account unmanaged,None
Microsoft Active Directory,,Service ZRG06-Wijkzorg,svc-zrg0658,True,SRV-Applicatieserver (avo.local/Sample/Groups/SRV-Applicatieserver),,,Permission unmanaged,None
Microsoft Active Directory,,Daan Wielenga,daan.wielenga59,True,,,,Account unmanaged,None
Microsoft Active Directory,,Daan Wielenga,daan.wielenga59,True,FS-CB12-Dagbesteding-RW (avo.local/Sample/Groups/FS-CB12-Dagbesteding-RW),,,Permission unmanaged,None
Microsoft Active Directory,,Daan Wielenga,daan.wielenga59,True,TEAM-CB12-Dagbesteding (avo.local/Sample/Groups/TEAM-CB12-Dagbesteding),,,Permission unmanaged,None
Microsoft Active Directory,,Daan Wielenga,daan.wielenga59,True,APP-Intranet (avo.local/Sample/Groups/APP-Intranet),,,Permission unmanaged,None
Microsoft Active Directory,,Daan Wielenga,daan.wielenga59,True,APP-Planner (avo.local/Sample/Groups/APP-Planner),,,Permission unmanaged,None
Microsoft Active Directory,,Daan Wielenga,daan.wielenga59,True,APP-Teams (avo.local/Sample/Groups/APP-Teams),,,Permission unmanaged,None
Microsoft Active Directory,,Daan Wielenga,daan.wielenga59,True,WIFI-Personeel (avo.local/Sample/Groups/WIFI-Personeel),,,Permission unmanaged,None
Microsoft Active Directory,,Daan Wielenga,daan.wielenga59,True,SEC-Antivirus (avo.local/Sample/Groups/SEC-Antivirus),,,Permission unmanaged,None
Microsoft Active Directory,,Daan Wielenga,daan.wielenga59,True,SEC-DiskEncryption (avo.local/Sample/Groups/SEC-DiskEncryption),,,Permission unmanaged,None
Microsoft Active Directory,,Daan Wielenga,daan.wielenga59,True,SEC-MFA-Enrolled (avo.local/Sample/Groups/SEC-MFA-Enrolled),,,Permission unmanaged,None
Microsoft Active Directory,,Daan Wielenga,daan.wielenga59,True,APP-PowerBI-Pro (avo.local/Sample/Groups/APP-PowerBI-Pro),,,Permission unmanaged,None
Microsoft Active Directory,,Daan Wielenga,daan.wielenga59,True,LIC-M365-E5 (avo.local/Sample/Groups/LIC-M365-E5),,,Permission unmanaged,None
Microsoft Active Directory,Iris Quaedvlieg (500096),Iris Quaedvlieg,iris.quaedvlieg60,True,FS-ZRG06-Wijkzorg-RO (avo.local/Sample/Groups/FS-ZRG06-Wijkzorg-RO),,,Permission unmanaged,None
Microsoft Active Directory,Iris Quaedvlieg (500096),Iris Quaedvlieg,iris.quaedvlieg60,True,FS-ZRG06-Wijkzorg-RW (avo.local/Sample/Groups/FS-ZRG06-Wijkzorg-RW),,,Permission unmanaged,None
Microsoft Active Directory,Iris Quaedvlieg (500096),Iris Quaedvlieg,iris.quaedvlieg60,True,TEAM-ZRG06-Wijkzorg (avo.local/Sample/Groups/TEAM-ZRG06-Wijkzorg),,,Permission unmanaged,None
Microsoft Active Directory,Iris Quaedvlieg (500096),Iris Quaedvlieg,iris.quaedvlieg60,True,MBX-ZRG06-Wijkzorg (avo.local/Sample/Groups/MBX-ZRG06-Wijkzorg),,,Permission unmanaged,None
Microsoft Active Directory,Iris Quaedvlieg (500096),Iris Quaedvlieg,iris.quaedvlieg60,True,ROLE-ZRG06-Wijkzorg (avo.local/Sample/Groups/ROLE-ZRG06-Wijkzorg),,,Permission unmanaged,None
Microsoft Active Directory,Iris Quaedvlieg (500096),Iris Quaedvlieg,iris.quaedvlieg60,True,APP-ZRG06-Wijkzorg-Portal (avo.local/Sample/Groups/APP-ZRG06-Wijkzorg-Portal),,,Permission unmanaged,None
Microsoft Active Directory,Iris Quaedvlieg (500096),Iris Quaedvlieg,iris.quaedvlieg60,True,APP-Office365 (avo.local/Sample/Groups/APP-Office365),,,Permission unmanaged,None
Microsoft Active Directory,Iris Quaedvlieg (500096),Iris Quaedvlieg,iris.quaedvlieg60,True,APP-Teams (avo.local/Sample/Groups/APP-Teams),,,Permission unmanaged,None
Microsoft Active Directory,Iris Quaedvlieg (500096),Iris Quaedvlieg,iris.quaedvlieg60,True,SEC-Antivirus (avo.local/Sample/Groups/SEC-Antivirus),,,Permission unmanaged,None
Microsoft Active Directory,Iris Quaedvlieg (500096),Iris Quaedvlieg,iris.quaedvlieg60,True,SEC-DiskEncryption (avo.local/Sample/Groups/SEC-DiskEncryption),,,Permission unmanaged,None
Microsoft Active Directory,Iris Quaedvlieg (500096),Iris Quaedvlieg,iris.quaedvlieg60,True,LIC-M365-E5 (avo.local/Sample/Groups/LIC-M365-E5),,,Permission unmanaged,None
Microsoft Active Directory,Eva Dijkgraaf (500097),Eva Dijkgraaf,eva.dijkgraaf61,True,TEAM-CA010-Thuiszorg (avo.local/Sample/Groups/TEAM-CA010-Thuiszorg),,,Permission unmanaged,None
Microsoft Active Directory,Eva Dijkgraaf (500097),Eva Dijkgraaf,eva.dijkgraaf61,True,MBX-CA010-Thuiszorg (avo.local/Sample/Groups/MBX-CA010-Thuiszorg),,,Permission unmanaged,None
Microsoft Active Directory,Eva Dijkgraaf (500097),Eva Dijkgraaf,eva.dijkgraaf61,True,FS-CA010-Thuiszorg-RW (avo.local/Sample/Groups/FS-CA010-Thuiszorg-RW),,,Permission unmanaged,None
Microsoft Active Directory,Eva Dijkgraaf (500097),Eva Dijkgraaf,eva.dijkgraaf61,True,ROLE-CA010-Thuiszorg (avo.local/Sample/Groups/ROLE-CA010-Thuiszorg),,,Permission unmanaged,None
Microsoft Active Directory,Eva Dijkgraaf (500097),Eva Dijkgraaf,eva.dijkgraaf61,True,FS-CA010-Thuiszorg-RO (avo.local/Sample/Groups/FS-CA010-Thuiszorg-RO),,,Permission unmanaged,None
Microsoft Active Directory,Eva Dijkgraaf (500097),Eva Dijkgraaf,eva.dijkgraaf61,True,APP-Intranet (avo.local/Sample/Groups/APP-Intranet),,,Permission unmanaged,None
Microsoft Active Directory,Eva Dijkgraaf (500097),Eva Dijkgraaf,eva.dijkgraaf61,True,PRINT-Default (avo.local/Sample/Groups/PRINT-Default),,,Permission unmanaged,None
Microsoft Active Directory,Eva Dijkgraaf (500097),Eva Dijkgraaf,eva.dijkgraaf61,True,WIFI-Personeel (avo.local/Sample/Groups/WIFI-Personeel),,,Permission unmanaged,None
Microsoft Active Directory,Eva Dijkgraaf (500097),Eva Dijkgraaf,eva.dijkgraaf61,True,SEC-Antivirus (avo.local/Sample/Groups/SEC-Antivirus),,,Permission unmanaged,None
Microsoft Active Directory,Eva Dijkgraaf (500097),Eva Dijkgraaf,eva.dijkgraaf61,True,SEC-DiskEncryption (avo.local/Sample/Groups/SEC-DiskEncryption),,,Permission unmanaged,None
Microsoft Active Directory,Eva Dijkgraaf (500097),Eva Dijkgraaf,eva.dijkgraaf61,True,SEC-MFA-Enrolled (avo.local/Sample/Groups/SEC-MFA-Enrolled),,,Permission unmanaged,None
Microsoft Active Directory,Eva Dijkgraaf (500097),Eva Dijkgraaf,eva.dijkgraaf61,True,SEC-Endpoint-Protection (avo.local/Sample/Groups/SEC-Endpoint-Protection),,,Permission unmanaged,None
Microsoft Active Directory,Eva Dijkgraaf (500097),Eva Dijkgraaf,eva.dijkgraaf61,True,APP-Project (avo.local/Sample/Groups/APP-Project),,,Permission unmanaged,None
Microsoft Active Directory,Eva Dijkgraaf (500097),Eva Dijkgraaf,eva.dijkgraaf61,True,LIC-M365-F3 (avo.local/Sample/Groups/LIC-M365-F3),,,Permission unmanaged,None
Microsoft Active Directory,Cato Terlouw (500098),Cato Terlouw,cato.terlouw62,True,FS-CA010-Thuiszorg-RO (avo.local/Sample/Groups/FS-CA010-Thuiszorg-RO),,,Permission unmanaged,None
Microsoft Active Directory,Cato Terlouw (500098),Cato Terlouw,cato.terlouw62,True,APP-CA010-Thuiszorg-Portal (avo.local/Sample/Groups/APP-CA010-Thuiszorg-Portal),,,Permission unmanaged,None
Microsoft Active Directory,Cato Terlouw (500098),Cato Terlouw,cato.terlouw62,True,MBX-CA010-Thuiszorg (avo.local/Sample/Groups/MBX-CA010-Thuiszorg),,,Permission unmanaged,None
Microsoft Active Directory,Cato Terlouw (500098),Cato Terlouw,cato.terlouw62,True,APP-Intranet (avo.local/Sample/Groups/APP-Intranet),,,Permission unmanaged,None
Microsoft Active Directory,Cato Terlouw (500098),Cato Terlouw,cato.terlouw62,True,VPN-Thuiswerken (avo.local/Sample/Groups/VPN-Thuiswerken),,,Permission unmanaged,None
Microsoft Active Directory,Cato Terlouw (500098),Cato Terlouw,cato.terlouw62,True,WIFI-Personeel (avo.local/Sample/Groups/WIFI-Personeel),,,Permission unmanaged,None
Microsoft Active Directory,Cato Terlouw (500098),Cato Terlouw,cato.terlouw62,True,SEC-Antivirus (avo.local/Sample/Groups/SEC-Antivirus),,,Permission unmanaged,None
Microsoft Active Directory,Cato Terlouw (500098),Cato Terlouw,cato.terlouw62,True,SEC-DiskEncryption (avo.local/Sample/Groups/SEC-DiskEncryption),,,Permission unmanaged,None
Microsoft Active Directory,Cato Terlouw (500098),Cato Terlouw,cato.terlouw62,True,SEC-MFA-Enrolled (avo.local/Sample/Groups/SEC-MFA-Enrolled),,,Permission unmanaged,None
Microsoft Active Directory,Cato Terlouw (500098),Cato Terlouw,cato.terlouw62,True,SEC-Endpoint-Protection (avo.local/Sample/Groups/SEC-Endpoint-Protection),,,Permission unmanaged,None
Microsoft Active Directory,Cato Terlouw (500098),Cato Terlouw,cato.terlouw62,True,APP-Project (avo.local/Sample/Groups/APP-Project),,,Permission unmanaged,None
Microsoft Active Directory,Cato Terlouw (500098),Cato Terlouw,cato.terlouw62,True,APP-Visio (avo.local/Sample/Groups/APP-Visio),,,Permission unmanaged,None
Microsoft Active Directory,Cato Terlouw (500098),Cato Terlouw,cato.terlouw62,True,LIC-M365-E5 (avo.local/Sample/Groups/LIC-M365-E5),,,Permission unmanaged,None
Microsoft Active Directory,,Tess Ipenburg (admin),adm-tess.ipenburg63,True,,,,Account unmanaged,None
Microsoft Active Directory,,Tess Ipenburg (admin),adm-tess.ipenburg63,True,ADMIN-Exchange-Beheer (avo.local/Sample/Groups/ADMIN-Exchange-Beheer),,,Permission unmanaged,None
Microsoft Active Directory,,Tess Ipenburg (admin),adm-tess.ipenburg63,True,ADMIN-AD-Beheer (avo.local/Sample/Groups/ADMIN-AD-Beheer),,,Permission unmanaged,None
Microsoft Active Directory,,Tess Ipenburg (admin),adm-tess.ipenburg63,True,PRIV-PAM-Kluis (avo.local/Sample/Groups/PRIV-PAM-Kluis),,,Permission unmanaged,None
Microsoft Active Directory,,Tess Ipenburg (admin),adm-tess.ipenburg63,True,SRV-Applicatieserver (avo.local/Sample/Groups/SRV-Applicatieserver),,,Permission unmanaged,None
Microsoft Active Directory,,Tess Ipenburg (admin),adm-tess.ipenburg63,True,LIC-M365-E1 (avo.local/Sample/Groups/LIC-M365-E1),,,Permission unmanaged,None
Microsoft Active Directory,Noa Lindeboom (500100),Noa Lindeboom,noa.lindeboom64,True,FS-CZ08-Begeleiding-RO (avo.local/Sample/Groups/FS-CZ08-Begeleiding-RO),,,Permission unmanaged,None
Microsoft Active Directory,Noa Lindeboom (500100),Noa Lindeboom,noa.lindeboom64,True,APP-CZ08-Begeleiding-Portal (avo.local/Sample/Groups/APP-CZ08-Begeleiding-Portal),,,Permission unmanaged,None
Microsoft Active Directory,Noa Lindeboom (500100),Noa Lindeboom,noa.lindeboom64,True,FS-CZ08-Begeleiding-RW (avo.local/Sample/Groups/FS-CZ08-Begeleiding-RW),,,Permission unmanaged,None
Microsoft Active Directory,Noa Lindeboom (500100),Noa Lindeboom,noa.lindeboom64,True,APP-Planner (avo.local/Sample/Groups/APP-Planner),,,Permission unmanaged,None
Microsoft Active Directory,Noa Lindeboom (500100),Noa Lindeboom,noa.lindeboom64,True,PRINT-Default (avo.local/Sample/Groups/PRINT-Default),,,Permission unmanaged,None
Microsoft Active Directory,Noa Lindeboom (500100),Noa Lindeboom,noa.lindeboom64,True,SEC-Antivirus (avo.local/Sample/Groups/SEC-Antivirus),,,Permission unmanaged,None
Microsoft Active Directory,Noa Lindeboom (500100),Noa Lindeboom,noa.lindeboom64,True,SEC-DiskEncryption (avo.local/Sample/Groups/SEC-DiskEncryption),,,Permission unmanaged,None
Microsoft Active Directory,Noa Lindeboom (500100),Noa Lindeboom,noa.lindeboom64,True,SEC-Endpoint-Protection (avo.local/Sample/Groups/SEC-Endpoint-Protection),,,Permission unmanaged,None
Microsoft Active Directory,Noa Lindeboom (500100),Noa Lindeboom,noa.lindeboom64,True,APP-Project (avo.local/Sample/Groups/APP-Project),,,Permission unmanaged,None
Microsoft Active Directory,Noa Lindeboom (500100),Noa Lindeboom,noa.lindeboom64,True,APP-Copilot (avo.local/Sample/Groups/APP-Copilot),,,Permission unmanaged,None
Microsoft Active Directory,Noa Lindeboom (500100),Noa Lindeboom,noa.lindeboom64,True,LIC-M365-F3 (avo.local/Sample/Groups/LIC-M365-F3),,,Permission unmanaged,None
Microsoft Active Directory,Zoë Elzinga (500101),Zoë Elzinga,zoe.elzinga65,False,MBX-ICT03-Techniek (avo.local/Sample/Groups/MBX-ICT03-Techniek),,,Permission unmanaged,None
Microsoft Active Directory,Zoë Elzinga (500101),Zoë Elzinga,zoe.elzinga65,False,APP-ICT03-Techniek-Portal (avo.local/Sample/Groups/APP-ICT03-Techniek-Portal),,,Permission unmanaged,None
Microsoft Active Directory,Zoë Elzinga (500101),Zoë Elzinga,zoe.elzinga65,False,FS-ICT03-Techniek-RO (avo.local/Sample/Groups/FS-ICT03-Techniek-RO),,,Permission unmanaged,None
Microsoft Active Directory,Zoë Elzinga (500101),Zoë Elzinga,zoe.elzinga65,False,ROLE-ICT03-Techniek (avo.local/Sample/Groups/ROLE-ICT03-Techniek),,,Permission unmanaged,None
Microsoft Active Directory,Zoë Elzinga (500101),Zoë Elzinga,zoe.elzinga65,False,TEAM-ICT03-Techniek (avo.local/Sample/Groups/TEAM-ICT03-Techniek),,,Permission unmanaged,None
Microsoft Active Directory,Zoë Elzinga (500101),Zoë Elzinga,zoe.elzinga65,False,APP-Intranet (avo.local/Sample/Groups/APP-Intranet),,,Permission unmanaged,None
Microsoft Active Directory,Zoë Elzinga (500101),Zoë Elzinga,zoe.elzinga65,False,APP-Teams (avo.local/Sample/Groups/APP-Teams),,,Permission unmanaged,None
Microsoft Active Directory,Zoë Elzinga (500101),Zoë Elzinga,zoe.elzinga65,False,APP-Planner (avo.local/Sample/Groups/APP-Planner),,,Permission unmanaged,None
Microsoft Active Directory,Zoë Elzinga (500101),Zoë Elzinga,zoe.elzinga65,False,WIFI-Personeel (avo.local/Sample/Groups/WIFI-Personeel),,,Permission unmanaged,None
Microsoft Active Directory,Zoë Elzinga (500101),Zoë Elzinga,zoe.elzinga65,False,PRINT-Default (avo.local/Sample/Groups/PRINT-Default),,,Permission unmanaged,None
Microsoft Active Directory,Zoë Elzinga (500101),Zoë Elzinga,zoe.elzinga65,False,SEC-Antivirus (avo.local/Sample/Groups/SEC-Antivirus),,,Permission unmanaged,None
Microsoft Active Directory,Zoë Elzinga (500101),Zoë Elzinga,zoe.elzinga65,False,SEC-DiskEncryption (avo.local/Sample/Groups/SEC-DiskEncryption),,,Permission unmanaged,None
Microsoft Active Directory,Zoë Elzinga (500101),Zoë Elzinga,zoe.elzinga65,False,SEC-MFA-Enrolled (avo.local/Sample/Groups/SEC-MFA-Enrolled),,,Permission unmanaged,None
Microsoft Active Directory,Zoë Elzinga (500101),Zoë Elzinga,zoe.elzinga65,False,SEC-Endpoint-Protection (avo.local/Sample/Groups/SEC-Endpoint-Protection),,,Permission unmanaged,None
Microsoft Active Directory,Zoë Elzinga (500101),Zoë Elzinga,zoe.elzinga65,False,APP-Project (avo.local/Sample/Groups/APP-Project),,,Permission unmanaged,None
Microsoft Active Directory,Zoë Elzinga (500101),Zoë Elzinga,zoe.elzinga65,False,APP-Visio (avo.local/Sample/Groups/APP-Visio),,,Permission unmanaged,None
Microsoft Active Directory,Zoë Elzinga (500101),Zoë Elzinga,zoe.elzinga65,False,LIC-M365-F3 (avo.local/Sample/Groups/LIC-M365-F3),,,Permission unmanaged,None
Microsoft Active Directory,,Eva Nagtegaal (test),test.eva.nagtegaal66,True,,,,Account unmanaged,None
Microsoft Active Directory,,Eva Nagtegaal (test),test.eva.nagtegaal66,True,ROLE-ZRG06-Wijkzorg (avo.local/Sample/Groups/ROLE-ZRG06-Wijkzorg),,,Permission unmanaged,None
Microsoft Active Directory,,Eva Nagtegaal (test),test.eva.nagtegaal66,True,APP-Office365 (avo.local/Sample/Groups/APP-Office365),,,Permission unmanaged,None
Microsoft Active Directory,,Eva Nagtegaal (test),test.eva.nagtegaal66,True,APP-Planner (avo.local/Sample/Groups/APP-Planner),,,Permission unmanaged,None
Microsoft Active Directory,,Eva Nagtegaal (test),test.eva.nagtegaal66,True,APP-Selfservice (avo.local/Sample/Groups/APP-Selfservice),,,Permission unmanaged,None
Microsoft Active Directory,,Eva Nagtegaal (test),test.eva.nagtegaal66,True,TEAM-ZRG06-Wijkzorg (avo.local/Sample/Groups/TEAM-ZRG06-Wijkzorg),,,Permission unmanaged,None
Microsoft Active Directory,,Eva Nagtegaal (test),test.eva.nagtegaal66,True,LIC-M365-F3 (avo.local/Sample/Groups/LIC-M365-F3),,,Permission unmanaged,None
Microsoft Active Directory,Kim Elzinga (500103),Kim Elzinga,kim.elzinga67,True,MBX-KWA07-Kwaliteit (avo.local/Sample/Groups/MBX-KWA07-Kwaliteit),,,Permission unmanaged,None
Microsoft Active Directory,Kim Elzinga (500103),Kim Elzinga,kim.elzinga67,True,APP-KWA07-Kwaliteit-Portal (avo.local/Sample/Groups/APP-KWA07-Kwaliteit-Portal),,,Permission unmanaged,None
Microsoft Active Directory,Kim Elzinga (500103),Kim Elzinga,kim.elzinga67,True,APP-Planner (avo.local/Sample/Groups/APP-Planner),,,Permission unmanaged,None
Microsoft Active Directory,Kim Elzinga (500103),Kim Elzinga,kim.elzinga67,True,APP-Teams (avo.local/Sample/Groups/APP-Teams),,,Permission unmanaged,None
Microsoft Active Directory,Kim Elzinga (500103),Kim Elzinga,kim.elzinga67,True,SEC-Antivirus (avo.local/Sample/Groups/SEC-Antivirus),,,Permission unmanaged,None
Microsoft Active Directory,Kim Elzinga (500103),Kim Elzinga,kim.elzinga67,True,SEC-DiskEncryption (avo.local/Sample/Groups/SEC-DiskEncryption),,,Permission unmanaged,None
Microsoft Active Directory,Kim Elzinga (500103),Kim Elzinga,kim.elzinga67,True,SEC-MFA-Enrolled (avo.local/Sample/Groups/SEC-MFA-Enrolled),,,Permission unmanaged,None
Microsoft Active Directory,Kim Elzinga (500103),Kim Elzinga,kim.elzinga67,True,APP-Project (avo.local/Sample/Groups/APP-Project),,,Permission unmanaged,None
Microsoft Active Directory,Kim Elzinga (500103),Kim Elzinga,kim.elzinga67,True,LIC-M365-F3 (avo.local/Sample/Groups/LIC-M365-F3),,,Permission unmanaged,None
Microsoft Active Directory,,Mila Berkhout,mila.berkhout68,True,,,,Account unmanaged,None
Microsoft Active Directory,,Mila Berkhout,mila.berkhout68,True,FS-FAC04-Facilitair-RW (avo.local/Sample/Groups/FS-FAC04-Facilitair-RW),,,Permission unmanaged,None
Microsoft Active Directory,,Mila Berkhout,mila.berkhout68,True,MBX-FAC04-Facilitair (avo.local/Sample/Groups/MBX-FAC04-Facilitair),,,Permission unmanaged,None
Microsoft Active Directory,,Mila Berkhout,mila.berkhout68,True,APP-Teams (avo.local/Sample/Groups/APP-Teams),,,Permission unmanaged,None
Microsoft Active Directory,,Mila Berkhout,mila.berkhout68,True,SEC-Antivirus (avo.local/Sample/Groups/SEC-Antivirus),,,Permission unmanaged,None
Microsoft Active Directory,,Mila Berkhout,mila.berkhout68,True,SEC-DiskEncryption (avo.local/Sample/Groups/SEC-DiskEncryption),,,Permission unmanaged,None
Microsoft Active Directory,,Mila Berkhout,mila.berkhout68,True,SEC-MFA-Enrolled (avo.local/Sample/Groups/SEC-MFA-Enrolled),,,Permission unmanaged,None
Microsoft Active Directory,,Mila Berkhout,mila.berkhout68,True,SEC-Endpoint-Protection (avo.local/Sample/Groups/SEC-Endpoint-Protection),,,Permission unmanaged,None
Microsoft Active Directory,,Mila Berkhout,mila.berkhout68,True,APP-Project (avo.local/Sample/Groups/APP-Project),,,Permission unmanaged,None
Microsoft Active Directory,,Mila Berkhout,mila.berkhout68,True,APP-PowerBI-Pro (avo.local/Sample/Groups/APP-PowerBI-Pro),,,Permission unmanaged,None
Microsoft Active Directory,,Mila Berkhout,mila.berkhout68,True,LIC-M365-E5 (avo.local/Sample/Groups/LIC-M365-E5),,,Permission unmanaged,None
Microsoft Active Directory,Kim Terlouw (500105),Kim Terlouw,kim.terlouw69,True,FS-CB12-Dagbesteding-RW (avo.local/Sample/Groups/FS-CB12-Dagbesteding-RW),,,Permission unmanaged,None
Microsoft Active Directory,Kim Terlouw (500105),Kim Terlouw,kim.terlouw69,True,MBX-CB12-Dagbesteding (avo.local/Sample/Groups/MBX-CB12-Dagbesteding),,,Permission unmanaged,None
Microsoft Active Directory,Kim Terlouw (500105),Kim Terlouw,kim.terlouw69,True,ROLE-CB12-Dagbesteding (avo.local/Sample/Groups/ROLE-CB12-Dagbesteding),,,Permission unmanaged,None
Microsoft Active Directory,Kim Terlouw (500105),Kim Terlouw,kim.terlouw69,True,TEAM-CB12-Dagbesteding (avo.local/Sample/Groups/TEAM-CB12-Dagbesteding),,,Permission unmanaged,None
Microsoft Active Directory,Kim Terlouw (500105),Kim Terlouw,kim.terlouw69,True,APP-Selfservice (avo.local/Sample/Groups/APP-Selfservice),,,Permission unmanaged,None
Microsoft Active Directory,Kim Terlouw (500105),Kim Terlouw,kim.terlouw69,True,APP-Intranet (avo.local/Sample/Groups/APP-Intranet),,,Permission unmanaged,None
Microsoft Active Directory,Kim Terlouw (500105),Kim Terlouw,kim.terlouw69,True,WIFI-Personeel (avo.local/Sample/Groups/WIFI-Personeel),,,Permission unmanaged,None
Microsoft Active Directory,Kim Terlouw (500105),Kim Terlouw,kim.terlouw69,True,VPN-Thuiswerken (avo.local/Sample/Groups/VPN-Thuiswerken),,,Permission unmanaged,None
Microsoft Active Directory,Kim Terlouw (500105),Kim Terlouw,kim.terlouw69,True,SEC-Antivirus (avo.local/Sample/Groups/SEC-Antivirus),,,Permission unmanaged,None
Microsoft Active Directory,Kim Terlouw (500105),Kim Terlouw,kim.terlouw69,True,SEC-DiskEncryption (avo.local/Sample/Groups/SEC-DiskEncryption),,,Permission unmanaged,None
Microsoft Active Directory,Kim Terlouw (500105),Kim Terlouw,kim.terlouw69,True,SEC-MFA-Enrolled (avo.local/Sample/Groups/SEC-MFA-Enrolled),,,Permission unmanaged,None
Microsoft Active Directory,Kim Terlouw (500105),Kim Terlouw,kim.terlouw69,True,SEC-Endpoint-Protection (avo.local/Sample/Groups/SEC-Endpoint-Protection),,,Permission unmanaged,None
Microsoft Active Directory,Kim Terlouw (500105),Kim Terlouw,kim.terlouw69,True,APP-Visio (avo.local/Sample/Groups/APP-Visio),,,Permission unmanaged,None
Microsoft Active Directory,Kim Terlouw (500105),Kim Terlouw,kim.terlouw69,True,APP-Adobe-AcrobatPro (avo.local/Sample/Groups/APP-Adobe-AcrobatPro),,,Permission unmanaged,None
Microsoft Active Directory,Kim Terlouw (500105),Kim Terlouw,kim.terlouw69,True,LIC-M365-E3 (avo.local/Sample/Groups/LIC-M365-E3),,,Permission unmanaged,None
Microsoft Active Directory,Kim Muijs (500106),Kim Muijs,kim.muijs70,False,APP-CB12-Dagbesteding-Portal (avo.local/Sample/Groups/APP-CB12-Dagbesteding-Portal),,,Permission unmanaged,None
Microsoft Active Directory,Kim Muijs (500106),Kim Muijs,kim.muijs70,False,FS-CB12-Dagbesteding-RW (avo.local/Sample/Groups/FS-CB12-Dagbesteding-RW),,,Permission unmanaged,None
Microsoft Active Directory,Kim Muijs (500106),Kim Muijs,kim.muijs70,False,FS-CB12-Dagbesteding-RO (avo.local/Sample/Groups/FS-CB12-Dagbesteding-RO),,,Permission unmanaged,None
Microsoft Active Directory,Kim Muijs (500106),Kim Muijs,kim.muijs70,False,MBX-CB12-Dagbesteding (avo.local/Sample/Groups/MBX-CB12-Dagbesteding),,,Permission unmanaged,None
Microsoft Active Directory,Kim Muijs (500106),Kim Muijs,kim.muijs70,False,TEAM-CB12-Dagbesteding (avo.local/Sample/Groups/TEAM-CB12-Dagbesteding),,,Permission unmanaged,None
Microsoft Active Directory,Kim Muijs (500106),Kim Muijs,kim.muijs70,False,APP-Planner (avo.local/Sample/Groups/APP-Planner),,,Permission unmanaged,None
Microsoft Active Directory,Kim Muijs (500106),Kim Muijs,kim.muijs70,False,APP-Teams (avo.local/Sample/Groups/APP-Teams),,,Permission unmanaged,None
Microsoft Active Directory,Kim Muijs (500106),Kim Muijs,kim.muijs70,False,APP-Intranet (avo.local/Sample/Groups/APP-Intranet),,,Permission unmanaged,None
Microsoft Active Directory,Kim Muijs (500106),Kim Muijs,kim.muijs70,False,SEC-Antivirus (avo.local/Sample/Groups/SEC-Antivirus),,,Permission unmanaged,None
Microsoft Active Directory,Kim Muijs (500106),Kim Muijs,kim.muijs70,False,SEC-DiskEncryption (avo.local/Sample/Groups/SEC-DiskEncryption),,,Permission unmanaged,None
Microsoft Active Directory,Kim Muijs (500106),Kim Muijs,kim.muijs70,False,SEC-MFA-Enrolled (avo.local/Sample/Groups/SEC-MFA-Enrolled),,,Permission unmanaged,None
Microsoft Active Directory,Kim Muijs (500106),Kim Muijs,kim.muijs70,False,SEC-Endpoint-Protection (avo.local/Sample/Groups/SEC-Endpoint-Protection),,,Permission unmanaged,None
Microsoft Active Directory,Kim Muijs (500106),Kim Muijs,kim.muijs70,False,LIC-M365-E1 (avo.local/Sample/Groups/LIC-M365-E1),,,Permission unmanaged,None
Microsoft Active Directory,Gijs Aalbers (500107),Gijs Aalbers,gijs.aalbers71,True,FS-FIN01-Financien-RW (avo.local/Sample/Groups/FS-FIN01-Financien-RW),,,Permission unmanaged,None
Microsoft Active Directory,Gijs Aalbers (500107),Gijs Aalbers,gijs.aalbers71,True,ROLE-FIN01-Financien (avo.local/Sample/Groups/ROLE-FIN01-Financien),,,Permission unmanaged,None
Microsoft Active Directory,Gijs Aalbers (500107),Gijs Aalbers,gijs.aalbers71,True,MBX-FIN01-Financien (avo.local/Sample/Groups/MBX-FIN01-Financien),,,Permission unmanaged,None
Microsoft Active Directory,Gijs Aalbers (500107),Gijs Aalbers,gijs.aalbers71,True,APP-FIN01-Financien-Portal (avo.local/Sample/Groups/APP-FIN01-Financien-Portal),,,Permission unmanaged,None
Microsoft Active Directory,Gijs Aalbers (500107),Gijs Aalbers,gijs.aalbers71,True,APP-Intranet (avo.local/Sample/Groups/APP-Intranet),,,Permission unmanaged,None
Microsoft Active Directory,Gijs Aalbers (500107),Gijs Aalbers,gijs.aalbers71,True,WIFI-Personeel (avo.local/Sample/Groups/WIFI-Personeel),,,Permission unmanaged,None
Microsoft Active Directory,Gijs Aalbers (500107),Gijs Aalbers,gijs.aalbers71,True,PRINT-Default (avo.local/Sample/Groups/PRINT-Default),,,Permission unmanaged,None
Microsoft Active Directory,Gijs Aalbers (500107),Gijs Aalbers,gijs.aalbers71,True,SEC-Antivirus (avo.local/Sample/Groups/SEC-Antivirus),,,Permission unmanaged,None
Microsoft Active Directory,Gijs Aalbers (500107),Gijs Aalbers,gijs.aalbers71,True,SEC-DiskEncryption (avo.local/Sample/Groups/SEC-DiskEncryption),,,Permission unmanaged,None
Microsoft Active Directory,Gijs Aalbers (500107),Gijs Aalbers,gijs.aalbers71,True,SEC-MFA-Enrolled (avo.local/Sample/Groups/SEC-MFA-Enrolled),,,Permission unmanaged,None
Microsoft Active Directory,Gijs Aalbers (500107),Gijs Aalbers,gijs.aalbers71,True,SEC-Endpoint-Protection (avo.local/Sample/Groups/SEC-Endpoint-Protection),,,Permission unmanaged,None
Microsoft Active Directory,Gijs Aalbers (500107),Gijs Aalbers,gijs.aalbers71,True,LIC-M365-E1 (avo.local/Sample/Groups/LIC-M365-E1),,,Permission unmanaged,None
Microsoft Active Directory,,Olivier Zomerdijk (admin),adm-olivier.zomerdijk72,True,,,,Account unmanaged,None
Microsoft Active Directory,,Olivier Zomerdijk (admin),adm-olivier.zomerdijk72,True,ADMIN-Beheer (avo.local/Sample/Groups/ADMIN-Beheer),,,Permission unmanaged,None
Microsoft Active Directory,,Olivier Zomerdijk (admin),adm-olivier.zomerdijk72,True,LIC-M365-E1 (avo.local/Sample/Groups/LIC-M365-E1),,,Permission unmanaged,None
Microsoft Active Directory,Sem Coenen (500109),Sem Coenen,sem.coenen73,True,FS-COM05-Communicatie-RW (avo.local/Sample/Groups/FS-COM05-Communicatie-RW),,,Permission unmanaged,None
Microsoft Active Directory,Sem Coenen (500109),Sem Coenen,sem.coenen73,True,ROLE-COM05-Communicatie (avo.local/Sample/Groups/ROLE-COM05-Communicatie),,,Permission unmanaged,None
Microsoft Active Directory,Sem Coenen (500109),Sem Coenen,sem.coenen73,True,TEAM-COM05-Communicatie (avo.local/Sample/Groups/TEAM-COM05-Communicatie),,,Permission unmanaged,None
Microsoft Active Directory,Sem Coenen (500109),Sem Coenen,sem.coenen73,True,FS-COM05-Communicatie-RO (avo.local/Sample/Groups/FS-COM05-Communicatie-RO),,,Permission unmanaged,None
Microsoft Active Directory,Sem Coenen (500109),Sem Coenen,sem.coenen73,True,APP-Selfservice (avo.local/Sample/Groups/APP-Selfservice),,,Permission unmanaged,None
Microsoft Active Directory,Sem Coenen (500109),Sem Coenen,sem.coenen73,True,APP-Planner (avo.local/Sample/Groups/APP-Planner),,,Permission unmanaged,None
Microsoft Active Directory,Sem Coenen (500109),Sem Coenen,sem.coenen73,True,APP-Office365 (avo.local/Sample/Groups/APP-Office365),,,Permission unmanaged,None
Microsoft Active Directory,Sem Coenen (500109),Sem Coenen,sem.coenen73,True,SEC-Antivirus (avo.local/Sample/Groups/SEC-Antivirus),,,Permission unmanaged,None
Microsoft Active Directory,Sem Coenen (500109),Sem Coenen,sem.coenen73,True,SEC-DiskEncryption (avo.local/Sample/Groups/SEC-DiskEncryption),,,Permission unmanaged,None
Microsoft Active Directory,Sem Coenen (500109),Sem Coenen,sem.coenen73,True,SEC-MFA-Enrolled (avo.local/Sample/Groups/SEC-MFA-Enrolled),,,Permission unmanaged,None
Microsoft Active Directory,Sem Coenen (500109),Sem Coenen,sem.coenen73,True,APP-Project (avo.local/Sample/Groups/APP-Project),,,Permission unmanaged,None
Microsoft Active Directory,Sem Coenen (500109),Sem Coenen,sem.coenen73,True,LIC-M365-E1 (avo.local/Sample/Groups/LIC-M365-E1),,,Permission unmanaged,None
Microsoft Active Directory,Noa Zomerdijk (500110),Noa Zomerdijk,noa.zomerdijk74,True,FS-CA060-Revalidatie-RO (avo.local/Sample/Groups/FS-CA060-Revalidatie-RO),,,Permission unmanaged,None
Microsoft Active Directory,Noa Zomerdijk (500110),Noa Zomerdijk,noa.zomerdijk74,True,MBX-CA060-Revalidatie (avo.local/Sample/Groups/MBX-CA060-Revalidatie),,,Permission unmanaged,None
Microsoft Active Directory,Noa Zomerdijk (500110),Noa Zomerdijk,noa.zomerdijk74,True,APP-Selfservice (avo.local/Sample/Groups/APP-Selfservice),,,Permission unmanaged,None
Microsoft Active Directory,Noa Zomerdijk (500110),Noa Zomerdijk,noa.zomerdijk74,True,APP-Planner (avo.local/Sample/Groups/APP-Planner),,,Permission unmanaged,None
Microsoft Active Directory,Noa Zomerdijk (500110),Noa Zomerdijk,noa.zomerdijk74,True,WIFI-Personeel (avo.local/Sample/Groups/WIFI-Personeel),,,Permission unmanaged,None
Microsoft Active Directory,Noa Zomerdijk (500110),Noa Zomerdijk,noa.zomerdijk74,True,PRINT-Default (avo.local/Sample/Groups/PRINT-Default),,,Permission unmanaged,None
Microsoft Active Directory,Noa Zomerdijk (500110),Noa Zomerdijk,noa.zomerdijk74,True,SEC-Antivirus (avo.local/Sample/Groups/SEC-Antivirus),,,Permission unmanaged,None
Microsoft Active Directory,Noa Zomerdijk (500110),Noa Zomerdijk,noa.zomerdijk74,True,SEC-DiskEncryption (avo.local/Sample/Groups/SEC-DiskEncryption),,,Permission unmanaged,None
Microsoft Active Directory,Noa Zomerdijk (500110),Noa Zomerdijk,noa.zomerdijk74,True,SEC-MFA-Enrolled (avo.local/Sample/Groups/SEC-MFA-Enrolled),,,Permission unmanaged,None
Microsoft Active Directory,Noa Zomerdijk (500110),Noa Zomerdijk,noa.zomerdijk74,True,SEC-Endpoint-Protection (avo.local/Sample/Groups/SEC-Endpoint-Protection),,,Permission unmanaged,None
Microsoft Active Directory,Noa Zomerdijk (500110),Noa Zomerdijk,noa.zomerdijk74,True,APP-Adobe-AcrobatPro (avo.local/Sample/Groups/APP-Adobe-AcrobatPro),,,Permission unmanaged,None
Microsoft Active Directory,Noa Zomerdijk (500110),Noa Zomerdijk,noa.zomerdijk74,True,APP-Project (avo.local/Sample/Groups/APP-Project),,,Permission unmanaged,None
Microsoft Active Directory,Noa Zomerdijk (500110),Noa Zomerdijk,noa.zomerdijk74,True,LIC-M365-E3 (avo.local/Sample/Groups/LIC-M365-E3),,,Permission unmanaged,None
Microsoft Active Directory,,Jasper Aalbers,jasper.aalbers75,True,,,,Account unmanaged,None
Microsoft Active Directory,,Jasper Aalbers,jasper.aalbers75,True,TEAM-INK08-Inkoop (avo.local/Sample/Groups/TEAM-INK08-Inkoop),,,Permission unmanaged,None
Microsoft Active Directory,,Jasper Aalbers,jasper.aalbers75,True,ROLE-INK08-Inkoop (avo.local/Sample/Groups/ROLE-INK08-Inkoop),,,Permission unmanaged,None
Microsoft Active Directory,,Jasper Aalbers,jasper.aalbers75,True,FS-INK08-Inkoop-RO (avo.local/Sample/Groups/FS-INK08-Inkoop-RO),,,Permission unmanaged,None
Microsoft Active Directory,,Jasper Aalbers,jasper.aalbers75,True,APP-INK08-Inkoop-Portal (avo.local/Sample/Groups/APP-INK08-Inkoop-Portal),,,Permission unmanaged,None
Microsoft Active Directory,,Jasper Aalbers,jasper.aalbers75,True,MBX-INK08-Inkoop (avo.local/Sample/Groups/MBX-INK08-Inkoop),,,Permission unmanaged,None
Microsoft Active Directory,,Jasper Aalbers,jasper.aalbers75,True,FS-INK08-Inkoop-RW (avo.local/Sample/Groups/FS-INK08-Inkoop-RW),,,Permission unmanaged,None
Microsoft Active Directory,,Jasper Aalbers,jasper.aalbers75,True,APP-Planner (avo.local/Sample/Groups/APP-Planner),,,Permission unmanaged,None
Microsoft Active Directory,,Jasper Aalbers,jasper.aalbers75,True,APP-Office365 (avo.local/Sample/Groups/APP-Office365),,,Permission unmanaged,None
Microsoft Active Directory,,Jasper Aalbers,jasper.aalbers75,True,APP-Intranet (avo.local/Sample/Groups/APP-Intranet),,,Permission unmanaged,None
Microsoft Active Directory,,Jasper Aalbers,jasper.aalbers75,True,SEC-Antivirus (avo.local/Sample/Groups/SEC-Antivirus),,,Permission unmanaged,None
Microsoft Active Directory,,Jasper Aalbers,jasper.aalbers75,True,SEC-DiskEncryption (avo.local/Sample/Groups/SEC-DiskEncryption),,,Permission unmanaged,None
Microsoft Active Directory,,Jasper Aalbers,jasper.aalbers75,True,SEC-MFA-Enrolled (avo.local/Sample/Groups/SEC-MFA-Enrolled),,,Permission unmanaged,None
Microsoft Active Directory,,Jasper Aalbers,jasper.aalbers75,True,SEC-Endpoint-Protection (avo.local/Sample/Groups/SEC-Endpoint-Protection),,,Permission unmanaged,None
Microsoft Active Directory,,Jasper Aalbers,jasper.aalbers75,True,LIC-M365-E3 (avo.local/Sample/Groups/LIC-M365-E3),,,Permission unmanaged,None
Microsoft Active Directory,Mila Slootweg (500112),Mila Slootweg,mila.slootweg76,True,ROLE-CZ08-Begeleiding (avo.local/Sample/Groups/ROLE-CZ08-Begeleiding),,,Permission unmanaged,None
Microsoft Active Directory,Mila Slootweg (500112),Mila Slootweg,mila.slootweg76,True,FS-CZ08-Begeleiding-RW (avo.local/Sample/Groups/FS-CZ08-Begeleiding-RW),,,Permission unmanaged,None
Microsoft Active Directory,Mila Slootweg (500112),Mila Slootweg,mila.slootweg76,True,APP-CZ08-Begeleiding-Portal (avo.local/Sample/Groups/APP-CZ08-Begeleiding-Portal),,,Permission unmanaged,None
Microsoft Active Directory,Mila Slootweg (500112),Mila Slootweg,mila.slootweg76,True,TEAM-CZ08-Begeleiding (avo.local/Sample/Groups/TEAM-CZ08-Begeleiding),,,Permission unmanaged,None
Microsoft Active Directory,Mila Slootweg (500112),Mila Slootweg,mila.slootweg76,True,FS-CZ08-Begeleiding-RO (avo.local/Sample/Groups/FS-CZ08-Begeleiding-RO),,,Permission unmanaged,None
Microsoft Active Directory,Mila Slootweg (500112),Mila Slootweg,mila.slootweg76,True,MBX-CZ08-Begeleiding (avo.local/Sample/Groups/MBX-CZ08-Begeleiding),,,Permission unmanaged,None
Microsoft Active Directory,Mila Slootweg (500112),Mila Slootweg,mila.slootweg76,True,APP-Planner (avo.local/Sample/Groups/APP-Planner),,,Permission unmanaged,None
Microsoft Active Directory,Mila Slootweg (500112),Mila Slootweg,mila.slootweg76,True,SEC-Antivirus (avo.local/Sample/Groups/SEC-Antivirus),,,Permission unmanaged,None
Microsoft Active Directory,Mila Slootweg (500112),Mila Slootweg,mila.slootweg76,True,SEC-DiskEncryption (avo.local/Sample/Groups/SEC-DiskEncryption),,,Permission unmanaged,None
Microsoft Active Directory,Mila Slootweg (500112),Mila Slootweg,mila.slootweg76,True,SEC-Endpoint-Protection (avo.local/Sample/Groups/SEC-Endpoint-Protection),,,Permission unmanaged,None
Microsoft Active Directory,Mila Slootweg (500112),Mila Slootweg,mila.slootweg76,True,APP-Copilot (avo.local/Sample/Groups/APP-Copilot),,,Permission unmanaged,None
Microsoft Active Directory,Mila Slootweg (500112),Mila Slootweg,mila.slootweg76,True,APP-PowerBI-Pro (avo.local/Sample/Groups/APP-PowerBI-Pro),,,Permission unmanaged,None
Microsoft Active Directory,Mila Slootweg (500112),Mila Slootweg,mila.slootweg76,True,LIC-M365-E5 (avo.local/Sample/Groups/LIC-M365-E5),,,Permission unmanaged,None
Microsoft Active Directory,Xander Hoekstra (500113),Xander Hoekstra,xander.hoekstra77,True,FS-FIN01-Financien-RW (avo.local/Sample/Groups/FS-FIN01-Financien-RW),,,Permission unmanaged,None
Microsoft Active Directory,Xander Hoekstra (500113),Xander Hoekstra,xander.hoekstra77,True,ROLE-FIN01-Financien (avo.local/Sample/Groups/ROLE-FIN01-Financien),,,Permission unmanaged,None
Microsoft Active Directory,Xander Hoekstra (500113),Xander Hoekstra,xander.hoekstra77,True,APP-Selfservice (avo.local/Sample/Groups/APP-Selfservice),,,Permission unmanaged,None
Microsoft Active Directory,Xander Hoekstra (500113),Xander Hoekstra,xander.hoekstra77,True,SEC-Antivirus (avo.local/Sample/Groups/SEC-Antivirus),,,Permission unmanaged,None
Microsoft Active Directory,Xander Hoekstra (500113),Xander Hoekstra,xander.hoekstra77,True,SEC-DiskEncryption (avo.local/Sample/Groups/SEC-DiskEncryption),,,Permission unmanaged,None
Microsoft Active Directory,Xander Hoekstra (500113),Xander Hoekstra,xander.hoekstra77,True,SEC-MFA-Enrolled (avo.local/Sample/Groups/SEC-MFA-Enrolled),,,Permission unmanaged,None
Microsoft Active Directory,Xander Hoekstra (500113),Xander Hoekstra,xander.hoekstra77,True,SEC-Endpoint-Protection (avo.local/Sample/Groups/SEC-Endpoint-Protection),,,Permission unmanaged,None
Microsoft Active Directory,Xander Hoekstra (500113),Xander Hoekstra,xander.hoekstra77,True,APP-PowerBI-Pro (avo.local/Sample/Groups/APP-PowerBI-Pro),,,Permission unmanaged,None
Microsoft Active Directory,Xander Hoekstra (500113),Xander Hoekstra,xander.hoekstra77,True,APP-Visio (avo.local/Sample/Groups/APP-Visio),,,Permission unmanaged,None
Microsoft Active Directory,Xander Hoekstra (500113),Xander Hoekstra,xander.hoekstra77,True,LIC-M365-F3 (avo.local/Sample/Groups/LIC-M365-F3),,,Permission unmanaged,None
Microsoft Active Directory,Sem Pronk (500114),Sem Pronk,sem.pronk78,False,APP-CA010-Thuiszorg-Portal (avo.local/Sample/Groups/APP-CA010-Thuiszorg-Portal),,,Permission unmanaged,None
Microsoft Active Directory,Sem Pronk (500114),Sem Pronk,sem.pronk78,False,FS-CA010-Thuiszorg-RW (avo.local/Sample/Groups/FS-CA010-Thuiszorg-RW),,,Permission unmanaged,None
Microsoft Active Directory,Sem Pronk (500114),Sem Pronk,sem.pronk78,False,MBX-CA010-Thuiszorg (avo.local/Sample/Groups/MBX-CA010-Thuiszorg),,,Permission unmanaged,None
Microsoft Active Directory,Sem Pronk (500114),Sem Pronk,sem.pronk78,False,ROLE-CA010-Thuiszorg (avo.local/Sample/Groups/ROLE-CA010-Thuiszorg),,,Permission unmanaged,None
Microsoft Active Directory,Sem Pronk (500114),Sem Pronk,sem.pronk78,False,APP-Planner (avo.local/Sample/Groups/APP-Planner),,,Permission unmanaged,None
Microsoft Active Directory,Sem Pronk (500114),Sem Pronk,sem.pronk78,False,APP-Teams (avo.local/Sample/Groups/APP-Teams),,,Permission unmanaged,None
Microsoft Active Directory,Sem Pronk (500114),Sem Pronk,sem.pronk78,False,APP-Intranet (avo.local/Sample/Groups/APP-Intranet),,,Permission unmanaged,None
Microsoft Active Directory,Sem Pronk (500114),Sem Pronk,sem.pronk78,False,WIFI-Personeel (avo.local/Sample/Groups/WIFI-Personeel),,,Permission unmanaged,None
Microsoft Active Directory,Sem Pronk (500114),Sem Pronk,sem.pronk78,False,SEC-Antivirus (avo.local/Sample/Groups/SEC-Antivirus),,,Permission unmanaged,None
Microsoft Active Directory,Sem Pronk (500114),Sem Pronk,sem.pronk78,False,SEC-MFA-Enrolled (avo.local/Sample/Groups/SEC-MFA-Enrolled),,,Permission unmanaged,None
Microsoft Active Directory,Sem Pronk (500114),Sem Pronk,sem.pronk78,False,SEC-Endpoint-Protection (avo.local/Sample/Groups/SEC-Endpoint-Protection),,,Permission unmanaged,None
Microsoft Active Directory,Sem Pronk (500114),Sem Pronk,sem.pronk78,False,LIC-M365-E1 (avo.local/Sample/Groups/LIC-M365-E1),,,Permission unmanaged,None
Microsoft Active Directory,Hanna Coenen (500115),Hanna Coenen,hanna.coenen79,False,MBX-COM05-Communicatie (avo.local/Sample/Groups/MBX-COM05-Communicatie),,,Permission unmanaged,None
Microsoft Active Directory,Hanna Coenen (500115),Hanna Coenen,hanna.coenen79,False,FS-COM05-Communicatie-RO (avo.local/Sample/Groups/FS-COM05-Communicatie-RO),,,Permission unmanaged,None
Microsoft Active Directory,Hanna Coenen (500115),Hanna Coenen,hanna.coenen79,False,APP-COM05-Communicatie-Portal (avo.local/Sample/Groups/APP-COM05-Communicatie-Portal),,,Permission unmanaged,None
Microsoft Active Directory,Hanna Coenen (500115),Hanna Coenen,hanna.coenen79,False,ROLE-COM05-Communicatie (avo.local/Sample/Groups/ROLE-COM05-Communicatie),,,Permission unmanaged,None
Microsoft Active Directory,Hanna Coenen (500115),Hanna Coenen,hanna.coenen79,False,TEAM-COM05-Communicatie (avo.local/Sample/Groups/TEAM-COM05-Communicatie),,,Permission unmanaged,None
Microsoft Active Directory,Hanna Coenen (500115),Hanna Coenen,hanna.coenen79,False,FS-COM05-Communicatie-RW (avo.local/Sample/Groups/FS-COM05-Communicatie-RW),,,Permission unmanaged,None
Microsoft Active Directory,Hanna Coenen (500115),Hanna Coenen,hanna.coenen79,False,APP-Selfservice (avo.local/Sample/Groups/APP-Selfservice),,,Permission unmanaged,None
Microsoft Active Directory,Hanna Coenen (500115),Hanna Coenen,hanna.coenen79,False,APP-Planner (avo.local/Sample/Groups/APP-Planner),,,Permission unmanaged,None
Microsoft Active Directory,Hanna Coenen (500115),Hanna Coenen,hanna.coenen79,False,APP-Intranet (avo.local/Sample/Groups/APP-Intranet),,,Permission unmanaged,None
Microsoft Active Directory,Hanna Coenen (500115),Hanna Coenen,hanna.coenen79,False,SEC-Antivirus (avo.local/Sample/Groups/SEC-Antivirus),,,Permission unmanaged,None
Microsoft Active Directory,Hanna Coenen (500115),Hanna Coenen,hanna.coenen79,False,SEC-DiskEncryption (avo.local/Sample/Groups/SEC-DiskEncryption),,,Permission unmanaged,None
Microsoft Active Directory,Hanna Coenen (500115),Hanna Coenen,hanna.coenen79,False,SEC-MFA-Enrolled (avo.local/Sample/Groups/SEC-MFA-Enrolled),,,Permission unmanaged,None
Microsoft Active Directory,Hanna Coenen (500115),Hanna Coenen,hanna.coenen79,False,SEC-Endpoint-Protection (avo.local/Sample/Groups/SEC-Endpoint-Protection),,,Permission unmanaged,None
Microsoft Active Directory,Hanna Coenen (500115),Hanna Coenen,hanna.coenen79,False,APP-Project (avo.local/Sample/Groups/APP-Project),,,Permission unmanaged,None
Microsoft Active Directory,Hanna Coenen (500115),Hanna Coenen,hanna.coenen79,False,APP-Copilot (avo.local/Sample/Groups/APP-Copilot),,,Permission unmanaged,None
Microsoft Active Directory,Hanna Coenen (500115),Hanna Coenen,hanna.coenen79,False,LIC-M365-E1 (avo.local/Sample/Groups/LIC-M365-E1),,,Permission unmanaged,None
Microsoft Active Directory,Finn Roozendaal (500116),Finn Roozendaal,finn.roozendaal80,True,TEAM-CZ08-Begeleiding (avo.local/Sample/Groups/TEAM-CZ08-Begeleiding),,,Permission unmanaged,None
Microsoft Active Directory,Finn Roozendaal (500116),Finn Roozendaal,finn.roozendaal80,True,ROLE-CZ08-Begeleiding (avo.local/Sample/Groups/ROLE-CZ08-Begeleiding),,,Permission unmanaged,None
Microsoft Active Directory,Finn Roozendaal (500116),Finn Roozendaal,finn.roozendaal80,True,FS-CZ08-Begeleiding-RW (avo.local/Sample/Groups/FS-CZ08-Begeleiding-RW),,,Permission unmanaged,None
Microsoft Active Directory,Finn Roozendaal (500116),Finn Roozendaal,finn.roozendaal80,True,FS-CZ08-Begeleiding-RO (avo.local/Sample/Groups/FS-CZ08-Begeleiding-RO),,,Permission unmanaged,None
Microsoft Active Directory,Finn Roozendaal (500116),Finn Roozendaal,finn.roozendaal80,True,APP-Planner (avo.local/Sample/Groups/APP-Planner),,,Permission unmanaged,None
Microsoft Active Directory,Finn Roozendaal (500116),Finn Roozendaal,finn.roozendaal80,True,APP-Selfservice (avo.local/Sample/Groups/APP-Selfservice),,,Permission unmanaged,None
Microsoft Active Directory,Finn Roozendaal (500116),Finn Roozendaal,finn.roozendaal80,True,APP-Teams (avo.local/Sample/Groups/APP-Teams),,,Permission unmanaged,None
Microsoft Active Directory,Finn Roozendaal (500116),Finn Roozendaal,finn.roozendaal80,True,WIFI-Personeel (avo.local/Sample/Groups/WIFI-Personeel),,,Permission unmanaged,None
Microsoft Active Directory,Finn Roozendaal (500116),Finn Roozendaal,finn.roozendaal80,True,SEC-Antivirus (avo.local/Sample/Groups/SEC-Antivirus),,,Permission unmanaged,None
Microsoft Active Directory,Finn Roozendaal (500116),Finn Roozendaal,finn.roozendaal80,True,SEC-DiskEncryption (avo.local/Sample/Groups/SEC-DiskEncryption),,,Permission unmanaged,None
Microsoft Active Directory,Finn Roozendaal (500116),Finn Roozendaal,finn.roozendaal80,True,SEC-MFA-Enrolled (avo.local/Sample/Groups/SEC-MFA-Enrolled),,,Permission unmanaged,None
Microsoft Active Directory,Finn Roozendaal (500116),Finn Roozendaal,finn.roozendaal80,True,SEC-Endpoint-Protection (avo.local/Sample/Groups/SEC-Endpoint-Protection),,,Permission unmanaged,None
Microsoft Active Directory,Finn Roozendaal (500116),Finn Roozendaal,finn.roozendaal80,True,APP-Copilot (avo.local/Sample/Groups/APP-Copilot),,,Permission unmanaged,None
Microsoft Active Directory,Finn Roozendaal (500116),Finn Roozendaal,finn.roozendaal80,True,APP-Project (avo.local/Sample/Groups/APP-Project),,,Permission unmanaged,None
Microsoft Active Directory,Finn Roozendaal (500116),Finn Roozendaal,finn.roozendaal80,True,LIC-M365-E5 (avo.local/Sample/Groups/LIC-M365-E5),,,Permission unmanaged,None
Microsoft Active Directory,Pien Aalbers (500117),Pien Aalbers,pien.aalbers81,True,APP-CA060-Revalidatie-Portal (avo.local/Sample/Groups/APP-CA060-Revalidatie-Portal),,,Permission unmanaged,None
Microsoft Active Directory,Pien Aalbers (500117),Pien Aalbers,pien.aalbers81,True,FS-CA060-Revalidatie-RO (avo.local/Sample/Groups/FS-CA060-Revalidatie-RO),,,Permission unmanaged,None
Microsoft Active Directory,Pien Aalbers (500117),Pien Aalbers,pien.aalbers81,True,ROLE-CA060-Revalidatie (avo.local/Sample/Groups/ROLE-CA060-Revalidatie),,,Permission unmanaged,None
Microsoft Active Directory,Pien Aalbers (500117),Pien Aalbers,pien.aalbers81,True,TEAM-CA060-Revalidatie (avo.local/Sample/Groups/TEAM-CA060-Revalidatie),,,Permission unmanaged,None
Microsoft Active Directory,Pien Aalbers (500117),Pien Aalbers,pien.aalbers81,True,MBX-CA060-Revalidatie (avo.local/Sample/Groups/MBX-CA060-Revalidatie),,,Permission unmanaged,None
Microsoft Active Directory,Pien Aalbers (500117),Pien Aalbers,pien.aalbers81,True,APP-Planner (avo.local/Sample/Groups/APP-Planner),,,Permission unmanaged,None
Microsoft Active Directory,Pien Aalbers (500117),Pien Aalbers,pien.aalbers81,True,APP-Intranet (avo.local/Sample/Groups/APP-Intranet),,,Permission unmanaged,None
Microsoft Active Directory,Pien Aalbers (500117),Pien Aalbers,pien.aalbers81,True,APP-Selfservice (avo.local/Sample/Groups/APP-Selfservice),,,Permission unmanaged,None
Microsoft Active Directory,Pien Aalbers (500117),Pien Aalbers,pien.aalbers81,True,PRINT-Default (avo.local/Sample/Groups/PRINT-Default),,,Permission unmanaged,None
Microsoft Active Directory,Pien Aalbers (500117),Pien Aalbers,pien.aalbers81,True,SEC-Antivirus (avo.local/Sample/Groups/SEC-Antivirus),,,Permission unmanaged,None
Microsoft Active Directory,Pien Aalbers (500117),Pien Aalbers,pien.aalbers81,True,SEC-MFA-Enrolled (avo.local/Sample/Groups/SEC-MFA-Enrolled),,,Permission unmanaged,None
Microsoft Active Directory,Pien Aalbers (500117),Pien Aalbers,pien.aalbers81,True,SEC-Endpoint-Protection (avo.local/Sample/Groups/SEC-Endpoint-Protection),,,Permission unmanaged,None
Microsoft Active Directory,Pien Aalbers (500117),Pien Aalbers,pien.aalbers81,True,APP-PowerBI-Pro (avo.local/Sample/Groups/APP-PowerBI-Pro),,,Permission unmanaged,None
Microsoft Active Directory,Pien Aalbers (500117),Pien Aalbers,pien.aalbers81,True,APP-Visio (avo.local/Sample/Groups/APP-Visio),,,Permission unmanaged,None
Microsoft Active Directory,Pien Aalbers (500117),Pien Aalbers,pien.aalbers81,True,LIC-M365-F3 (avo.local/Sample/Groups/LIC-M365-F3),,,Permission unmanaged,None
Microsoft Active Directory,Noa Nagtegaal (500118),Noa Nagtegaal,noa.nagtegaal82,True,FS-FIN01-Financien-RO (avo.local/Sample/Groups/FS-FIN01-Financien-RO),,,Permission unmanaged,None
Microsoft Active Directory,Noa Nagtegaal (500118),Noa Nagtegaal,noa.nagtegaal82,True,APP-FIN01-Financien-Portal (avo.local/Sample/Groups/APP-FIN01-Financien-Portal),,,Permission unmanaged,None
Microsoft Active Directory,Noa Nagtegaal (500118),Noa Nagtegaal,noa.nagtegaal82,True,FS-FIN01-Financien-RW (avo.local/Sample/Groups/FS-FIN01-Financien-RW),,,Permission unmanaged,None
Microsoft Active Directory,Noa Nagtegaal (500118),Noa Nagtegaal,noa.nagtegaal82,True,APP-Planner (avo.local/Sample/Groups/APP-Planner),,,Permission unmanaged,None
Microsoft Active Directory,Noa Nagtegaal (500118),Noa Nagtegaal,noa.nagtegaal82,True,APP-Intranet (avo.local/Sample/Groups/APP-Intranet),,,Permission unmanaged,None
Microsoft Active Directory,Noa Nagtegaal (500118),Noa Nagtegaal,noa.nagtegaal82,True,VPN-Thuiswerken (avo.local/Sample/Groups/VPN-Thuiswerken),,,Permission unmanaged,None
Microsoft Active Directory,Noa Nagtegaal (500118),Noa Nagtegaal,noa.nagtegaal82,True,WIFI-Personeel (avo.local/Sample/Groups/WIFI-Personeel),,,Permission unmanaged,None
Microsoft Active Directory,Noa Nagtegaal (500118),Noa Nagtegaal,noa.nagtegaal82,True,SEC-Antivirus (avo.local/Sample/Groups/SEC-Antivirus),,,Permission unmanaged,None
Microsoft Active Directory,Noa Nagtegaal (500118),Noa Nagtegaal,noa.nagtegaal82,True,SEC-MFA-Enrolled (avo.local/Sample/Groups/SEC-MFA-Enrolled),,,Permission unmanaged,None
Microsoft Active Directory,Noa Nagtegaal (500118),Noa Nagtegaal,noa.nagtegaal82,True,SEC-Endpoint-Protection (avo.local/Sample/Groups/SEC-Endpoint-Protection),,,Permission unmanaged,None
Microsoft Active Directory,Noa Nagtegaal (500118),Noa Nagtegaal,noa.nagtegaal82,True,LIC-M365-E1 (avo.local/Sample/Groups/LIC-M365-E1),,,Permission unmanaged,None
Microsoft Active Directory,Tess Quaedvlieg (500119),Tess Quaedvlieg,tess.quaedvlieg83,True,ROLE-FIN01-Financien (avo.local/Sample/Groups/ROLE-FIN01-Financien),,,Permission unmanaged,None
Microsoft Active Directory,Tess Quaedvlieg (500119),Tess Quaedvlieg,tess.quaedvlieg83,True,FS-FIN01-Financien-RO (avo.local/Sample/Groups/FS-FIN01-Financien-RO),,,Permission unmanaged,None
Microsoft Active Directory,Tess Quaedvlieg (500119),Tess Quaedvlieg,tess.quaedvlieg83,True,TEAM-FIN01-Financien (avo.local/Sample/Groups/TEAM-FIN01-Financien),,,Permission unmanaged,None
Microsoft Active Directory,Tess Quaedvlieg (500119),Tess Quaedvlieg,tess.quaedvlieg83,True,APP-Planner (avo.local/Sample/Groups/APP-Planner),,,Permission unmanaged,None
Microsoft Active Directory,Tess Quaedvlieg (500119),Tess Quaedvlieg,tess.quaedvlieg83,True,APP-Teams (avo.local/Sample/Groups/APP-Teams),,,Permission unmanaged,None
Microsoft Active Directory,Tess Quaedvlieg (500119),Tess Quaedvlieg,tess.quaedvlieg83,True,PRINT-Default (avo.local/Sample/Groups/PRINT-Default),,,Permission unmanaged,None
Microsoft Active Directory,Tess Quaedvlieg (500119),Tess Quaedvlieg,tess.quaedvlieg83,True,VPN-Thuiswerken (avo.local/Sample/Groups/VPN-Thuiswerken),,,Permission unmanaged,None
Microsoft Active Directory,Tess Quaedvlieg (500119),Tess Quaedvlieg,tess.quaedvlieg83,True,SEC-Antivirus (avo.local/Sample/Groups/SEC-Antivirus),,,Permission unmanaged,None
Microsoft Active Directory,Tess Quaedvlieg (500119),Tess Quaedvlieg,tess.quaedvlieg83,True,SEC-DiskEncryption (avo.local/Sample/Groups/SEC-DiskEncryption),,,Permission unmanaged,None
Microsoft Active Directory,Tess Quaedvlieg (500119),Tess Quaedvlieg,tess.quaedvlieg83,True,SEC-MFA-Enrolled (avo.local/Sample/Groups/SEC-MFA-Enrolled),,,Permission unmanaged,None
Microsoft Active Directory,Tess Quaedvlieg (500119),Tess Quaedvlieg,tess.quaedvlieg83,True,SEC-Endpoint-Protection (avo.local/Sample/Groups/SEC-Endpoint-Protection),,,Permission unmanaged,None
Microsoft Active Directory,Tess Quaedvlieg (500119),Tess Quaedvlieg,tess.quaedvlieg83,True,APP-Visio (avo.local/Sample/Groups/APP-Visio),,,Permission unmanaged,None
Microsoft Active Directory,Tess Quaedvlieg (500119),Tess Quaedvlieg,tess.quaedvlieg83,True,APP-PowerBI-Pro (avo.local/Sample/Groups/APP-PowerBI-Pro),,,Permission unmanaged,None
Microsoft Active Directory,Tess Quaedvlieg (500119),Tess Quaedvlieg,tess.quaedvlieg83,True,LIC-M365-F3 (avo.local/Sample/Groups/LIC-M365-F3),,,Permission unmanaged,None
Microsoft Active Directory,Roos Zomerdijk (500120),Roos Zomerdijk,roos.zomerdijk84,False,FS-CA010-Thuiszorg-RW (avo.local/Sample/Groups/FS-CA010-Thuiszorg-RW),,,Permission unmanaged,None
Microsoft Active Directory,Roos Zomerdijk (500120),Roos Zomerdijk,roos.zomerdijk84,False,FS-CA010-Thuiszorg-RO (avo.local/Sample/Groups/FS-CA010-Thuiszorg-RO),,,Permission unmanaged,None
Microsoft Active Directory,Roos Zomerdijk (500120),Roos Zomerdijk,roos.zomerdijk84,False,TEAM-CA010-Thuiszorg (avo.local/Sample/Groups/TEAM-CA010-Thuiszorg),,,Permission unmanaged,None
Microsoft Active Directory,Roos Zomerdijk (500120),Roos Zomerdijk,roos.zomerdijk84,False,APP-Selfservice (avo.local/Sample/Groups/APP-Selfservice),,,Permission unmanaged,None
Microsoft Active Directory,Roos Zomerdijk (500120),Roos Zomerdijk,roos.zomerdijk84,False,APP-Teams (avo.local/Sample/Groups/APP-Teams),,,Permission unmanaged,None
Microsoft Active Directory,Roos Zomerdijk (500120),Roos Zomerdijk,roos.zomerdijk84,False,VPN-Thuiswerken (avo.local/Sample/Groups/VPN-Thuiswerken),,,Permission unmanaged,None
Microsoft Active Directory,Roos Zomerdijk (500120),Roos Zomerdijk,roos.zomerdijk84,False,WIFI-Personeel (avo.local/Sample/Groups/WIFI-Personeel),,,Permission unmanaged,None
Microsoft Active Directory,Roos Zomerdijk (500120),Roos Zomerdijk,roos.zomerdijk84,False,SEC-Antivirus (avo.local/Sample/Groups/SEC-Antivirus),,,Permission unmanaged,None
Microsoft Active Directory,Roos Zomerdijk (500120),Roos Zomerdijk,roos.zomerdijk84,False,SEC-DiskEncryption (avo.local/Sample/Groups/SEC-DiskEncryption),,,Permission unmanaged,None
Microsoft Active Directory,Roos Zomerdijk (500120),Roos Zomerdijk,roos.zomerdijk84,False,SEC-MFA-Enrolled (avo.local/Sample/Groups/SEC-MFA-Enrolled),,,Permission unmanaged,None
Microsoft Active Directory,Roos Zomerdijk (500120),Roos Zomerdijk,roos.zomerdijk84,False,SEC-Endpoint-Protection (avo.local/Sample/Groups/SEC-Endpoint-Protection),,,Permission unmanaged,None
Microsoft Active Directory,Roos Zomerdijk (500120),Roos Zomerdijk,roos.zomerdijk84,False,APP-Adobe-AcrobatPro (avo.local/Sample/Groups/APP-Adobe-AcrobatPro),,,Permission unmanaged,None
Microsoft Active Directory,Roos Zomerdijk (500120),Roos Zomerdijk,roos.zomerdijk84,False,APP-Copilot (avo.local/Sample/Groups/APP-Copilot),,,Permission unmanaged,None
Microsoft Active Directory,Roos Zomerdijk (500120),Roos Zomerdijk,roos.zomerdijk84,False,LIC-M365-F3 (avo.local/Sample/Groups/LIC-M365-F3),,,Permission unmanaged,None
Microsoft Active Directory,Wout Terlouw (500121),Wout Terlouw,wout.terlouw85,True,ROLE-HRM02-Personeel (avo.local/Sample/Groups/ROLE-HRM02-Personeel),,,Permission unmanaged,None
Microsoft Active Directory,Wout Terlouw (500121),Wout Terlouw,wout.terlouw85,True,APP-HRM02-Personeel-Portal (avo.local/Sample/Groups/APP-HRM02-Personeel-Portal),,,Permission unmanaged,None
Microsoft Active Directory,Wout Terlouw (500121),Wout Terlouw,wout.terlouw85,True,TEAM-HRM02-Personeel (avo.local/Sample/Groups/TEAM-HRM02-Personeel),,,Permission unmanaged,None
Microsoft Active Directory,Wout Terlouw (500121),Wout Terlouw,wout.terlouw85,True,FS-HRM02-Personeel-RW (avo.local/Sample/Groups/FS-HRM02-Personeel-RW),,,Permission unmanaged,None
Microsoft Active Directory,Wout Terlouw (500121),Wout Terlouw,wout.terlouw85,True,MBX-HRM02-Personeel (avo.local/Sample/Groups/MBX-HRM02-Personeel),,,Permission unmanaged,None
Microsoft Active Directory,Wout Terlouw (500121),Wout Terlouw,wout.terlouw85,True,APP-Planner (avo.local/Sample/Groups/APP-Planner),,,Permission unmanaged,None
Microsoft Active Directory,Wout Terlouw (500121),Wout Terlouw,wout.terlouw85,True,APP-Intranet (avo.local/Sample/Groups/APP-Intranet),,,Permission unmanaged,None
Microsoft Active Directory,Wout Terlouw (500121),Wout Terlouw,wout.terlouw85,True,PRINT-Default (avo.local/Sample/Groups/PRINT-Default),,,Permission unmanaged,None
Microsoft Active Directory,Wout Terlouw (500121),Wout Terlouw,wout.terlouw85,True,VPN-Thuiswerken (avo.local/Sample/Groups/VPN-Thuiswerken),,,Permission unmanaged,None
Microsoft Active Directory,Wout Terlouw (500121),Wout Terlouw,wout.terlouw85,True,SEC-DiskEncryption (avo.local/Sample/Groups/SEC-DiskEncryption),,,Permission unmanaged,None
Microsoft Active Directory,Wout Terlouw (500121),Wout Terlouw,wout.terlouw85,True,SEC-MFA-Enrolled (avo.local/Sample/Groups/SEC-MFA-Enrolled),,,Permission unmanaged,None
Microsoft Active Directory,Wout Terlouw (500121),Wout Terlouw,wout.terlouw85,True,SEC-Endpoint-Protection (avo.local/Sample/Groups/SEC-Endpoint-Protection),,,Permission unmanaged,None
Microsoft Active Directory,Wout Terlouw (500121),Wout Terlouw,wout.terlouw85,True,APP-Copilot (avo.local/Sample/Groups/APP-Copilot),,,Permission unmanaged,None
Microsoft Active Directory,Wout Terlouw (500121),Wout Terlouw,wout.terlouw85,True,APP-Adobe-AcrobatPro (avo.local/Sample/Groups/APP-Adobe-AcrobatPro),,,Permission unmanaged,None
Microsoft Active Directory,Wout Terlouw (500121),Wout Terlouw,wout.terlouw85,True,LIC-M365-E5 (avo.local/Sample/Groups/LIC-M365-E5),,,Permission unmanaged,None
Microsoft Active Directory,Zoë Slootweg (500122),Zoë Slootweg,zoe.slootweg86,True,ROLE-ZRG06-Wijkzorg (avo.local/Sample/Groups/ROLE-ZRG06-Wijkzorg),,,Permission unmanaged,None
Microsoft Active Directory,Zoë Slootweg (500122),Zoë Slootweg,zoe.slootweg86,True,APP-ZRG06-Wijkzorg-Portal (avo.local/Sample/Groups/APP-ZRG06-Wijkzorg-Portal),,,Permission unmanaged,None
Microsoft Active Directory,Zoë Slootweg (500122),Zoë Slootweg,zoe.slootweg86,True,TEAM-ZRG06-Wijkzorg (avo.local/Sample/Groups/TEAM-ZRG06-Wijkzorg),,,Permission unmanaged,None
Microsoft Active Directory,Zoë Slootweg (500122),Zoë Slootweg,zoe.slootweg86,True,FS-ZRG06-Wijkzorg-RW (avo.local/Sample/Groups/FS-ZRG06-Wijkzorg-RW),,,Permission unmanaged,None
Microsoft Active Directory,Zoë Slootweg (500122),Zoë Slootweg,zoe.slootweg86,True,APP-Planner (avo.local/Sample/Groups/APP-Planner),,,Permission unmanaged,None
Microsoft Active Directory,Zoë Slootweg (500122),Zoë Slootweg,zoe.slootweg86,True,APP-Office365 (avo.local/Sample/Groups/APP-Office365),,,Permission unmanaged,None
Microsoft Active Directory,Zoë Slootweg (500122),Zoë Slootweg,zoe.slootweg86,True,APP-Selfservice (avo.local/Sample/Groups/APP-Selfservice),,,Permission unmanaged,None
Microsoft Active Directory,Zoë Slootweg (500122),Zoë Slootweg,zoe.slootweg86,True,SEC-Antivirus (avo.local/Sample/Groups/SEC-Antivirus),,,Permission unmanaged,None
Microsoft Active Directory,Zoë Slootweg (500122),Zoë Slootweg,zoe.slootweg86,True,SEC-DiskEncryption (avo.local/Sample/Groups/SEC-DiskEncryption),,,Permission unmanaged,None
Microsoft Active Directory,Zoë Slootweg (500122),Zoë Slootweg,zoe.slootweg86,True,SEC-Endpoint-Protection (avo.local/Sample/Groups/SEC-Endpoint-Protection),,,Permission unmanaged,None
Microsoft Active Directory,Zoë Slootweg (500122),Zoë Slootweg,zoe.slootweg86,True,LIC-M365-E3 (avo.local/Sample/Groups/LIC-M365-E3),,,Permission unmanaged,None
Microsoft Active Directory,,Iris Muijs,iris.muijs87,True,,,,Account unmanaged,None
Microsoft Active Directory,,Iris Muijs,iris.muijs87,True,ROLE-FIN01-Financien (avo.local/Sample/Groups/ROLE-FIN01-Financien),,,Permission unmanaged,None
Microsoft Active Directory,,Iris Muijs,iris.muijs87,True,FS-FIN01-Financien-RW (avo.local/Sample/Groups/FS-FIN01-Financien-RW),,,Permission unmanaged,None
Microsoft Active Directory,,Iris Muijs,iris.muijs87,True,TEAM-FIN01-Financien (avo.local/Sample/Groups/TEAM-FIN01-Financien),,,Permission unmanaged,None
Microsoft Active Directory,,Iris Muijs,iris.muijs87,True,APP-Intranet (avo.local/Sample/Groups/APP-Intranet),,,Permission unmanaged,None
Microsoft Active Directory,,Iris Muijs,iris.muijs87,True,APP-Teams (avo.local/Sample/Groups/APP-Teams),,,Permission unmanaged,None
Microsoft Active Directory,,Iris Muijs,iris.muijs87,True,SEC-DiskEncryption (avo.local/Sample/Groups/SEC-DiskEncryption),,,Permission unmanaged,None
Microsoft Active Directory,,Iris Muijs,iris.muijs87,True,SEC-Endpoint-Protection (avo.local/Sample/Groups/SEC-Endpoint-Protection),,,Permission unmanaged,None
Microsoft Active Directory,,Iris Muijs,iris.muijs87,True,APP-Visio (avo.local/Sample/Groups/APP-Visio),,,Permission unmanaged,None
Microsoft Active Directory,,Iris Muijs,iris.muijs87,True,LIC-M365-E3 (avo.local/Sample/Groups/LIC-M365-E3),,,Permission unmanaged,None
Microsoft Active Directory,,Iris Muijs,iris.muijs87,True,ROLE-CA060-Revalidatie (avo.local/Sample/Groups/ROLE-CA060-Revalidatie),,,Permission unmanaged,None
Microsoft Active Directory,,Iris Muijs,iris.muijs87,True,APP-CA060-Revalidatie-Portal (avo.local/Sample/Groups/APP-CA060-Revalidatie-Portal),,,Permission unmanaged,None
Microsoft Active Directory,,Iris Muijs,iris.muijs87,True,MBX-CA060-Revalidatie (avo.local/Sample/Groups/MBX-CA060-Revalidatie),,,Permission unmanaged,None
Microsoft Active Directory,,Iris Muijs,iris.muijs87,True,APP-INK08-Inkoop-Portal (avo.local/Sample/Groups/APP-INK08-Inkoop-Portal),,,Permission unmanaged,None
Microsoft Active Directory,,Iris Muijs,iris.muijs87,True,FS-INK08-Inkoop-RW (avo.local/Sample/Groups/FS-INK08-Inkoop-RW),,,Permission unmanaged,None
Microsoft Active Directory,,Iris Muijs,iris.muijs87,True,TEAM-INK08-Inkoop (avo.local/Sample/Groups/TEAM-INK08-Inkoop),,,Permission unmanaged,None
Microsoft Active Directory,Daan Berkhout (500124),Daan Berkhout,daan.berkhout88,True,FS-ZRG06-Wijkzorg-RO (avo.local/Sample/Groups/FS-ZRG06-Wijkzorg-RO),,,Permission unmanaged,None
Microsoft Active Directory,Daan Berkhout (500124),Daan Berkhout,daan.berkhout88,True,ROLE-ZRG06-Wijkzorg (avo.local/Sample/Groups/ROLE-ZRG06-Wijkzorg),,,Permission unmanaged,None
Microsoft Active Directory,Daan Berkhout (500124),Daan Berkhout,daan.berkhout88,True,TEAM-ZRG06-Wijkzorg (avo.local/Sample/Groups/TEAM-ZRG06-Wijkzorg),,,Permission unmanaged,None
Microsoft Active Directory,Daan Berkhout (500124),Daan Berkhout,daan.berkhout88,True,APP-ZRG06-Wijkzorg-Portal (avo.local/Sample/Groups/APP-ZRG06-Wijkzorg-Portal),,,Permission unmanaged,None
Microsoft Active Directory,Daan Berkhout (500124),Daan Berkhout,daan.berkhout88,True,MBX-ZRG06-Wijkzorg (avo.local/Sample/Groups/MBX-ZRG06-Wijkzorg),,,Permission unmanaged,None
Microsoft Active Directory,Daan Berkhout (500124),Daan Berkhout,daan.berkhout88,True,FS-ZRG06-Wijkzorg-RW (avo.local/Sample/Groups/FS-ZRG06-Wijkzorg-RW),,,Permission unmanaged,None
Microsoft Active Directory,Daan Berkhout (500124),Daan Berkhout,daan.berkhout88,True,APP-Selfservice (avo.local/Sample/Groups/APP-Selfservice),,,Permission unmanaged,None
Microsoft Active Directory,Daan Berkhout (500124),Daan Berkhout,daan.berkhout88,True,APP-Office365 (avo.local/Sample/Groups/APP-Office365),,,Permission unmanaged,None
Microsoft Active Directory,Daan Berkhout (500124),Daan Berkhout,daan.berkhout88,True,APP-Planner (avo.local/Sample/Groups/APP-Planner),,,Permission unmanaged,None
Microsoft Active Directory,Daan Berkhout (500124),Daan Berkhout,daan.berkhout88,True,PRINT-Default (avo.local/Sample/Groups/PRINT-Default),,,Permission unmanaged,None
Microsoft Active Directory,Daan Berkhout (500124),Daan Berkhout,daan.berkhout88,True,VPN-Thuiswerken (avo.local/Sample/Groups/VPN-Thuiswerken),,,Permission unmanaged,None
Microsoft Active Directory,Daan Berkhout (500124),Daan Berkhout,daan.berkhout88,True,SEC-DiskEncryption (avo.local/Sample/Groups/SEC-DiskEncryption),,,Permission unmanaged,None
Microsoft Active Directory,Daan Berkhout (500124),Daan Berkhout,daan.berkhout88,True,SEC-MFA-Enrolled (avo.local/Sample/Groups/SEC-MFA-Enrolled),,,Permission unmanaged,None
Microsoft Active Directory,Daan Berkhout (500124),Daan Berkhout,daan.berkhout88,True,SEC-Endpoint-Protection (avo.local/Sample/Groups/SEC-Endpoint-Protection),,,Permission unmanaged,None
Microsoft Active Directory,Daan Berkhout (500124),Daan Berkhout,daan.berkhout88,True,APP-PowerBI-Pro (avo.local/Sample/Groups/APP-PowerBI-Pro),,,Permission unmanaged,None
Microsoft Active Directory,Daan Berkhout (500124),Daan Berkhout,daan.berkhout88,True,LIC-M365-E5 (avo.local/Sample/Groups/LIC-M365-E5),,,Permission unmanaged,None
Microsoft Active Directory,,Olivier Muijs (extern),olivier.muijs.extern89,True,,,,Account unmanaged,None
Microsoft Active Directory,,Olivier Muijs (extern),olivier.muijs.extern89,True,MBX-KWA07-Kwaliteit (avo.local/Sample/Groups/MBX-KWA07-Kwaliteit),,,Permission unmanaged,None
Microsoft Active Directory,,Olivier Muijs (extern),olivier.muijs.extern89,True,ROLE-KWA07-Kwaliteit (avo.local/Sample/Groups/ROLE-KWA07-Kwaliteit),,,Permission unmanaged,None
Microsoft Active Directory,,Olivier Muijs (extern),olivier.muijs.extern89,True,APP-KWA07-Kwaliteit-Portal (avo.local/Sample/Groups/APP-KWA07-Kwaliteit-Portal),,,Permission unmanaged,None
Microsoft Active Directory,,Olivier Muijs (extern),olivier.muijs.extern89,True,APP-Planner (avo.local/Sample/Groups/APP-Planner),,,Permission unmanaged,None
Microsoft Active Directory,,Olivier Muijs (extern),olivier.muijs.extern89,True,APP-Intranet (avo.local/Sample/Groups/APP-Intranet),,,Permission unmanaged,None
Microsoft Active Directory,,Olivier Muijs (extern),olivier.muijs.extern89,True,VPN-Thuiswerken (avo.local/Sample/Groups/VPN-Thuiswerken),,,Permission unmanaged,None
Microsoft Active Directory,,Olivier Muijs (extern),olivier.muijs.extern89,True,SEC-Antivirus (avo.local/Sample/Groups/SEC-Antivirus),,,Permission unmanaged,None
Microsoft Active Directory,,Olivier Muijs (extern),olivier.muijs.extern89,True,SEC-DiskEncryption (avo.local/Sample/Groups/SEC-DiskEncryption),,,Permission unmanaged,None
Microsoft Active Directory,,Olivier Muijs (extern),olivier.muijs.extern89,True,SEC-MFA-Enrolled (avo.local/Sample/Groups/SEC-MFA-Enrolled),,,Permission unmanaged,None
Microsoft Active Directory,,Olivier Muijs (extern),olivier.muijs.extern89,True,SEC-Endpoint-Protection (avo.local/Sample/Groups/SEC-Endpoint-Protection),,,Permission unmanaged,None
Microsoft Active Directory,,Olivier Muijs (extern),olivier.muijs.extern89,True,APP-Project (avo.local/Sample/Groups/APP-Project),,,Permission unmanaged,None
Microsoft Active Directory,,Olivier Muijs (extern),olivier.muijs.extern89,True,LIC-M365-E3 (avo.local/Sample/Groups/LIC-M365-E3),,,Permission unmanaged,None
Microsoft Active Directory,,Olivier Muijs (extern),olivier.muijs.extern89,True,ROLE-FAC04-Facilitair (avo.local/Sample/Groups/ROLE-FAC04-Facilitair),,,Permission unmanaged,None
Microsoft Active Directory,,Olivier Muijs (extern),olivier.muijs.extern89,True,FS-FAC04-Facilitair-RW (avo.local/Sample/Groups/FS-FAC04-Facilitair-RW),,,Permission unmanaged,None
Microsoft Active Directory,,Olivier Muijs (extern),olivier.muijs.extern89,True,TEAM-FAC04-Facilitair (avo.local/Sample/Groups/TEAM-FAC04-Facilitair),,,Permission unmanaged,None
Microsoft Active Directory,,Olivier Muijs (extern),olivier.muijs.extern89,True,MBX-HRM02-Personeel (avo.local/Sample/Groups/MBX-HRM02-Personeel),,,Permission unmanaged,None
Microsoft Active Directory,,Olivier Muijs (extern),olivier.muijs.extern89,True,TEAM-HRM02-Personeel (avo.local/Sample/Groups/TEAM-HRM02-Personeel),,,Permission unmanaged,None
Microsoft Active Directory,,Olivier Muijs (extern),olivier.muijs.extern89,True,APP-HRM02-Personeel-Portal (avo.local/Sample/Groups/APP-HRM02-Personeel-Portal),,,Permission unmanaged,None
Microsoft Active Directory,,Olivier Muijs (extern),olivier.muijs.extern89,True,FS-CZ08-Begeleiding-RW (avo.local/Sample/Groups/FS-CZ08-Begeleiding-RW),,,Permission unmanaged,None
Microsoft Active Directory,,Olivier Muijs (extern),olivier.muijs.extern89,True,APP-CZ08-Begeleiding-Portal (avo.local/Sample/Groups/APP-CZ08-Begeleiding-Portal),,,Permission unmanaged,None
Microsoft Active Directory,,Olivier Muijs (extern),olivier.muijs.extern89,True,ROLE-CZ08-Begeleiding (avo.local/Sample/Groups/ROLE-CZ08-Begeleiding),,,Permission unmanaged,None
Microsoft Active Directory,,Olivier Muijs (extern),olivier.muijs.extern89,True,ROLE-ICT03-Techniek (avo.local/Sample/Groups/ROLE-ICT03-Techniek),,,Permission unmanaged,None
Microsoft Active Directory,,Olivier Muijs (extern),olivier.muijs.extern89,True,MBX-ICT03-Techniek (avo.local/Sample/Groups/MBX-ICT03-Techniek),,,Permission unmanaged,None
Microsoft Active Directory,,Olivier Muijs (extern),olivier.muijs.extern89,True,FS-ICT03-Techniek-RW (avo.local/Sample/Groups/FS-ICT03-Techniek-RW),,,Permission unmanaged,None
Microsoft Active Directory,Hanna Zomerdijk (500126),Hanna Zomerdijk,hanna.zomerdijk90,True,FS-FAC04-Facilitair-RO (avo.local/Sample/Groups/FS-FAC04-Facilitair-RO),,,Permission unmanaged,None
Microsoft Active Directory,Hanna Zomerdijk (500126),Hanna Zomerdijk,hanna.zomerdijk90,True,TEAM-FAC04-Facilitair (avo.local/Sample/Groups/TEAM-FAC04-Facilitair),,,Permission unmanaged,None
Microsoft Active Directory,Hanna Zomerdijk (500126),Hanna Zomerdijk,hanna.zomerdijk90,True,MBX-FAC04-Facilitair (avo.local/Sample/Groups/MBX-FAC04-Facilitair),,,Permission unmanaged,None
Microsoft Active Directory,Hanna Zomerdijk (500126),Hanna Zomerdijk,hanna.zomerdijk90,True,APP-FAC04-Facilitair-Portal (avo.local/Sample/Groups/APP-FAC04-Facilitair-Portal),,,Permission unmanaged,None
Microsoft Active Directory,Hanna Zomerdijk (500126),Hanna Zomerdijk,hanna.zomerdijk90,True,ROLE-FAC04-Facilitair (avo.local/Sample/Groups/ROLE-FAC04-Facilitair),,,Permission unmanaged,None
Microsoft Active Directory,Hanna Zomerdijk (500126),Hanna Zomerdijk,hanna.zomerdijk90,True,FS-FAC04-Facilitair-RW (avo.local/Sample/Groups/FS-FAC04-Facilitair-RW),,,Permission unmanaged,None
Microsoft Active Directory,Hanna Zomerdijk (500126),Hanna Zomerdijk,hanna.zomerdijk90,True,APP-Intranet (avo.local/Sample/Groups/APP-Intranet),,,Permission unmanaged,None
Microsoft Active Directory,Hanna Zomerdijk (500126),Hanna Zomerdijk,hanna.zomerdijk90,True,WIFI-Personeel (avo.local/Sample/Groups/WIFI-Personeel),,,Permission unmanaged,None
Microsoft Active Directory,Hanna Zomerdijk (500126),Hanna Zomerdijk,hanna.zomerdijk90,True,SEC-Antivirus (avo.local/Sample/Groups/SEC-Antivirus),,,Permission unmanaged,None
Microsoft Active Directory,Hanna Zomerdijk (500126),Hanna Zomerdijk,hanna.zomerdijk90,True,SEC-DiskEncryption (avo.local/Sample/Groups/SEC-DiskEncryption),,,Permission unmanaged,None
Microsoft Active Directory,Hanna Zomerdijk (500126),Hanna Zomerdijk,hanna.zomerdijk90,True,SEC-MFA-Enrolled (avo.local/Sample/Groups/SEC-MFA-Enrolled),,,Permission unmanaged,None
Microsoft Active Directory,Hanna Zomerdijk (500126),Hanna Zomerdijk,hanna.zomerdijk90,True,SEC-Endpoint-Protection (avo.local/Sample/Groups/SEC-Endpoint-Protection),,,Permission unmanaged,None
Microsoft Active Directory,Hanna Zomerdijk (500126),Hanna Zomerdijk,hanna.zomerdijk90,True,LIC-M365-E3 (avo.local/Sample/Groups/LIC-M365-E3),,,Permission unmanaged,None
Microsoft Active Directory,Xander Ipenburg (500127),Xander Ipenburg,xander.ipenburg91,True,MBX-FAC04-Facilitair (avo.local/Sample/Groups/MBX-FAC04-Facilitair),,,Permission unmanaged,None
Microsoft Active Directory,Xander Ipenburg (500127),Xander Ipenburg,xander.ipenburg91,True,APP-FAC04-Facilitair-Portal (avo.local/Sample/Groups/APP-FAC04-Facilitair-Portal),,,Permission unmanaged,None
Microsoft Active Directory,Xander Ipenburg (500127),Xander Ipenburg,xander.ipenburg91,True,FS-FAC04-Facilitair-RW (avo.local/Sample/Groups/FS-FAC04-Facilitair-RW),,,Permission unmanaged,None
Microsoft Active Directory,Xander Ipenburg (500127),Xander Ipenburg,xander.ipenburg91,True,ROLE-FAC04-Facilitair (avo.local/Sample/Groups/ROLE-FAC04-Facilitair),,,Permission unmanaged,None
Microsoft Active Directory,Xander Ipenburg (500127),Xander Ipenburg,xander.ipenburg91,True,TEAM-FAC04-Facilitair (avo.local/Sample/Groups/TEAM-FAC04-Facilitair),,,Permission unmanaged,None
Microsoft Active Directory,Xander Ipenburg (500127),Xander Ipenburg,xander.ipenburg91,True,FS-FAC04-Facilitair-RO (avo.local/Sample/Groups/FS-FAC04-Facilitair-RO),,,Permission unmanaged,None
Microsoft Active Directory,Xander Ipenburg (500127),Xander Ipenburg,xander.ipenburg91,True,APP-Office365 (avo.local/Sample/Groups/APP-Office365),,,Permission unmanaged,None
Microsoft Active Directory,Xander Ipenburg (500127),Xander Ipenburg,xander.ipenburg91,True,APP-Intranet (avo.local/Sample/Groups/APP-Intranet),,,Permission unmanaged,None
Microsoft Active Directory,Xander Ipenburg (500127),Xander Ipenburg,xander.ipenburg91,True,VPN-Thuiswerken (avo.local/Sample/Groups/VPN-Thuiswerken),,,Permission unmanaged,None
Microsoft Active Directory,Xander Ipenburg (500127),Xander Ipenburg,xander.ipenburg91,True,SEC-Antivirus (avo.local/Sample/Groups/SEC-Antivirus),,,Permission unmanaged,None
Microsoft Active Directory,Xander Ipenburg (500127),Xander Ipenburg,xander.ipenburg91,True,SEC-MFA-Enrolled (avo.local/Sample/Groups/SEC-MFA-Enrolled),,,Permission unmanaged,None
Microsoft Active Directory,Xander Ipenburg (500127),Xander Ipenburg,xander.ipenburg91,True,SEC-Endpoint-Protection (avo.local/Sample/Groups/SEC-Endpoint-Protection),,,Permission unmanaged,None
Microsoft Active Directory,Xander Ipenburg (500127),Xander Ipenburg,xander.ipenburg91,True,APP-Visio (avo.local/Sample/Groups/APP-Visio),,,Permission unmanaged,None
Microsoft Active Directory,Xander Ipenburg (500127),Xander Ipenburg,xander.ipenburg91,True,LIC-M365-E5 (avo.local/Sample/Groups/LIC-M365-E5),,,Permission unmanaged,None
Microsoft Active Directory,Mila Terlouw (500128),Mila Terlouw,mila.terlouw92,False,MBX-ICT03-Techniek (avo.local/Sample/Groups/MBX-ICT03-Techniek),,,Permission unmanaged,None
Microsoft Active Directory,Mila Terlouw (500128),Mila Terlouw,mila.terlouw92,False,TEAM-ICT03-Techniek (avo.local/Sample/Groups/TEAM-ICT03-Techniek),,,Permission unmanaged,None
Microsoft Active Directory,Mila Terlouw (500128),Mila Terlouw,mila.terlouw92,False,FS-ICT03-Techniek-RW (avo.local/Sample/Groups/FS-ICT03-Techniek-RW),,,Permission unmanaged,None
Microsoft Active Directory,Mila Terlouw (500128),Mila Terlouw,mila.terlouw92,False,APP-Intranet (avo.local/Sample/Groups/APP-Intranet),,,Permission unmanaged,None
Microsoft Active Directory,Mila Terlouw (500128),Mila Terlouw,mila.terlouw92,False,APP-Selfservice (avo.local/Sample/Groups/APP-Selfservice),,,Permission unmanaged,None
Microsoft Active Directory,Mila Terlouw (500128),Mila Terlouw,mila.terlouw92,False,VPN-Thuiswerken (avo.local/Sample/Groups/VPN-Thuiswerken),,,Permission unmanaged,None
Microsoft Active Directory,Mila Terlouw (500128),Mila Terlouw,mila.terlouw92,False,PRINT-Default (avo.local/Sample/Groups/PRINT-Default),,,Permission unmanaged,None
Microsoft Active Directory,Mila Terlouw (500128),Mila Terlouw,mila.terlouw92,False,SEC-Antivirus (avo.local/Sample/Groups/SEC-Antivirus),,,Permission unmanaged,None
Microsoft Active Directory,Mila Terlouw (500128),Mila Terlouw,mila.terlouw92,False,SEC-DiskEncryption (avo.local/Sample/Groups/SEC-DiskEncryption),,,Permission unmanaged,None
Microsoft Active Directory,Mila Terlouw (500128),Mila Terlouw,mila.terlouw92,False,SEC-MFA-Enrolled (avo.local/Sample/Groups/SEC-MFA-Enrolled),,,Permission unmanaged,None
Microsoft Active Directory,Mila Terlouw (500128),Mila Terlouw,mila.terlouw92,False,SEC-Endpoint-Protection (avo.local/Sample/Groups/SEC-Endpoint-Protection),,,Permission unmanaged,None
Microsoft Active Directory,Mila Terlouw (500128),Mila Terlouw,mila.terlouw92,False,LIC-M365-F3 (avo.local/Sample/Groups/LIC-M365-F3),,,Permission unmanaged,None
Microsoft Active Directory,Mila Terlouw (500128),Mila Terlouw,mila.terlouw92,False,TEAM-CZ08-Begeleiding (avo.local/Sample/Groups/TEAM-CZ08-Begeleiding),,,Permission unmanaged,None
Microsoft Active Directory,Mila Terlouw (500128),Mila Terlouw,mila.terlouw92,False,ROLE-CZ08-Begeleiding (avo.local/Sample/Groups/ROLE-CZ08-Begeleiding),,,Permission unmanaged,None
Microsoft Active Directory,Mila Terlouw (500128),Mila Terlouw,mila.terlouw92,False,MBX-CZ08-Begeleiding (avo.local/Sample/Groups/MBX-CZ08-Begeleiding),,,Permission unmanaged,None
Microsoft Active Directory,Mila Terlouw (500128),Mila Terlouw,mila.terlouw92,False,APP-ZRG06-Wijkzorg-Portal (avo.local/Sample/Groups/APP-ZRG06-Wijkzorg-Portal),,,Permission unmanaged,None
Microsoft Active Directory,Mila Terlouw (500128),Mila Terlouw,mila.terlouw92,False,TEAM-ZRG06-Wijkzorg (avo.local/Sample/Groups/TEAM-ZRG06-Wijkzorg),,,Permission unmanaged,None
Microsoft Active Directory,Mila Terlouw (500128),Mila Terlouw,mila.terlouw92,False,FS-ZRG06-Wijkzorg-RO (avo.local/Sample/Groups/FS-ZRG06-Wijkzorg-RO),,,Permission unmanaged,None
Microsoft Active Directory,Mila Terlouw (500128),Mila Terlouw,mila.terlouw92,False,ROLE-CB12-Dagbesteding (avo.local/Sample/Groups/ROLE-CB12-Dagbesteding),,,Permission unmanaged,None
Microsoft Active Directory,Mila Terlouw (500128),Mila Terlouw,mila.terlouw92,False,TEAM-CB12-Dagbesteding (avo.local/Sample/Groups/TEAM-CB12-Dagbesteding),,,Permission unmanaged,None
Microsoft Active Directory,Mila Terlouw (500128),Mila Terlouw,mila.terlouw92,False,FS-CB12-Dagbesteding-RO (avo.local/Sample/Groups/FS-CB12-Dagbesteding-RO),,,Permission unmanaged,None
Microsoft Active Directory,Jasper Jonker (500129),Jasper Jonker,jasper.jonker93,True,FS-FIN01-Financien-RO (avo.local/Sample/Groups/FS-FIN01-Financien-RO),,,Permission unmanaged,None
Microsoft Active Directory,Jasper Jonker (500129),Jasper Jonker,jasper.jonker93,True,TEAM-FIN01-Financien (avo.local/Sample/Groups/TEAM-FIN01-Financien),,,Permission unmanaged,None
Microsoft Active Directory,Jasper Jonker (500129),Jasper Jonker,jasper.jonker93,True,FS-FIN01-Financien-RW (avo.local/Sample/Groups/FS-FIN01-Financien-RW),,,Permission unmanaged,None
Microsoft Active Directory,Jasper Jonker (500129),Jasper Jonker,jasper.jonker93,True,MBX-FIN01-Financien (avo.local/Sample/Groups/MBX-FIN01-Financien),,,Permission unmanaged,None
Microsoft Active Directory,Jasper Jonker (500129),Jasper Jonker,jasper.jonker93,True,ROLE-FIN01-Financien (avo.local/Sample/Groups/ROLE-FIN01-Financien),,,Permission unmanaged,None
Microsoft Active Directory,Jasper Jonker (500129),Jasper Jonker,jasper.jonker93,True,APP-Teams (avo.local/Sample/Groups/APP-Teams),,,Permission unmanaged,None
Microsoft Active Directory,Jasper Jonker (500129),Jasper Jonker,jasper.jonker93,True,SEC-Antivirus (avo.local/Sample/Groups/SEC-Antivirus),,,Permission unmanaged,None
Microsoft Active Directory,Jasper Jonker (500129),Jasper Jonker,jasper.jonker93,True,SEC-MFA-Enrolled (avo.local/Sample/Groups/SEC-MFA-Enrolled),,,Permission unmanaged,None
Microsoft Active Directory,Jasper Jonker (500129),Jasper Jonker,jasper.jonker93,True,SEC-Endpoint-Protection (avo.local/Sample/Groups/SEC-Endpoint-Protection),,,Permission unmanaged,None
Microsoft Active Directory,Jasper Jonker (500129),Jasper Jonker,jasper.jonker93,True,APP-PowerBI-Pro (avo.local/Sample/Groups/APP-PowerBI-Pro),,,Permission unmanaged,None
Microsoft Active Directory,Jasper Jonker (500129),Jasper Jonker,jasper.jonker93,True,APP-Project (avo.local/Sample/Groups/APP-Project),,,Permission unmanaged,None
Microsoft Active Directory,Jasper Jonker (500129),Jasper Jonker,jasper.jonker93,True,LIC-M365-E3 (avo.local/Sample/Groups/LIC-M365-E3),,,Permission unmanaged,None
Microsoft Active Directory,Xander Fokkema (500130),Xander Fokkema,xander.fokkema94,False,APP-CB12-Dagbesteding-Portal (avo.local/Sample/Groups/APP-CB12-Dagbesteding-Portal),,,Permission unmanaged,None
Microsoft Active Directory,Xander Fokkema (500130),Xander Fokkema,xander.fokkema94,False,MBX-CB12-Dagbesteding (avo.local/Sample/Groups/MBX-CB12-Dagbesteding),,,Permission unmanaged,None
Microsoft Active Directory,Xander Fokkema (500130),Xander Fokkema,xander.fokkema94,False,FS-CB12-Dagbesteding-RW (avo.local/Sample/Groups/FS-CB12-Dagbesteding-RW),,,Permission unmanaged,None
Microsoft Active Directory,Xander Fokkema (500130),Xander Fokkema,xander.fokkema94,False,ROLE-CB12-Dagbesteding (avo.local/Sample/Groups/ROLE-CB12-Dagbesteding),,,Permission unmanaged,None
Microsoft Active Directory,Xander Fokkema (500130),Xander Fokkema,xander.fokkema94,False,APP-Intranet (avo.local/Sample/Groups/APP-Intranet),,,Permission unmanaged,None
Microsoft Active Directory,Xander Fokkema (500130),Xander Fokkema,xander.fokkema94,False,APP-Teams (avo.local/Sample/Groups/APP-Teams),,,Permission unmanaged,None
Microsoft Active Directory,Xander Fokkema (500130),Xander Fokkema,xander.fokkema94,False,SEC-DiskEncryption (avo.local/Sample/Groups/SEC-DiskEncryption),,,Permission unmanaged,None
Microsoft Active Directory,Xander Fokkema (500130),Xander Fokkema,xander.fokkema94,False,SEC-MFA-Enrolled (avo.local/Sample/Groups/SEC-MFA-Enrolled),,,Permission unmanaged,None
Microsoft Active Directory,Xander Fokkema (500130),Xander Fokkema,xander.fokkema94,False,SEC-Endpoint-Protection (avo.local/Sample/Groups/SEC-Endpoint-Protection),,,Permission unmanaged,None
Microsoft Active Directory,Xander Fokkema (500130),Xander Fokkema,xander.fokkema94,False,LIC-M365-E3 (avo.local/Sample/Groups/LIC-M365-E3),,,Permission unmanaged,None
Microsoft Active Directory,Xander Fokkema (500130),Xander Fokkema,xander.fokkema94,False,APP-KWA07-Kwaliteit-Portal (avo.local/Sample/Groups/APP-KWA07-Kwaliteit-Portal),,,Permission unmanaged,None
Microsoft Active Directory,Xander Fokkema (500130),Xander Fokkema,xander.fokkema94,False,FS-KWA07-Kwaliteit-RO (avo.local/Sample/Groups/FS-KWA07-Kwaliteit-RO),,,Permission unmanaged,None
Microsoft Active Directory,Xander Fokkema (500130),Xander Fokkema,xander.fokkema94,False,FS-KWA07-Kwaliteit-RW (avo.local/Sample/Groups/FS-KWA07-Kwaliteit-RW),,,Permission unmanaged,None
Microsoft Active Directory,Xander Fokkema (500130),Xander Fokkema,xander.fokkema94,False,ROLE-FAC04-Facilitair (avo.local/Sample/Groups/ROLE-FAC04-Facilitair),,,Permission unmanaged,None
Microsoft Active Directory,Xander Fokkema (500130),Xander Fokkema,xander.fokkema94,False,MBX-FAC04-Facilitair (avo.local/Sample/Groups/MBX-FAC04-Facilitair),,,Permission unmanaged,None
Microsoft Active Directory,Xander Fokkema (500130),Xander Fokkema,xander.fokkema94,False,FS-FAC04-Facilitair-RO (avo.local/Sample/Groups/FS-FAC04-Facilitair-RO),,,Permission unmanaged,None
Microsoft Active Directory,,Jasper Uijlenbroek,jasper.uijlenbroek95,True,,,,Account unmanaged,None
Microsoft Active Directory,,Jasper Uijlenbroek,jasper.uijlenbroek95,True,TEAM-COM05-Communicatie (avo.local/Sample/Groups/TEAM-COM05-Communicatie),,,Permission unmanaged,None
Microsoft Active Directory,,Jasper Uijlenbroek,jasper.uijlenbroek95,True,FS-COM05-Communicatie-RW (avo.local/Sample/Groups/FS-COM05-Communicatie-RW),,,Permission unmanaged,None
Microsoft Active Directory,,Jasper Uijlenbroek,jasper.uijlenbroek95,True,APP-Intranet (avo.local/Sample/Groups/APP-Intranet),,,Permission unmanaged,None
Microsoft Active Directory,,Jasper Uijlenbroek,jasper.uijlenbroek95,True,APP-Office365 (avo.local/Sample/Groups/APP-Office365),,,Permission unmanaged,None
Microsoft Active Directory,,Jasper Uijlenbroek,jasper.uijlenbroek95,True,WIFI-Personeel (avo.local/Sample/Groups/WIFI-Personeel),,,Permission unmanaged,None
Microsoft Active Directory,,Jasper Uijlenbroek,jasper.uijlenbroek95,True,SEC-Antivirus (avo.local/Sample/Groups/SEC-Antivirus),,,Permission unmanaged,None
Microsoft Active Directory,,Jasper Uijlenbroek,jasper.uijlenbroek95,True,SEC-DiskEncryption (avo.local/Sample/Groups/SEC-DiskEncryption),,,Permission unmanaged,None
Microsoft Active Directory,,Jasper Uijlenbroek,jasper.uijlenbroek95,True,SEC-MFA-Enrolled (avo.local/Sample/Groups/SEC-MFA-Enrolled),,,Permission unmanaged,None
Microsoft Active Directory,,Jasper Uijlenbroek,jasper.uijlenbroek95,True,SEC-Endpoint-Protection (avo.local/Sample/Groups/SEC-Endpoint-Protection),,,Permission unmanaged,None
Microsoft Active Directory,,Jasper Uijlenbroek,jasper.uijlenbroek95,True,APP-Adobe-AcrobatPro (avo.local/Sample/Groups/APP-Adobe-AcrobatPro),,,Permission unmanaged,None
Microsoft Active Directory,,Jasper Uijlenbroek,jasper.uijlenbroek95,True,APP-Project (avo.local/Sample/Groups/APP-Project),,,Permission unmanaged,None
Microsoft Active Directory,,Jasper Uijlenbroek,jasper.uijlenbroek95,True,LIC-M365-F3 (avo.local/Sample/Groups/LIC-M365-F3),,,Permission unmanaged,None
Microsoft Active Directory,Gijs Ipenburg (500132),Gijs Ipenburg,gijs.ipenburg96,True,MBX-CA060-Revalidatie (avo.local/Sample/Groups/MBX-CA060-Revalidatie),,,Permission unmanaged,None
Microsoft Active Directory,Gijs Ipenburg (500132),Gijs Ipenburg,gijs.ipenburg96,True,FS-CA060-Revalidatie-RW (avo.local/Sample/Groups/FS-CA060-Revalidatie-RW),,,Permission unmanaged,None
Microsoft Active Directory,Gijs Ipenburg (500132),Gijs Ipenburg,gijs.ipenburg96,True,TEAM-CA060-Revalidatie (avo.local/Sample/Groups/TEAM-CA060-Revalidatie),,,Permission unmanaged,None
Microsoft Active Directory,Gijs Ipenburg (500132),Gijs Ipenburg,gijs.ipenburg96,True,APP-Planner (avo.local/Sample/Groups/APP-Planner),,,Permission unmanaged,None
Microsoft Active Directory,Gijs Ipenburg (500132),Gijs Ipenburg,gijs.ipenburg96,True,APP-Teams (avo.local/Sample/Groups/APP-Teams),,,Permission unmanaged,None
Microsoft Active Directory,Gijs Ipenburg (500132),Gijs Ipenburg,gijs.ipenburg96,True,APP-Intranet (avo.local/Sample/Groups/APP-Intranet),,,Permission unmanaged,None
Microsoft Active Directory,Gijs Ipenburg (500132),Gijs Ipenburg,gijs.ipenburg96,True,PRINT-Default (avo.local/Sample/Groups/PRINT-Default),,,Permission unmanaged,None
Microsoft Active Directory,Gijs Ipenburg (500132),Gijs Ipenburg,gijs.ipenburg96,True,SEC-Antivirus (avo.local/Sample/Groups/SEC-Antivirus),,,Permission unmanaged,None
Microsoft Active Directory,Gijs Ipenburg (500132),Gijs Ipenburg,gijs.ipenburg96,True,SEC-DiskEncryption (avo.local/Sample/Groups/SEC-DiskEncryption),,,Permission unmanaged,None
Microsoft Active Directory,Gijs Ipenburg (500132),Gijs Ipenburg,gijs.ipenburg96,True,SEC-MFA-Enrolled (avo.local/Sample/Groups/SEC-MFA-Enrolled),,,Permission unmanaged,None
Microsoft Active Directory,Gijs Ipenburg (500132),Gijs Ipenburg,gijs.ipenburg96,True,SEC-Endpoint-Protection (avo.local/Sample/Groups/SEC-Endpoint-Protection),,,Permission unmanaged,None
Microsoft Active Directory,Gijs Ipenburg (500132),Gijs Ipenburg,gijs.ipenburg96,True,LIC-M365-E1 (avo.local/Sample/Groups/LIC-M365-E1),,,Permission unmanaged,None
Microsoft Active Directory,Daan Ipenburg (500133),Daan Ipenburg,daan.ipenburg0,False,ROLE-INK08-Inkoop (avo.local/Sample/Groups/ROLE-INK08-Inkoop),,,Permission unmanaged,None
Microsoft Active Directory,Daan Ipenburg (500133),Daan Ipenburg,daan.ipenburg0,False,TEAM-INK08-Inkoop (avo.local/Sample/Groups/TEAM-INK08-Inkoop),,,Permission unmanaged,None
Microsoft Active Directory,Daan Ipenburg (500133),Daan Ipenburg,daan.ipenburg0,False,APP-INK08-Inkoop-Portal (avo.local/Sample/Groups/APP-INK08-Inkoop-Portal),,,Permission unmanaged,None
Microsoft Active Directory,Daan Ipenburg (500133),Daan Ipenburg,daan.ipenburg0,False,MBX-INK08-Inkoop (avo.local/Sample/Groups/MBX-INK08-Inkoop),,,Permission unmanaged,None
Microsoft Active Directory,Daan Ipenburg (500133),Daan Ipenburg,daan.ipenburg0,False,FS-INK08-Inkoop-RO (avo.local/Sample/Groups/FS-INK08-Inkoop-RO),,,Permission unmanaged,None
Microsoft Active Directory,Daan Ipenburg (500133),Daan Ipenburg,daan.ipenburg0,False,FS-INK08-Inkoop-RW (avo.local/Sample/Groups/FS-INK08-Inkoop-RW),,,Permission unmanaged,None
Microsoft Active Directory,Daan Ipenburg (500133),Daan Ipenburg,daan.ipenburg0,False,APP-Intranet (avo.local/Sample/Groups/APP-Intranet),,,Permission unmanaged,None
Microsoft Active Directory,Daan Ipenburg (500133),Daan Ipenburg,daan.ipenburg0,False,APP-Planner (avo.local/Sample/Groups/APP-Planner),,,Permission unmanaged,None
Microsoft Active Directory,Daan Ipenburg (500133),Daan Ipenburg,daan.ipenburg0,False,APP-Teams (avo.local/Sample/Groups/APP-Teams),,,Permission unmanaged,None
Microsoft Active Directory,Daan Ipenburg (500133),Daan Ipenburg,daan.ipenburg0,False,SEC-Antivirus (avo.local/Sample/Groups/SEC-Antivirus),,,Permission unmanaged,None
Microsoft Active Directory,Daan Ipenburg (500133),Daan Ipenburg,daan.ipenburg0,False,SEC-MFA-Enrolled (avo.local/Sample/Groups/SEC-MFA-Enrolled),,,Permission unmanaged,None
Microsoft Active Directory,Daan Ipenburg (500133),Daan Ipenburg,daan.ipenburg0,False,SEC-Endpoint-Protection (avo.local/Sample/Groups/SEC-Endpoint-Protection),,,Permission unmanaged,None
Microsoft Active Directory,Daan Ipenburg (500133),Daan Ipenburg,daan.ipenburg0,False,APP-Project (avo.local/Sample/Groups/APP-Project),,,Permission unmanaged,None
Microsoft Active Directory,Daan Ipenburg (500133),Daan Ipenburg,daan.ipenburg0,False,LIC-M365-F3 (avo.local/Sample/Groups/LIC-M365-F3),,,Permission unmanaged,None
Microsoft Active Directory,Gijs Quaedvlieg (500134),Gijs Quaedvlieg,gijs.quaedvlieg1,True,FS-FIN01-Financien-RW (avo.local/Sample/Groups/FS-FIN01-Financien-RW),,,Permission unmanaged,None
Microsoft Active Directory,Gijs Quaedvlieg (500134),Gijs Quaedvlieg,gijs.quaedvlieg1,True,FS-FIN01-Financien-RO (avo.local/Sample/Groups/FS-FIN01-Financien-RO),,,Permission unmanaged,None
Microsoft Active Directory,Gijs Quaedvlieg (500134),Gijs Quaedvlieg,gijs.quaedvlieg1,True,ROLE-FIN01-Financien (avo.local/Sample/Groups/ROLE-FIN01-Financien),,,Permission unmanaged,None
Microsoft Active Directory,Gijs Quaedvlieg (500134),Gijs Quaedvlieg,gijs.quaedvlieg1,True,MBX-FIN01-Financien (avo.local/Sample/Groups/MBX-FIN01-Financien),,,Permission unmanaged,None
Microsoft Active Directory,Gijs Quaedvlieg (500134),Gijs Quaedvlieg,gijs.quaedvlieg1,True,TEAM-FIN01-Financien (avo.local/Sample/Groups/TEAM-FIN01-Financien),,,Permission unmanaged,None
Microsoft Active Directory,Gijs Quaedvlieg (500134),Gijs Quaedvlieg,gijs.quaedvlieg1,True,APP-FIN01-Financien-Portal (avo.local/Sample/Groups/APP-FIN01-Financien-Portal),,,Permission unmanaged,None
Microsoft Active Directory,Gijs Quaedvlieg (500134),Gijs Quaedvlieg,gijs.quaedvlieg1,True,APP-Selfservice (avo.local/Sample/Groups/APP-Selfservice),,,Permission unmanaged,None
Microsoft Active Directory,Gijs Quaedvlieg (500134),Gijs Quaedvlieg,gijs.quaedvlieg1,True,PRINT-Default (avo.local/Sample/Groups/PRINT-Default),,,Permission unmanaged,None
Microsoft Active Directory,Gijs Quaedvlieg (500134),Gijs Quaedvlieg,gijs.quaedvlieg1,True,VPN-Thuiswerken (avo.local/Sample/Groups/VPN-Thuiswerken),,,Permission unmanaged,None
Microsoft Active Directory,Gijs Quaedvlieg (500134),Gijs Quaedvlieg,gijs.quaedvlieg1,True,SEC-Antivirus (avo.local/Sample/Groups/SEC-Antivirus),,,Permission unmanaged,None
Microsoft Active Directory,Gijs Quaedvlieg (500134),Gijs Quaedvlieg,gijs.quaedvlieg1,True,SEC-DiskEncryption (avo.local/Sample/Groups/SEC-DiskEncryption),,,Permission unmanaged,None
Microsoft Active Directory,Gijs Quaedvlieg (500134),Gijs Quaedvlieg,gijs.quaedvlieg1,True,SEC-MFA-Enrolled (avo.local/Sample/Groups/SEC-MFA-Enrolled),,,Permission unmanaged,None
Microsoft Active Directory,Gijs Quaedvlieg (500134),Gijs Quaedvlieg,gijs.quaedvlieg1,True,SEC-Endpoint-Protection (avo.local/Sample/Groups/SEC-Endpoint-Protection),,,Permission unmanaged,None
Microsoft Active Directory,Gijs Quaedvlieg (500134),Gijs Quaedvlieg,gijs.quaedvlieg1,True,LIC-M365-E3 (avo.local/Sample/Groups/LIC-M365-E3),,,Permission unmanaged,None
Microsoft Active Directory,Bram Berkhout (500135),Bram Berkhout,bram.berkhout2,True,TEAM-FIN01-Financien (avo.local/Sample/Groups/TEAM-FIN01-Financien),,,Permission unmanaged,None
Microsoft Active Directory,Bram Berkhout (500135),Bram Berkhout,bram.berkhout2,True,FS-FIN01-Financien-RW (avo.local/Sample/Groups/FS-FIN01-Financien-RW),,,Permission unmanaged,None
Microsoft Active Directory,Bram Berkhout (500135),Bram Berkhout,bram.berkhout2,True,FS-FIN01-Financien-RO (avo.local/Sample/Groups/FS-FIN01-Financien-RO),,,Permission unmanaged,None
Microsoft Active Directory,Bram Berkhout (500135),Bram Berkhout,bram.berkhout2,True,ROLE-FIN01-Financien (avo.local/Sample/Groups/ROLE-FIN01-Financien),,,Permission unmanaged,None
Microsoft Active Directory,Bram Berkhout (500135),Bram Berkhout,bram.berkhout2,True,APP-Teams (avo.local/Sample/Groups/APP-Teams),,,Permission unmanaged,None
Microsoft Active Directory,Bram Berkhout (500135),Bram Berkhout,bram.berkhout2,True,APP-Planner (avo.local/Sample/Groups/APP-Planner),,,Permission unmanaged,None
Microsoft Active Directory,Bram Berkhout (500135),Bram Berkhout,bram.berkhout2,True,PRINT-Default (avo.local/Sample/Groups/PRINT-Default),,,Permission unmanaged,None
Microsoft Active Directory,Bram Berkhout (500135),Bram Berkhout,bram.berkhout2,True,WIFI-Personeel (avo.local/Sample/Groups/WIFI-Personeel),,,Permission unmanaged,None
Microsoft Active Directory,Bram Berkhout (500135),Bram Berkhout,bram.berkhout2,True,SEC-Antivirus (avo.local/Sample/Groups/SEC-Antivirus),,,Permission unmanaged,None
Microsoft Active Directory,Bram Berkhout (500135),Bram Berkhout,bram.berkhout2,True,SEC-DiskEncryption (avo.local/Sample/Groups/SEC-DiskEncryption),,,Permission unmanaged,None
Microsoft Active Directory,Bram Berkhout (500135),Bram Berkhout,bram.berkhout2,True,SEC-MFA-Enrolled (avo.local/Sample/Groups/SEC-MFA-Enrolled),,,Permission unmanaged,None
Microsoft Active Directory,Bram Berkhout (500135),Bram Berkhout,bram.berkhout2,True,SEC-Endpoint-Protection (avo.local/Sample/Groups/SEC-Endpoint-Protection),,,Permission unmanaged,None
Microsoft Active Directory,Bram Berkhout (500135),Bram Berkhout,bram.berkhout2,True,APP-Copilot (avo.local/Sample/Groups/APP-Copilot),,,Permission unmanaged,None
Microsoft Active Directory,Bram Berkhout (500135),Bram Berkhout,bram.berkhout2,True,APP-PowerBI-Pro (avo.local/Sample/Groups/APP-PowerBI-Pro),,,Permission unmanaged,None
Microsoft Active Directory,Bram Berkhout (500135),Bram Berkhout,bram.berkhout2,True,LIC-M365-E5 (avo.local/Sample/Groups/LIC-M365-E5),,,Permission unmanaged,None
Microsoft Active Directory,Zoë Nagtegaal (500136),Zoë Nagtegaal,zoe.nagtegaal3,True,ROLE-HRM02-Personeel (avo.local/Sample/Groups/ROLE-HRM02-Personeel),,,Permission unmanaged,None
Microsoft Active Directory,Zoë Nagtegaal (500136),Zoë Nagtegaal,zoe.nagtegaal3,True,TEAM-HRM02-Personeel (avo.local/Sample/Groups/TEAM-HRM02-Personeel),,,Permission unmanaged,None
Microsoft Active Directory,Zoë Nagtegaal (500136),Zoë Nagtegaal,zoe.nagtegaal3,True,FS-HRM02-Personeel-RO (avo.local/Sample/Groups/FS-HRM02-Personeel-RO),,,Permission unmanaged,None
Microsoft Active Directory,Zoë Nagtegaal (500136),Zoë Nagtegaal,zoe.nagtegaal3,True,FS-HRM02-Personeel-RW (avo.local/Sample/Groups/FS-HRM02-Personeel-RW),,,Permission unmanaged,None
Microsoft Active Directory,Zoë Nagtegaal (500136),Zoë Nagtegaal,zoe.nagtegaal3,True,MBX-HRM02-Personeel (avo.local/Sample/Groups/MBX-HRM02-Personeel),,,Permission unmanaged,None
Microsoft Active Directory,Zoë Nagtegaal (500136),Zoë Nagtegaal,zoe.nagtegaal3,True,APP-HRM02-Personeel-Portal (avo.local/Sample/Groups/APP-HRM02-Personeel-Portal),,,Permission unmanaged,None
Microsoft Active Directory,Zoë Nagtegaal (500136),Zoë Nagtegaal,zoe.nagtegaal3,True,APP-Intranet (avo.local/Sample/Groups/APP-Intranet),,,Permission unmanaged,None
Microsoft Active Directory,Zoë Nagtegaal (500136),Zoë Nagtegaal,zoe.nagtegaal3,True,APP-Selfservice (avo.local/Sample/Groups/APP-Selfservice),,,Permission unmanaged,None
Microsoft Active Directory,Zoë Nagtegaal (500136),Zoë Nagtegaal,zoe.nagtegaal3,True,PRINT-Default (avo.local/Sample/Groups/PRINT-Default),,,Permission unmanaged,None
Microsoft Active Directory,Zoë Nagtegaal (500136),Zoë Nagtegaal,zoe.nagtegaal3,True,WIFI-Personeel (avo.local/Sample/Groups/WIFI-Personeel),,,Permission unmanaged,None
Microsoft Active Directory,Zoë Nagtegaal (500136),Zoë Nagtegaal,zoe.nagtegaal3,True,SEC-DiskEncryption (avo.local/Sample/Groups/SEC-DiskEncryption),,,Permission unmanaged,None
Microsoft Active Directory,Zoë Nagtegaal (500136),Zoë Nagtegaal,zoe.nagtegaal3,True,SEC-MFA-Enrolled (avo.local/Sample/Groups/SEC-MFA-Enrolled),,,Permission unmanaged,None
Microsoft Active Directory,Zoë Nagtegaal (500136),Zoë Nagtegaal,zoe.nagtegaal3,True,SEC-Endpoint-Protection (avo.local/Sample/Groups/SEC-Endpoint-Protection),,,Permission unmanaged,None
Microsoft Active Directory,Zoë Nagtegaal (500136),Zoë Nagtegaal,zoe.nagtegaal3,True,LIC-M365-E1 (avo.local/Sample/Groups/LIC-M365-E1),,,Permission unmanaged,None
Microsoft Active Directory,Mila Fokkema (500137),Mila Fokkema,mila.fokkema4,False,MBX-HRM02-Personeel (avo.local/Sample/Groups/MBX-HRM02-Personeel),,,Permission unmanaged,None
Microsoft Active Directory,Mila Fokkema (500137),Mila Fokkema,mila.fokkema4,False,TEAM-HRM02-Personeel (avo.local/Sample/Groups/TEAM-HRM02-Personeel),,,Permission unmanaged,None
Microsoft Active Directory,Mila Fokkema (500137),Mila Fokkema,mila.fokkema4,False,FS-HRM02-Personeel-RO (avo.local/Sample/Groups/FS-HRM02-Personeel-RO),,,Permission unmanaged,None
Microsoft Active Directory,Mila Fokkema (500137),Mila Fokkema,mila.fokkema4,False,ROLE-HRM02-Personeel (avo.local/Sample/Groups/ROLE-HRM02-Personeel),,,Permission unmanaged,None
Microsoft Active Directory,Mila Fokkema (500137),Mila Fokkema,mila.fokkema4,False,APP-Planner (avo.local/Sample/Groups/APP-Planner),,,Permission unmanaged,None
Microsoft Active Directory,Mila Fokkema (500137),Mila Fokkema,mila.fokkema4,False,APP-Office365 (avo.local/Sample/Groups/APP-Office365),,,Permission unmanaged,None
Microsoft Active Directory,Mila Fokkema (500137),Mila Fokkema,mila.fokkema4,False,APP-Intranet (avo.local/Sample/Groups/APP-Intranet),,,Permission unmanaged,None
Microsoft Active Directory,Mila Fokkema (500137),Mila Fokkema,mila.fokkema4,False,PRINT-Default (avo.local/Sample/Groups/PRINT-Default),,,Permission unmanaged,None
Microsoft Active Directory,Mila Fokkema (500137),Mila Fokkema,mila.fokkema4,False,VPN-Thuiswerken (avo.local/Sample/Groups/VPN-Thuiswerken),,,Permission unmanaged,None
Microsoft Active Directory,Mila Fokkema (500137),Mila Fokkema,mila.fokkema4,False,SEC-Antivirus (avo.local/Sample/Groups/SEC-Antivirus),,,Permission unmanaged,None
Microsoft Active Directory,Mila Fokkema (500137),Mila Fokkema,mila.fokkema4,False,SEC-DiskEncryption (avo.local/Sample/Groups/SEC-DiskEncryption),,,Permission unmanaged,None
Microsoft Active Directory,Mila Fokkema (500137),Mila Fokkema,mila.fokkema4,False,SEC-Endpoint-Protection (avo.local/Sample/Groups/SEC-Endpoint-Protection),,,Permission unmanaged,None
Microsoft Active Directory,Mila Fokkema (500137),Mila Fokkema,mila.fokkema4,False,APP-Adobe-AcrobatPro (avo.local/Sample/Groups/APP-Adobe-AcrobatPro),,,Permission unmanaged,None
Microsoft Active Directory,Mila Fokkema (500137),Mila Fokkema,mila.fokkema4,False,APP-Copilot (avo.local/Sample/Groups/APP-Copilot),,,Permission unmanaged,None
Microsoft Active Directory,Mila Fokkema (500137),Mila Fokkema,mila.fokkema4,False,LIC-M365-E5 (avo.local/Sample/Groups/LIC-M365-E5),,,Permission unmanaged,None
Microsoft Active Directory,Sem Nagtegaal (500138),Sem Nagtegaal,sem.nagtegaal5,False,MBX-CB12-Dagbesteding (avo.local/Sample/Groups/MBX-CB12-Dagbesteding),,,Permission unmanaged,None
Microsoft Active Directory,Sem Nagtegaal (500138),Sem Nagtegaal,sem.nagtegaal5,False,TEAM-CB12-Dagbesteding (avo.local/Sample/Groups/TEAM-CB12-Dagbesteding),,,Permission unmanaged,None
Microsoft Active Directory,Sem Nagtegaal (500138),Sem Nagtegaal,sem.nagtegaal5,False,FS-CB12-Dagbesteding-RO (avo.local/Sample/Groups/FS-CB12-Dagbesteding-RO),,,Permission unmanaged,None
Microsoft Active Directory,Sem Nagtegaal (500138),Sem Nagtegaal,sem.nagtegaal5,False,APP-Selfservice (avo.local/Sample/Groups/APP-Selfservice),,,Permission unmanaged,None
Microsoft Active Directory,Sem Nagtegaal (500138),Sem Nagtegaal,sem.nagtegaal5,False,APP-Planner (avo.local/Sample/Groups/APP-Planner),,,Permission unmanaged,None
Microsoft Active Directory,Sem Nagtegaal (500138),Sem Nagtegaal,sem.nagtegaal5,False,SEC-Antivirus (avo.local/Sample/Groups/SEC-Antivirus),,,Permission unmanaged,None
Microsoft Active Directory,Sem Nagtegaal (500138),Sem Nagtegaal,sem.nagtegaal5,False,SEC-DiskEncryption (avo.local/Sample/Groups/SEC-DiskEncryption),,,Permission unmanaged,None
Microsoft Active Directory,Sem Nagtegaal (500138),Sem Nagtegaal,sem.nagtegaal5,False,SEC-MFA-Enrolled (avo.local/Sample/Groups/SEC-MFA-Enrolled),,,Permission unmanaged,None
Microsoft Active Directory,Sem Nagtegaal (500138),Sem Nagtegaal,sem.nagtegaal5,False,SEC-Endpoint-Protection (avo.local/Sample/Groups/SEC-Endpoint-Protection),,,Permission unmanaged,None
Microsoft Active Directory,Sem Nagtegaal (500138),Sem Nagtegaal,sem.nagtegaal5,False,APP-Project (avo.local/Sample/Groups/APP-Project),,,Permission unmanaged,None
Microsoft Active Directory,Sem Nagtegaal (500138),Sem Nagtegaal,sem.nagtegaal5,False,LIC-M365-E3 (avo.local/Sample/Groups/LIC-M365-E3),,,Permission unmanaged,None
Microsoft Active Directory,Cato Lindeboom (500139),Cato Lindeboom,cato.lindeboom6,True,MBX-ICT03-Techniek (avo.local/Sample/Groups/MBX-ICT03-Techniek),,,Permission unmanaged,None
Microsoft Active Directory,Cato Lindeboom (500139),Cato Lindeboom,cato.lindeboom6,True,ROLE-ICT03-Techniek (avo.local/Sample/Groups/ROLE-ICT03-Techniek),,,Permission unmanaged,None
Microsoft Active Directory,Cato Lindeboom (500139),Cato Lindeboom,cato.lindeboom6,True,FS-ICT03-Techniek-RO (avo.local/Sample/Groups/FS-ICT03-Techniek-RO),,,Permission unmanaged,None
Microsoft Active Directory,Cato Lindeboom (500139),Cato Lindeboom,cato.lindeboom6,True,APP-ICT03-Techniek-Portal (avo.local/Sample/Groups/APP-ICT03-Techniek-Portal),,,Permission unmanaged,None
Microsoft Active Directory,Cato Lindeboom (500139),Cato Lindeboom,cato.lindeboom6,True,FS-ICT03-Techniek-RW (avo.local/Sample/Groups/FS-ICT03-Techniek-RW),,,Permission unmanaged,None
Microsoft Active Directory,Cato Lindeboom (500139),Cato Lindeboom,cato.lindeboom6,True,TEAM-ICT03-Techniek (avo.local/Sample/Groups/TEAM-ICT03-Techniek),,,Permission unmanaged,None
Microsoft Active Directory,Cato Lindeboom (500139),Cato Lindeboom,cato.lindeboom6,True,APP-Planner (avo.local/Sample/Groups/APP-Planner),,,Permission unmanaged,None
Microsoft Active Directory,Cato Lindeboom (500139),Cato Lindeboom,cato.lindeboom6,True,APP-Teams (avo.local/Sample/Groups/APP-Teams),,,Permission unmanaged,None
Microsoft Active Directory,Cato Lindeboom (500139),Cato Lindeboom,cato.lindeboom6,True,APP-Intranet (avo.local/Sample/Groups/APP-Intranet),,,Permission unmanaged,None
Microsoft Active Directory,Cato Lindeboom (500139),Cato Lindeboom,cato.lindeboom6,True,VPN-Thuiswerken (avo.local/Sample/Groups/VPN-Thuiswerken),,,Permission unmanaged,None
Microsoft Active Directory,Cato Lindeboom (500139),Cato Lindeboom,cato.lindeboom6,True,SEC-Antivirus (avo.local/Sample/Groups/SEC-Antivirus),,,Permission unmanaged,None
Microsoft Active Directory,Cato Lindeboom (500139),Cato Lindeboom,cato.lindeboom6,True,SEC-DiskEncryption (avo.local/Sample/Groups/SEC-DiskEncryption),,,Permission unmanaged,None
Microsoft Active Directory,Cato Lindeboom (500139),Cato Lindeboom,cato.lindeboom6,True,SEC-MFA-Enrolled (avo.local/Sample/Groups/SEC-MFA-Enrolled),,,Permission unmanaged,None
Microsoft Active Directory,Cato Lindeboom (500139),Cato Lindeboom,cato.lindeboom6,True,APP-PowerBI-Pro (avo.local/Sample/Groups/APP-PowerBI-Pro),,,Permission unmanaged,None
Microsoft Active Directory,Cato Lindeboom (500139),Cato Lindeboom,cato.lindeboom6,True,LIC-M365-F3 (avo.local/Sample/Groups/LIC-M365-F3),,,Permission unmanaged,None
Microsoft Active Directory,Eva Oosterhuis (500140),Eva Oosterhuis,eva.oosterhuis7,True,MBX-CB12-Dagbesteding (avo.local/Sample/Groups/MBX-CB12-Dagbesteding),,,Permission unmanaged,None
Microsoft Active Directory,Eva Oosterhuis (500140),Eva Oosterhuis,eva.oosterhuis7,True,FS-CB12-Dagbesteding-RO (avo.local/Sample/Groups/FS-CB12-Dagbesteding-RO),,,Permission unmanaged,None
Microsoft Active Directory,Eva Oosterhuis (500140),Eva Oosterhuis,eva.oosterhuis7,True,FS-CB12-Dagbesteding-RW (avo.local/Sample/Groups/FS-CB12-Dagbesteding-RW),,,Permission unmanaged,None
Microsoft Active Directory,Eva Oosterhuis (500140),Eva Oosterhuis,eva.oosterhuis7,True,APP-Intranet (avo.local/Sample/Groups/APP-Intranet),,,Permission unmanaged,None
Microsoft Active Directory,Eva Oosterhuis (500140),Eva Oosterhuis,eva.oosterhuis7,True,PRINT-Default (avo.local/Sample/Groups/PRINT-Default),,,Permission unmanaged,None
Microsoft Active Directory,Eva Oosterhuis (500140),Eva Oosterhuis,eva.oosterhuis7,True,WIFI-Personeel (avo.local/Sample/Groups/WIFI-Personeel),,,Permission unmanaged,None
Microsoft Active Directory,Eva Oosterhuis (500140),Eva Oosterhuis,eva.oosterhuis7,True,SEC-Antivirus (avo.local/Sample/Groups/SEC-Antivirus),,,Permission unmanaged,None
Microsoft Active Directory,Eva Oosterhuis (500140),Eva Oosterhuis,eva.oosterhuis7,True,SEC-DiskEncryption (avo.local/Sample/Groups/SEC-DiskEncryption),,,Permission unmanaged,None
Microsoft Active Directory,Eva Oosterhuis (500140),Eva Oosterhuis,eva.oosterhuis7,True,SEC-MFA-Enrolled (avo.local/Sample/Groups/SEC-MFA-Enrolled),,,Permission unmanaged,None
Microsoft Active Directory,Eva Oosterhuis (500140),Eva Oosterhuis,eva.oosterhuis7,True,SEC-Endpoint-Protection (avo.local/Sample/Groups/SEC-Endpoint-Protection),,,Permission unmanaged,None
Microsoft Active Directory,Eva Oosterhuis (500140),Eva Oosterhuis,eva.oosterhuis7,True,APP-PowerBI-Pro (avo.local/Sample/Groups/APP-PowerBI-Pro),,,Permission unmanaged,None
Microsoft Active Directory,Eva Oosterhuis (500140),Eva Oosterhuis,eva.oosterhuis7,True,LIC-M365-E5 (avo.local/Sample/Groups/LIC-M365-E5),,,Permission unmanaged,None
Microsoft Active Directory,,Kim Nagtegaal,kim.nagtegaal8,True,,,,Account unmanaged,None
Microsoft Active Directory,,Kim Nagtegaal,kim.nagtegaal8,True,FS-INK08-Inkoop-RO (avo.local/Sample/Groups/FS-INK08-Inkoop-RO),,,Permission unmanaged,None
Microsoft Active Directory,,Kim Nagtegaal,kim.nagtegaal8,True,APP-INK08-Inkoop-Portal (avo.local/Sample/Groups/APP-INK08-Inkoop-Portal),,,Permission unmanaged,None
Microsoft Active Directory,,Kim Nagtegaal,kim.nagtegaal8,True,TEAM-INK08-Inkoop (avo.local/Sample/Groups/TEAM-INK08-Inkoop),,,Permission unmanaged,None
Microsoft Active Directory,,Kim Nagtegaal,kim.nagtegaal8,True,ROLE-INK08-Inkoop (avo.local/Sample/Groups/ROLE-INK08-Inkoop),,,Permission unmanaged,None
Microsoft Active Directory,,Kim Nagtegaal,kim.nagtegaal8,True,FS-INK08-Inkoop-RW (avo.local/Sample/Groups/FS-INK08-Inkoop-RW),,,Permission unmanaged,None
Microsoft Active Directory,,Kim Nagtegaal,kim.nagtegaal8,True,APP-Planner (avo.local/Sample/Groups/APP-Planner),,,Permission unmanaged,None
Microsoft Active Directory,,Kim Nagtegaal,kim.nagtegaal8,True,APP-Intranet (avo.local/Sample/Groups/APP-Intranet),,,Permission unmanaged,None
Microsoft Active Directory,,Kim Nagtegaal,kim.nagtegaal8,True,APP-Teams (avo.local/Sample/Groups/APP-Teams),,,Permission unmanaged,None
Microsoft Active Directory,,Kim Nagtegaal,kim.nagtegaal8,True,VPN-Thuiswerken (avo.local/Sample/Groups/VPN-Thuiswerken),,,Permission unmanaged,None
Microsoft Active Directory,,Kim Nagtegaal,kim.nagtegaal8,True,WIFI-Personeel (avo.local/Sample/Groups/WIFI-Personeel),,,Permission unmanaged,None
Microsoft Active Directory,,Kim Nagtegaal,kim.nagtegaal8,True,SEC-Antivirus (avo.local/Sample/Groups/SEC-Antivirus),,,Permission unmanaged,None
Microsoft Active Directory,,Kim Nagtegaal,kim.nagtegaal8,True,SEC-DiskEncryption (avo.local/Sample/Groups/SEC-DiskEncryption),,,Permission unmanaged,None
Microsoft Active Directory,,Kim Nagtegaal,kim.nagtegaal8,True,SEC-Endpoint-Protection (avo.local/Sample/Groups/SEC-Endpoint-Protection),,,Permission unmanaged,None
Microsoft Active Directory,,Kim Nagtegaal,kim.nagtegaal8,True,APP-PowerBI-Pro (avo.local/Sample/Groups/APP-PowerBI-Pro),,,Permission unmanaged,None
Microsoft Active Directory,,Kim Nagtegaal,kim.nagtegaal8,True,LIC-M365-E1 (avo.local/Sample/Groups/LIC-M365-E1),,,Permission unmanaged,None
Microsoft Active Directory,Olivier Elzinga (500142),Olivier Elzinga,olivier.elzinga9,True,APP-CA060-Revalidatie-Portal (avo.local/Sample/Groups/APP-CA060-Revalidatie-Portal),,,Permission unmanaged,None
Microsoft Active Directory,Olivier Elzinga (500142),Olivier Elzinga,olivier.elzinga9,True,ROLE-CA060-Revalidatie (avo.local/Sample/Groups/ROLE-CA060-Revalidatie),,,Permission unmanaged,None
Microsoft Active Directory,Olivier Elzinga (500142),Olivier Elzinga,olivier.elzinga9,True,TEAM-CA060-Revalidatie (avo.local/Sample/Groups/TEAM-CA060-Revalidatie),,,Permission unmanaged,None
Microsoft Active Directory,Olivier Elzinga (500142),Olivier Elzinga,olivier.elzinga9,True,FS-CA060-Revalidatie-RO (avo.local/Sample/Groups/FS-CA060-Revalidatie-RO),,,Permission unmanaged,None
Microsoft Active Directory,Olivier Elzinga (500142),Olivier Elzinga,olivier.elzinga9,True,FS-CA060-Revalidatie-RW (avo.local/Sample/Groups/FS-CA060-Revalidatie-RW),,,Permission unmanaged,None
Microsoft Active Directory,Olivier Elzinga (500142),Olivier Elzinga,olivier.elzinga9,True,MBX-CA060-Revalidatie (avo.local/Sample/Groups/MBX-CA060-Revalidatie),,,Permission unmanaged,None
Microsoft Active Directory,Olivier Elzinga (500142),Olivier Elzinga,olivier.elzinga9,True,APP-Selfservice (avo.local/Sample/Groups/APP-Selfservice),,,Permission unmanaged,None
Microsoft Active Directory,Olivier Elzinga (500142),Olivier Elzinga,olivier.elzinga9,True,PRINT-Default (avo.local/Sample/Groups/PRINT-Default),,,Permission unmanaged,None
Microsoft Active Directory,Olivier Elzinga (500142),Olivier Elzinga,olivier.elzinga9,True,SEC-MFA-Enrolled (avo.local/Sample/Groups/SEC-MFA-Enrolled),,,Permission unmanaged,None
Microsoft Active Directory,Olivier Elzinga (500142),Olivier Elzinga,olivier.elzinga9,True,SEC-Endpoint-Protection (avo.local/Sample/Groups/SEC-Endpoint-Protection),,,Permission unmanaged,None
Microsoft Active Directory,Olivier Elzinga (500142),Olivier Elzinga,olivier.elzinga9,True,LIC-M365-E5 (avo.local/Sample/Groups/LIC-M365-E5),,,Permission unmanaged,None
Microsoft Active Directory,Yara Gerritsen (500143),Yara Gerritsen,yara.gerritsen10,True,MBX-CA010-Thuiszorg (avo.local/Sample/Groups/MBX-CA010-Thuiszorg),,,Permission unmanaged,None
Microsoft Active Directory,Yara Gerritsen (500143),Yara Gerritsen,yara.gerritsen10,True,FS-CA010-Thuiszorg-RW (avo.local/Sample/Groups/FS-CA010-Thuiszorg-RW),,,Permission unmanaged,None
Microsoft Active Directory,Yara Gerritsen (500143),Yara Gerritsen,yara.gerritsen10,True,APP-Selfservice (avo.local/Sample/Groups/APP-Selfservice),,,Permission unmanaged,None
Microsoft Active Directory,Yara Gerritsen (500143),Yara Gerritsen,yara.gerritsen10,True,PRINT-Default (avo.local/Sample/Groups/PRINT-Default),,,Permission unmanaged,None
Microsoft Active Directory,Yara Gerritsen (500143),Yara Gerritsen,yara.gerritsen10,True,WIFI-Personeel (avo.local/Sample/Groups/WIFI-Personeel),,,Permission unmanaged,None
Microsoft Active Directory,Yara Gerritsen (500143),Yara Gerritsen,yara.gerritsen10,True,SEC-Antivirus (avo.local/Sample/Groups/SEC-Antivirus),,,Permission unmanaged,None
Microsoft Active Directory,Yara Gerritsen (500143),Yara Gerritsen,yara.gerritsen10,True,SEC-DiskEncryption (avo.local/Sample/Groups/SEC-DiskEncryption),,,Permission unmanaged,None
Microsoft Active Directory,Yara Gerritsen (500143),Yara Gerritsen,yara.gerritsen10,True,SEC-MFA-Enrolled (avo.local/Sample/Groups/SEC-MFA-Enrolled),,,Permission unmanaged,None
Microsoft Active Directory,Yara Gerritsen (500143),Yara Gerritsen,yara.gerritsen10,True,SEC-Endpoint-Protection (avo.local/Sample/Groups/SEC-Endpoint-Protection),,,Permission unmanaged,None
Microsoft Active Directory,Yara Gerritsen (500143),Yara Gerritsen,yara.gerritsen10,True,LIC-M365-E3 (avo.local/Sample/Groups/LIC-M365-E3),,,Permission unmanaged,None
Microsoft Active Directory,Xander Gerritsen (500144),Xander Gerritsen,xander.gerritsen11,True,APP-ICT03-Techniek-Portal (avo.local/Sample/Groups/APP-ICT03-Techniek-Portal),,,Permission unmanaged,None
Microsoft Active Directory,Xander Gerritsen (500144),Xander Gerritsen,xander.gerritsen11,True,FS-ICT03-Techniek-RW (avo.local/Sample/Groups/FS-ICT03-Techniek-RW),,,Permission unmanaged,None
Microsoft Active Directory,Xander Gerritsen (500144),Xander Gerritsen,xander.gerritsen11,True,FS-ICT03-Techniek-RO (avo.local/Sample/Groups/FS-ICT03-Techniek-RO),,,Permission unmanaged,None
Microsoft Active Directory,Xander Gerritsen (500144),Xander Gerritsen,xander.gerritsen11,True,MBX-ICT03-Techniek (avo.local/Sample/Groups/MBX-ICT03-Techniek),,,Permission unmanaged,None
Microsoft Active Directory,Xander Gerritsen (500144),Xander Gerritsen,xander.gerritsen11,True,APP-Teams (avo.local/Sample/Groups/APP-Teams),,,Permission unmanaged,None
Microsoft Active Directory,Xander Gerritsen (500144),Xander Gerritsen,xander.gerritsen11,True,APP-Intranet (avo.local/Sample/Groups/APP-Intranet),,,Permission unmanaged,None
Microsoft Active Directory,Xander Gerritsen (500144),Xander Gerritsen,xander.gerritsen11,True,SEC-Antivirus (avo.local/Sample/Groups/SEC-Antivirus),,,Permission unmanaged,None
Microsoft Active Directory,Xander Gerritsen (500144),Xander Gerritsen,xander.gerritsen11,True,SEC-DiskEncryption (avo.local/Sample/Groups/SEC-DiskEncryption),,,Permission unmanaged,None
Microsoft Active Directory,Xander Gerritsen (500144),Xander Gerritsen,xander.gerritsen11,True,SEC-MFA-Enrolled (avo.local/Sample/Groups/SEC-MFA-Enrolled),,,Permission unmanaged,None
Microsoft Active Directory,Xander Gerritsen (500144),Xander Gerritsen,xander.gerritsen11,True,SEC-Endpoint-Protection (avo.local/Sample/Groups/SEC-Endpoint-Protection),,,Permission unmanaged,None
Microsoft Active Directory,Xander Gerritsen (500144),Xander Gerritsen,xander.gerritsen11,True,APP-PowerBI-Pro (avo.local/Sample/Groups/APP-PowerBI-Pro),,,Permission unmanaged,None
Microsoft Active Directory,Xander Gerritsen (500144),Xander Gerritsen,xander.gerritsen11,True,LIC-M365-E5 (avo.local/Sample/Groups/LIC-M365-E5),,,Permission unmanaged,None
Microsoft Active Directory,Xander Gerritsen (500144),Xander Gerritsen,xander.gerritsen11,True,MBX-INK08-Inkoop (avo.local/Sample/Groups/MBX-INK08-Inkoop),,,Permission unmanaged,None
Microsoft Active Directory,Xander Gerritsen (500144),Xander Gerritsen,xander.gerritsen11,True,TEAM-INK08-Inkoop (avo.local/Sample/Groups/TEAM-INK08-Inkoop),,,Permission unmanaged,None
Microsoft Active Directory,Xander Gerritsen (500144),Xander Gerritsen,xander.gerritsen11,True,FS-INK08-Inkoop-RW (avo.local/Sample/Groups/FS-INK08-Inkoop-RW),,,Permission unmanaged,None
Microsoft Active Directory,Xander Gerritsen (500144),Xander Gerritsen,xander.gerritsen11,True,ROLE-CZ08-Begeleiding (avo.local/Sample/Groups/ROLE-CZ08-Begeleiding),,,Permission unmanaged,None
Microsoft Active Directory,Xander Gerritsen (500144),Xander Gerritsen,xander.gerritsen11,True,APP-CZ08-Begeleiding-Portal (avo.local/Sample/Groups/APP-CZ08-Begeleiding-Portal),,,Permission unmanaged,None
Microsoft Active Directory,Xander Gerritsen (500144),Xander Gerritsen,xander.gerritsen11,True,FS-CZ08-Begeleiding-RW (avo.local/Sample/Groups/FS-CZ08-Begeleiding-RW),,,Permission unmanaged,None
Microsoft Active Directory,Cato Wielenga (500145),Cato Wielenga,cato.wielenga12,True,FS-CZ08-Begeleiding-RW (avo.local/Sample/Groups/FS-CZ08-Begeleiding-RW),,,Permission unmanaged,None
Microsoft Active Directory,Cato Wielenga (500145),Cato Wielenga,cato.wielenga12,True,ROLE-CZ08-Begeleiding (avo.local/Sample/Groups/ROLE-CZ08-Begeleiding),,,Permission unmanaged,None
Microsoft Active Directory,Cato Wielenga (500145),Cato Wielenga,cato.wielenga12,True,TEAM-CZ08-Begeleiding (avo.local/Sample/Groups/TEAM-CZ08-Begeleiding),,,Permission unmanaged,None
Microsoft Active Directory,Cato Wielenga (500145),Cato Wielenga,cato.wielenga12,True,APP-CZ08-Begeleiding-Portal (avo.local/Sample/Groups/APP-CZ08-Begeleiding-Portal),,,Permission unmanaged,None
Microsoft Active Directory,Cato Wielenga (500145),Cato Wielenga,cato.wielenga12,True,FS-CZ08-Begeleiding-RO (avo.local/Sample/Groups/FS-CZ08-Begeleiding-RO),,,Permission unmanaged,None
Microsoft Active Directory,Cato Wielenga (500145),Cato Wielenga,cato.wielenga12,True,APP-Teams (avo.local/Sample/Groups/APP-Teams),,,Permission unmanaged,None
Microsoft Active Directory,Cato Wielenga (500145),Cato Wielenga,cato.wielenga12,True,WIFI-Personeel (avo.local/Sample/Groups/WIFI-Personeel),,,Permission unmanaged,None
Microsoft Active Directory,Cato Wielenga (500145),Cato Wielenga,cato.wielenga12,True,PRINT-Default (avo.local/Sample/Groups/PRINT-Default),,,Permission unmanaged,None
Microsoft Active Directory,Cato Wielenga (500145),Cato Wielenga,cato.wielenga12,True,SEC-Antivirus (avo.local/Sample/Groups/SEC-Antivirus),,,Permission unmanaged,None
Microsoft Active Directory,Cato Wielenga (500145),Cato Wielenga,cato.wielenga12,True,SEC-DiskEncryption (avo.local/Sample/Groups/SEC-DiskEncryption),,,Permission unmanaged,None
Microsoft Active Directory,Cato Wielenga (500145),Cato Wielenga,cato.wielenga12,True,SEC-MFA-Enrolled (avo.local/Sample/Groups/SEC-MFA-Enrolled),,,Permission unmanaged,None
Microsoft Active Directory,Cato Wielenga (500145),Cato Wielenga,cato.wielenga12,True,SEC-Endpoint-Protection (avo.local/Sample/Groups/SEC-Endpoint-Protection),,,Permission unmanaged,None
Microsoft Active Directory,Cato Wielenga (500145),Cato Wielenga,cato.wielenga12,True,LIC-M365-F3 (avo.local/Sample/Groups/LIC-M365-F3),,,Permission unmanaged,None
Microsoft Active Directory,Cato Terlouw (500146),Cato Terlouw,cato.terlouw13,True,FS-COM05-Communicatie-RO (avo.local/Sample/Groups/FS-COM05-Communicatie-RO),,,Permission unmanaged,None
Microsoft Active Directory,Cato Terlouw (500146),Cato Terlouw,cato.terlouw13,True,TEAM-COM05-Communicatie (avo.local/Sample/Groups/TEAM-COM05-Communicatie),,,Permission unmanaged,None
Microsoft Active Directory,Cato Terlouw (500146),Cato Terlouw,cato.terlouw13,True,ROLE-COM05-Communicatie (avo.local/Sample/Groups/ROLE-COM05-Communicatie),,,Permission unmanaged,None
Microsoft Active Directory,Cato Terlouw (500146),Cato Terlouw,cato.terlouw13,True,APP-Teams (avo.local/Sample/Groups/APP-Teams),,,Permission unmanaged,None
Microsoft Active Directory,Cato Terlouw (500146),Cato Terlouw,cato.terlouw13,True,APP-Office365 (avo.local/Sample/Groups/APP-Office365),,,Permission unmanaged,None
Microsoft Active Directory,Cato Terlouw (500146),Cato Terlouw,cato.terlouw13,True,APP-Intranet (avo.local/Sample/Groups/APP-Intranet),,,Permission unmanaged,None
Microsoft Active Directory,Cato Terlouw (500146),Cato Terlouw,cato.terlouw13,True,SEC-Antivirus (avo.local/Sample/Groups/SEC-Antivirus),,,Permission unmanaged,None
Microsoft Active Directory,Cato Terlouw (500146),Cato Terlouw,cato.terlouw13,True,SEC-DiskEncryption (avo.local/Sample/Groups/SEC-DiskEncryption),,,Permission unmanaged,None
Microsoft Active Directory,Cato Terlouw (500146),Cato Terlouw,cato.terlouw13,True,SEC-MFA-Enrolled (avo.local/Sample/Groups/SEC-MFA-Enrolled),,,Permission unmanaged,None
Microsoft Active Directory,Cato Terlouw (500146),Cato Terlouw,cato.terlouw13,True,SEC-Endpoint-Protection (avo.local/Sample/Groups/SEC-Endpoint-Protection),,,Permission unmanaged,None
Microsoft Active Directory,Cato Terlouw (500146),Cato Terlouw,cato.terlouw13,True,LIC-M365-E5 (avo.local/Sample/Groups/LIC-M365-E5),,,Permission unmanaged,None
Microsoft Active Directory,Cato Oosterhuis (500147),Cato Oosterhuis,cato.oosterhuis14,True,TEAM-KWA07-Kwaliteit (avo.local/Sample/Groups/TEAM-KWA07-Kwaliteit),,,Permission unmanaged,None
Microsoft Active Directory,Cato Oosterhuis (500147),Cato Oosterhuis,cato.oosterhuis14,True,ROLE-KWA07-Kwaliteit (avo.local/Sample/Groups/ROLE-KWA07-Kwaliteit),,,Permission unmanaged,None
Microsoft Active Directory,Cato Oosterhuis (500147),Cato Oosterhuis,cato.oosterhuis14,True,FS-KWA07-Kwaliteit-RW (avo.local/Sample/Groups/FS-KWA07-Kwaliteit-RW),,,Permission unmanaged,None
Microsoft Active Directory,Cato Oosterhuis (500147),Cato Oosterhuis,cato.oosterhuis14,True,APP-Teams (avo.local/Sample/Groups/APP-Teams),,,Permission unmanaged,None
Microsoft Active Directory,Cato Oosterhuis (500147),Cato Oosterhuis,cato.oosterhuis14,True,APP-Selfservice (avo.local/Sample/Groups/APP-Selfservice),,,Permission unmanaged,None
Microsoft Active Directory,Cato Oosterhuis (500147),Cato Oosterhuis,cato.oosterhuis14,True,PRINT-Default (avo.local/Sample/Groups/PRINT-Default),,,Permission unmanaged,None
Microsoft Active Directory,Cato Oosterhuis (500147),Cato Oosterhuis,cato.oosterhuis14,True,SEC-DiskEncryption (avo.local/Sample/Groups/SEC-DiskEncryption),,,Permission unmanaged,None
Microsoft Active Directory,Cato Oosterhuis (500147),Cato Oosterhuis,cato.oosterhuis14,True,SEC-MFA-Enrolled (avo.local/Sample/Groups/SEC-MFA-Enrolled),,,Permission unmanaged,None
Microsoft Active Directory,Cato Oosterhuis (500147),Cato Oosterhuis,cato.oosterhuis14,True,SEC-Endpoint-Protection (avo.local/Sample/Groups/SEC-Endpoint-Protection),,,Permission unmanaged,None
Microsoft Active Directory,Cato Oosterhuis (500147),Cato Oosterhuis,cato.oosterhuis14,True,APP-Copilot (avo.local/Sample/Groups/APP-Copilot),,,Permission unmanaged,None
Microsoft Active Directory,Cato Oosterhuis (500147),Cato Oosterhuis,cato.oosterhuis14,True,LIC-M365-F3 (avo.local/Sample/Groups/LIC-M365-F3),,,Permission unmanaged,None
Microsoft Active Directory,Cato Oosterhuis (500147),Cato Oosterhuis,cato.oosterhuis14,True,LIC-M365-E5 (avo.local/Sample/Groups/LIC-M365-E5),,,Permission unmanaged,None
Microsoft Active Directory,Hanna Slootweg (500148),Hanna Slootweg,hanna.slootweg15,True,APP-CB12-Dagbesteding-Portal (avo.local/Sample/Groups/APP-CB12-Dagbesteding-Portal),,,Permission unmanaged,None
Microsoft Active Directory,Hanna Slootweg (500148),Hanna Slootweg,hanna.slootweg15,True,FS-CB12-Dagbesteding-RW (avo.local/Sample/Groups/FS-CB12-Dagbesteding-RW),,,Permission unmanaged,None
Microsoft Active Directory,Hanna Slootweg (500148),Hanna Slootweg,hanna.slootweg15,True,MBX-CB12-Dagbesteding (avo.local/Sample/Groups/MBX-CB12-Dagbesteding),,,Permission unmanaged,None
Microsoft Active Directory,Hanna Slootweg (500148),Hanna Slootweg,hanna.slootweg15,True,APP-Intranet (avo.local/Sample/Groups/APP-Intranet),,,Permission unmanaged,None
Microsoft Active Directory,Hanna Slootweg (500148),Hanna Slootweg,hanna.slootweg15,True,PRINT-Default (avo.local/Sample/Groups/PRINT-Default),,,Permission unmanaged,None
Microsoft Active Directory,Hanna Slootweg (500148),Hanna Slootweg,hanna.slootweg15,True,VPN-Thuiswerken (avo.local/Sample/Groups/VPN-Thuiswerken),,,Permission unmanaged,None
Microsoft Active Directory,Hanna Slootweg (500148),Hanna Slootweg,hanna.slootweg15,True,SEC-Antivirus (avo.local/Sample/Groups/SEC-Antivirus),,,Permission unmanaged,None
Microsoft Active Directory,Hanna Slootweg (500148),Hanna Slootweg,hanna.slootweg15,True,SEC-DiskEncryption (avo.local/Sample/Groups/SEC-DiskEncryption),,,Permission unmanaged,None
Microsoft Active Directory,Hanna Slootweg (500148),Hanna Slootweg,hanna.slootweg15,True,SEC-MFA-Enrolled (avo.local/Sample/Groups/SEC-MFA-Enrolled),,,Permission unmanaged,None
Microsoft Active Directory,Hanna Slootweg (500148),Hanna Slootweg,hanna.slootweg15,True,SEC-Endpoint-Protection (avo.local/Sample/Groups/SEC-Endpoint-Protection),,,Permission unmanaged,None
Microsoft Active Directory,Hanna Slootweg (500148),Hanna Slootweg,hanna.slootweg15,True,APP-Adobe-AcrobatPro (avo.local/Sample/Groups/APP-Adobe-AcrobatPro),,,Permission unmanaged,None
Microsoft Active Directory,Hanna Slootweg (500148),Hanna Slootweg,hanna.slootweg15,True,APP-Project (avo.local/Sample/Groups/APP-Project),,,Permission unmanaged,None
Microsoft Active Directory,Hanna Slootweg (500148),Hanna Slootweg,hanna.slootweg15,True,LIC-M365-E1 (avo.local/Sample/Groups/LIC-M365-E1),,,Permission unmanaged,None
Microsoft Active Directory,Tess Coenen (500149),Tess Coenen,tess.coenen16,False,FS-KWA07-Kwaliteit-RW (avo.local/Sample/Groups/FS-KWA07-Kwaliteit-RW),,,Permission unmanaged,None
Microsoft Active Directory,Tess Coenen (500149),Tess Coenen,tess.coenen16,False,TEAM-KWA07-Kwaliteit (avo.local/Sample/Groups/TEAM-KWA07-Kwaliteit),,,Permission unmanaged,None
Microsoft Active Directory,Tess Coenen (500149),Tess Coenen,tess.coenen16,False,ROLE-KWA07-Kwaliteit (avo.local/Sample/Groups/ROLE-KWA07-Kwaliteit),,,Permission unmanaged,None
Microsoft Active Directory,Tess Coenen (500149),Tess Coenen,tess.coenen16,False,MBX-KWA07-Kwaliteit (avo.local/Sample/Groups/MBX-KWA07-Kwaliteit),,,Permission unmanaged,None
Microsoft Active Directory,Tess Coenen (500149),Tess Coenen,tess.coenen16,False,APP-Planner (avo.local/Sample/Groups/APP-Planner),,,Permission unmanaged,None
Microsoft Active Directory,Tess Coenen (500149),Tess Coenen,tess.coenen16,False,APP-Intranet (avo.local/Sample/Groups/APP-Intranet),,,Permission unmanaged,None
Microsoft Active Directory,Tess Coenen (500149),Tess Coenen,tess.coenen16,False,SEC-DiskEncryption (avo.local/Sample/Groups/SEC-DiskEncryption),,,Permission unmanaged,None
Microsoft Active Directory,Tess Coenen (500149),Tess Coenen,tess.coenen16,False,SEC-MFA-Enrolled (avo.local/Sample/Groups/SEC-MFA-Enrolled),,,Permission unmanaged,None
Microsoft Active Directory,Tess Coenen (500149),Tess Coenen,tess.coenen16,False,SEC-Endpoint-Protection (avo.local/Sample/Groups/SEC-Endpoint-Protection),,,Permission unmanaged,None
Microsoft Active Directory,Tess Coenen (500149),Tess Coenen,tess.coenen16,False,APP-Copilot (avo.local/Sample/Groups/APP-Copilot),,,Permission unmanaged,None
Microsoft Active Directory,Tess Coenen (500149),Tess Coenen,tess.coenen16,False,APP-Adobe-AcrobatPro (avo.local/Sample/Groups/APP-Adobe-AcrobatPro),,,Permission unmanaged,None
Microsoft Active Directory,Tess Coenen (500149),Tess Coenen,tess.coenen16,False,LIC-M365-E5 (avo.local/Sample/Groups/LIC-M365-E5),,,Permission unmanaged,None
Microsoft Active Directory,Wout Quaedvlieg (500150),Wout Quaedvlieg,wout.quaedvlieg17,True,FS-CA010-Thuiszorg-RW (avo.local/Sample/Groups/FS-CA010-Thuiszorg-RW),,,Permission unmanaged,None
Microsoft Active Directory,Wout Quaedvlieg (500150),Wout Quaedvlieg,wout.quaedvlieg17,True,MBX-CA010-Thuiszorg (avo.local/Sample/Groups/MBX-CA010-Thuiszorg),,,Permission unmanaged,None
Microsoft Active Directory,Wout Quaedvlieg (500150),Wout Quaedvlieg,wout.quaedvlieg17,True,APP-Office365 (avo.local/Sample/Groups/APP-Office365),,,Permission unmanaged,None
Microsoft Active Directory,Wout Quaedvlieg (500150),Wout Quaedvlieg,wout.quaedvlieg17,True,VPN-Thuiswerken (avo.local/Sample/Groups/VPN-Thuiswerken),,,Permission unmanaged,None
Microsoft Active Directory,Wout Quaedvlieg (500150),Wout Quaedvlieg,wout.quaedvlieg17,True,WIFI-Personeel (avo.local/Sample/Groups/WIFI-Personeel),,,Permission unmanaged,None
Microsoft Active Directory,Wout Quaedvlieg (500150),Wout Quaedvlieg,wout.quaedvlieg17,True,SEC-Antivirus (avo.local/Sample/Groups/SEC-Antivirus),,,Permission unmanaged,None
Microsoft Active Directory,Wout Quaedvlieg (500150),Wout Quaedvlieg,wout.quaedvlieg17,True,SEC-DiskEncryption (avo.local/Sample/Groups/SEC-DiskEncryption),,,Permission unmanaged,None
Microsoft Active Directory,Wout Quaedvlieg (500150),Wout Quaedvlieg,wout.quaedvlieg17,True,SEC-MFA-Enrolled (avo.local/Sample/Groups/SEC-MFA-Enrolled),,,Permission unmanaged,None
Microsoft Active Directory,Wout Quaedvlieg (500150),Wout Quaedvlieg,wout.quaedvlieg17,True,SEC-Endpoint-Protection (avo.local/Sample/Groups/SEC-Endpoint-Protection),,,Permission unmanaged,None
Microsoft Active Directory,Wout Quaedvlieg (500150),Wout Quaedvlieg,wout.quaedvlieg17,True,APP-Project (avo.local/Sample/Groups/APP-Project),,,Permission unmanaged,None
Microsoft Active Directory,Wout Quaedvlieg (500150),Wout Quaedvlieg,wout.quaedvlieg17,True,APP-PowerBI-Pro (avo.local/Sample/Groups/APP-PowerBI-Pro),,,Permission unmanaged,None
Microsoft Active Directory,Wout Quaedvlieg (500150),Wout Quaedvlieg,wout.quaedvlieg17,True,LIC-M365-F3 (avo.local/Sample/Groups/LIC-M365-F3),,,Permission unmanaged,None
Microsoft Active Directory,,Service HRM02-Personeel,svc-ink0818,True,,,,Account unmanaged,None
Microsoft Active Directory,,Service HRM02-Personeel,svc-ink0818,True,SRV-RDP-Beheerservers (avo.local/Sample/Groups/SRV-RDP-Beheerservers),,,Permission unmanaged,None
Microsoft Active Directory,,Service HRM02-Personeel,svc-ink0818,True,LIC-M365-E5 (avo.local/Sample/Groups/LIC-M365-E5),,,Permission unmanaged,None
Microsoft Active Directory,Roos Nagtegaal (500152),Roos Nagtegaal,roos.nagtegaal19,True,APP-COM05-Communicatie-Portal (avo.local/Sample/Groups/APP-COM05-Communicatie-Portal),,,Permission unmanaged,None
Microsoft Active Directory,Roos Nagtegaal (500152),Roos Nagtegaal,roos.nagtegaal19,True,FS-COM05-Communicatie-RO (avo.local/Sample/Groups/FS-COM05-Communicatie-RO),,,Permission unmanaged,None
Microsoft Active Directory,Roos Nagtegaal (500152),Roos Nagtegaal,roos.nagtegaal19,True,ROLE-COM05-Communicatie (avo.local/Sample/Groups/ROLE-COM05-Communicatie),,,Permission unmanaged,None
Microsoft Active Directory,Roos Nagtegaal (500152),Roos Nagtegaal,roos.nagtegaal19,True,TEAM-COM05-Communicatie (avo.local/Sample/Groups/TEAM-COM05-Communicatie),,,Permission unmanaged,None
Microsoft Active Directory,Roos Nagtegaal (500152),Roos Nagtegaal,roos.nagtegaal19,True,FS-COM05-Communicatie-RW (avo.local/Sample/Groups/FS-COM05-Communicatie-RW),,,Permission unmanaged,None
Microsoft Active Directory,Roos Nagtegaal (500152),Roos Nagtegaal,roos.nagtegaal19,True,MBX-COM05-Communicatie (avo.local/Sample/Groups/MBX-COM05-Communicatie),,,Permission unmanaged,None
Microsoft Active Directory,Roos Nagtegaal (500152),Roos Nagtegaal,roos.nagtegaal19,True,APP-Teams (avo.local/Sample/Groups/APP-Teams),,,Permission unmanaged,None
Microsoft Active Directory,Roos Nagtegaal (500152),Roos Nagtegaal,roos.nagtegaal19,True,VPN-Thuiswerken (avo.local/Sample/Groups/VPN-Thuiswerken),,,Permission unmanaged,None
Microsoft Active Directory,Roos Nagtegaal (500152),Roos Nagtegaal,roos.nagtegaal19,True,SEC-Antivirus (avo.local/Sample/Groups/SEC-Antivirus),,,Permission unmanaged,None
Microsoft Active Directory,Roos Nagtegaal (500152),Roos Nagtegaal,roos.nagtegaal19,True,SEC-DiskEncryption (avo.local/Sample/Groups/SEC-DiskEncryption),,,Permission unmanaged,None
Microsoft Active Directory,Roos Nagtegaal (500152),Roos Nagtegaal,roos.nagtegaal19,True,SEC-Endpoint-Protection (avo.local/Sample/Groups/SEC-Endpoint-Protection),,,Permission unmanaged,None
Microsoft Active Directory,Roos Nagtegaal (500152),Roos Nagtegaal,roos.nagtegaal19,True,LIC-M365-E1 (avo.local/Sample/Groups/LIC-M365-E1),,,Permission unmanaged,None
Microsoft Active Directory,Jasper Jonker (500153),Jasper Jonker,jasper.jonker20,True,FS-ICT03-Techniek-RW (avo.local/Sample/Groups/FS-ICT03-Techniek-RW),,,Permission unmanaged,None
Microsoft Active Directory,Jasper Jonker (500153),Jasper Jonker,jasper.jonker20,True,APP-ICT03-Techniek-Portal (avo.local/Sample/Groups/APP-ICT03-Techniek-Portal),,,Permission unmanaged,None
Microsoft Active Directory,Jasper Jonker (500153),Jasper Jonker,jasper.jonker20,True,MBX-ICT03-Techniek (avo.local/Sample/Groups/MBX-ICT03-Techniek),,,Permission unmanaged,None
Microsoft Active Directory,Jasper Jonker (500153),Jasper Jonker,jasper.jonker20,True,ROLE-ICT03-Techniek (avo.local/Sample/Groups/ROLE-ICT03-Techniek),,,Permission unmanaged,None
Microsoft Active Directory,Jasper Jonker (500153),Jasper Jonker,jasper.jonker20,True,TEAM-ICT03-Techniek (avo.local/Sample/Groups/TEAM-ICT03-Techniek),,,Permission unmanaged,None
Microsoft Active Directory,Jasper Jonker (500153),Jasper Jonker,jasper.jonker20,True,APP-Intranet (avo.local/Sample/Groups/APP-Intranet),,,Permission unmanaged,None
Microsoft Active Directory,Jasper Jonker (500153),Jasper Jonker,jasper.jonker20,True,APP-Office365 (avo.local/Sample/Groups/APP-Office365),,,Permission unmanaged,None
Microsoft Active Directory,Jasper Jonker (500153),Jasper Jonker,jasper.jonker20,True,SEC-Antivirus (avo.local/Sample/Groups/SEC-Antivirus),,,Permission unmanaged,None
Microsoft Active Directory,Jasper Jonker (500153),Jasper Jonker,jasper.jonker20,True,SEC-DiskEncryption (avo.local/Sample/Groups/SEC-DiskEncryption),,,Permission unmanaged,None
Microsoft Active Directory,Jasper Jonker (500153),Jasper Jonker,jasper.jonker20,True,LIC-M365-E3 (avo.local/Sample/Groups/LIC-M365-E3),,,Permission unmanaged,None
Microsoft Active Directory,Wout Oosterhuis (500154),Wout Oosterhuis,wout.oosterhuis21,False,TEAM-FIN01-Financien (avo.local/Sample/Groups/TEAM-FIN01-Financien),,,Permission unmanaged,None
Microsoft Active Directory,Wout Oosterhuis (500154),Wout Oosterhuis,wout.oosterhuis21,False,FS-FIN01-Financien-RO (avo.local/Sample/Groups/FS-FIN01-Financien-RO),,,Permission unmanaged,None
Microsoft Active Directory,Wout Oosterhuis (500154),Wout Oosterhuis,wout.oosterhuis21,False,FS-FIN01-Financien-RW (avo.local/Sample/Groups/FS-FIN01-Financien-RW),,,Permission unmanaged,None
Microsoft Active Directory,Wout Oosterhuis (500154),Wout Oosterhuis,wout.oosterhuis21,False,MBX-FIN01-Financien (avo.local/Sample/Groups/MBX-FIN01-Financien),,,Permission unmanaged,None
Microsoft Active Directory,Wout Oosterhuis (500154),Wout Oosterhuis,wout.oosterhuis21,False,APP-FIN01-Financien-Portal (avo.local/Sample/Groups/APP-FIN01-Financien-Portal),,,Permission unmanaged,None
Microsoft Active Directory,Wout Oosterhuis (500154),Wout Oosterhuis,wout.oosterhuis21,False,ROLE-FIN01-Financien (avo.local/Sample/Groups/ROLE-FIN01-Financien),,,Permission unmanaged,None
Microsoft Active Directory,Wout Oosterhuis (500154),Wout Oosterhuis,wout.oosterhuis21,False,APP-Planner (avo.local/Sample/Groups/APP-Planner),,,Permission unmanaged,None
Microsoft Active Directory,Wout Oosterhuis (500154),Wout Oosterhuis,wout.oosterhuis21,False,APP-Office365 (avo.local/Sample/Groups/APP-Office365),,,Permission unmanaged,None
Microsoft Active Directory,Wout Oosterhuis (500154),Wout Oosterhuis,wout.oosterhuis21,False,SEC-DiskEncryption (avo.local/Sample/Groups/SEC-DiskEncryption),,,Permission unmanaged,None
Microsoft Active Directory,Wout Oosterhuis (500154),Wout Oosterhuis,wout.oosterhuis21,False,SEC-MFA-Enrolled (avo.local/Sample/Groups/SEC-MFA-Enrolled),,,Permission unmanaged,None
Microsoft Active Directory,Wout Oosterhuis (500154),Wout Oosterhuis,wout.oosterhuis21,False,SEC-Endpoint-Protection (avo.local/Sample/Groups/SEC-Endpoint-Protection),,,Permission unmanaged,None
Microsoft Active Directory,Wout Oosterhuis (500154),Wout Oosterhuis,wout.oosterhuis21,False,LIC-M365-E5 (avo.local/Sample/Groups/LIC-M365-E5),,,Permission unmanaged,None
Microsoft Active Directory,Gijs Wielenga (500155),Gijs Wielenga,gijs.wielenga22,False,ROLE-INK08-Inkoop (avo.local/Sample/Groups/ROLE-INK08-Inkoop),,,Permission unmanaged,None
Microsoft Active Directory,Gijs Wielenga (500155),Gijs Wielenga,gijs.wielenga22,False,TEAM-INK08-Inkoop (avo.local/Sample/Groups/TEAM-INK08-Inkoop),,,Permission unmanaged,None
Microsoft Active Directory,Gijs Wielenga (500155),Gijs Wielenga,gijs.wielenga22,False,MBX-INK08-Inkoop (avo.local/Sample/Groups/MBX-INK08-Inkoop),,,Permission unmanaged,None
Microsoft Active Directory,Gijs Wielenga (500155),Gijs Wielenga,gijs.wielenga22,False,APP-Selfservice (avo.local/Sample/Groups/APP-Selfservice),,,Permission unmanaged,None
Microsoft Active Directory,Gijs Wielenga (500155),Gijs Wielenga,gijs.wielenga22,False,APP-Office365 (avo.local/Sample/Groups/APP-Office365),,,Permission unmanaged,None
Microsoft Active Directory,Gijs Wielenga (500155),Gijs Wielenga,gijs.wielenga22,False,SEC-DiskEncryption (avo.local/Sample/Groups/SEC-DiskEncryption),,,Permission unmanaged,None
Microsoft Active Directory,Gijs Wielenga (500155),Gijs Wielenga,gijs.wielenga22,False,SEC-MFA-Enrolled (avo.local/Sample/Groups/SEC-MFA-Enrolled),,,Permission unmanaged,None
Microsoft Active Directory,Gijs Wielenga (500155),Gijs Wielenga,gijs.wielenga22,False,SEC-Endpoint-Protection (avo.local/Sample/Groups/SEC-Endpoint-Protection),,,Permission unmanaged,None
Microsoft Active Directory,Gijs Wielenga (500155),Gijs Wielenga,gijs.wielenga22,False,LIC-M365-F3 (avo.local/Sample/Groups/LIC-M365-F3),,,Permission unmanaged,None
Microsoft Active Directory,Wout Oosterhuis (500156),Wout Oosterhuis,wout.oosterhuis23,True,FS-ICT03-Techniek-RO (avo.local/Sample/Groups/FS-ICT03-Techniek-RO),,,Permission unmanaged,None
Microsoft Active Directory,Wout Oosterhuis (500156),Wout Oosterhuis,wout.oosterhuis23,True,FS-ICT03-Techniek-RW (avo.local/Sample/Groups/FS-ICT03-Techniek-RW),,,Permission unmanaged,None
Microsoft Active Directory,Wout Oosterhuis (500156),Wout Oosterhuis,wout.oosterhuis23,True,ROLE-ICT03-Techniek (avo.local/Sample/Groups/ROLE-ICT03-Techniek),,,Permission unmanaged,None
Microsoft Active Directory,Wout Oosterhuis (500156),Wout Oosterhuis,wout.oosterhuis23,True,MBX-ICT03-Techniek (avo.local/Sample/Groups/MBX-ICT03-Techniek),,,Permission unmanaged,None
Microsoft Active Directory,Wout Oosterhuis (500156),Wout Oosterhuis,wout.oosterhuis23,True,APP-Selfservice (avo.local/Sample/Groups/APP-Selfservice),,,Permission unmanaged,None
Microsoft Active Directory,Wout Oosterhuis (500156),Wout Oosterhuis,wout.oosterhuis23,True,APP-Planner (avo.local/Sample/Groups/APP-Planner),,,Permission unmanaged,None
Microsoft Active Directory,Wout Oosterhuis (500156),Wout Oosterhuis,wout.oosterhuis23,True,VPN-Thuiswerken (avo.local/Sample/Groups/VPN-Thuiswerken),,,Permission unmanaged,None
Microsoft Active Directory,Wout Oosterhuis (500156),Wout Oosterhuis,wout.oosterhuis23,True,SEC-Antivirus (avo.local/Sample/Groups/SEC-Antivirus),,,Permission unmanaged,None
Microsoft Active Directory,Wout Oosterhuis (500156),Wout Oosterhuis,wout.oosterhuis23,True,SEC-DiskEncryption (avo.local/Sample/Groups/SEC-DiskEncryption),,,Permission unmanaged,None
Microsoft Active Directory,Wout Oosterhuis (500156),Wout Oosterhuis,wout.oosterhuis23,True,SEC-MFA-Enrolled (avo.local/Sample/Groups/SEC-MFA-Enrolled),,,Permission unmanaged,None
Microsoft Active Directory,Wout Oosterhuis (500156),Wout Oosterhuis,wout.oosterhuis23,True,SEC-Endpoint-Protection (avo.local/Sample/Groups/SEC-Endpoint-Protection),,,Permission unmanaged,None
Microsoft Active Directory,Wout Oosterhuis (500156),Wout Oosterhuis,wout.oosterhuis23,True,LIC-M365-F3 (avo.local/Sample/Groups/LIC-M365-F3),,,Permission unmanaged,None
Microsoft Active Directory,Quinten Kalisvaart (500157),Quinten Kalisvaart,quinten.kalisvaart24,True,APP-CB12-Dagbesteding-Portal (avo.local/Sample/Groups/APP-CB12-Dagbesteding-Portal),,,Permission unmanaged,None
Microsoft Active Directory,Quinten Kalisvaart (500157),Quinten Kalisvaart,quinten.kalisvaart24,True,TEAM-CB12-Dagbesteding (avo.local/Sample/Groups/TEAM-CB12-Dagbesteding),,,Permission unmanaged,None
Microsoft Active Directory,Quinten Kalisvaart (500157),Quinten Kalisvaart,quinten.kalisvaart24,True,MBX-CB12-Dagbesteding (avo.local/Sample/Groups/MBX-CB12-Dagbesteding),,,Permission unmanaged,None
Microsoft Active Directory,Quinten Kalisvaart (500157),Quinten Kalisvaart,quinten.kalisvaart24,True,ROLE-CB12-Dagbesteding (avo.local/Sample/Groups/ROLE-CB12-Dagbesteding),,,Permission unmanaged,None
Microsoft Active Directory,Quinten Kalisvaart (500157),Quinten Kalisvaart,quinten.kalisvaart24,True,FS-CB12-Dagbesteding-RW (avo.local/Sample/Groups/FS-CB12-Dagbesteding-RW),,,Permission unmanaged,None
Microsoft Active Directory,Quinten Kalisvaart (500157),Quinten Kalisvaart,quinten.kalisvaart24,True,APP-Intranet (avo.local/Sample/Groups/APP-Intranet),,,Permission unmanaged,None
Microsoft Active Directory,Quinten Kalisvaart (500157),Quinten Kalisvaart,quinten.kalisvaart24,True,SEC-Antivirus (avo.local/Sample/Groups/SEC-Antivirus),,,Permission unmanaged,None
Microsoft Active Directory,Quinten Kalisvaart (500157),Quinten Kalisvaart,quinten.kalisvaart24,True,SEC-DiskEncryption (avo.local/Sample/Groups/SEC-DiskEncryption),,,Permission unmanaged,None
Microsoft Active Directory,Quinten Kalisvaart (500157),Quinten Kalisvaart,quinten.kalisvaart24,True,SEC-MFA-Enrolled (avo.local/Sample/Groups/SEC-MFA-Enrolled),,,Permission unmanaged,None
Microsoft Active Directory,Quinten Kalisvaart (500157),Quinten Kalisvaart,quinten.kalisvaart24,True,APP-PowerBI-Pro (avo.local/Sample/Groups/APP-PowerBI-Pro),,,Permission unmanaged,None
Microsoft Active Directory,Quinten Kalisvaart (500157),Quinten Kalisvaart,quinten.kalisvaart24,True,APP-Copilot (avo.local/Sample/Groups/APP-Copilot),,,Permission unmanaged,None
Microsoft Active Directory,Quinten Kalisvaart (500157),Quinten Kalisvaart,quinten.kalisvaart24,True,LIC-M365-E5 (avo.local/Sample/Groups/LIC-M365-E5),,,Permission unmanaged,None
Microsoft Active Directory,Wout Nagtegaal (500158),Wout Nagtegaal,wout.nagtegaal25,True,MBX-CA060-Revalidatie (avo.local/Sample/Groups/MBX-CA060-Revalidatie),,,Permission unmanaged,None
Microsoft Active Directory,Wout Nagtegaal (500158),Wout Nagtegaal,wout.nagtegaal25,True,TEAM-CA060-Revalidatie (avo.local/Sample/Groups/TEAM-CA060-Revalidatie),,,Permission unmanaged,None
Microsoft Active Directory,Wout Nagtegaal (500158),Wout Nagtegaal,wout.nagtegaal25,True,ROLE-CA060-Revalidatie (avo.local/Sample/Groups/ROLE-CA060-Revalidatie),,,Permission unmanaged,None
Microsoft Active Directory,Wout Nagtegaal (500158),Wout Nagtegaal,wout.nagtegaal25,True,APP-Intranet (avo.local/Sample/Groups/APP-Intranet),,,Permission unmanaged,None
Microsoft Active Directory,Wout Nagtegaal (500158),Wout Nagtegaal,wout.nagtegaal25,True,VPN-Thuiswerken (avo.local/Sample/Groups/VPN-Thuiswerken),,,Permission unmanaged,None
Microsoft Active Directory,Wout Nagtegaal (500158),Wout Nagtegaal,wout.nagtegaal25,True,SEC-Antivirus (avo.local/Sample/Groups/SEC-Antivirus),,,Permission unmanaged,None
Microsoft Active Directory,Wout Nagtegaal (500158),Wout Nagtegaal,wout.nagtegaal25,True,SEC-DiskEncryption (avo.local/Sample/Groups/SEC-DiskEncryption),,,Permission unmanaged,None
Microsoft Active Directory,Wout Nagtegaal (500158),Wout Nagtegaal,wout.nagtegaal25,True,SEC-Endpoint-Protection (avo.local/Sample/Groups/SEC-Endpoint-Protection),,,Permission unmanaged,None
Microsoft Active Directory,Wout Nagtegaal (500158),Wout Nagtegaal,wout.nagtegaal25,True,APP-Project (avo.local/Sample/Groups/APP-Project),,,Permission unmanaged,None
Microsoft Active Directory,Wout Nagtegaal (500158),Wout Nagtegaal,wout.nagtegaal25,True,APP-Adobe-AcrobatPro (avo.local/Sample/Groups/APP-Adobe-AcrobatPro),,,Permission unmanaged,None
Microsoft Active Directory,Wout Nagtegaal (500158),Wout Nagtegaal,wout.nagtegaal25,True,LIC-M365-E5 (avo.local/Sample/Groups/LIC-M365-E5),,,Permission unmanaged,None
Microsoft Active Directory,,Roos Coenen,roos.coenen26,True,,,,Account unmanaged,None
Microsoft Active Directory,,Roos Coenen,roos.coenen26,True,FS-ICT03-Techniek-RW (avo.local/Sample/Groups/FS-ICT03-Techniek-RW),,,Permission unmanaged,None
Microsoft Active Directory,,Roos Coenen,roos.coenen26,True,TEAM-ICT03-Techniek (avo.local/Sample/Groups/TEAM-ICT03-Techniek),,,Permission unmanaged,None
Microsoft Active Directory,,Roos Coenen,roos.coenen26,True,FS-ICT03-Techniek-RO (avo.local/Sample/Groups/FS-ICT03-Techniek-RO),,,Permission unmanaged,None
Microsoft Active Directory,,Roos Coenen,roos.coenen26,True,MBX-ICT03-Techniek (avo.local/Sample/Groups/MBX-ICT03-Techniek),,,Permission unmanaged,None
Microsoft Active Directory,,Roos Coenen,roos.coenen26,True,APP-Teams (avo.local/Sample/Groups/APP-Teams),,,Permission unmanaged,None
Microsoft Active Directory,,Roos Coenen,roos.coenen26,True,SEC-Antivirus (avo.local/Sample/Groups/SEC-Antivirus),,,Permission unmanaged,None
Microsoft Active Directory,,Roos Coenen,roos.coenen26,True,SEC-DiskEncryption (avo.local/Sample/Groups/SEC-DiskEncryption),,,Permission unmanaged,None
Microsoft Active Directory,,Roos Coenen,roos.coenen26,True,SEC-MFA-Enrolled (avo.local/Sample/Groups/SEC-MFA-Enrolled),,,Permission unmanaged,None
Microsoft Active Directory,,Roos Coenen,roos.coenen26,True,SEC-Endpoint-Protection (avo.local/Sample/Groups/SEC-Endpoint-Protection),,,Permission unmanaged,None
Microsoft Active Directory,,Roos Coenen,roos.coenen26,True,APP-Project (avo.local/Sample/Groups/APP-Project),,,Permission unmanaged,None
Microsoft Active Directory,,Roos Coenen,roos.coenen26,True,LIC-M365-F3 (avo.local/Sample/Groups/LIC-M365-F3),,,Permission unmanaged,None
Microsoft Active Directory,Cato Pronk (500160),Cato Pronk,cato.pronk27,False,MBX-ICT03-Techniek (avo.local/Sample/Groups/MBX-ICT03-Techniek),,,Permission unmanaged,None
Microsoft Active Directory,Cato Pronk (500160),Cato Pronk,cato.pronk27,False,FS-ICT03-Techniek-RW (avo.local/Sample/Groups/FS-ICT03-Techniek-RW),,,Permission unmanaged,None
Microsoft Active Directory,Cato Pronk (500160),Cato Pronk,cato.pronk27,False,FS-ICT03-Techniek-RO (avo.local/Sample/Groups/FS-ICT03-Techniek-RO),,,Permission unmanaged,None
Microsoft Active Directory,Cato Pronk (500160),Cato Pronk,cato.pronk27,False,APP-ICT03-Techniek-Portal (avo.local/Sample/Groups/APP-ICT03-Techniek-Portal),,,Permission unmanaged,None
Microsoft Active Directory,Cato Pronk (500160),Cato Pronk,cato.pronk27,False,ROLE-ICT03-Techniek (avo.local/Sample/Groups/ROLE-ICT03-Techniek),,,Permission unmanaged,None
Microsoft Active Directory,Cato Pronk (500160),Cato Pronk,cato.pronk27,False,APP-Planner (avo.local/Sample/Groups/APP-Planner),,,Permission unmanaged,None
Microsoft Active Directory,Cato Pronk (500160),Cato Pronk,cato.pronk27,False,APP-Teams (avo.local/Sample/Groups/APP-Teams),,,Permission unmanaged,None
Microsoft Active Directory,Cato Pronk (500160),Cato Pronk,cato.pronk27,False,VPN-Thuiswerken (avo.local/Sample/Groups/VPN-Thuiswerken),,,Permission unmanaged,None
Microsoft Active Directory,Cato Pronk (500160),Cato Pronk,cato.pronk27,False,SEC-Antivirus (avo.local/Sample/Groups/SEC-Antivirus),,,Permission unmanaged,None
Microsoft Active Directory,Cato Pronk (500160),Cato Pronk,cato.pronk27,False,SEC-DiskEncryption (avo.local/Sample/Groups/SEC-DiskEncryption),,,Permission unmanaged,None
Microsoft Active Directory,Cato Pronk (500160),Cato Pronk,cato.pronk27,False,SEC-MFA-Enrolled (avo.local/Sample/Groups/SEC-MFA-Enrolled),,,Permission unmanaged,None
Microsoft Active Directory,Cato Pronk (500160),Cato Pronk,cato.pronk27,False,SEC-Endpoint-Protection (avo.local/Sample/Groups/SEC-Endpoint-Protection),,,Permission unmanaged,None
Microsoft Active Directory,Cato Pronk (500160),Cato Pronk,cato.pronk27,False,APP-Adobe-AcrobatPro (avo.local/Sample/Groups/APP-Adobe-AcrobatPro),,,Permission unmanaged,None
Microsoft Active Directory,Cato Pronk (500160),Cato Pronk,cato.pronk27,False,APP-PowerBI-Pro (avo.local/Sample/Groups/APP-PowerBI-Pro),,,Permission unmanaged,None
Microsoft Active Directory,Cato Pronk (500160),Cato Pronk,cato.pronk27,False,LIC-M365-E3 (avo.local/Sample/Groups/LIC-M365-E3),,,Permission unmanaged,None
Microsoft Active Directory,,Zoë Vroegindeweij (extern),zoe.vroegindeweij.extern28,True,,,,Account unmanaged,None
Microsoft Active Directory,,Zoë Vroegindeweij (extern),zoe.vroegindeweij.extern28,True,FS-CZ08-Begeleiding-RW (avo.local/Sample/Groups/FS-CZ08-Begeleiding-RW),,,Permission unmanaged,None
Microsoft Active Directory,,Zoë Vroegindeweij (extern),zoe.vroegindeweij.extern28,True,APP-CZ08-Begeleiding-Portal (avo.local/Sample/Groups/APP-CZ08-Begeleiding-Portal),,,Permission unmanaged,None
Microsoft Active Directory,,Zoë Vroegindeweij (extern),zoe.vroegindeweij.extern28,True,FS-CZ08-Begeleiding-RO (avo.local/Sample/Groups/FS-CZ08-Begeleiding-RO),,,Permission unmanaged,None
Microsoft Active Directory,,Zoë Vroegindeweij (extern),zoe.vroegindeweij.extern28,True,APP-Teams (avo.local/Sample/Groups/APP-Teams),,,Permission unmanaged,None
Microsoft Active Directory,,Zoë Vroegindeweij (extern),zoe.vroegindeweij.extern28,True,APP-Intranet (avo.local/Sample/Groups/APP-Intranet),,,Permission unmanaged,None
Microsoft Active Directory,,Zoë Vroegindeweij (extern),zoe.vroegindeweij.extern28,True,APP-Office365 (avo.local/Sample/Groups/APP-Office365),,,Permission unmanaged,None
Microsoft Active Directory,,Zoë Vroegindeweij (extern),zoe.vroegindeweij.extern28,True,WIFI-Personeel (avo.local/Sample/Groups/WIFI-Personeel),,,Permission unmanaged,None
Microsoft Active Directory,,Zoë Vroegindeweij (extern),zoe.vroegindeweij.extern28,True,VPN-Thuiswerken (avo.local/Sample/Groups/VPN-Thuiswerken),,,Permission unmanaged,None
Microsoft Active Directory,,Zoë Vroegindeweij (extern),zoe.vroegindeweij.extern28,True,SEC-Antivirus (avo.local/Sample/Groups/SEC-Antivirus),,,Permission unmanaged,None
Microsoft Active Directory,,Zoë Vroegindeweij (extern),zoe.vroegindeweij.extern28,True,SEC-DiskEncryption (avo.local/Sample/Groups/SEC-DiskEncryption),,,Permission unmanaged,None
Microsoft Active Directory,,Zoë Vroegindeweij (extern),zoe.vroegindeweij.extern28,True,SEC-MFA-Enrolled (avo.local/Sample/Groups/SEC-MFA-Enrolled),,,Permission unmanaged,None
Microsoft Active Directory,,Zoë Vroegindeweij (extern),zoe.vroegindeweij.extern28,True,LIC-M365-E3 (avo.local/Sample/Groups/LIC-M365-E3),,,Permission unmanaged,None
Microsoft Active Directory,,Zoë Vroegindeweij (extern),zoe.vroegindeweij.extern28,True,LIC-M365-E5 (avo.local/Sample/Groups/LIC-M365-E5),,,Permission unmanaged,None
Microsoft Active Directory,Yara Elzinga (500162),Yara Elzinga,yara.elzinga29,True,MBX-CA060-Revalidatie (avo.local/Sample/Groups/MBX-CA060-Revalidatie),,,Permission unmanaged,None
Microsoft Active Directory,Yara Elzinga (500162),Yara Elzinga,yara.elzinga29,True,ROLE-CA060-Revalidatie (avo.local/Sample/Groups/ROLE-CA060-Revalidatie),,,Permission unmanaged,None
Microsoft Active Directory,Yara Elzinga (500162),Yara Elzinga,yara.elzinga29,True,TEAM-CA060-Revalidatie (avo.local/Sample/Groups/TEAM-CA060-Revalidatie),,,Permission unmanaged,None
Microsoft Active Directory,Yara Elzinga (500162),Yara Elzinga,yara.elzinga29,True,FS-CA060-Revalidatie-RO (avo.local/Sample/Groups/FS-CA060-Revalidatie-RO),,,Permission unmanaged,None
Microsoft Active Directory,Yara Elzinga (500162),Yara Elzinga,yara.elzinga29,True,FS-CA060-Revalidatie-RW (avo.local/Sample/Groups/FS-CA060-Revalidatie-RW),,,Permission unmanaged,None
Microsoft Active Directory,Yara Elzinga (500162),Yara Elzinga,yara.elzinga29,True,APP-Selfservice (avo.local/Sample/Groups/APP-Selfservice),,,Permission unmanaged,None
Microsoft Active Directory,Yara Elzinga (500162),Yara Elzinga,yara.elzinga29,True,APP-Planner (avo.local/Sample/Groups/APP-Planner),,,Permission unmanaged,None
Microsoft Active Directory,Yara Elzinga (500162),Yara Elzinga,yara.elzinga29,True,APP-Office365 (avo.local/Sample/Groups/APP-Office365),,,Permission unmanaged,None
Microsoft Active Directory,Yara Elzinga (500162),Yara Elzinga,yara.elzinga29,True,WIFI-Personeel (avo.local/Sample/Groups/WIFI-Personeel),,,Permission unmanaged,None
Microsoft Active Directory,Yara Elzinga (500162),Yara Elzinga,yara.elzinga29,True,SEC-Antivirus (avo.local/Sample/Groups/SEC-Antivirus),,,Permission unmanaged,None
Microsoft Active Directory,Yara Elzinga (500162),Yara Elzinga,yara.elzinga29,True,SEC-DiskEncryption (avo.local/Sample/Groups/SEC-DiskEncryption),,,Permission unmanaged,None
Microsoft Active Directory,Yara Elzinga (500162),Yara Elzinga,yara.elzinga29,True,SEC-MFA-Enrolled (avo.local/Sample/Groups/SEC-MFA-Enrolled),,,Permission unmanaged,None
Microsoft Active Directory,Yara Elzinga (500162),Yara Elzinga,yara.elzinga29,True,APP-Visio (avo.local/Sample/Groups/APP-Visio),,,Permission unmanaged,None
Microsoft Active Directory,Yara Elzinga (500162),Yara Elzinga,yara.elzinga29,True,LIC-M365-E3 (avo.local/Sample/Groups/LIC-M365-E3),,,Permission unmanaged,None
Microsoft Active Directory,Lars Wielenga (500163),Lars Wielenga,lars.wielenga30,True,TEAM-KWA07-Kwaliteit (avo.local/Sample/Groups/TEAM-KWA07-Kwaliteit),,,Permission unmanaged,None
Microsoft Active Directory,Lars Wielenga (500163),Lars Wielenga,lars.wielenga30,True,FS-KWA07-Kwaliteit-RW (avo.local/Sample/Groups/FS-KWA07-Kwaliteit-RW),,,Permission unmanaged,None
Microsoft Active Directory,Lars Wielenga (500163),Lars Wielenga,lars.wielenga30,True,FS-KWA07-Kwaliteit-RO (avo.local/Sample/Groups/FS-KWA07-Kwaliteit-RO),,,Permission unmanaged,None
Microsoft Active Directory,Lars Wielenga (500163),Lars Wielenga,lars.wielenga30,True,MBX-KWA07-Kwaliteit (avo.local/Sample/Groups/MBX-KWA07-Kwaliteit),,,Permission unmanaged,None
Microsoft Active Directory,Lars Wielenga (500163),Lars Wielenga,lars.wielenga30,True,APP-KWA07-Kwaliteit-Portal (avo.local/Sample/Groups/APP-KWA07-Kwaliteit-Portal),,,Permission unmanaged,None
Microsoft Active Directory,Lars Wielenga (500163),Lars Wielenga,lars.wielenga30,True,ROLE-KWA07-Kwaliteit (avo.local/Sample/Groups/ROLE-KWA07-Kwaliteit),,,Permission unmanaged,None
Microsoft Active Directory,Lars Wielenga (500163),Lars Wielenga,lars.wielenga30,True,APP-Intranet (avo.local/Sample/Groups/APP-Intranet),,,Permission unmanaged,None
Microsoft Active Directory,Lars Wielenga (500163),Lars Wielenga,lars.wielenga30,True,APP-Selfservice (avo.local/Sample/Groups/APP-Selfservice),,,Permission unmanaged,None
Microsoft Active Directory,Lars Wielenga (500163),Lars Wielenga,lars.wielenga30,True,APP-Planner (avo.local/Sample/Groups/APP-Planner),,,Permission unmanaged,None
Microsoft Active Directory,Lars Wielenga (500163),Lars Wielenga,lars.wielenga30,True,SEC-Antivirus (avo.local/Sample/Groups/SEC-Antivirus),,,Permission unmanaged,None
Microsoft Active Directory,Lars Wielenga (500163),Lars Wielenga,lars.wielenga30,True,SEC-DiskEncryption (avo.local/Sample/Groups/SEC-DiskEncryption),,,Permission unmanaged,None
Microsoft Active Directory,Lars Wielenga (500163),Lars Wielenga,lars.wielenga30,True,SEC-MFA-Enrolled (avo.local/Sample/Groups/SEC-MFA-Enrolled),,,Permission unmanaged,None
Microsoft Active Directory,Lars Wielenga (500163),Lars Wielenga,lars.wielenga30,True,SEC-Endpoint-Protection (avo.local/Sample/Groups/SEC-Endpoint-Protection),,,Permission unmanaged,None
Microsoft Active Directory,Lars Wielenga (500163),Lars Wielenga,lars.wielenga30,True,APP-Visio (avo.local/Sample/Groups/APP-Visio),,,Permission unmanaged,None
Microsoft Active Directory,Lars Wielenga (500163),Lars Wielenga,lars.wielenga30,True,LIC-M365-E5 (avo.local/Sample/Groups/LIC-M365-E5),,,Permission unmanaged,None
Microsoft Active Directory,Noa Coenen (500164),Noa Coenen,noa.coenen31,True,APP-COM05-Communicatie-Portal (avo.local/Sample/Groups/APP-COM05-Communicatie-Portal),,,Permission unmanaged,None
Microsoft Active Directory,Noa Coenen (500164),Noa Coenen,noa.coenen31,True,ROLE-COM05-Communicatie (avo.local/Sample/Groups/ROLE-COM05-Communicatie),,,Permission unmanaged,None
Microsoft Active Directory,Noa Coenen (500164),Noa Coenen,noa.coenen31,True,APP-Planner (avo.local/Sample/Groups/APP-Planner),,,Permission unmanaged,None
Microsoft Active Directory,Noa Coenen (500164),Noa Coenen,noa.coenen31,True,VPN-Thuiswerken (avo.local/Sample/Groups/VPN-Thuiswerken),,,Permission unmanaged,None
Microsoft Active Directory,Noa Coenen (500164),Noa Coenen,noa.coenen31,True,PRINT-Default (avo.local/Sample/Groups/PRINT-Default),,,Permission unmanaged,None
Microsoft Active Directory,Noa Coenen (500164),Noa Coenen,noa.coenen31,True,SEC-Antivirus (avo.local/Sample/Groups/SEC-Antivirus),,,Permission unmanaged,None
Microsoft Active Directory,Noa Coenen (500164),Noa Coenen,noa.coenen31,True,SEC-DiskEncryption (avo.local/Sample/Groups/SEC-DiskEncryption),,,Permission unmanaged,None
Microsoft Active Directory,Noa Coenen (500164),Noa Coenen,noa.coenen31,True,SEC-Endpoint-Protection (avo.local/Sample/Groups/SEC-Endpoint-Protection),,,Permission unmanaged,None
Microsoft Active Directory,Noa Coenen (500164),Noa Coenen,noa.coenen31,True,LIC-M365-E1 (avo.local/Sample/Groups/LIC-M365-E1),,,Permission unmanaged,None
Microsoft Active Directory,,Zoë Elzinga,zoe.elzinga32,True,,,,Account unmanaged,None
Microsoft Active Directory,,Zoë Elzinga,zoe.elzinga32,True,FS-CA010-Thuiszorg-RW (avo.local/Sample/Groups/FS-CA010-Thuiszorg-RW),,,Permission unmanaged,None
Microsoft Active Directory,,Zoë Elzinga,zoe.elzinga32,True,APP-CA010-Thuiszorg-Portal (avo.local/Sample/Groups/APP-CA010-Thuiszorg-Portal),,,Permission unmanaged,None
Microsoft Active Directory,,Zoë Elzinga,zoe.elzinga32,True,FS-CA010-Thuiszorg-RO (avo.local/Sample/Groups/FS-CA010-Thuiszorg-RO),,,Permission unmanaged,None
Microsoft Active Directory,,Zoë Elzinga,zoe.elzinga32,True,TEAM-CA010-Thuiszorg (avo.local/Sample/Groups/TEAM-CA010-Thuiszorg),,,Permission unmanaged,None
Microsoft Active Directory,,Zoë Elzinga,zoe.elzinga32,True,MBX-CA010-Thuiszorg (avo.local/Sample/Groups/MBX-CA010-Thuiszorg),,,Permission unmanaged,None
Microsoft Active Directory,,Zoë Elzinga,zoe.elzinga32,True,ROLE-CA010-Thuiszorg (avo.local/Sample/Groups/ROLE-CA010-Thuiszorg),,,Permission unmanaged,None
Microsoft Active Directory,,Zoë Elzinga,zoe.elzinga32,True,APP-Selfservice (avo.local/Sample/Groups/APP-Selfservice),,,Permission unmanaged,None
Microsoft Active Directory,,Zoë Elzinga,zoe.elzinga32,True,APP-Planner (avo.local/Sample/Groups/APP-Planner),,,Permission unmanaged,None
Microsoft Active Directory,,Zoë Elzinga,zoe.elzinga32,True,PRINT-Default (avo.local/Sample/Groups/PRINT-Default),,,Permission unmanaged,None
Microsoft Active Directory,,Zoë Elzinga,zoe.elzinga32,True,SEC-DiskEncryption (avo.local/Sample/Groups/SEC-DiskEncryption),,,Permission unmanaged,None
Microsoft Active Directory,,Zoë Elzinga,zoe.elzinga32,True,SEC-Endpoint-Protection (avo.local/Sample/Groups/SEC-Endpoint-Protection),,,Permission unmanaged,None
Microsoft Active Directory,,Zoë Elzinga,zoe.elzinga32,True,APP-Adobe-AcrobatPro (avo.local/Sample/Groups/APP-Adobe-AcrobatPro),,,Permission unmanaged,None
Microsoft Active Directory,,Zoë Elzinga,zoe.elzinga32,True,LIC-M365-F3 (avo.local/Sample/Groups/LIC-M365-F3),,,Permission unmanaged,None
Microsoft Active Directory,,Zoë Elzinga,zoe.elzinga32,True,ROLE-ZRG06-Wijkzorg (avo.local/Sample/Groups/ROLE-ZRG06-Wijkzorg),,,Permission unmanaged,None
Microsoft Active Directory,,Zoë Elzinga,zoe.elzinga32,True,FS-ZRG06-Wijkzorg-RO (avo.local/Sample/Groups/FS-ZRG06-Wijkzorg-RO),,,Permission unmanaged,None
Microsoft Active Directory,,Zoë Elzinga,zoe.elzinga32,True,FS-ZRG06-Wijkzorg-RW (avo.local/Sample/Groups/FS-ZRG06-Wijkzorg-RW),,,Permission unmanaged,None
Microsoft Active Directory,,Zoë Elzinga,zoe.elzinga32,True,APP-HRM02-Personeel-Portal (avo.local/Sample/Groups/APP-HRM02-Personeel-Portal),,,Permission unmanaged,None
Microsoft Active Directory,,Zoë Elzinga,zoe.elzinga32,True,ROLE-HRM02-Personeel (avo.local/Sample/Groups/ROLE-HRM02-Personeel),,,Permission unmanaged,None
Microsoft Active Directory,,Zoë Elzinga,zoe.elzinga32,True,FS-HRM02-Personeel-RW (avo.local/Sample/Groups/FS-HRM02-Personeel-RW),,,Permission unmanaged,None
Microsoft Active Directory,Roos Elzinga (500166),Roos Elzinga,roos.elzinga33,True,FS-COM05-Communicatie-RW (avo.local/Sample/Groups/FS-COM05-Communicatie-RW),,,Permission unmanaged,None
Microsoft Active Directory,Roos Elzinga (500166),Roos Elzinga,roos.elzinga33,True,MBX-COM05-Communicatie (avo.local/Sample/Groups/MBX-COM05-Communicatie),,,Permission unmanaged,None
Microsoft Active Directory,Roos Elzinga (500166),Roos Elzinga,roos.elzinga33,True,APP-Office365 (avo.local/Sample/Groups/APP-Office365),,,Permission unmanaged,None
Microsoft Active Directory,Roos Elzinga (500166),Roos Elzinga,roos.elzinga33,True,WIFI-Personeel (avo.local/Sample/Groups/WIFI-Personeel),,,Permission unmanaged,None
Microsoft Active Directory,Roos Elzinga (500166),Roos Elzinga,roos.elzinga33,True,SEC-Antivirus (avo.local/Sample/Groups/SEC-Antivirus),,,Permission unmanaged,None
Microsoft Active Directory,Roos Elzinga (500166),Roos Elzinga,roos.elzinga33,True,SEC-DiskEncryption (avo.local/Sample/Groups/SEC-DiskEncryption),,,Permission unmanaged,None
Microsoft Active Directory,Roos Elzinga (500166),Roos Elzinga,roos.elzinga33,True,SEC-Endpoint-Protection (avo.local/Sample/Groups/SEC-Endpoint-Protection),,,Permission unmanaged,None
Microsoft Active Directory,Roos Elzinga (500166),Roos Elzinga,roos.elzinga33,True,LIC-M365-E1 (avo.local/Sample/Groups/LIC-M365-E1),,,Permission unmanaged,None
Microsoft Active Directory,Gijs Pronk (500167),Gijs Pronk,gijs.pronk34,True,ROLE-COM05-Communicatie (avo.local/Sample/Groups/ROLE-COM05-Communicatie),,,Permission unmanaged,None
Microsoft Active Directory,Gijs Pronk (500167),Gijs Pronk,gijs.pronk34,True,FS-COM05-Communicatie-RO (avo.local/Sample/Groups/FS-COM05-Communicatie-RO),,,Permission unmanaged,None
Microsoft Active Directory,Gijs Pronk (500167),Gijs Pronk,gijs.pronk34,True,MBX-COM05-Communicatie (avo.local/Sample/Groups/MBX-COM05-Communicatie),,,Permission unmanaged,None
Microsoft Active Directory,Gijs Pronk (500167),Gijs Pronk,gijs.pronk34,True,TEAM-COM05-Communicatie (avo.local/Sample/Groups/TEAM-COM05-Communicatie),,,Permission unmanaged,None
Microsoft Active Directory,Gijs Pronk (500167),Gijs Pronk,gijs.pronk34,True,APP-COM05-Communicatie-Portal (avo.local/Sample/Groups/APP-COM05-Communicatie-Portal),,,Permission unmanaged,None
Microsoft Active Directory,Gijs Pronk (500167),Gijs Pronk,gijs.pronk34,True,FS-COM05-Communicatie-RW (avo.local/Sample/Groups/FS-COM05-Communicatie-RW),,,Permission unmanaged,None
Microsoft Active Directory,Gijs Pronk (500167),Gijs Pronk,gijs.pronk34,True,APP-Office365 (avo.local/Sample/Groups/APP-Office365),,,Permission unmanaged,None
Microsoft Active Directory,Gijs Pronk (500167),Gijs Pronk,gijs.pronk34,True,APP-Intranet (avo.local/Sample/Groups/APP-Intranet),,,Permission unmanaged,None
Microsoft Active Directory,Gijs Pronk (500167),Gijs Pronk,gijs.pronk34,True,SEC-Antivirus (avo.local/Sample/Groups/SEC-Antivirus),,,Permission unmanaged,None
Microsoft Active Directory,Gijs Pronk (500167),Gijs Pronk,gijs.pronk34,True,SEC-MFA-Enrolled (avo.local/Sample/Groups/SEC-MFA-Enrolled),,,Permission unmanaged,None
Microsoft Active Directory,Gijs Pronk (500167),Gijs Pronk,gijs.pronk34,True,SEC-Endpoint-Protection (avo.local/Sample/Groups/SEC-Endpoint-Protection),,,Permission unmanaged,None
Microsoft Active Directory,Gijs Pronk (500167),Gijs Pronk,gijs.pronk34,True,APP-Visio (avo.local/Sample/Groups/APP-Visio),,,Permission unmanaged,None
Microsoft Active Directory,Gijs Pronk (500167),Gijs Pronk,gijs.pronk34,True,APP-Project (avo.local/Sample/Groups/APP-Project),,,Permission unmanaged,None
Microsoft Active Directory,Gijs Pronk (500167),Gijs Pronk,gijs.pronk34,True,LIC-M365-F3 (avo.local/Sample/Groups/LIC-M365-F3),,,Permission unmanaged,None
Microsoft Active Directory,Lars Berkhout (500168),Lars Berkhout,lars.berkhout35,True,TEAM-COM05-Communicatie (avo.local/Sample/Groups/TEAM-COM05-Communicatie),,,Permission unmanaged,None
Microsoft Active Directory,Lars Berkhout (500168),Lars Berkhout,lars.berkhout35,True,FS-COM05-Communicatie-RO (avo.local/Sample/Groups/FS-COM05-Communicatie-RO),,,Permission unmanaged,None
Microsoft Active Directory,Lars Berkhout (500168),Lars Berkhout,lars.berkhout35,True,APP-Intranet (avo.local/Sample/Groups/APP-Intranet),,,Permission unmanaged,None
Microsoft Active Directory,Lars Berkhout (500168),Lars Berkhout,lars.berkhout35,True,APP-Selfservice (avo.local/Sample/Groups/APP-Selfservice),,,Permission unmanaged,None
Microsoft Active Directory,Lars Berkhout (500168),Lars Berkhout,lars.berkhout35,True,VPN-Thuiswerken (avo.local/Sample/Groups/VPN-Thuiswerken),,,Permission unmanaged,None
Microsoft Active Directory,Lars Berkhout (500168),Lars Berkhout,lars.berkhout35,True,PRINT-Default (avo.local/Sample/Groups/PRINT-Default),,,Permission unmanaged,None
Microsoft Active Directory,Lars Berkhout (500168),Lars Berkhout,lars.berkhout35,True,SEC-Antivirus (avo.local/Sample/Groups/SEC-Antivirus),,,Permission unmanaged,None
Microsoft Active Directory,Lars Berkhout (500168),Lars Berkhout,lars.berkhout35,True,SEC-MFA-Enrolled (avo.local/Sample/Groups/SEC-MFA-Enrolled),,,Permission unmanaged,None
Microsoft Active Directory,Lars Berkhout (500168),Lars Berkhout,lars.berkhout35,True,SEC-Endpoint-Protection (avo.local/Sample/Groups/SEC-Endpoint-Protection),,,Permission unmanaged,None
Microsoft Active Directory,Lars Berkhout (500168),Lars Berkhout,lars.berkhout35,True,APP-PowerBI-Pro (avo.local/Sample/Groups/APP-PowerBI-Pro),,,Permission unmanaged,None
Microsoft Active Directory,Lars Berkhout (500168),Lars Berkhout,lars.berkhout35,True,APP-Adobe-AcrobatPro (avo.local/Sample/Groups/APP-Adobe-AcrobatPro),,,Permission unmanaged,None
Microsoft Active Directory,Lars Berkhout (500168),Lars Berkhout,lars.berkhout35,True,LIC-M365-E1 (avo.local/Sample/Groups/LIC-M365-E1),,,Permission unmanaged,None
Microsoft Active Directory,Finn Vroegindeweij (500169),Finn Vroegindeweij,finn.vroegindeweij36,True,TEAM-CZ08-Begeleiding (avo.local/Sample/Groups/TEAM-CZ08-Begeleiding),,,Permission unmanaged,None
Microsoft Active Directory,Finn Vroegindeweij (500169),Finn Vroegindeweij,finn.vroegindeweij36,True,ROLE-CZ08-Begeleiding (avo.local/Sample/Groups/ROLE-CZ08-Begeleiding),,,Permission unmanaged,None
Microsoft Active Directory,Finn Vroegindeweij (500169),Finn Vroegindeweij,finn.vroegindeweij36,True,MBX-CZ08-Begeleiding (avo.local/Sample/Groups/MBX-CZ08-Begeleiding),,,Permission unmanaged,None
Microsoft Active Directory,Finn Vroegindeweij (500169),Finn Vroegindeweij,finn.vroegindeweij36,True,FS-CZ08-Begeleiding-RW (avo.local/Sample/Groups/FS-CZ08-Begeleiding-RW),,,Permission unmanaged,None
Microsoft Active Directory,Finn Vroegindeweij (500169),Finn Vroegindeweij,finn.vroegindeweij36,True,APP-CZ08-Begeleiding-Portal (avo.local/Sample/Groups/APP-CZ08-Begeleiding-Portal),,,Permission unmanaged,None
Microsoft Active Directory,Finn Vroegindeweij (500169),Finn Vroegindeweij,finn.vroegindeweij36,True,FS-CZ08-Begeleiding-RO (avo.local/Sample/Groups/FS-CZ08-Begeleiding-RO),,,Permission unmanaged,None
Microsoft Active Directory,Finn Vroegindeweij (500169),Finn Vroegindeweij,finn.vroegindeweij36,True,APP-Teams (avo.local/Sample/Groups/APP-Teams),,,Permission unmanaged,None
Microsoft Active Directory,Finn Vroegindeweij (500169),Finn Vroegindeweij,finn.vroegindeweij36,True,APP-Intranet (avo.local/Sample/Groups/APP-Intranet),,,Permission unmanaged,None
Microsoft Active Directory,Finn Vroegindeweij (500169),Finn Vroegindeweij,finn.vroegindeweij36,True,APP-Planner (avo.local/Sample/Groups/APP-Planner),,,Permission unmanaged,None
Microsoft Active Directory,Finn Vroegindeweij (500169),Finn Vroegindeweij,finn.vroegindeweij36,True,SEC-Antivirus (avo.local/Sample/Groups/SEC-Antivirus),,,Permission unmanaged,None
Microsoft Active Directory,Finn Vroegindeweij (500169),Finn Vroegindeweij,finn.vroegindeweij36,True,SEC-DiskEncryption (avo.local/Sample/Groups/SEC-DiskEncryption),,,Permission unmanaged,None
Microsoft Active Directory,Finn Vroegindeweij (500169),Finn Vroegindeweij,finn.vroegindeweij36,True,SEC-MFA-Enrolled (avo.local/Sample/Groups/SEC-MFA-Enrolled),,,Permission unmanaged,None
Microsoft Active Directory,Finn Vroegindeweij (500169),Finn Vroegindeweij,finn.vroegindeweij36,True,SEC-Endpoint-Protection (avo.local/Sample/Groups/SEC-Endpoint-Protection),,,Permission unmanaged,None
Microsoft Active Directory,Finn Vroegindeweij (500169),Finn Vroegindeweij,finn.vroegindeweij36,True,APP-Copilot (avo.local/Sample/Groups/APP-Copilot),,,Permission unmanaged,None
Microsoft Active Directory,Finn Vroegindeweij (500169),Finn Vroegindeweij,finn.vroegindeweij36,True,LIC-M365-F3 (avo.local/Sample/Groups/LIC-M365-F3),,,Permission unmanaged,None
Microsoft Active Directory,Xander Kalisvaart (500170),Xander Kalisvaart,xander.kalisvaart37,True,FS-CA060-Revalidatie-RW (avo.local/Sample/Groups/FS-CA060-Revalidatie-RW),,,Permission unmanaged,None
Microsoft Active Directory,Xander Kalisvaart (500170),Xander Kalisvaart,xander.kalisvaart37,True,ROLE-CA060-Revalidatie (avo.local/Sample/Groups/ROLE-CA060-Revalidatie),,,Permission unmanaged,None
Microsoft Active Directory,Xander Kalisvaart (500170),Xander Kalisvaart,xander.kalisvaart37,True,APP-CA060-Revalidatie-Portal (avo.local/Sample/Groups/APP-CA060-Revalidatie-Portal),,,Permission unmanaged,None
Microsoft Active Directory,Xander Kalisvaart (500170),Xander Kalisvaart,xander.kalisvaart37,True,MBX-CA060-Revalidatie (avo.local/Sample/Groups/MBX-CA060-Revalidatie),,,Permission unmanaged,None
Microsoft Active Directory,Xander Kalisvaart (500170),Xander Kalisvaart,xander.kalisvaart37,True,FS-CA060-Revalidatie-RO (avo.local/Sample/Groups/FS-CA060-Revalidatie-RO),,,Permission unmanaged,None
Microsoft Active Directory,Xander Kalisvaart (500170),Xander Kalisvaart,xander.kalisvaart37,True,APP-Intranet (avo.local/Sample/Groups/APP-Intranet),,,Permission unmanaged,None
Microsoft Active Directory,Xander Kalisvaart (500170),Xander Kalisvaart,xander.kalisvaart37,True,APP-Planner (avo.local/Sample/Groups/APP-Planner),,,Permission unmanaged,None
Microsoft Active Directory,Xander Kalisvaart (500170),Xander Kalisvaart,xander.kalisvaart37,True,VPN-Thuiswerken (avo.local/Sample/Groups/VPN-Thuiswerken),,,Permission unmanaged,None
Microsoft Active Directory,Xander Kalisvaart (500170),Xander Kalisvaart,xander.kalisvaart37,True,SEC-Antivirus (avo.local/Sample/Groups/SEC-Antivirus),,,Permission unmanaged,None
Microsoft Active Directory,Xander Kalisvaart (500170),Xander Kalisvaart,xander.kalisvaart37,True,SEC-DiskEncryption (avo.local/Sample/Groups/SEC-DiskEncryption),,,Permission unmanaged,None
Microsoft Active Directory,Xander Kalisvaart (500170),Xander Kalisvaart,xander.kalisvaart37,True,SEC-Endpoint-Protection (avo.local/Sample/Groups/SEC-Endpoint-Protection),,,Permission unmanaged,None
Microsoft Active Directory,Xander Kalisvaart (500170),Xander Kalisvaart,xander.kalisvaart37,True,APP-Visio (avo.local/Sample/Groups/APP-Visio),,,Permission unmanaged,None
Microsoft Active Directory,Xander Kalisvaart (500170),Xander Kalisvaart,xander.kalisvaart37,True,LIC-M365-E5 (avo.local/Sample/Groups/LIC-M365-E5),,,Permission unmanaged,None
Microsoft Active Directory,Noa Nagtegaal (500171),Noa Nagtegaal,noa.nagtegaal38,True,ROLE-FIN01-Financien (avo.local/Sample/Groups/ROLE-FIN01-Financien),,,Permission unmanaged,None
Microsoft Active Directory,Noa Nagtegaal (500171),Noa Nagtegaal,noa.nagtegaal38,True,FS-FIN01-Financien-RW (avo.local/Sample/Groups/FS-FIN01-Financien-RW),,,Permission unmanaged,None
Microsoft Active Directory,Noa Nagtegaal (500171),Noa Nagtegaal,noa.nagtegaal38,True,FS-FIN01-Financien-RO (avo.local/Sample/Groups/FS-FIN01-Financien-RO),,,Permission unmanaged,None
Microsoft Active Directory,Noa Nagtegaal (500171),Noa Nagtegaal,noa.nagtegaal38,True,APP-Planner (avo.local/Sample/Groups/APP-Planner),,,Permission unmanaged,None
Microsoft Active Directory,Noa Nagtegaal (500171),Noa Nagtegaal,noa.nagtegaal38,True,APP-Intranet (avo.local/Sample/Groups/APP-Intranet),,,Permission unmanaged,None
Microsoft Active Directory,Noa Nagtegaal (500171),Noa Nagtegaal,noa.nagtegaal38,True,SEC-Antivirus (avo.local/Sample/Groups/SEC-Antivirus),,,Permission unmanaged,None
Microsoft Active Directory,Noa Nagtegaal (500171),Noa Nagtegaal,noa.nagtegaal38,True,SEC-DiskEncryption (avo.local/Sample/Groups/SEC-DiskEncryption),,,Permission unmanaged,None
Microsoft Active Directory,Noa Nagtegaal (500171),Noa Nagtegaal,noa.nagtegaal38,True,SEC-MFA-Enrolled (avo.local/Sample/Groups/SEC-MFA-Enrolled),,,Permission unmanaged,None
Microsoft Active Directory,Noa Nagtegaal (500171),Noa Nagtegaal,noa.nagtegaal38,True,SEC-Endpoint-Protection (avo.local/Sample/Groups/SEC-Endpoint-Protection),,,Permission unmanaged,None
Microsoft Active Directory,Noa Nagtegaal (500171),Noa Nagtegaal,noa.nagtegaal38,True,LIC-M365-F3 (avo.local/Sample/Groups/LIC-M365-F3),,,Permission unmanaged,None
Microsoft Active Directory,Daan Wielenga (500172),Daan Wielenga,daan.wielenga39,True,TEAM-KWA07-Kwaliteit (avo.local/Sample/Groups/TEAM-KWA07-Kwaliteit),,,Permission unmanaged,None
Microsoft Active Directory,Daan Wielenga (500172),Daan Wielenga,daan.wielenga39,True,ROLE-KWA07-Kwaliteit (avo.local/Sample/Groups/ROLE-KWA07-Kwaliteit),,,Permission unmanaged,None
Microsoft Active Directory,Daan Wielenga (500172),Daan Wielenga,daan.wielenga39,True,APP-KWA07-Kwaliteit-Portal (avo.local/Sample/Groups/APP-KWA07-Kwaliteit-Portal),,,Permission unmanaged,None
Microsoft Active Directory,Daan Wielenga (500172),Daan Wielenga,daan.wielenga39,True,FS-KWA07-Kwaliteit-RO (avo.local/Sample/Groups/FS-KWA07-Kwaliteit-RO),,,Permission unmanaged,None
Microsoft Active Directory,Daan Wielenga (500172),Daan Wielenga,daan.wielenga39,True,MBX-KWA07-Kwaliteit (avo.local/Sample/Groups/MBX-KWA07-Kwaliteit),,,Permission unmanaged,None
Microsoft Active Directory,Daan Wielenga (500172),Daan Wielenga,daan.wielenga39,True,FS-KWA07-Kwaliteit-RW (avo.local/Sample/Groups/FS-KWA07-Kwaliteit-RW),,,Permission unmanaged,None
Microsoft Active Directory,Daan Wielenga (500172),Daan Wielenga,daan.wielenga39,True,APP-Teams (avo.local/Sample/Groups/APP-Teams),,,Permission unmanaged,None
Microsoft Active Directory,Daan Wielenga (500172),Daan Wielenga,daan.wielenga39,True,APP-Intranet (avo.local/Sample/Groups/APP-Intranet),,,Permission unmanaged,None
Microsoft Active Directory,Daan Wielenga (500172),Daan Wielenga,daan.wielenga39,True,SEC-Antivirus (avo.local/Sample/Groups/SEC-Antivirus),,,Permission unmanaged,None
Microsoft Active Directory,Daan Wielenga (500172),Daan Wielenga,daan.wielenga39,True,SEC-DiskEncryption (avo.local/Sample/Groups/SEC-DiskEncryption),,,Permission unmanaged,None
Microsoft Active Directory,Daan Wielenga (500172),Daan Wielenga,daan.wielenga39,True,SEC-MFA-Enrolled (avo.local/Sample/Groups/SEC-MFA-Enrolled),,,Permission unmanaged,None
Microsoft Active Directory,Daan Wielenga (500172),Daan Wielenga,daan.wielenga39,True,SEC-Endpoint-Protection (avo.local/Sample/Groups/SEC-Endpoint-Protection),,,Permission unmanaged,None
Microsoft Active Directory,Daan Wielenga (500172),Daan Wielenga,daan.wielenga39,True,LIC-M365-E3 (avo.local/Sample/Groups/LIC-M365-E3),,,Permission unmanaged,None
Microsoft Active Directory,Daan Wielenga (500172),Daan Wielenga,daan.wielenga39,True,LIC-M365-F3 (avo.local/Sample/Groups/LIC-M365-F3),,,Permission unmanaged,None
Microsoft Active Directory,Noa Lindeboom (500173),Noa Lindeboom,noa.lindeboom40,True,FS-ICT03-Techniek-RW (avo.local/Sample/Groups/FS-ICT03-Techniek-RW),,,Permission unmanaged,None
Microsoft Active Directory,Noa Lindeboom (500173),Noa Lindeboom,noa.lindeboom40,True,ROLE-ICT03-Techniek (avo.local/Sample/Groups/ROLE-ICT03-Techniek),,,Permission unmanaged,None
Microsoft Active Directory,Noa Lindeboom (500173),Noa Lindeboom,noa.lindeboom40,True,TEAM-ICT03-Techniek (avo.local/Sample/Groups/TEAM-ICT03-Techniek),,,Permission unmanaged,None
Microsoft Active Directory,Noa Lindeboom (500173),Noa Lindeboom,noa.lindeboom40,True,MBX-ICT03-Techniek (avo.local/Sample/Groups/MBX-ICT03-Techniek),,,Permission unmanaged,None
Microsoft Active Directory,Noa Lindeboom (500173),Noa Lindeboom,noa.lindeboom40,True,APP-ICT03-Techniek-Portal (avo.local/Sample/Groups/APP-ICT03-Techniek-Portal),,,Permission unmanaged,None
Microsoft Active Directory,Noa Lindeboom (500173),Noa Lindeboom,noa.lindeboom40,True,FS-ICT03-Techniek-RO (avo.local/Sample/Groups/FS-ICT03-Techniek-RO),,,Permission unmanaged,None
Microsoft Active Directory,Noa Lindeboom (500173),Noa Lindeboom,noa.lindeboom40,True,APP-Intranet (avo.local/Sample/Groups/APP-Intranet),,,Permission unmanaged,None
Microsoft Active Directory,Noa Lindeboom (500173),Noa Lindeboom,noa.lindeboom40,True,SEC-Antivirus (avo.local/Sample/Groups/SEC-Antivirus),,,Permission unmanaged,None
Microsoft Active Directory,Noa Lindeboom (500173),Noa Lindeboom,noa.lindeboom40,True,SEC-DiskEncryption (avo.local/Sample/Groups/SEC-DiskEncryption),,,Permission unmanaged,None
Microsoft Active Directory,Noa Lindeboom (500173),Noa Lindeboom,noa.lindeboom40,True,SEC-MFA-Enrolled (avo.local/Sample/Groups/SEC-MFA-Enrolled),,,Permission unmanaged,None
Microsoft Active Directory,Noa Lindeboom (500173),Noa Lindeboom,noa.lindeboom40,True,SEC-Endpoint-Protection (avo.local/Sample/Groups/SEC-Endpoint-Protection),,,Permission unmanaged,None
Microsoft Active Directory,Noa Lindeboom (500173),Noa Lindeboom,noa.lindeboom40,True,LIC-M365-E3 (avo.local/Sample/Groups/LIC-M365-E3),,,Permission unmanaged,None
Microsoft Active Directory,Lars Uijlenbroek (500174),Lars Uijlenbroek,lars.uijlenbroek41,True,FS-INK08-Inkoop-RW (avo.local/Sample/Groups/FS-INK08-Inkoop-RW),,,Permission unmanaged,None
Microsoft Active Directory,Lars Uijlenbroek (500174),Lars Uijlenbroek,lars.uijlenbroek41,True,ROLE-INK08-Inkoop (avo.local/Sample/Groups/ROLE-INK08-Inkoop),,,Permission unmanaged,None
Microsoft Active Directory,Lars Uijlenbroek (500174),Lars Uijlenbroek,lars.uijlenbroek41,True,TEAM-INK08-Inkoop (avo.local/Sample/Groups/TEAM-INK08-Inkoop),,,Permission unmanaged,None
Microsoft Active Directory,Lars Uijlenbroek (500174),Lars Uijlenbroek,lars.uijlenbroek41,True,FS-INK08-Inkoop-RO (avo.local/Sample/Groups/FS-INK08-Inkoop-RO),,,Permission unmanaged,None
Microsoft Active Directory,Lars Uijlenbroek (500174),Lars Uijlenbroek,lars.uijlenbroek41,True,APP-Planner (avo.local/Sample/Groups/APP-Planner),,,Permission unmanaged,None
Microsoft Active Directory,Lars Uijlenbroek (500174),Lars Uijlenbroek,lars.uijlenbroek41,True,APP-Teams (avo.local/Sample/Groups/APP-Teams),,,Permission unmanaged,None
Microsoft Active Directory,Lars Uijlenbroek (500174),Lars Uijlenbroek,lars.uijlenbroek41,True,VPN-Thuiswerken (avo.local/Sample/Groups/VPN-Thuiswerken),,,Permission unmanaged,None
Microsoft Active Directory,Lars Uijlenbroek (500174),Lars Uijlenbroek,lars.uijlenbroek41,True,SEC-Antivirus (avo.local/Sample/Groups/SEC-Antivirus),,,Permission unmanaged,None
Microsoft Active Directory,Lars Uijlenbroek (500174),Lars Uijlenbroek,lars.uijlenbroek41,True,SEC-DiskEncryption (avo.local/Sample/Groups/SEC-DiskEncryption),,,Permission unmanaged,None
Microsoft Active Directory,Lars Uijlenbroek (500174),Lars Uijlenbroek,lars.uijlenbroek41,True,SEC-MFA-Enrolled (avo.local/Sample/Groups/SEC-MFA-Enrolled),,,Permission unmanaged,None
Microsoft Active Directory,Lars Uijlenbroek (500174),Lars Uijlenbroek,lars.uijlenbroek41,True,SEC-Endpoint-Protection (avo.local/Sample/Groups/SEC-Endpoint-Protection),,,Permission unmanaged,None
Microsoft Active Directory,Lars Uijlenbroek (500174),Lars Uijlenbroek,lars.uijlenbroek41,True,LIC-M365-E5 (avo.local/Sample/Groups/LIC-M365-E5),,,Permission unmanaged,None
Microsoft Active Directory,Quinten Pronk (500175),Quinten Pronk,quinten.pronk42,True,FS-KWA07-Kwaliteit-RO (avo.local/Sample/Groups/FS-KWA07-Kwaliteit-RO),,,Permission unmanaged,None
Microsoft Active Directory,Quinten Pronk (500175),Quinten Pronk,quinten.pronk42,True,ROLE-KWA07-Kwaliteit (avo.local/Sample/Groups/ROLE-KWA07-Kwaliteit),,,Permission unmanaged,None
Microsoft Active Directory,Quinten Pronk (500175),Quinten Pronk,quinten.pronk42,True,FS-KWA07-Kwaliteit-RW (avo.local/Sample/Groups/FS-KWA07-Kwaliteit-RW),,,Permission unmanaged,None
Microsoft Active Directory,Quinten Pronk (500175),Quinten Pronk,quinten.pronk42,True,APP-KWA07-Kwaliteit-Portal (avo.local/Sample/Groups/APP-KWA07-Kwaliteit-Portal),,,Permission unmanaged,None
Microsoft Active Directory,Quinten Pronk (500175),Quinten Pronk,quinten.pronk42,True,MBX-KWA07-Kwaliteit (avo.local/Sample/Groups/MBX-KWA07-Kwaliteit),,,Permission unmanaged,None
Microsoft Active Directory,Quinten Pronk (500175),Quinten Pronk,quinten.pronk42,True,APP-Planner (avo.local/Sample/Groups/APP-Planner),,,Permission unmanaged,None
Microsoft Active Directory,Quinten Pronk (500175),Quinten Pronk,quinten.pronk42,True,WIFI-Personeel (avo.local/Sample/Groups/WIFI-Personeel),,,Permission unmanaged,None
Microsoft Active Directory,Quinten Pronk (500175),Quinten Pronk,quinten.pronk42,True,VPN-Thuiswerken (avo.local/Sample/Groups/VPN-Thuiswerken),,,Permission unmanaged,None
Microsoft Active Directory,Quinten Pronk (500175),Quinten Pronk,quinten.pronk42,True,SEC-Antivirus (avo.local/Sample/Groups/SEC-Antivirus),,,Permission unmanaged,None
Microsoft Active Directory,Quinten Pronk (500175),Quinten Pronk,quinten.pronk42,True,SEC-DiskEncryption (avo.local/Sample/Groups/SEC-DiskEncryption),,,Permission unmanaged,None
Microsoft Active Directory,Quinten Pronk (500175),Quinten Pronk,quinten.pronk42,True,SEC-MFA-Enrolled (avo.local/Sample/Groups/SEC-MFA-Enrolled),,,Permission unmanaged,None
Microsoft Active Directory,Quinten Pronk (500175),Quinten Pronk,quinten.pronk42,True,SEC-Endpoint-Protection (avo.local/Sample/Groups/SEC-Endpoint-Protection),,,Permission unmanaged,None
Microsoft Active Directory,Quinten Pronk (500175),Quinten Pronk,quinten.pronk42,True,APP-Visio (avo.local/Sample/Groups/APP-Visio),,,Permission unmanaged,None
Microsoft Active Directory,Quinten Pronk (500175),Quinten Pronk,quinten.pronk42,True,APP-Project (avo.local/Sample/Groups/APP-Project),,,Permission unmanaged,None
Microsoft Active Directory,Quinten Pronk (500175),Quinten Pronk,quinten.pronk42,True,LIC-M365-F3 (avo.local/Sample/Groups/LIC-M365-F3),,,Permission unmanaged,None
Microsoft Active Directory,Kim Elzinga (500176),Kim Elzinga,kim.elzinga43,True,TEAM-HRM02-Personeel (avo.local/Sample/Groups/TEAM-HRM02-Personeel),,,Permission unmanaged,None
Microsoft Active Directory,Kim Elzinga (500176),Kim Elzinga,kim.elzinga43,True,MBX-HRM02-Personeel (avo.local/Sample/Groups/MBX-HRM02-Personeel),,,Permission unmanaged,None
Microsoft Active Directory,Kim Elzinga (500176),Kim Elzinga,kim.elzinga43,True,ROLE-HRM02-Personeel (avo.local/Sample/Groups/ROLE-HRM02-Personeel),,,Permission unmanaged,None
Microsoft Active Directory,Kim Elzinga (500176),Kim Elzinga,kim.elzinga43,True,APP-Office365 (avo.local/Sample/Groups/APP-Office365),,,Permission unmanaged,None
Microsoft Active Directory,Kim Elzinga (500176),Kim Elzinga,kim.elzinga43,True,APP-Planner (avo.local/Sample/Groups/APP-Planner),,,Permission unmanaged,None
Microsoft Active Directory,Kim Elzinga (500176),Kim Elzinga,kim.elzinga43,True,APP-Intranet (avo.local/Sample/Groups/APP-Intranet),,,Permission unmanaged,None
Microsoft Active Directory,Kim Elzinga (500176),Kim Elzinga,kim.elzinga43,True,SEC-Antivirus (avo.local/Sample/Groups/SEC-Antivirus),,,Permission unmanaged,None
Microsoft Active Directory,Kim Elzinga (500176),Kim Elzinga,kim.elzinga43,True,SEC-DiskEncryption (avo.local/Sample/Groups/SEC-DiskEncryption),,,Permission unmanaged,None
Microsoft Active Directory,Kim Elzinga (500176),Kim Elzinga,kim.elzinga43,True,SEC-MFA-Enrolled (avo.local/Sample/Groups/SEC-MFA-Enrolled),,,Permission unmanaged,None
Microsoft Active Directory,Kim Elzinga (500176),Kim Elzinga,kim.elzinga43,True,SEC-Endpoint-Protection (avo.local/Sample/Groups/SEC-Endpoint-Protection),,,Permission unmanaged,None
Microsoft Active Directory,Kim Elzinga (500176),Kim Elzinga,kim.elzinga43,True,APP-Copilot (avo.local/Sample/Groups/APP-Copilot),,,Permission unmanaged,None
Microsoft Active Directory,Kim Elzinga (500176),Kim Elzinga,kim.elzinga43,True,APP-Adobe-AcrobatPro (avo.local/Sample/Groups/APP-Adobe-AcrobatPro),,,Permission unmanaged,None
Microsoft Active Directory,Kim Elzinga (500176),Kim Elzinga,kim.elzinga43,True,LIC-M365-E1 (avo.local/Sample/Groups/LIC-M365-E1),,,Permission unmanaged,None
Microsoft Active Directory,Jasper Nagtegaal (500177),Jasper Nagtegaal,jasper.nagtegaal44,True,APP-KWA07-Kwaliteit-Portal (avo.local/Sample/Groups/APP-KWA07-Kwaliteit-Portal),,,Permission unmanaged,None
Microsoft Active Directory,Jasper Nagtegaal (500177),Jasper Nagtegaal,jasper.nagtegaal44,True,FS-KWA07-Kwaliteit-RW (avo.local/Sample/Groups/FS-KWA07-Kwaliteit-RW),,,Permission unmanaged,None
Microsoft Active Directory,Jasper Nagtegaal (500177),Jasper Nagtegaal,jasper.nagtegaal44,True,ROLE-KWA07-Kwaliteit (avo.local/Sample/Groups/ROLE-KWA07-Kwaliteit),,,Permission unmanaged,None
Microsoft Active Directory,Jasper Nagtegaal (500177),Jasper Nagtegaal,jasper.nagtegaal44,True,FS-KWA07-Kwaliteit-RO (avo.local/Sample/Groups/FS-KWA07-Kwaliteit-RO),,,Permission unmanaged,None
Microsoft Active Directory,Jasper Nagtegaal (500177),Jasper Nagtegaal,jasper.nagtegaal44,True,APP-Selfservice (avo.local/Sample/Groups/APP-Selfservice),,,Permission unmanaged,None
Microsoft Active Directory,Jasper Nagtegaal (500177),Jasper Nagtegaal,jasper.nagtegaal44,True,SEC-Antivirus (avo.local/Sample/Groups/SEC-Antivirus),,,Permission unmanaged,None
Microsoft Active Directory,Jasper Nagtegaal (500177),Jasper Nagtegaal,jasper.nagtegaal44,True,SEC-DiskEncryption (avo.local/Sample/Groups/SEC-DiskEncryption),,,Permission unmanaged,None
Microsoft Active Directory,Jasper Nagtegaal (500177),Jasper Nagtegaal,jasper.nagtegaal44,True,SEC-MFA-Enrolled (avo.local/Sample/Groups/SEC-MFA-Enrolled),,,Permission unmanaged,None
Microsoft Active Directory,Jasper Nagtegaal (500177),Jasper Nagtegaal,jasper.nagtegaal44,True,APP-Visio (avo.local/Sample/Groups/APP-Visio),,,Permission unmanaged,None
Microsoft Active Directory,Jasper Nagtegaal (500177),Jasper Nagtegaal,jasper.nagtegaal44,True,APP-PowerBI-Pro (avo.local/Sample/Groups/APP-PowerBI-Pro),,,Permission unmanaged,None
Microsoft Active Directory,Jasper Nagtegaal (500177),Jasper Nagtegaal,jasper.nagtegaal44,True,LIC-M365-E5 (avo.local/Sample/Groups/LIC-M365-E5),,,Permission unmanaged,None
Microsoft Active Directory,Kim Aalbers (500178),Kim Aalbers,kim.aalbers45,True,FS-CB12-Dagbesteding-RW (avo.local/Sample/Groups/FS-CB12-Dagbesteding-RW),,,Permission unmanaged,None
Microsoft Active Directory,Kim Aalbers (500178),Kim Aalbers,kim.aalbers45,True,FS-CB12-Dagbesteding-RO (avo.local/Sample/Groups/FS-CB12-Dagbesteding-RO),,,Permission unmanaged,None
Microsoft Active Directory,Kim Aalbers (500178),Kim Aalbers,kim.aalbers45,True,MBX-CB12-Dagbesteding (avo.local/Sample/Groups/MBX-CB12-Dagbesteding),,,Permission unmanaged,None
Microsoft Active Directory,Kim Aalbers (500178),Kim Aalbers,kim.aalbers45,True,APP-Office365 (avo.local/Sample/Groups/APP-Office365),,,Permission unmanaged,None
Microsoft Active Directory,Kim Aalbers (500178),Kim Aalbers,kim.aalbers45,True,APP-Teams (avo.local/Sample/Groups/APP-Teams),,,Permission unmanaged,None
Microsoft Active Directory,Kim Aalbers (500178),Kim Aalbers,kim.aalbers45,True,PRINT-Default (avo.local/Sample/Groups/PRINT-Default),,,Permission unmanaged,None
Microsoft Active Directory,Kim Aalbers (500178),Kim Aalbers,kim.aalbers45,True,SEC-Antivirus (avo.local/Sample/Groups/SEC-Antivirus),,,Permission unmanaged,None
Microsoft Active Directory,Kim Aalbers (500178),Kim Aalbers,kim.aalbers45,True,SEC-DiskEncryption (avo.local/Sample/Groups/SEC-DiskEncryption),,,Permission unmanaged,None
Microsoft Active Directory,Kim Aalbers (500178),Kim Aalbers,kim.aalbers45,True,SEC-Endpoint-Protection (avo.local/Sample/Groups/SEC-Endpoint-Protection),,,Permission unmanaged,None
Microsoft Active Directory,Kim Aalbers (500178),Kim Aalbers,kim.aalbers45,True,APP-PowerBI-Pro (avo.local/Sample/Groups/APP-PowerBI-Pro),,,Permission unmanaged,None
Microsoft Active Directory,Kim Aalbers (500178),Kim Aalbers,kim.aalbers45,True,APP-Visio (avo.local/Sample/Groups/APP-Visio),,,Permission unmanaged,None
Microsoft Active Directory,Kim Aalbers (500178),Kim Aalbers,kim.aalbers45,True,LIC-M365-F3 (avo.local/Sample/Groups/LIC-M365-F3),,,Permission unmanaged,None
Microsoft Active Directory,Lars Berkhout (500179),Lars Berkhout,lars.berkhout46,True,FS-INK08-Inkoop-RW (avo.local/Sample/Groups/FS-INK08-Inkoop-RW),,,Permission unmanaged,None
Microsoft Active Directory,Lars Berkhout (500179),Lars Berkhout,lars.berkhout46,True,FS-INK08-Inkoop-RO (avo.local/Sample/Groups/FS-INK08-Inkoop-RO),,,Permission unmanaged,None
Microsoft Active Directory,Lars Berkhout (500179),Lars Berkhout,lars.berkhout46,True,MBX-INK08-Inkoop (avo.local/Sample/Groups/MBX-INK08-Inkoop),,,Permission unmanaged,None
Microsoft Active Directory,Lars Berkhout (500179),Lars Berkhout,lars.berkhout46,True,APP-INK08-Inkoop-Portal (avo.local/Sample/Groups/APP-INK08-Inkoop-Portal),,,Permission unmanaged,None
Microsoft Active Directory,Lars Berkhout (500179),Lars Berkhout,lars.berkhout46,True,TEAM-INK08-Inkoop (avo.local/Sample/Groups/TEAM-INK08-Inkoop),,,Permission unmanaged,None
Microsoft Active Directory,Lars Berkhout (500179),Lars Berkhout,lars.berkhout46,True,APP-Planner (avo.local/Sample/Groups/APP-Planner),,,Permission unmanaged,None
Microsoft Active Directory,Lars Berkhout (500179),Lars Berkhout,lars.berkhout46,True,APP-Selfservice (avo.local/Sample/Groups/APP-Selfservice),,,Permission unmanaged,None
Microsoft Active Directory,Lars Berkhout (500179),Lars Berkhout,lars.berkhout46,True,WIFI-Personeel (avo.local/Sample/Groups/WIFI-Personeel),,,Permission unmanaged,None
Microsoft Active Directory,Lars Berkhout (500179),Lars Berkhout,lars.berkhout46,True,SEC-Antivirus (avo.local/Sample/Groups/SEC-Antivirus),,,Permission unmanaged,None
Microsoft Active Directory,Lars Berkhout (500179),Lars Berkhout,lars.berkhout46,True,SEC-DiskEncryption (avo.local/Sample/Groups/SEC-DiskEncryption),,,Permission unmanaged,None
Microsoft Active Directory,Lars Berkhout (500179),Lars Berkhout,lars.berkhout46,True,SEC-MFA-Enrolled (avo.local/Sample/Groups/SEC-MFA-Enrolled),,,Permission unmanaged,None
Microsoft Active Directory,Lars Berkhout (500179),Lars Berkhout,lars.berkhout46,True,SEC-Endpoint-Protection (avo.local/Sample/Groups/SEC-Endpoint-Protection),,,Permission unmanaged,None
Microsoft Active Directory,Lars Berkhout (500179),Lars Berkhout,lars.berkhout46,True,LIC-M365-E3 (avo.local/Sample/Groups/LIC-M365-E3),,,Permission unmanaged,None
Microsoft Active Directory,Daan Nagtegaal (500180),Daan Nagtegaal,daan.nagtegaal47,True,ROLE-CA010-Thuiszorg (avo.local/Sample/Groups/ROLE-CA010-Thuiszorg),,,Permission unmanaged,None
Microsoft Active Directory,Daan Nagtegaal (500180),Daan Nagtegaal,daan.nagtegaal47,True,MBX-CA010-Thuiszorg (avo.local/Sample/Groups/MBX-CA010-Thuiszorg),,,Permission unmanaged,None
Microsoft Active Directory,Daan Nagtegaal (500180),Daan Nagtegaal,daan.nagtegaal47,True,APP-CA010-Thuiszorg-Portal (avo.local/Sample/Groups/APP-CA010-Thuiszorg-Portal),,,Permission unmanaged,None
Microsoft Active Directory,Daan Nagtegaal (500180),Daan Nagtegaal,daan.nagtegaal47,True,TEAM-CA010-Thuiszorg (avo.local/Sample/Groups/TEAM-CA010-Thuiszorg),,,Permission unmanaged,None
Microsoft Active Directory,Daan Nagtegaal (500180),Daan Nagtegaal,daan.nagtegaal47,True,FS-CA010-Thuiszorg-RW (avo.local/Sample/Groups/FS-CA010-Thuiszorg-RW),,,Permission unmanaged,None
Microsoft Active Directory,Daan Nagtegaal (500180),Daan Nagtegaal,daan.nagtegaal47,True,FS-CA010-Thuiszorg-RO (avo.local/Sample/Groups/FS-CA010-Thuiszorg-RO),,,Permission unmanaged,None
Microsoft Active Directory,Daan Nagtegaal (500180),Daan Nagtegaal,daan.nagtegaal47,True,APP-Selfservice (avo.local/Sample/Groups/APP-Selfservice),,,Permission unmanaged,None
Microsoft Active Directory,Daan Nagtegaal (500180),Daan Nagtegaal,daan.nagtegaal47,True,VPN-Thuiswerken (avo.local/Sample/Groups/VPN-Thuiswerken),,,Permission unmanaged,None
Microsoft Active Directory,Daan Nagtegaal (500180),Daan Nagtegaal,daan.nagtegaal47,True,WIFI-Personeel (avo.local/Sample/Groups/WIFI-Personeel),,,Permission unmanaged,None
Microsoft Active Directory,Daan Nagtegaal (500180),Daan Nagtegaal,daan.nagtegaal47,True,SEC-Antivirus (avo.local/Sample/Groups/SEC-Antivirus),,,Permission unmanaged,None
Microsoft Active Directory,Daan Nagtegaal (500180),Daan Nagtegaal,daan.nagtegaal47,True,SEC-DiskEncryption (avo.local/Sample/Groups/SEC-DiskEncryption),,,Permission unmanaged,None
Microsoft Active Directory,Daan Nagtegaal (500180),Daan Nagtegaal,daan.nagtegaal47,True,SEC-MFA-Enrolled (avo.local/Sample/Groups/SEC-MFA-Enrolled),,,Permission unmanaged,None
Microsoft Active Directory,Daan Nagtegaal (500180),Daan Nagtegaal,daan.nagtegaal47,True,SEC-Endpoint-Protection (avo.local/Sample/Groups/SEC-Endpoint-Protection),,,Permission unmanaged,None
Microsoft Active Directory,Daan Nagtegaal (500180),Daan Nagtegaal,daan.nagtegaal47,True,LIC-M365-F3 (avo.local/Sample/Groups/LIC-M365-F3),,,Permission unmanaged,None
Microsoft Active Directory,Tess Roozendaal (500181),Tess Roozendaal,tess.roozendaal48,True,FS-CA060-Revalidatie-RW (avo.local/Sample/Groups/FS-CA060-Revalidatie-RW),,,Permission unmanaged,None
Microsoft Active Directory,Tess Roozendaal (500181),Tess Roozendaal,tess.roozendaal48,True,FS-CA060-Revalidatie-RO (avo.local/Sample/Groups/FS-CA060-Revalidatie-RO),,,Permission unmanaged,None
Microsoft Active Directory,Tess Roozendaal (500181),Tess Roozendaal,tess.roozendaal48,True,ROLE-CA060-Revalidatie (avo.local/Sample/Groups/ROLE-CA060-Revalidatie),,,Permission unmanaged,None
Microsoft Active Directory,Tess Roozendaal (500181),Tess Roozendaal,tess.roozendaal48,True,TEAM-CA060-Revalidatie (avo.local/Sample/Groups/TEAM-CA060-Revalidatie),,,Permission unmanaged,None
Microsoft Active Directory,Tess Roozendaal (500181),Tess Roozendaal,tess.roozendaal48,True,APP-Intranet (avo.local/Sample/Groups/APP-Intranet),,,Permission unmanaged,None
Microsoft Active Directory,Tess Roozendaal (500181),Tess Roozendaal,tess.roozendaal48,True,SEC-Antivirus (avo.local/Sample/Groups/SEC-Antivirus),,,Permission unmanaged,None
Microsoft Active Directory,Tess Roozendaal (500181),Tess Roozendaal,tess.roozendaal48,True,SEC-DiskEncryption (avo.local/Sample/Groups/SEC-DiskEncryption),,,Permission unmanaged,None
Microsoft Active Directory,Tess Roozendaal (500181),Tess Roozendaal,tess.roozendaal48,True,SEC-Endpoint-Protection (avo.local/Sample/Groups/SEC-Endpoint-Protection),,,Permission unmanaged,None
Microsoft Active Directory,Tess Roozendaal (500181),Tess Roozendaal,tess.roozendaal48,True,APP-Project (avo.local/Sample/Groups/APP-Project),,,Permission unmanaged,None
Microsoft Active Directory,Tess Roozendaal (500181),Tess Roozendaal,tess.roozendaal48,True,APP-Copilot (avo.local/Sample/Groups/APP-Copilot),,,Permission unmanaged,None
Microsoft Active Directory,Tess Roozendaal (500181),Tess Roozendaal,tess.roozendaal48,True,LIC-M365-F3 (avo.local/Sample/Groups/LIC-M365-F3),,,Permission unmanaged,None
Microsoft Active Directory,Bram Aalbers (500182),Bram Aalbers,bram.aalbers49,True,FS-KWA07-Kwaliteit-RW (avo.local/Sample/Groups/FS-KWA07-Kwaliteit-RW),,,Permission unmanaged,None
Microsoft Active Directory,Bram Aalbers (500182),Bram Aalbers,bram.aalbers49,True,FS-KWA07-Kwaliteit-RO (avo.local/Sample/Groups/FS-KWA07-Kwaliteit-RO),,,Permission unmanaged,None
Microsoft Active Directory,Bram Aalbers (500182),Bram Aalbers,bram.aalbers49,True,ROLE-KWA07-Kwaliteit (avo.local/Sample/Groups/ROLE-KWA07-Kwaliteit),,,Permission unmanaged,None
Microsoft Active Directory,Bram Aalbers (500182),Bram Aalbers,bram.aalbers49,True,TEAM-KWA07-Kwaliteit (avo.local/Sample/Groups/TEAM-KWA07-Kwaliteit),,,Permission unmanaged,None
Microsoft Active Directory,Bram Aalbers (500182),Bram Aalbers,bram.aalbers49,True,APP-KWA07-Kwaliteit-Portal (avo.local/Sample/Groups/APP-KWA07-Kwaliteit-Portal),,,Permission unmanaged,None
Microsoft Active Directory,Bram Aalbers (500182),Bram Aalbers,bram.aalbers49,True,APP-Selfservice (avo.local/Sample/Groups/APP-Selfservice),,,Permission unmanaged,None
Microsoft Active Directory,Bram Aalbers (500182),Bram Aalbers,bram.aalbers49,True,APP-Office365 (avo.local/Sample/Groups/APP-Office365),,,Permission unmanaged,None
Microsoft Active Directory,Bram Aalbers (500182),Bram Aalbers,bram.aalbers49,True,APP-Teams (avo.local/Sample/Groups/APP-Teams),,,Permission unmanaged,None
Microsoft Active Directory,Bram Aalbers (500182),Bram Aalbers,bram.aalbers49,True,SEC-Antivirus (avo.local/Sample/Groups/SEC-Antivirus),,,Permission unmanaged,None
Microsoft Active Directory,Bram Aalbers (500182),Bram Aalbers,bram.aalbers49,True,SEC-DiskEncryption (avo.local/Sample/Groups/SEC-DiskEncryption),,,Permission unmanaged,None
Microsoft Active Directory,Bram Aalbers (500182),Bram Aalbers,bram.aalbers49,True,SEC-MFA-Enrolled (avo.local/Sample/Groups/SEC-MFA-Enrolled),,,Permission unmanaged,None
Microsoft Active Directory,Bram Aalbers (500182),Bram Aalbers,bram.aalbers49,True,SEC-Endpoint-Protection (avo.local/Sample/Groups/SEC-Endpoint-Protection),,,Permission unmanaged,None
Microsoft Active Directory,Bram Aalbers (500182),Bram Aalbers,bram.aalbers49,True,LIC-M365-E3 (avo.local/Sample/Groups/LIC-M365-E3),,,Permission unmanaged,None
Microsoft Active Directory,Ursula Nagtegaal (500183),Ursula Nagtegaal,ursula.nagtegaal50,True,FS-INK08-Inkoop-RW (avo.local/Sample/Groups/FS-INK08-Inkoop-RW),,,Permission unmanaged,None
Microsoft Active Directory,Ursula Nagtegaal (500183),Ursula Nagtegaal,ursula.nagtegaal50,True,MBX-INK08-Inkoop (avo.local/Sample/Groups/MBX-INK08-Inkoop),,,Permission unmanaged,None
Microsoft Active Directory,Ursula Nagtegaal (500183),Ursula Nagtegaal,ursula.nagtegaal50,True,APP-INK08-Inkoop-Portal (avo.local/Sample/Groups/APP-INK08-Inkoop-Portal),,,Permission unmanaged,None
Microsoft Active Directory,Ursula Nagtegaal (500183),Ursula Nagtegaal,ursula.nagtegaal50,True,ROLE-INK08-Inkoop (avo.local/Sample/Groups/ROLE-INK08-Inkoop),,,Permission unmanaged,None
Microsoft Active Directory,Ursula Nagtegaal (500183),Ursula Nagtegaal,ursula.nagtegaal50,True,FS-INK08-Inkoop-RO (avo.local/Sample/Groups/FS-INK08-Inkoop-RO),,,Permission unmanaged,None
Microsoft Active Directory,Ursula Nagtegaal (500183),Ursula Nagtegaal,ursula.nagtegaal50,True,APP-Selfservice (avo.local/Sample/Groups/APP-Selfservice),,,Permission unmanaged,None
Microsoft Active Directory,Ursula Nagtegaal (500183),Ursula Nagtegaal,ursula.nagtegaal50,True,SEC-Antivirus (avo.local/Sample/Groups/SEC-Antivirus),,,Permission unmanaged,None
Microsoft Active Directory,Ursula Nagtegaal (500183),Ursula Nagtegaal,ursula.nagtegaal50,True,SEC-DiskEncryption (avo.local/Sample/Groups/SEC-DiskEncryption),,,Permission unmanaged,None
Microsoft Active Directory,Ursula Nagtegaal (500183),Ursula Nagtegaal,ursula.nagtegaal50,True,SEC-MFA-Enrolled (avo.local/Sample/Groups/SEC-MFA-Enrolled),,,Permission unmanaged,None
Microsoft Active Directory,Ursula Nagtegaal (500183),Ursula Nagtegaal,ursula.nagtegaal50,True,SEC-Endpoint-Protection (avo.local/Sample/Groups/SEC-Endpoint-Protection),,,Permission unmanaged,None
Microsoft Active Directory,Ursula Nagtegaal (500183),Ursula Nagtegaal,ursula.nagtegaal50,True,LIC-M365-E5 (avo.local/Sample/Groups/LIC-M365-E5),,,Permission unmanaged,None
Microsoft Active Directory,Wout Lindeboom (500184),Wout Lindeboom,wout.lindeboom51,True,TEAM-COM05-Communicatie (avo.local/Sample/Groups/TEAM-COM05-Communicatie),,,Permission unmanaged,None
Microsoft Active Directory,Wout Lindeboom (500184),Wout Lindeboom,wout.lindeboom51,True,ROLE-COM05-Communicatie (avo.local/Sample/Groups/ROLE-COM05-Communicatie),,,Permission unmanaged,None
Microsoft Active Directory,Wout Lindeboom (500184),Wout Lindeboom,wout.lindeboom51,True,APP-COM05-Communicatie-Portal (avo.local/Sample/Groups/APP-COM05-Communicatie-Portal),,,Permission unmanaged,None
Microsoft Active Directory,Wout Lindeboom (500184),Wout Lindeboom,wout.lindeboom51,True,MBX-COM05-Communicatie (avo.local/Sample/Groups/MBX-COM05-Communicatie),,,Permission unmanaged,None
Microsoft Active Directory,Wout Lindeboom (500184),Wout Lindeboom,wout.lindeboom51,True,FS-COM05-Communicatie-RO (avo.local/Sample/Groups/FS-COM05-Communicatie-RO),,,Permission unmanaged,None
Microsoft Active Directory,Wout Lindeboom (500184),Wout Lindeboom,wout.lindeboom51,True,APP-Office365 (avo.local/Sample/Groups/APP-Office365),,,Permission unmanaged,None
Microsoft Active Directory,Wout Lindeboom (500184),Wout Lindeboom,wout.lindeboom51,True,APP-Intranet (avo.local/Sample/Groups/APP-Intranet),,,Permission unmanaged,None
Microsoft Active Directory,Wout Lindeboom (500184),Wout Lindeboom,wout.lindeboom51,True,SEC-Antivirus (avo.local/Sample/Groups/SEC-Antivirus),,,Permission unmanaged,None
Microsoft Active Directory,Wout Lindeboom (500184),Wout Lindeboom,wout.lindeboom51,True,SEC-DiskEncryption (avo.local/Sample/Groups/SEC-DiskEncryption),,,Permission unmanaged,None
Microsoft Active Directory,Wout Lindeboom (500184),Wout Lindeboom,wout.lindeboom51,True,SEC-MFA-Enrolled (avo.local/Sample/Groups/SEC-MFA-Enrolled),,,Permission unmanaged,None
Microsoft Active Directory,Wout Lindeboom (500184),Wout Lindeboom,wout.lindeboom51,True,SEC-Endpoint-Protection (avo.local/Sample/Groups/SEC-Endpoint-Protection),,,Permission unmanaged,None
Microsoft Active Directory,Wout Lindeboom (500184),Wout Lindeboom,wout.lindeboom51,True,APP-Adobe-AcrobatPro (avo.local/Sample/Groups/APP-Adobe-AcrobatPro),,,Permission unmanaged,None
Microsoft Active Directory,Wout Lindeboom (500184),Wout Lindeboom,wout.lindeboom51,True,LIC-M365-E5 (avo.local/Sample/Groups/LIC-M365-E5),,,Permission unmanaged,None
Microsoft Active Directory,Hanna Berkhout (500185),Hanna Berkhout,hanna.berkhout52,True,FS-FAC04-Facilitair-RW (avo.local/Sample/Groups/FS-FAC04-Facilitair-RW),,,Permission unmanaged,None
Microsoft Active Directory,Hanna Berkhout (500185),Hanna Berkhout,hanna.berkhout52,True,FS-FAC04-Facilitair-RO (avo.local/Sample/Groups/FS-FAC04-Facilitair-RO),,,Permission unmanaged,None
Microsoft Active Directory,Hanna Berkhout (500185),Hanna Berkhout,hanna.berkhout52,True,APP-FAC04-Facilitair-Portal (avo.local/Sample/Groups/APP-FAC04-Facilitair-Portal),,,Permission unmanaged,None
Microsoft Active Directory,Hanna Berkhout (500185),Hanna Berkhout,hanna.berkhout52,True,MBX-FAC04-Facilitair (avo.local/Sample/Groups/MBX-FAC04-Facilitair),,,Permission unmanaged,None
Microsoft Active Directory,Hanna Berkhout (500185),Hanna Berkhout,hanna.berkhout52,True,ROLE-FAC04-Facilitair (avo.local/Sample/Groups/ROLE-FAC04-Facilitair),,,Permission unmanaged,None
Microsoft Active Directory,Hanna Berkhout (500185),Hanna Berkhout,hanna.berkhout52,True,TEAM-FAC04-Facilitair (avo.local/Sample/Groups/TEAM-FAC04-Facilitair),,,Permission unmanaged,None
Microsoft Active Directory,Hanna Berkhout (500185),Hanna Berkhout,hanna.berkhout52,True,APP-Office365 (avo.local/Sample/Groups/APP-Office365),,,Permission unmanaged,None
Microsoft Active Directory,Hanna Berkhout (500185),Hanna Berkhout,hanna.berkhout52,True,SEC-Antivirus (avo.local/Sample/Groups/SEC-Antivirus),,,Permission unmanaged,None
Microsoft Active Directory,Hanna Berkhout (500185),Hanna Berkhout,hanna.berkhout52,True,SEC-DiskEncryption (avo.local/Sample/Groups/SEC-DiskEncryption),,,Permission unmanaged,None
Microsoft Active Directory,Hanna Berkhout (500185),Hanna Berkhout,hanna.berkhout52,True,SEC-MFA-Enrolled (avo.local/Sample/Groups/SEC-MFA-Enrolled),,,Permission unmanaged,None
Microsoft Active Directory,Hanna Berkhout (500185),Hanna Berkhout,hanna.berkhout52,True,SEC-Endpoint-Protection (avo.local/Sample/Groups/SEC-Endpoint-Protection),,,Permission unmanaged,None
Microsoft Active Directory,Hanna Berkhout (500185),Hanna Berkhout,hanna.berkhout52,True,LIC-M365-E5 (avo.local/Sample/Groups/LIC-M365-E5),,,Permission unmanaged,None
Microsoft Active Directory,Vera Coenen (500186),Vera Coenen,vera.coenen53,True,APP-HRM02-Personeel-Portal (avo.local/Sample/Groups/APP-HRM02-Personeel-Portal),,,Permission unmanaged,None
Microsoft Active Directory,Vera Coenen (500186),Vera Coenen,vera.coenen53,True,MBX-HRM02-Personeel (avo.local/Sample/Groups/MBX-HRM02-Personeel),,,Permission unmanaged,None
Microsoft Active Directory,Vera Coenen (500186),Vera Coenen,vera.coenen53,True,FS-HRM02-Personeel-RO (avo.local/Sample/Groups/FS-HRM02-Personeel-RO),,,Permission unmanaged,None
Microsoft Active Directory,Vera Coenen (500186),Vera Coenen,vera.coenen53,True,APP-Selfservice (avo.local/Sample/Groups/APP-Selfservice),,,Permission unmanaged,None
Microsoft Active Directory,Vera Coenen (500186),Vera Coenen,vera.coenen53,True,APP-Office365 (avo.local/Sample/Groups/APP-Office365),,,Permission unmanaged,None
Microsoft Active Directory,Vera Coenen (500186),Vera Coenen,vera.coenen53,True,WIFI-Personeel (avo.local/Sample/Groups/WIFI-Personeel),,,Permission unmanaged,None
Microsoft Active Directory,Vera Coenen (500186),Vera Coenen,vera.coenen53,True,SEC-DiskEncryption (avo.local/Sample/Groups/SEC-DiskEncryption),,,Permission unmanaged,None
Microsoft Active Directory,Vera Coenen (500186),Vera Coenen,vera.coenen53,True,SEC-MFA-Enrolled (avo.local/Sample/Groups/SEC-MFA-Enrolled),,,Permission unmanaged,None
Microsoft Active Directory,Vera Coenen (500186),Vera Coenen,vera.coenen53,True,SEC-Endpoint-Protection (avo.local/Sample/Groups/SEC-Endpoint-Protection),,,Permission unmanaged,None
Microsoft Active Directory,Vera Coenen (500186),Vera Coenen,vera.coenen53,True,APP-Adobe-AcrobatPro (avo.local/Sample/Groups/APP-Adobe-AcrobatPro),,,Permission unmanaged,None
Microsoft Active Directory,Vera Coenen (500186),Vera Coenen,vera.coenen53,True,APP-Copilot (avo.local/Sample/Groups/APP-Copilot),,,Permission unmanaged,None
Microsoft Active Directory,Vera Coenen (500186),Vera Coenen,vera.coenen53,True,LIC-M365-E1 (avo.local/Sample/Groups/LIC-M365-E1),,,Permission unmanaged,None
Microsoft Active Directory,Hanna Quaedvlieg (500187),Hanna Quaedvlieg,hanna.quaedvlieg54,True,FS-ZRG06-Wijkzorg-RO (avo.local/Sample/Groups/FS-ZRG06-Wijkzorg-RO),,,Permission unmanaged,None
Microsoft Active Directory,Hanna Quaedvlieg (500187),Hanna Quaedvlieg,hanna.quaedvlieg54,True,ROLE-ZRG06-Wijkzorg (avo.local/Sample/Groups/ROLE-ZRG06-Wijkzorg),,,Permission unmanaged,None
Microsoft Active Directory,Hanna Quaedvlieg (500187),Hanna Quaedvlieg,hanna.quaedvlieg54,True,APP-ZRG06-Wijkzorg-Portal (avo.local/Sample/Groups/APP-ZRG06-Wijkzorg-Portal),,,Permission unmanaged,None
Microsoft Active Directory,Hanna Quaedvlieg (500187),Hanna Quaedvlieg,hanna.quaedvlieg54,True,APP-Office365 (avo.local/Sample/Groups/APP-Office365),,,Permission unmanaged,None
Microsoft Active Directory,Hanna Quaedvlieg (500187),Hanna Quaedvlieg,hanna.quaedvlieg54,True,APP-Selfservice (avo.local/Sample/Groups/APP-Selfservice),,,Permission unmanaged,None
Microsoft Active Directory,Hanna Quaedvlieg (500187),Hanna Quaedvlieg,hanna.quaedvlieg54,True,WIFI-Personeel (avo.local/Sample/Groups/WIFI-Personeel),,,Permission unmanaged,None
Microsoft Active Directory,Hanna Quaedvlieg (500187),Hanna Quaedvlieg,hanna.quaedvlieg54,True,SEC-Antivirus (avo.local/Sample/Groups/SEC-Antivirus),,,Permission unmanaged,None
Microsoft Active Directory,Hanna Quaedvlieg (500187),Hanna Quaedvlieg,hanna.quaedvlieg54,True,SEC-DiskEncryption (avo.local/Sample/Groups/SEC-DiskEncryption),,,Permission unmanaged,None
Microsoft Active Directory,Hanna Quaedvlieg (500187),Hanna Quaedvlieg,hanna.quaedvlieg54,True,SEC-MFA-Enrolled (avo.local/Sample/Groups/SEC-MFA-Enrolled),,,Permission unmanaged,None
Microsoft Active Directory,Hanna Quaedvlieg (500187),Hanna Quaedvlieg,hanna.quaedvlieg54,True,SEC-Endpoint-Protection (avo.local/Sample/Groups/SEC-Endpoint-Protection),,,Permission unmanaged,None
Microsoft Active Directory,Hanna Quaedvlieg (500187),Hanna Quaedvlieg,hanna.quaedvlieg54,True,APP-Adobe-AcrobatPro (avo.local/Sample/Groups/APP-Adobe-AcrobatPro),,,Permission unmanaged,None
Microsoft Active Directory,Hanna Quaedvlieg (500187),Hanna Quaedvlieg,hanna.quaedvlieg54,True,LIC-M365-E1 (avo.local/Sample/Groups/LIC-M365-E1),,,Permission unmanaged,None
Microsoft Active Directory,Vera Jonker (500188),Vera Jonker,vera.jonker55,True,APP-FIN01-Financien-Portal (avo.local/Sample/Groups/APP-FIN01-Financien-Portal),,,Permission unmanaged,None
Microsoft Active Directory,Vera Jonker (500188),Vera Jonker,vera.jonker55,True,ROLE-FIN01-Financien (avo.local/Sample/Groups/ROLE-FIN01-Financien),,,Permission unmanaged,None
Microsoft Active Directory,Vera Jonker (500188),Vera Jonker,vera.jonker55,True,APP-Selfservice (avo.local/Sample/Groups/APP-Selfservice),,,Permission unmanaged,None
Microsoft Active Directory,Vera Jonker (500188),Vera Jonker,vera.jonker55,True,APP-Office365 (avo.local/Sample/Groups/APP-Office365),,,Permission unmanaged,None
Microsoft Active Directory,Vera Jonker (500188),Vera Jonker,vera.jonker55,True,SEC-Antivirus (avo.local/Sample/Groups/SEC-Antivirus),,,Permission unmanaged,None
Microsoft Active Directory,Vera Jonker (500188),Vera Jonker,vera.jonker55,True,SEC-DiskEncryption (avo.local/Sample/Groups/SEC-DiskEncryption),,,Permission unmanaged,None
Microsoft Active Directory,Vera Jonker (500188),Vera Jonker,vera.jonker55,True,SEC-MFA-Enrolled (avo.local/Sample/Groups/SEC-MFA-Enrolled),,,Permission unmanaged,None
Microsoft Active Directory,Vera Jonker (500188),Vera Jonker,vera.jonker55,True,SEC-Endpoint-Protection (avo.local/Sample/Groups/SEC-Endpoint-Protection),,,Permission unmanaged,None
Microsoft Active Directory,Vera Jonker (500188),Vera Jonker,vera.jonker55,True,LIC-M365-F3 (avo.local/Sample/Groups/LIC-M365-F3),,,Permission unmanaged,None
Microsoft Active Directory,Sem Coenen (500189),Sem Coenen,sem.coenen56,True,FS-HRM02-Personeel-RW (avo.local/Sample/Groups/FS-HRM02-Personeel-RW),,,Permission unmanaged,None
Microsoft Active Directory,Sem Coenen (500189),Sem Coenen,sem.coenen56,True,FS-HRM02-Personeel-RO (avo.local/Sample/Groups/FS-HRM02-Personeel-RO),,,Permission unmanaged,None
Microsoft Active Directory,Sem Coenen (500189),Sem Coenen,sem.coenen56,True,TEAM-HRM02-Personeel (avo.local/Sample/Groups/TEAM-HRM02-Personeel),,,Permission unmanaged,None
Microsoft Active Directory,Sem Coenen (500189),Sem Coenen,sem.coenen56,True,APP-Planner (avo.local/Sample/Groups/APP-Planner),,,Permission unmanaged,None
Microsoft Active Directory,Sem Coenen (500189),Sem Coenen,sem.coenen56,True,APP-Teams (avo.local/Sample/Groups/APP-Teams),,,Permission unmanaged,None
Microsoft Active Directory,Sem Coenen (500189),Sem Coenen,sem.coenen56,True,VPN-Thuiswerken (avo.local/Sample/Groups/VPN-Thuiswerken),,,Permission unmanaged,None
Microsoft Active Directory,Sem Coenen (500189),Sem Coenen,sem.coenen56,True,PRINT-Default (avo.local/Sample/Groups/PRINT-Default),,,Permission unmanaged,None
Microsoft Active Directory,Sem Coenen (500189),Sem Coenen,sem.coenen56,True,SEC-Antivirus (avo.local/Sample/Groups/SEC-Antivirus),,,Permission unmanaged,None
Microsoft Active Directory,Sem Coenen (500189),Sem Coenen,sem.coenen56,True,SEC-DiskEncryption (avo.local/Sample/Groups/SEC-DiskEncryption),,,Permission unmanaged,None
Microsoft Active Directory,Sem Coenen (500189),Sem Coenen,sem.coenen56,True,SEC-MFA-Enrolled (avo.local/Sample/Groups/SEC-MFA-Enrolled),,,Permission unmanaged,None
Microsoft Active Directory,Sem Coenen (500189),Sem Coenen,sem.coenen56,True,SEC-Endpoint-Protection (avo.local/Sample/Groups/SEC-Endpoint-Protection),,,Permission unmanaged,None
Microsoft Active Directory,Sem Coenen (500189),Sem Coenen,sem.coenen56,True,APP-Project (avo.local/Sample/Groups/APP-Project),,,Permission unmanaged,None
Microsoft Active Directory,Sem Coenen (500189),Sem Coenen,sem.coenen56,True,LIC-M365-E5 (avo.local/Sample/Groups/LIC-M365-E5),,,Permission unmanaged,None
Microsoft Active Directory,Zoë Dijkgraaf (500190),Zoë Dijkgraaf,zoe.dijkgraaf57,True,APP-CZ08-Begeleiding-Portal (avo.local/Sample/Groups/APP-CZ08-Begeleiding-Portal),,,Permission unmanaged,None
Microsoft Active Directory,Zoë Dijkgraaf (500190),Zoë Dijkgraaf,zoe.dijkgraaf57,True,TEAM-CZ08-Begeleiding (avo.local/Sample/Groups/TEAM-CZ08-Begeleiding),,,Permission unmanaged,None
Microsoft Active Directory,Zoë Dijkgraaf (500190),Zoë Dijkgraaf,zoe.dijkgraaf57,True,ROLE-CZ08-Begeleiding (avo.local/Sample/Groups/ROLE-CZ08-Begeleiding),,,Permission unmanaged,None
Microsoft Active Directory,Zoë Dijkgraaf (500190),Zoë Dijkgraaf,zoe.dijkgraaf57,True,APP-Office365 (avo.local/Sample/Groups/APP-Office365),,,Permission unmanaged,None
Microsoft Active Directory,Zoë Dijkgraaf (500190),Zoë Dijkgraaf,zoe.dijkgraaf57,True,APP-Selfservice (avo.local/Sample/Groups/APP-Selfservice),,,Permission unmanaged,None
Microsoft Active Directory,Zoë Dijkgraaf (500190),Zoë Dijkgraaf,zoe.dijkgraaf57,True,WIFI-Personeel (avo.local/Sample/Groups/WIFI-Personeel),,,Permission unmanaged,None
Microsoft Active Directory,Zoë Dijkgraaf (500190),Zoë Dijkgraaf,zoe.dijkgraaf57,True,SEC-Antivirus (avo.local/Sample/Groups/SEC-Antivirus),,,Permission unmanaged,None
Microsoft Active Directory,Zoë Dijkgraaf (500190),Zoë Dijkgraaf,zoe.dijkgraaf57,True,SEC-MFA-Enrolled (avo.local/Sample/Groups/SEC-MFA-Enrolled),,,Permission unmanaged,None
Microsoft Active Directory,Zoë Dijkgraaf (500190),Zoë Dijkgraaf,zoe.dijkgraaf57,True,SEC-Endpoint-Protection (avo.local/Sample/Groups/SEC-Endpoint-Protection),,,Permission unmanaged,None
Microsoft Active Directory,Zoë Dijkgraaf (500190),Zoë Dijkgraaf,zoe.dijkgraaf57,True,APP-PowerBI-Pro (avo.local/Sample/Groups/APP-PowerBI-Pro),,,Permission unmanaged,None
Microsoft Active Directory,Zoë Dijkgraaf (500190),Zoë Dijkgraaf,zoe.dijkgraaf57,True,LIC-M365-F3 (avo.local/Sample/Groups/LIC-M365-F3),,,Permission unmanaged,None
Microsoft Active Directory,Eva Uijlenbroek (500191),Eva Uijlenbroek,eva.uijlenbroek58,True,ROLE-ZRG06-Wijkzorg (avo.local/Sample/Groups/ROLE-ZRG06-Wijkzorg),,,Permission unmanaged,None
Microsoft Active Directory,Eva Uijlenbroek (500191),Eva Uijlenbroek,eva.uijlenbroek58,True,TEAM-ZRG06-Wijkzorg (avo.local/Sample/Groups/TEAM-ZRG06-Wijkzorg),,,Permission unmanaged,None
Microsoft Active Directory,Eva Uijlenbroek (500191),Eva Uijlenbroek,eva.uijlenbroek58,True,APP-Teams (avo.local/Sample/Groups/APP-Teams),,,Permission unmanaged,None
Microsoft Active Directory,Eva Uijlenbroek (500191),Eva Uijlenbroek,eva.uijlenbroek58,True,APP-Intranet (avo.local/Sample/Groups/APP-Intranet),,,Permission unmanaged,None
Microsoft Active Directory,Eva Uijlenbroek (500191),Eva Uijlenbroek,eva.uijlenbroek58,True,PRINT-Default (avo.local/Sample/Groups/PRINT-Default),,,Permission unmanaged,None
Microsoft Active Directory,Eva Uijlenbroek (500191),Eva Uijlenbroek,eva.uijlenbroek58,True,VPN-Thuiswerken (avo.local/Sample/Groups/VPN-Thuiswerken),,,Permission unmanaged,None
Microsoft Active Directory,Eva Uijlenbroek (500191),Eva Uijlenbroek,eva.uijlenbroek58,True,SEC-DiskEncryption (avo.local/Sample/Groups/SEC-DiskEncryption),,,Permission unmanaged,None
Microsoft Active Directory,Eva Uijlenbroek (500191),Eva Uijlenbroek,eva.uijlenbroek58,True,SEC-MFA-Enrolled (avo.local/Sample/Groups/SEC-MFA-Enrolled),,,Permission unmanaged,None
Microsoft Active Directory,Eva Uijlenbroek (500191),Eva Uijlenbroek,eva.uijlenbroek58,True,SEC-Endpoint-Protection (avo.local/Sample/Groups/SEC-Endpoint-Protection),,,Permission unmanaged,None
Microsoft Active Directory,Eva Uijlenbroek (500191),Eva Uijlenbroek,eva.uijlenbroek58,True,LIC-M365-E3 (avo.local/Sample/Groups/LIC-M365-E3),,,Permission unmanaged,None
Microsoft Active Directory,,Iris Terlouw,iris.terlouw59,True,,,,Account unmanaged,None
Microsoft Active Directory,,Iris Terlouw,iris.terlouw59,True,FS-HRM02-Personeel-RO (avo.local/Sample/Groups/FS-HRM02-Personeel-RO),,,Permission unmanaged,None
Microsoft Active Directory,,Iris Terlouw,iris.terlouw59,True,APP-HRM02-Personeel-Portal (avo.local/Sample/Groups/APP-HRM02-Personeel-Portal),,,Permission unmanaged,None
Microsoft Active Directory,,Iris Terlouw,iris.terlouw59,True,TEAM-HRM02-Personeel (avo.local/Sample/Groups/TEAM-HRM02-Personeel),,,Permission unmanaged,None
Microsoft Active Directory,,Iris Terlouw,iris.terlouw59,True,MBX-HRM02-Personeel (avo.local/Sample/Groups/MBX-HRM02-Personeel),,,Permission unmanaged,None
Microsoft Active Directory,,Iris Terlouw,iris.terlouw59,True,APP-Office365 (avo.local/Sample/Groups/APP-Office365),,,Permission unmanaged,None
Microsoft Active Directory,,Iris Terlouw,iris.terlouw59,True,APP-Intranet (avo.local/Sample/Groups/APP-Intranet),,,Permission unmanaged,None
Microsoft Active Directory,,Iris Terlouw,iris.terlouw59,True,PRINT-Default (avo.local/Sample/Groups/PRINT-Default),,,Permission unmanaged,None
Microsoft Active Directory,,Iris Terlouw,iris.terlouw59,True,SEC-Antivirus (avo.local/Sample/Groups/SEC-Antivirus),,,Permission unmanaged,None
Microsoft Active Directory,,Iris Terlouw,iris.terlouw59,True,SEC-DiskEncryption (avo.local/Sample/Groups/SEC-DiskEncryption),,,Permission unmanaged,None
Microsoft Active Directory,,Iris Terlouw,iris.terlouw59,True,SEC-MFA-Enrolled (avo.local/Sample/Groups/SEC-MFA-Enrolled),,,Permission unmanaged,None
Microsoft Active Directory,,Iris Terlouw,iris.terlouw59,True,SEC-Endpoint-Protection (avo.local/Sample/Groups/SEC-Endpoint-Protection),,,Permission unmanaged,None
Microsoft Active Directory,,Iris Terlouw,iris.terlouw59,True,LIC-M365-E1 (avo.local/Sample/Groups/LIC-M365-E1),,,Permission unmanaged,None
Microsoft Active Directory,Pien Pronk (500193),Pien Pronk,pien.pronk60,True,MBX-CA010-Thuiszorg (avo.local/Sample/Groups/MBX-CA010-Thuiszorg),,,Permission unmanaged,None
Microsoft Active Directory,Pien Pronk (500193),Pien Pronk,pien.pronk60,True,FS-CA010-Thuiszorg-RW (avo.local/Sample/Groups/FS-CA010-Thuiszorg-RW),,,Permission unmanaged,None
Microsoft Active Directory,Pien Pronk (500193),Pien Pronk,pien.pronk60,True,APP-CA010-Thuiszorg-Portal (avo.local/Sample/Groups/APP-CA010-Thuiszorg-Portal),,,Permission unmanaged,None
Microsoft Active Directory,Pien Pronk (500193),Pien Pronk,pien.pronk60,True,FS-CA010-Thuiszorg-RO (avo.local/Sample/Groups/FS-CA010-Thuiszorg-RO),,,Permission unmanaged,None
Microsoft Active Directory,Pien Pronk (500193),Pien Pronk,pien.pronk60,True,ROLE-CA010-Thuiszorg (avo.local/Sample/Groups/ROLE-CA010-Thuiszorg),,,Permission unmanaged,None
Microsoft Active Directory,Pien Pronk (500193),Pien Pronk,pien.pronk60,True,TEAM-CA010-Thuiszorg (avo.local/Sample/Groups/TEAM-CA010-Thuiszorg),,,Permission unmanaged,None
Microsoft Active Directory,Pien Pronk (500193),Pien Pronk,pien.pronk60,True,APP-Selfservice (avo.local/Sample/Groups/APP-Selfservice),,,Permission unmanaged,None
Microsoft Active Directory,Pien Pronk (500193),Pien Pronk,pien.pronk60,True,PRINT-Default (avo.local/Sample/Groups/PRINT-Default),,,Permission unmanaged,None
Microsoft Active Directory,Pien Pronk (500193),Pien Pronk,pien.pronk60,True,SEC-Antivirus (avo.local/Sample/Groups/SEC-Antivirus),,,Permission unmanaged,None
Microsoft Active Directory,Pien Pronk (500193),Pien Pronk,pien.pronk60,True,SEC-DiskEncryption (avo.local/Sample/Groups/SEC-DiskEncryption),,,Permission unmanaged,None
Microsoft Active Directory,Pien Pronk (500193),Pien Pronk,pien.pronk60,True,SEC-MFA-Enrolled (avo.local/Sample/Groups/SEC-MFA-Enrolled),,,Permission unmanaged,None
Microsoft Active Directory,Pien Pronk (500193),Pien Pronk,pien.pronk60,True,SEC-Endpoint-Protection (avo.local/Sample/Groups/SEC-Endpoint-Protection),,,Permission unmanaged,None
Microsoft Active Directory,Pien Pronk (500193),Pien Pronk,pien.pronk60,True,APP-Adobe-AcrobatPro (avo.local/Sample/Groups/APP-Adobe-AcrobatPro),,,Permission unmanaged,None
Microsoft Active Directory,Pien Pronk (500193),Pien Pronk,pien.pronk60,True,LIC-M365-E5 (avo.local/Sample/Groups/LIC-M365-E5),,,Permission unmanaged,None
Microsoft Active Directory,Lars Wielenga (500194),Lars Wielenga,lars.wielenga61,True,FS-ICT03-Techniek-RO (avo.local/Sample/Groups/FS-ICT03-Techniek-RO),,,Permission unmanaged,None
Microsoft Active Directory,Lars Wielenga (500194),Lars Wielenga,lars.wielenga61,True,TEAM-ICT03-Techniek (avo.local/Sample/Groups/TEAM-ICT03-Techniek),,,Permission unmanaged,None
Microsoft Active Directory,Lars Wielenga (500194),Lars Wielenga,lars.wielenga61,True,APP-ICT03-Techniek-Portal (avo.local/Sample/Groups/APP-ICT03-Techniek-Portal),,,Permission unmanaged,None
Microsoft Active Directory,Lars Wielenga (500194),Lars Wielenga,lars.wielenga61,True,APP-Office365 (avo.local/Sample/Groups/APP-Office365),,,Permission unmanaged,None
Microsoft Active Directory,Lars Wielenga (500194),Lars Wielenga,lars.wielenga61,True,PRINT-Default (avo.local/Sample/Groups/PRINT-Default),,,Permission unmanaged,None
Microsoft Active Directory,Lars Wielenga (500194),Lars Wielenga,lars.wielenga61,True,WIFI-Personeel (avo.local/Sample/Groups/WIFI-Personeel),,,Permission unmanaged,None
Microsoft Active Directory,Lars Wielenga (500194),Lars Wielenga,lars.wielenga61,True,SEC-Antivirus (avo.local/Sample/Groups/SEC-Antivirus),,,Permission unmanaged,None
Microsoft Active Directory,Lars Wielenga (500194),Lars Wielenga,lars.wielenga61,True,SEC-DiskEncryption (avo.local/Sample/Groups/SEC-DiskEncryption),,,Permission unmanaged,None
Microsoft Active Directory,Lars Wielenga (500194),Lars Wielenga,lars.wielenga61,True,SEC-Endpoint-Protection (avo.local/Sample/Groups/SEC-Endpoint-Protection),,,Permission unmanaged,None
Microsoft Active Directory,Lars Wielenga (500194),Lars Wielenga,lars.wielenga61,True,APP-Project (avo.local/Sample/Groups/APP-Project),,,Permission unmanaged,None
Microsoft Active Directory,Lars Wielenga (500194),Lars Wielenga,lars.wielenga61,True,APP-PowerBI-Pro (avo.local/Sample/Groups/APP-PowerBI-Pro),,,Permission unmanaged,None
Microsoft Active Directory,Lars Wielenga (500194),Lars Wielenga,lars.wielenga61,True,LIC-M365-E5 (avo.local/Sample/Groups/LIC-M365-E5),,,Permission unmanaged,None
Microsoft Active Directory,Cato Hoekstra (500195),Cato Hoekstra,cato.hoekstra62,True,TEAM-HRM02-Personeel (avo.local/Sample/Groups/TEAM-HRM02-Personeel),,,Permission unmanaged,None
Microsoft Active Directory,Cato Hoekstra (500195),Cato Hoekstra,cato.hoekstra62,True,MBX-HRM02-Personeel (avo.local/Sample/Groups/MBX-HRM02-Personeel),,,Permission unmanaged,None
Microsoft Active Directory,Cato Hoekstra (500195),Cato Hoekstra,cato.hoekstra62,True,APP-Planner (avo.local/Sample/Groups/APP-Planner),,,Permission unmanaged,None
Microsoft Active Directory,Cato Hoekstra (500195),Cato Hoekstra,cato.hoekstra62,True,APP-Teams (avo.local/Sample/Groups/APP-Teams),,,Permission unmanaged,None
Microsoft Active Directory,Cato Hoekstra (500195),Cato Hoekstra,cato.hoekstra62,True,SEC-Antivirus (avo.local/Sample/Groups/SEC-Antivirus),,,Permission unmanaged,None
Microsoft Active Directory,Cato Hoekstra (500195),Cato Hoekstra,cato.hoekstra62,True,SEC-DiskEncryption (avo.local/Sample/Groups/SEC-DiskEncryption),,,Permission unmanaged,None
Microsoft Active Directory,Cato Hoekstra (500195),Cato Hoekstra,cato.hoekstra62,True,SEC-MFA-Enrolled (avo.local/Sample/Groups/SEC-MFA-Enrolled),,,Permission unmanaged,None
Microsoft Active Directory,Cato Hoekstra (500195),Cato Hoekstra,cato.hoekstra62,True,LIC-M365-E5 (avo.local/Sample/Groups/LIC-M365-E5),,,Permission unmanaged,None
Microsoft Active Directory,Zoë Kalisvaart (500196),Zoë Kalisvaart,zoe.kalisvaart63,True,ROLE-INK08-Inkoop (avo.local/Sample/Groups/ROLE-INK08-Inkoop),,,Permission unmanaged,None
Microsoft Active Directory,Zoë Kalisvaart (500196),Zoë Kalisvaart,zoe.kalisvaart63,True,APP-INK08-Inkoop-Portal (avo.local/Sample/Groups/APP-INK08-Inkoop-Portal),,,Permission unmanaged,None
Microsoft Active Directory,Zoë Kalisvaart (500196),Zoë Kalisvaart,zoe.kalisvaart63,True,FS-INK08-Inkoop-RO (avo.local/Sample/Groups/FS-INK08-Inkoop-RO),,,Permission unmanaged,None
Microsoft Active Directory,Zoë Kalisvaart (500196),Zoë Kalisvaart,zoe.kalisvaart63,True,APP-Teams (avo.local/Sample/Groups/APP-Teams),,,Permission unmanaged,None
Microsoft Active Directory,Zoë Kalisvaart (500196),Zoë Kalisvaart,zoe.kalisvaart63,True,APP-Office365 (avo.local/Sample/Groups/APP-Office365),,,Permission unmanaged,None
Microsoft Active Directory,Zoë Kalisvaart (500196),Zoë Kalisvaart,zoe.kalisvaart63,True,PRINT-Default (avo.local/Sample/Groups/PRINT-Default),,,Permission unmanaged,None
Microsoft Active Directory,Zoë Kalisvaart (500196),Zoë Kalisvaart,zoe.kalisvaart63,True,WIFI-Personeel (avo.local/Sample/Groups/WIFI-Personeel),,,Permission unmanaged,None
Microsoft Active Directory,Zoë Kalisvaart (500196),Zoë Kalisvaart,zoe.kalisvaart63,True,SEC-Antivirus (avo.local/Sample/Groups/SEC-Antivirus),,,Permission unmanaged,None
Microsoft Active Directory,Zoë Kalisvaart (500196),Zoë Kalisvaart,zoe.kalisvaart63,True,SEC-DiskEncryption (avo.local/Sample/Groups/SEC-DiskEncryption),,,Permission unmanaged,None
Microsoft Active Directory,Zoë Kalisvaart (500196),Zoë Kalisvaart,zoe.kalisvaart63,True,SEC-MFA-Enrolled (avo.local/Sample/Groups/SEC-MFA-Enrolled),,,Permission unmanaged,None
Microsoft Active Directory,Zoë Kalisvaart (500196),Zoë Kalisvaart,zoe.kalisvaart63,True,SEC-Endpoint-Protection (avo.local/Sample/Groups/SEC-Endpoint-Protection),,,Permission unmanaged,None
Microsoft Active Directory,Zoë Kalisvaart (500196),Zoë Kalisvaart,zoe.kalisvaart63,True,APP-PowerBI-Pro (avo.local/Sample/Groups/APP-PowerBI-Pro),,,Permission unmanaged,None
Microsoft Active Directory,Zoë Kalisvaart (500196),Zoë Kalisvaart,zoe.kalisvaart63,True,APP-Visio (avo.local/Sample/Groups/APP-Visio),,,Permission unmanaged,None
Microsoft Active Directory,Zoë Kalisvaart (500196),Zoë Kalisvaart,zoe.kalisvaart63,True,LIC-M365-E5 (avo.local/Sample/Groups/LIC-M365-E5),,,Permission unmanaged,None
Microsoft Active Directory,Xander Jonker (500197),Xander Jonker,xander.jonker64,True,FS-CB12-Dagbesteding-RW (avo.local/Sample/Groups/FS-CB12-Dagbesteding-RW),,,Permission unmanaged,None
Microsoft Active Directory,Xander Jonker (500197),Xander Jonker,xander.jonker64,True,APP-CB12-Dagbesteding-Portal (avo.local/Sample/Groups/APP-CB12-Dagbesteding-Portal),,,Permission unmanaged,None
Microsoft Active Directory,Xander Jonker (500197),Xander Jonker,xander.jonker64,True,TEAM-CB12-Dagbesteding (avo.local/Sample/Groups/TEAM-CB12-Dagbesteding),,,Permission unmanaged,None
Microsoft Active Directory,Xander Jonker (500197),Xander Jonker,xander.jonker64,True,APP-Selfservice (avo.local/Sample/Groups/APP-Selfservice),,,Permission unmanaged,None
Microsoft Active Directory,Xander Jonker (500197),Xander Jonker,xander.jonker64,True,APP-Teams (avo.local/Sample/Groups/APP-Teams),,,Permission unmanaged,None
Microsoft Active Directory,Xander Jonker (500197),Xander Jonker,xander.jonker64,True,VPN-Thuiswerken (avo.local/Sample/Groups/VPN-Thuiswerken),,,Permission unmanaged,None
Microsoft Active Directory,Xander Jonker (500197),Xander Jonker,xander.jonker64,True,SEC-Antivirus (avo.local/Sample/Groups/SEC-Antivirus),,,Permission unmanaged,None
Microsoft Active Directory,Xander Jonker (500197),Xander Jonker,xander.jonker64,True,SEC-MFA-Enrolled (avo.local/Sample/Groups/SEC-MFA-Enrolled),,,Permission unmanaged,None
Microsoft Active Directory,Xander Jonker (500197),Xander Jonker,xander.jonker64,True,SEC-Endpoint-Protection (avo.local/Sample/Groups/SEC-Endpoint-Protection),,,Permission unmanaged,None
Microsoft Active Directory,Xander Jonker (500197),Xander Jonker,xander.jonker64,True,APP-Visio (avo.local/Sample/Groups/APP-Visio),,,Permission unmanaged,None
Microsoft Active Directory,Xander Jonker (500197),Xander Jonker,xander.jonker64,True,LIC-M365-E1 (avo.local/Sample/Groups/LIC-M365-E1),,,Permission unmanaged,None
Microsoft Active Directory,Bram Coenen (500198),Bram Coenen,bram.coenen65,False,FS-CA010-Thuiszorg-RO (avo.local/Sample/Groups/FS-CA010-Thuiszorg-RO),,,Permission unmanaged,None
Microsoft Active Directory,Bram Coenen (500198),Bram Coenen,bram.coenen65,False,APP-CA010-Thuiszorg-Portal (avo.local/Sample/Groups/APP-CA010-Thuiszorg-Portal),,,Permission unmanaged,None
Microsoft Active Directory,Bram Coenen (500198),Bram Coenen,bram.coenen65,False,TEAM-CA010-Thuiszorg (avo.local/Sample/Groups/TEAM-CA010-Thuiszorg),,,Permission unmanaged,None
Microsoft Active Directory,Bram Coenen (500198),Bram Coenen,bram.coenen65,False,MBX-CA010-Thuiszorg (avo.local/Sample/Groups/MBX-CA010-Thuiszorg),,,Permission unmanaged,None
Microsoft Active Directory,Bram Coenen (500198),Bram Coenen,bram.coenen65,False,FS-CA010-Thuiszorg-RW (avo.local/Sample/Groups/FS-CA010-Thuiszorg-RW),,,Permission unmanaged,None
Microsoft Active Directory,Bram Coenen (500198),Bram Coenen,bram.coenen65,False,APP-Planner (avo.local/Sample/Groups/APP-Planner),,,Permission unmanaged,None
Microsoft Active Directory,Bram Coenen (500198),Bram Coenen,bram.coenen65,False,SEC-Antivirus (avo.local/Sample/Groups/SEC-Antivirus),,,Permission unmanaged,None
Microsoft Active Directory,Bram Coenen (500198),Bram Coenen,bram.coenen65,False,SEC-DiskEncryption (avo.local/Sample/Groups/SEC-DiskEncryption),,,Permission unmanaged,None
Microsoft Active Directory,Bram Coenen (500198),Bram Coenen,bram.coenen65,False,SEC-MFA-Enrolled (avo.local/Sample/Groups/SEC-MFA-Enrolled),,,Permission unmanaged,None
Microsoft Active Directory,Bram Coenen (500198),Bram Coenen,bram.coenen65,False,SEC-Endpoint-Protection (avo.local/Sample/Groups/SEC-Endpoint-Protection),,,Permission unmanaged,None
Microsoft Active Directory,Bram Coenen (500198),Bram Coenen,bram.coenen65,False,APP-Project (avo.local/Sample/Groups/APP-Project),,,Permission unmanaged,None
Microsoft Active Directory,Bram Coenen (500198),Bram Coenen,bram.coenen65,False,LIC-M365-E1 (avo.local/Sample/Groups/LIC-M365-E1),,,Permission unmanaged,None
Microsoft Active Directory,Bram Hoekstra (500199),Bram Hoekstra,bram.hoekstra66,True,APP-CA010-Thuiszorg-Portal (avo.local/Sample/Groups/APP-CA010-Thuiszorg-Portal),,,Permission unmanaged,None
Microsoft Active Directory,Bram Hoekstra (500199),Bram Hoekstra,bram.hoekstra66,True,FS-CA010-Thuiszorg-RO (avo.local/Sample/Groups/FS-CA010-Thuiszorg-RO),,,Permission unmanaged,None
Microsoft Active Directory,Bram Hoekstra (500199),Bram Hoekstra,bram.hoekstra66,True,FS-CA010-Thuiszorg-RW (avo.local/Sample/Groups/FS-CA010-Thuiszorg-RW),,,Permission unmanaged,None
Microsoft Active Directory,Bram Hoekstra (500199),Bram Hoekstra,bram.hoekstra66,True,TEAM-CA010-Thuiszorg (avo.local/Sample/Groups/TEAM-CA010-Thuiszorg),,,Permission unmanaged,None
Microsoft Active Directory,Bram Hoekstra (500199),Bram Hoekstra,bram.hoekstra66,True,MBX-CA010-Thuiszorg (avo.local/Sample/Groups/MBX-CA010-Thuiszorg),,,Permission unmanaged,None
Microsoft Active Directory,Bram Hoekstra (500199),Bram Hoekstra,bram.hoekstra66,True,APP-Intranet (avo.local/Sample/Groups/APP-Intranet),,,Permission unmanaged,None
Microsoft Active Directory,Bram Hoekstra (500199),Bram Hoekstra,bram.hoekstra66,True,APP-Planner (avo.local/Sample/Groups/APP-Planner),,,Permission unmanaged,None
Microsoft Active Directory,Bram Hoekstra (500199),Bram Hoekstra,bram.hoekstra66,True,APP-Office365 (avo.local/Sample/Groups/APP-Office365),,,Permission unmanaged,None
Microsoft Active Directory,Bram Hoekstra (500199),Bram Hoekstra,bram.hoekstra66,True,PRINT-Default (avo.local/Sample/Groups/PRINT-Default),,,Permission unmanaged,None
Microsoft Active Directory,Bram Hoekstra (500199),Bram Hoekstra,bram.hoekstra66,True,SEC-MFA-Enrolled (avo.local/Sample/Groups/SEC-MFA-Enrolled),,,Permission unmanaged,None
Microsoft Active Directory,Bram Hoekstra (500199),Bram Hoekstra,bram.hoekstra66,True,LIC-M365-E5 (avo.local/Sample/Groups/LIC-M365-E5),,,Permission unmanaged,None
Microsoft Active Directory,Bram Hoekstra (500199),Bram Hoekstra,bram.hoekstra66,True,MBX-KWA07-Kwaliteit (avo.local/Sample/Groups/MBX-KWA07-Kwaliteit),,,Permission unmanaged,None
Microsoft Active Directory,Bram Hoekstra (500199),Bram Hoekstra,bram.hoekstra66,True,ROLE-KWA07-Kwaliteit (avo.local/Sample/Groups/ROLE-KWA07-Kwaliteit),,,Permission unmanaged,None
Microsoft Active Directory,Bram Hoekstra (500199),Bram Hoekstra,bram.hoekstra66,True,TEAM-KWA07-Kwaliteit (avo.local/Sample/Groups/TEAM-KWA07-Kwaliteit),,,Permission unmanaged,None
Microsoft Active Directory,Bram Hoekstra (500199),Bram Hoekstra,bram.hoekstra66,True,APP-CA060-Revalidatie-Portal (avo.local/Sample/Groups/APP-CA060-Revalidatie-Portal),,,Permission unmanaged,None
Microsoft Active Directory,Bram Hoekstra (500199),Bram Hoekstra,bram.hoekstra66,True,TEAM-CA060-Revalidatie (avo.local/Sample/Groups/TEAM-CA060-Revalidatie),,,Permission unmanaged,None
Microsoft Active Directory,Bram Hoekstra (500199),Bram Hoekstra,bram.hoekstra66,True,ROLE-CA060-Revalidatie (avo.local/Sample/Groups/ROLE-CA060-Revalidatie),,,Permission unmanaged,None
Microsoft Active Directory,Bram Hoekstra (500199),Bram Hoekstra,bram.hoekstra66,True,ROLE-FIN01-Financien (avo.local/Sample/Groups/ROLE-FIN01-Financien),,,Permission unmanaged,None
Microsoft Active Directory,Bram Hoekstra (500199),Bram Hoekstra,bram.hoekstra66,True,MBX-FIN01-Financien (avo.local/Sample/Groups/MBX-FIN01-Financien),,,Permission unmanaged,None
Microsoft Active Directory,Bram Hoekstra (500199),Bram Hoekstra,bram.hoekstra66,True,APP-FIN01-Financien-Portal (avo.local/Sample/Groups/APP-FIN01-Financien-Portal),,,Permission unmanaged,None
Microsoft Active Directory,Bram Hoekstra (500199),Bram Hoekstra,bram.hoekstra66,True,FS-CB12-Dagbesteding-RO (avo.local/Sample/Groups/FS-CB12-Dagbesteding-RO),,,Permission unmanaged,None
Microsoft Active Directory,Bram Hoekstra (500199),Bram Hoekstra,bram.hoekstra66,True,APP-CB12-Dagbesteding-Portal (avo.local/Sample/Groups/APP-CB12-Dagbesteding-Portal),,,Permission unmanaged,None
Microsoft Active Directory,Bram Hoekstra (500199),Bram Hoekstra,bram.hoekstra66,True,TEAM-CB12-Dagbesteding (avo.local/Sample/Groups/TEAM-CB12-Dagbesteding),,,Permission unmanaged,None
Microsoft Active Directory,,Roos Jonker,roos.jonker67,True,,,,Account unmanaged,None
Microsoft Active Directory,,Roos Jonker,roos.jonker67,True,FS-ZRG06-Wijkzorg-RO (avo.local/Sample/Groups/FS-ZRG06-Wijkzorg-RO),,,Permission unmanaged,None
Microsoft Active Directory,,Roos Jonker,roos.jonker67,True,MBX-ZRG06-Wijkzorg (avo.local/Sample/Groups/MBX-ZRG06-Wijkzorg),,,Permission unmanaged,None
Microsoft Active Directory,,Roos Jonker,roos.jonker67,True,APP-ZRG06-Wijkzorg-Portal (avo.local/Sample/Groups/APP-ZRG06-Wijkzorg-Portal),,,Permission unmanaged,None
Microsoft Active Directory,,Roos Jonker,roos.jonker67,True,TEAM-ZRG06-Wijkzorg (avo.local/Sample/Groups/TEAM-ZRG06-Wijkzorg),,,Permission unmanaged,None
Microsoft Active Directory,,Roos Jonker,roos.jonker67,True,APP-Selfservice (avo.local/Sample/Groups/APP-Selfservice),,,Permission unmanaged,None
Microsoft Active Directory,,Roos Jonker,roos.jonker67,True,APP-Intranet (avo.local/Sample/Groups/APP-Intranet),,,Permission unmanaged,None
Microsoft Active Directory,,Roos Jonker,roos.jonker67,True,VPN-Thuiswerken (avo.local/Sample/Groups/VPN-Thuiswerken),,,Permission unmanaged,None
Microsoft Active Directory,,Roos Jonker,roos.jonker67,True,SEC-Antivirus (avo.local/Sample/Groups/SEC-Antivirus),,,Permission unmanaged,None
Microsoft Active Directory,,Roos Jonker,roos.jonker67,True,SEC-DiskEncryption (avo.local/Sample/Groups/SEC-DiskEncryption),,,Permission unmanaged,None
Microsoft Active Directory,,Roos Jonker,roos.jonker67,True,SEC-MFA-Enrolled (avo.local/Sample/Groups/SEC-MFA-Enrolled),,,Permission unmanaged,None
Microsoft Active Directory,,Roos Jonker,roos.jonker67,True,SEC-Endpoint-Protection (avo.local/Sample/Groups/SEC-Endpoint-Protection),,,Permission unmanaged,None
Microsoft Active Directory,,Roos Jonker,roos.jonker67,True,APP-Project (avo.local/Sample/Groups/APP-Project),,,Permission unmanaged,None
Microsoft Active Directory,,Roos Jonker,roos.jonker67,True,APP-PowerBI-Pro (avo.local/Sample/Groups/APP-PowerBI-Pro),,,Permission unmanaged,None
Microsoft Active Directory,,Roos Jonker,roos.jonker67,True,LIC-M365-F3 (avo.local/Sample/Groups/LIC-M365-F3),,,Permission unmanaged,None
Microsoft Active Directory,Anne Gerritsen (500201),Anne Gerritsen,anne.gerritsen68,True,APP-ICT03-Techniek-Portal (avo.local/Sample/Groups/APP-ICT03-Techniek-Portal),,,Permission unmanaged,None
Microsoft Active Directory,Anne Gerritsen (500201),Anne Gerritsen,anne.gerritsen68,True,ROLE-ICT03-Techniek (avo.local/Sample/Groups/ROLE-ICT03-Techniek),,,Permission unmanaged,None
Microsoft Active Directory,Anne Gerritsen (500201),Anne Gerritsen,anne.gerritsen68,True,MBX-ICT03-Techniek (avo.local/Sample/Groups/MBX-ICT03-Techniek),,,Permission unmanaged,None
Microsoft Active Directory,Anne Gerritsen (500201),Anne Gerritsen,anne.gerritsen68,True,TEAM-ICT03-Techniek (avo.local/Sample/Groups/TEAM-ICT03-Techniek),,,Permission unmanaged,None
Microsoft Active Directory,Anne Gerritsen (500201),Anne Gerritsen,anne.gerritsen68,True,FS-ICT03-Techniek-RO (avo.local/Sample/Groups/FS-ICT03-Techniek-RO),,,Permission unmanaged,None
Microsoft Active Directory,Anne Gerritsen (500201),Anne Gerritsen,anne.gerritsen68,True,FS-ICT03-Techniek-RW (avo.local/Sample/Groups/FS-ICT03-Techniek-RW),,,Permission unmanaged,None
Microsoft Active Directory,Anne Gerritsen (500201),Anne Gerritsen,anne.gerritsen68,True,APP-Office365 (avo.local/Sample/Groups/APP-Office365),,,Permission unmanaged,None
Microsoft Active Directory,Anne Gerritsen (500201),Anne Gerritsen,anne.gerritsen68,True,APP-Selfservice (avo.local/Sample/Groups/APP-Selfservice),,,Permission unmanaged,None
Microsoft Active Directory,Anne Gerritsen (500201),Anne Gerritsen,anne.gerritsen68,True,APP-Teams (avo.local/Sample/Groups/APP-Teams),,,Permission unmanaged,None
Microsoft Active Directory,Anne Gerritsen (500201),Anne Gerritsen,anne.gerritsen68,True,SEC-Antivirus (avo.local/Sample/Groups/SEC-Antivirus),,,Permission unmanaged,None
Microsoft Active Directory,Anne Gerritsen (500201),Anne Gerritsen,anne.gerritsen68,True,SEC-DiskEncryption (avo.local/Sample/Groups/SEC-DiskEncryption),,,Permission unmanaged,None
Microsoft Active Directory,Anne Gerritsen (500201),Anne Gerritsen,anne.gerritsen68,True,SEC-MFA-Enrolled (avo.local/Sample/Groups/SEC-MFA-Enrolled),,,Permission unmanaged,None
Microsoft Active Directory,Anne Gerritsen (500201),Anne Gerritsen,anne.gerritsen68,True,SEC-Endpoint-Protection (avo.local/Sample/Groups/SEC-Endpoint-Protection),,,Permission unmanaged,None
Microsoft Active Directory,Anne Gerritsen (500201),Anne Gerritsen,anne.gerritsen68,True,LIC-M365-E5 (avo.local/Sample/Groups/LIC-M365-E5),,,Permission unmanaged,None
Microsoft Active Directory,Anne Terlouw (500202),Anne Terlouw,anne.terlouw69,True,APP-CA010-Thuiszorg-Portal (avo.local/Sample/Groups/APP-CA010-Thuiszorg-Portal),,,Permission unmanaged,None
Microsoft Active Directory,Anne Terlouw (500202),Anne Terlouw,anne.terlouw69,True,FS-CA010-Thuiszorg-RW (avo.local/Sample/Groups/FS-CA010-Thuiszorg-RW),,,Permission unmanaged,None
Microsoft Active Directory,Anne Terlouw (500202),Anne Terlouw,anne.terlouw69,True,MBX-CA010-Thuiszorg (avo.local/Sample/Groups/MBX-CA010-Thuiszorg),,,Permission unmanaged,None
Microsoft Active Directory,Anne Terlouw (500202),Anne Terlouw,anne.terlouw69,True,APP-Planner (avo.local/Sample/Groups/APP-Planner),,,Permission unmanaged,None
Microsoft Active Directory,Anne Terlouw (500202),Anne Terlouw,anne.terlouw69,True,PRINT-Default (avo.local/Sample/Groups/PRINT-Default),,,Permission unmanaged,None
Microsoft Active Directory,Anne Terlouw (500202),Anne Terlouw,anne.terlouw69,True,VPN-Thuiswerken (avo.local/Sample/Groups/VPN-Thuiswerken),,,Permission unmanaged,None
Microsoft Active Directory,Anne Terlouw (500202),Anne Terlouw,anne.terlouw69,True,SEC-Antivirus (avo.local/Sample/Groups/SEC-Antivirus),,,Permission unmanaged,None
Microsoft Active Directory,Anne Terlouw (500202),Anne Terlouw,anne.terlouw69,True,SEC-DiskEncryption (avo.local/Sample/Groups/SEC-DiskEncryption),,,Permission unmanaged,None
Microsoft Active Directory,Anne Terlouw (500202),Anne Terlouw,anne.terlouw69,True,SEC-MFA-Enrolled (avo.local/Sample/Groups/SEC-MFA-Enrolled),,,Permission unmanaged,None
Microsoft Active Directory,Anne Terlouw (500202),Anne Terlouw,anne.terlouw69,True,SEC-Endpoint-Protection (avo.local/Sample/Groups/SEC-Endpoint-Protection),,,Permission unmanaged,None
Microsoft Active Directory,Anne Terlouw (500202),Anne Terlouw,anne.terlouw69,True,APP-Adobe-AcrobatPro (avo.local/Sample/Groups/APP-Adobe-AcrobatPro),,,Permission unmanaged,None
Microsoft Active Directory,Anne Terlouw (500202),Anne Terlouw,anne.terlouw69,True,LIC-M365-E1 (avo.local/Sample/Groups/LIC-M365-E1),,,Permission unmanaged,None
Microsoft Active Directory,Anne Terlouw (500202),Anne Terlouw,anne.terlouw69,True,LIC-M365-E3 (avo.local/Sample/Groups/LIC-M365-E3),,,Permission unmanaged,None
Microsoft Active Directory,Sem Vroegindeweij (500203),Sem Vroegindeweij,sem.vroegindeweij70,True,ROLE-CZ08-Begeleiding (avo.local/Sample/Groups/ROLE-CZ08-Begeleiding),,,Permission unmanaged,None
Microsoft Active Directory,Sem Vroegindeweij (500203),Sem Vroegindeweij,sem.vroegindeweij70,True,APP-CZ08-Begeleiding-Portal (avo.local/Sample/Groups/APP-CZ08-Begeleiding-Portal),,,Permission unmanaged,None
Microsoft Active Directory,Sem Vroegindeweij (500203),Sem Vroegindeweij,sem.vroegindeweij70,True,TEAM-CZ08-Begeleiding (avo.local/Sample/Groups/TEAM-CZ08-Begeleiding),,,Permission unmanaged,None
Microsoft Active Directory,Sem Vroegindeweij (500203),Sem Vroegindeweij,sem.vroegindeweij70,True,MBX-CZ08-Begeleiding (avo.local/Sample/Groups/MBX-CZ08-Begeleiding),,,Permission unmanaged,None
Microsoft Active Directory,Sem Vroegindeweij (500203),Sem Vroegindeweij,sem.vroegindeweij70,True,FS-CZ08-Begeleiding-RO (avo.local/Sample/Groups/FS-CZ08-Begeleiding-RO),,,Permission unmanaged,None
Microsoft Active Directory,Sem Vroegindeweij (500203),Sem Vroegindeweij,sem.vroegindeweij70,True,APP-Teams (avo.local/Sample/Groups/APP-Teams),,,Permission unmanaged,None
Microsoft Active Directory,Sem Vroegindeweij (500203),Sem Vroegindeweij,sem.vroegindeweij70,True,APP-Planner (avo.local/Sample/Groups/APP-Planner),,,Permission unmanaged,None
Microsoft Active Directory,Sem Vroegindeweij (500203),Sem Vroegindeweij,sem.vroegindeweij70,True,SEC-Antivirus (avo.local/Sample/Groups/SEC-Antivirus),,,Permission unmanaged,None
Microsoft Active Directory,Sem Vroegindeweij (500203),Sem Vroegindeweij,sem.vroegindeweij70,True,SEC-DiskEncryption (avo.local/Sample/Groups/SEC-DiskEncryption),,,Permission unmanaged,None
Microsoft Active Directory,Sem Vroegindeweij (500203),Sem Vroegindeweij,sem.vroegindeweij70,True,SEC-Endpoint-Protection (avo.local/Sample/Groups/SEC-Endpoint-Protection),,,Permission unmanaged,None
Microsoft Active Directory,Sem Vroegindeweij (500203),Sem Vroegindeweij,sem.vroegindeweij70,True,LIC-M365-E5 (avo.local/Sample/Groups/LIC-M365-E5),,,Permission unmanaged,None
Microsoft Active Directory,Wout Hoekstra (500204),Wout Hoekstra,wout.hoekstra71,True,TEAM-ICT03-Techniek (avo.local/Sample/Groups/TEAM-ICT03-Techniek),,,Permission unmanaged,None
Microsoft Active Directory,Wout Hoekstra (500204),Wout Hoekstra,wout.hoekstra71,True,MBX-ICT03-Techniek (avo.local/Sample/Groups/MBX-ICT03-Techniek),,,Permission unmanaged,None
Microsoft Active Directory,Wout Hoekstra (500204),Wout Hoekstra,wout.hoekstra71,True,FS-ICT03-Techniek-RW (avo.local/Sample/Groups/FS-ICT03-Techniek-RW),,,Permission unmanaged,None
Microsoft Active Directory,Wout Hoekstra (500204),Wout Hoekstra,wout.hoekstra71,True,APP-Office365 (avo.local/Sample/Groups/APP-Office365),,,Permission unmanaged,None
Microsoft Active Directory,Wout Hoekstra (500204),Wout Hoekstra,wout.hoekstra71,True,SEC-Antivirus (avo.local/Sample/Groups/SEC-Antivirus),,,Permission unmanaged,None
Microsoft Active Directory,Wout Hoekstra (500204),Wout Hoekstra,wout.hoekstra71,True,SEC-DiskEncryption (avo.local/Sample/Groups/SEC-DiskEncryption),,,Permission unmanaged,None
Microsoft Active Directory,Wout Hoekstra (500204),Wout Hoekstra,wout.hoekstra71,True,SEC-MFA-Enrolled (avo.local/Sample/Groups/SEC-MFA-Enrolled),,,Permission unmanaged,None
Microsoft Active Directory,Wout Hoekstra (500204),Wout Hoekstra,wout.hoekstra71,True,SEC-Endpoint-Protection (avo.local/Sample/Groups/SEC-Endpoint-Protection),,,Permission unmanaged,None
Microsoft Active Directory,Wout Hoekstra (500204),Wout Hoekstra,wout.hoekstra71,True,LIC-M365-F3 (avo.local/Sample/Groups/LIC-M365-F3),,,Permission unmanaged,None
Microsoft Active Directory,Gijs Roozendaal (500205),Gijs Roozendaal,gijs.roozendaal72,True,MBX-COM05-Communicatie (avo.local/Sample/Groups/MBX-COM05-Communicatie),,,Permission unmanaged,None
Microsoft Active Directory,Gijs Roozendaal (500205),Gijs Roozendaal,gijs.roozendaal72,True,ROLE-COM05-Communicatie (avo.local/Sample/Groups/ROLE-COM05-Communicatie),,,Permission unmanaged,None
Microsoft Active Directory,Gijs Roozendaal (500205),Gijs Roozendaal,gijs.roozendaal72,True,TEAM-COM05-Communicatie (avo.local/Sample/Groups/TEAM-COM05-Communicatie),,,Permission unmanaged,None
Microsoft Active Directory,Gijs Roozendaal (500205),Gijs Roozendaal,gijs.roozendaal72,True,FS-COM05-Communicatie-RO (avo.local/Sample/Groups/FS-COM05-Communicatie-RO),,,Permission unmanaged,None
Microsoft Active Directory,Gijs Roozendaal (500205),Gijs Roozendaal,gijs.roozendaal72,True,APP-COM05-Communicatie-Portal (avo.local/Sample/Groups/APP-COM05-Communicatie-Portal),,,Permission unmanaged,None
Microsoft Active Directory,Gijs Roozendaal (500205),Gijs Roozendaal,gijs.roozendaal72,True,FS-COM05-Communicatie-RW (avo.local/Sample/Groups/FS-COM05-Communicatie-RW),,,Permission unmanaged,None
Microsoft Active Directory,Gijs Roozendaal (500205),Gijs Roozendaal,gijs.roozendaal72,True,APP-Teams (avo.local/Sample/Groups/APP-Teams),,,Permission unmanaged,None
Microsoft Active Directory,Gijs Roozendaal (500205),Gijs Roozendaal,gijs.roozendaal72,True,APP-Selfservice (avo.local/Sample/Groups/APP-Selfservice),,,Permission unmanaged,None
Microsoft Active Directory,Gijs Roozendaal (500205),Gijs Roozendaal,gijs.roozendaal72,True,APP-Office365 (avo.local/Sample/Groups/APP-Office365),,,Permission unmanaged,None
Microsoft Active Directory,Gijs Roozendaal (500205),Gijs Roozendaal,gijs.roozendaal72,True,SEC-Antivirus (avo.local/Sample/Groups/SEC-Antivirus),,,Permission unmanaged,None
Microsoft Active Directory,Gijs Roozendaal (500205),Gijs Roozendaal,gijs.roozendaal72,True,SEC-DiskEncryption (avo.local/Sample/Groups/SEC-DiskEncryption),,,Permission unmanaged,None
Microsoft Active Directory,Gijs Roozendaal (500205),Gijs Roozendaal,gijs.roozendaal72,True,SEC-MFA-Enrolled (avo.local/Sample/Groups/SEC-MFA-Enrolled),,,Permission unmanaged,None
Microsoft Active Directory,Gijs Roozendaal (500205),Gijs Roozendaal,gijs.roozendaal72,True,SEC-Endpoint-Protection (avo.local/Sample/Groups/SEC-Endpoint-Protection),,,Permission unmanaged,None
Microsoft Active Directory,Gijs Roozendaal (500205),Gijs Roozendaal,gijs.roozendaal72,True,APP-Copilot (avo.local/Sample/Groups/APP-Copilot),,,Permission unmanaged,None
Microsoft Active Directory,Gijs Roozendaal (500205),Gijs Roozendaal,gijs.roozendaal72,True,LIC-M365-E5 (avo.local/Sample/Groups/LIC-M365-E5),,,Permission unmanaged,None
Microsoft Active Directory,Bram Muijs (500206),Bram Muijs,bram.muijs73,True,FS-CA010-Thuiszorg-RO (avo.local/Sample/Groups/FS-CA010-Thuiszorg-RO),,,Permission unmanaged,None
Microsoft Active Directory,Bram Muijs (500206),Bram Muijs,bram.muijs73,True,ROLE-CA010-Thuiszorg (avo.local/Sample/Groups/ROLE-CA010-Thuiszorg),,,Permission unmanaged,None
Microsoft Active Directory,Bram Muijs (500206),Bram Muijs,bram.muijs73,True,MBX-CA010-Thuiszorg (avo.local/Sample/Groups/MBX-CA010-Thuiszorg),,,Permission unmanaged,None
Microsoft Active Directory,Bram Muijs (500206),Bram Muijs,bram.muijs73,True,TEAM-CA010-Thuiszorg (avo.local/Sample/Groups/TEAM-CA010-Thuiszorg),,,Permission unmanaged,None
Microsoft Active Directory,Bram Muijs (500206),Bram Muijs,bram.muijs73,True,APP-Selfservice (avo.local/Sample/Groups/APP-Selfservice),,,Permission unmanaged,None
Microsoft Active Directory,Bram Muijs (500206),Bram Muijs,bram.muijs73,True,APP-Teams (avo.local/Sample/Groups/APP-Teams),,,Permission unmanaged,None
Microsoft Active Directory,Bram Muijs (500206),Bram Muijs,bram.muijs73,True,APP-Planner (avo.local/Sample/Groups/APP-Planner),,,Permission unmanaged,None
Microsoft Active Directory,Bram Muijs (500206),Bram Muijs,bram.muijs73,True,WIFI-Personeel (avo.local/Sample/Groups/WIFI-Personeel),,,Permission unmanaged,None
Microsoft Active Directory,Bram Muijs (500206),Bram Muijs,bram.muijs73,True,VPN-Thuiswerken (avo.local/Sample/Groups/VPN-Thuiswerken),,,Permission unmanaged,None
Microsoft Active Directory,Bram Muijs (500206),Bram Muijs,bram.muijs73,True,SEC-Antivirus (avo.local/Sample/Groups/SEC-Antivirus),,,Permission unmanaged,None
Microsoft Active Directory,Bram Muijs (500206),Bram Muijs,bram.muijs73,True,SEC-DiskEncryption (avo.local/Sample/Groups/SEC-DiskEncryption),,,Permission unmanaged,None
Microsoft Active Directory,Bram Muijs (500206),Bram Muijs,bram.muijs73,True,SEC-MFA-Enrolled (avo.local/Sample/Groups/SEC-MFA-Enrolled),,,Permission unmanaged,None
Microsoft Active Directory,Bram Muijs (500206),Bram Muijs,bram.muijs73,True,SEC-Endpoint-Protection (avo.local/Sample/Groups/SEC-Endpoint-Protection),,,Permission unmanaged,None
Microsoft Active Directory,Bram Muijs (500206),Bram Muijs,bram.muijs73,True,APP-Copilot (avo.local/Sample/Groups/APP-Copilot),,,Permission unmanaged,None
Microsoft Active Directory,Bram Muijs (500206),Bram Muijs,bram.muijs73,True,APP-Adobe-AcrobatPro (avo.local/Sample/Groups/APP-Adobe-AcrobatPro),,,Permission unmanaged,None
Microsoft Active Directory,Bram Muijs (500206),Bram Muijs,bram.muijs73,True,LIC-M365-E1 (avo.local/Sample/Groups/LIC-M365-E1),,,Permission unmanaged,None
Microsoft Active Directory,Wout Quaedvlieg (500207),Wout Quaedvlieg,wout.quaedvlieg74,True,FS-CA010-Thuiszorg-RW (avo.local/Sample/Groups/FS-CA010-Thuiszorg-RW),,,Permission unmanaged,None
Microsoft Active Directory,Wout Quaedvlieg (500207),Wout Quaedvlieg,wout.quaedvlieg74,True,FS-CA010-Thuiszorg-RO (avo.local/Sample/Groups/FS-CA010-Thuiszorg-RO),,,Permission unmanaged,None
Microsoft Active Directory,Wout Quaedvlieg (500207),Wout Quaedvlieg,wout.quaedvlieg74,True,ROLE-CA010-Thuiszorg (avo.local/Sample/Groups/ROLE-CA010-Thuiszorg),,,Permission unmanaged,None
Microsoft Active Directory,Wout Quaedvlieg (500207),Wout Quaedvlieg,wout.quaedvlieg74,True,APP-CA010-Thuiszorg-Portal (avo.local/Sample/Groups/APP-CA010-Thuiszorg-Portal),,,Permission unmanaged,None
Microsoft Active Directory,Wout Quaedvlieg (500207),Wout Quaedvlieg,wout.quaedvlieg74,True,TEAM-CA010-Thuiszorg (avo.local/Sample/Groups/TEAM-CA010-Thuiszorg),,,Permission unmanaged,None
Microsoft Active Directory,Wout Quaedvlieg (500207),Wout Quaedvlieg,wout.quaedvlieg74,True,APP-Office365 (avo.local/Sample/Groups/APP-Office365),,,Permission unmanaged,None
Microsoft Active Directory,Wout Quaedvlieg (500207),Wout Quaedvlieg,wout.quaedvlieg74,True,APP-Planner (avo.local/Sample/Groups/APP-Planner),,,Permission unmanaged,None
Microsoft Active Directory,Wout Quaedvlieg (500207),Wout Quaedvlieg,wout.quaedvlieg74,True,VPN-Thuiswerken (avo.local/Sample/Groups/VPN-Thuiswerken),,,Permission unmanaged,None
Microsoft Active Directory,Wout Quaedvlieg (500207),Wout Quaedvlieg,wout.quaedvlieg74,True,PRINT-Default (avo.local/Sample/Groups/PRINT-Default),,,Permission unmanaged,None
Microsoft Active Directory,Wout Quaedvlieg (500207),Wout Quaedvlieg,wout.quaedvlieg74,True,SEC-Antivirus (avo.local/Sample/Groups/SEC-Antivirus),,,Permission unmanaged,None
Microsoft Active Directory,Wout Quaedvlieg (500207),Wout Quaedvlieg,wout.quaedvlieg74,True,SEC-DiskEncryption (avo.local/Sample/Groups/SEC-DiskEncryption),,,Permission unmanaged,None
Microsoft Active Directory,Wout Quaedvlieg (500207),Wout Quaedvlieg,wout.quaedvlieg74,True,SEC-MFA-Enrolled (avo.local/Sample/Groups/SEC-MFA-Enrolled),,,Permission unmanaged,None
Microsoft Active Directory,Wout Quaedvlieg (500207),Wout Quaedvlieg,wout.quaedvlieg74,True,SEC-Endpoint-Protection (avo.local/Sample/Groups/SEC-Endpoint-Protection),,,Permission unmanaged,None
Microsoft Active Directory,Wout Quaedvlieg (500207),Wout Quaedvlieg,wout.quaedvlieg74,True,LIC-M365-E1 (avo.local/Sample/Groups/LIC-M365-E1),,,Permission unmanaged,None
Microsoft Active Directory,Olivier Pronk (500208),Olivier Pronk,olivier.pronk75,False,MBX-HRM02-Personeel (avo.local/Sample/Groups/MBX-HRM02-Personeel),,,Permission unmanaged,None
Microsoft Active Directory,Olivier Pronk (500208),Olivier Pronk,olivier.pronk75,False,TEAM-HRM02-Personeel (avo.local/Sample/Groups/TEAM-HRM02-Personeel),,,Permission unmanaged,None
Microsoft Active Directory,Olivier Pronk (500208),Olivier Pronk,olivier.pronk75,False,APP-Planner (avo.local/Sample/Groups/APP-Planner),,,Permission unmanaged,None
Microsoft Active Directory,Olivier Pronk (500208),Olivier Pronk,olivier.pronk75,False,PRINT-Default (avo.local/Sample/Groups/PRINT-Default),,,Permission unmanaged,None
Microsoft Active Directory,Olivier Pronk (500208),Olivier Pronk,olivier.pronk75,False,SEC-Antivirus (avo.local/Sample/Groups/SEC-Antivirus),,,Permission unmanaged,None
Microsoft Active Directory,Olivier Pronk (500208),Olivier Pronk,olivier.pronk75,False,SEC-DiskEncryption (avo.local/Sample/Groups/SEC-DiskEncryption),,,Permission unmanaged,None
Microsoft Active Directory,Olivier Pronk (500208),Olivier Pronk,olivier.pronk75,False,SEC-MFA-Enrolled (avo.local/Sample/Groups/SEC-MFA-Enrolled),,,Permission unmanaged,None
Microsoft Active Directory,Olivier Pronk (500208),Olivier Pronk,olivier.pronk75,False,SEC-Endpoint-Protection (avo.local/Sample/Groups/SEC-Endpoint-Protection),,,Permission unmanaged,None
Microsoft Active Directory,Olivier Pronk (500208),Olivier Pronk,olivier.pronk75,False,APP-Project (avo.local/Sample/Groups/APP-Project),,,Permission unmanaged,None
Microsoft Active Directory,Olivier Pronk (500208),Olivier Pronk,olivier.pronk75,False,LIC-M365-F3 (avo.local/Sample/Groups/LIC-M365-F3),,,Permission unmanaged,None
Microsoft Active Directory,,Eva Gerritsen (admin),adm-eva.gerritsen76,True,,,,Account unmanaged,None
Microsoft Active Directory,,Eva Gerritsen (admin),adm-eva.gerritsen76,True,ADMIN-AD-Beheer (avo.local/Sample/Groups/ADMIN-AD-Beheer),,,Permission unmanaged,None
Microsoft Active Directory,,Eva Gerritsen (admin),adm-eva.gerritsen76,True,SRV-Applicatieserver (avo.local/Sample/Groups/SRV-Applicatieserver),,,Permission unmanaged,None
Microsoft Active Directory,,Eva Gerritsen (admin),adm-eva.gerritsen76,True,DB-SQL-Service (avo.local/Sample/Groups/DB-SQL-Service),,,Permission unmanaged,None
Microsoft Active Directory,,Eva Gerritsen (admin),adm-eva.gerritsen76,True,LIC-M365-E3 (avo.local/Sample/Groups/LIC-M365-E3),,,Permission unmanaged,None
Microsoft Active Directory,Jasper Quaedvlieg (500210),Jasper Quaedvlieg,jasper.quaedvlieg77,True,FS-FAC04-Facilitair-RO (avo.local/Sample/Groups/FS-FAC04-Facilitair-RO),,,Permission unmanaged,None
Microsoft Active Directory,Jasper Quaedvlieg (500210),Jasper Quaedvlieg,jasper.quaedvlieg77,True,MBX-FAC04-Facilitair (avo.local/Sample/Groups/MBX-FAC04-Facilitair),,,Permission unmanaged,None
Microsoft Active Directory,Jasper Quaedvlieg (500210),Jasper Quaedvlieg,jasper.quaedvlieg77,True,ROLE-FAC04-Facilitair (avo.local/Sample/Groups/ROLE-FAC04-Facilitair),,,Permission unmanaged,None
Microsoft Active Directory,Jasper Quaedvlieg (500210),Jasper Quaedvlieg,jasper.quaedvlieg77,True,FS-FAC04-Facilitair-RW (avo.local/Sample/Groups/FS-FAC04-Facilitair-RW),,,Permission unmanaged,None
Microsoft Active Directory,Jasper Quaedvlieg (500210),Jasper Quaedvlieg,jasper.quaedvlieg77,True,APP-FAC04-Facilitair-Portal (avo.local/Sample/Groups/APP-FAC04-Facilitair-Portal),,,Permission unmanaged,None
Microsoft Active Directory,Jasper Quaedvlieg (500210),Jasper Quaedvlieg,jasper.quaedvlieg77,True,TEAM-FAC04-Facilitair (avo.local/Sample/Groups/TEAM-FAC04-Facilitair),,,Permission unmanaged,None
Microsoft Active Directory,Jasper Quaedvlieg (500210),Jasper Quaedvlieg,jasper.quaedvlieg77,True,APP-Planner (avo.local/Sample/Groups/APP-Planner),,,Permission unmanaged,None
Microsoft Active Directory,Jasper Quaedvlieg (500210),Jasper Quaedvlieg,jasper.quaedvlieg77,True,APP-Teams (avo.local/Sample/Groups/APP-Teams),,,Permission unmanaged,None
Microsoft Active Directory,Jasper Quaedvlieg (500210),Jasper Quaedvlieg,jasper.quaedvlieg77,True,APP-Office365 (avo.local/Sample/Groups/APP-Office365),,,Permission unmanaged,None
Microsoft Active Directory,Jasper Quaedvlieg (500210),Jasper Quaedvlieg,jasper.quaedvlieg77,True,WIFI-Personeel (avo.local/Sample/Groups/WIFI-Personeel),,,Permission unmanaged,None
Microsoft Active Directory,Jasper Quaedvlieg (500210),Jasper Quaedvlieg,jasper.quaedvlieg77,True,PRINT-Default (avo.local/Sample/Groups/PRINT-Default),,,Permission unmanaged,None
Microsoft Active Directory,Jasper Quaedvlieg (500210),Jasper Quaedvlieg,jasper.quaedvlieg77,True,SEC-Antivirus (avo.local/Sample/Groups/SEC-Antivirus),,,Permission unmanaged,None
Microsoft Active Directory,Jasper Quaedvlieg (500210),Jasper Quaedvlieg,jasper.quaedvlieg77,True,SEC-DiskEncryption (avo.local/Sample/Groups/SEC-DiskEncryption),,,Permission unmanaged,None
Microsoft Active Directory,Jasper Quaedvlieg (500210),Jasper Quaedvlieg,jasper.quaedvlieg77,True,SEC-MFA-Enrolled (avo.local/Sample/Groups/SEC-MFA-Enrolled),,,Permission unmanaged,None
Microsoft Active Directory,Jasper Quaedvlieg (500210),Jasper Quaedvlieg,jasper.quaedvlieg77,True,SEC-Endpoint-Protection (avo.local/Sample/Groups/SEC-Endpoint-Protection),,,Permission unmanaged,None
Microsoft Active Directory,Jasper Quaedvlieg (500210),Jasper Quaedvlieg,jasper.quaedvlieg77,True,APP-Visio (avo.local/Sample/Groups/APP-Visio),,,Permission unmanaged,None
Microsoft Active Directory,Jasper Quaedvlieg (500210),Jasper Quaedvlieg,jasper.quaedvlieg77,True,LIC-M365-F3 (avo.local/Sample/Groups/LIC-M365-F3),,,Permission unmanaged,None
Microsoft Active Directory,Yara Roozendaal (500211),Yara Roozendaal,yara.roozendaal78,True,FS-CB12-Dagbesteding-RW (avo.local/Sample/Groups/FS-CB12-Dagbesteding-RW),,,Permission unmanaged,None
Microsoft Active Directory,Yara Roozendaal (500211),Yara Roozendaal,yara.roozendaal78,True,MBX-CB12-Dagbesteding (avo.local/Sample/Groups/MBX-CB12-Dagbesteding),,,Permission unmanaged,None
Microsoft Active Directory,Yara Roozendaal (500211),Yara Roozendaal,yara.roozendaal78,True,TEAM-CB12-Dagbesteding (avo.local/Sample/Groups/TEAM-CB12-Dagbesteding),,,Permission unmanaged,None
Microsoft Active Directory,Yara Roozendaal (500211),Yara Roozendaal,yara.roozendaal78,True,FS-CB12-Dagbesteding-RO (avo.local/Sample/Groups/FS-CB12-Dagbesteding-RO),,,Permission unmanaged,None
Microsoft Active Directory,Yara Roozendaal (500211),Yara Roozendaal,yara.roozendaal78,True,APP-Planner (avo.local/Sample/Groups/APP-Planner),,,Permission unmanaged,None
Microsoft Active Directory,Yara Roozendaal (500211),Yara Roozendaal,yara.roozendaal78,True,APP-Intranet (avo.local/Sample/Groups/APP-Intranet),,,Permission unmanaged,None
Microsoft Active Directory,Yara Roozendaal (500211),Yara Roozendaal,yara.roozendaal78,True,APP-Office365 (avo.local/Sample/Groups/APP-Office365),,,Permission unmanaged,None
Microsoft Active Directory,Yara Roozendaal (500211),Yara Roozendaal,yara.roozendaal78,True,WIFI-Personeel (avo.local/Sample/Groups/WIFI-Personeel),,,Permission unmanaged,None
Microsoft Active Directory,Yara Roozendaal (500211),Yara Roozendaal,yara.roozendaal78,True,PRINT-Default (avo.local/Sample/Groups/PRINT-Default),,,Permission unmanaged,None
Microsoft Active Directory,Yara Roozendaal (500211),Yara Roozendaal,yara.roozendaal78,True,SEC-Antivirus (avo.local/Sample/Groups/SEC-Antivirus),,,Permission unmanaged,None
Microsoft Active Directory,Yara Roozendaal (500211),Yara Roozendaal,yara.roozendaal78,True,SEC-DiskEncryption (avo.local/Sample/Groups/SEC-DiskEncryption),,,Permission unmanaged,None
Microsoft Active Directory,Yara Roozendaal (500211),Yara Roozendaal,yara.roozendaal78,True,SEC-MFA-Enrolled (avo.local/Sample/Groups/SEC-MFA-Enrolled),,,Permission unmanaged,None
Microsoft Active Directory,Yara Roozendaal (500211),Yara Roozendaal,yara.roozendaal78,True,SEC-Endpoint-Protection (avo.local/Sample/Groups/SEC-Endpoint-Protection),,,Permission unmanaged,None
Microsoft Active Directory,Yara Roozendaal (500211),Yara Roozendaal,yara.roozendaal78,True,APP-Copilot (avo.local/Sample/Groups/APP-Copilot),,,Permission unmanaged,None
Microsoft Active Directory,Yara Roozendaal (500211),Yara Roozendaal,yara.roozendaal78,True,APP-Adobe-AcrobatPro (avo.local/Sample/Groups/APP-Adobe-AcrobatPro),,,Permission unmanaged,None
Microsoft Active Directory,Yara Roozendaal (500211),Yara Roozendaal,yara.roozendaal78,True,LIC-M365-F3 (avo.local/Sample/Groups/LIC-M365-F3),,,Permission unmanaged,None
Microsoft Active Directory,,Quinten Kalisvaart,quinten.kalisvaart79,True,,,,Account unmanaged,None
Microsoft Active Directory,,Quinten Kalisvaart,quinten.kalisvaart79,True,APP-ZRG06-Wijkzorg-Portal (avo.local/Sample/Groups/APP-ZRG06-Wijkzorg-Portal),,,Permission unmanaged,None
Microsoft Active Directory,,Quinten Kalisvaart,quinten.kalisvaart79,True,ROLE-ZRG06-Wijkzorg (avo.local/Sample/Groups/ROLE-ZRG06-Wijkzorg),,,Permission unmanaged,None
Microsoft Active Directory,,Quinten Kalisvaart,quinten.kalisvaart79,True,APP-Planner (avo.local/Sample/Groups/APP-Planner),,,Permission unmanaged,None
Microsoft Active Directory,,Quinten Kalisvaart,quinten.kalisvaart79,True,APP-Selfservice (avo.local/Sample/Groups/APP-Selfservice),,,Permission unmanaged,None
Microsoft Active Directory,,Quinten Kalisvaart,quinten.kalisvaart79,True,PRINT-Default (avo.local/Sample/Groups/PRINT-Default),,,Permission unmanaged,None
Microsoft Active Directory,,Quinten Kalisvaart,quinten.kalisvaart79,True,SEC-Antivirus (avo.local/Sample/Groups/SEC-Antivirus),,,Permission unmanaged,None
Microsoft Active Directory,,Quinten Kalisvaart,quinten.kalisvaart79,True,SEC-DiskEncryption (avo.local/Sample/Groups/SEC-DiskEncryption),,,Permission unmanaged,None
Microsoft Active Directory,,Quinten Kalisvaart,quinten.kalisvaart79,True,SEC-MFA-Enrolled (avo.local/Sample/Groups/SEC-MFA-Enrolled),,,Permission unmanaged,None
Microsoft Active Directory,,Quinten Kalisvaart,quinten.kalisvaart79,True,SEC-Endpoint-Protection (avo.local/Sample/Groups/SEC-Endpoint-Protection),,,Permission unmanaged,None
Microsoft Active Directory,,Quinten Kalisvaart,quinten.kalisvaart79,True,APP-PowerBI-Pro (avo.local/Sample/Groups/APP-PowerBI-Pro),,,Permission unmanaged,None
Microsoft Active Directory,,Quinten Kalisvaart,quinten.kalisvaart79,True,APP-Visio (avo.local/Sample/Groups/APP-Visio),,,Permission unmanaged,None
Microsoft Active Directory,,Quinten Kalisvaart,quinten.kalisvaart79,True,LIC-M365-E5 (avo.local/Sample/Groups/LIC-M365-E5),,,Permission unmanaged,None
Microsoft Active Directory,Iris Kalisvaart (500213),Iris Kalisvaart,iris.kalisvaart80,True,FS-HRM02-Personeel-RW (avo.local/Sample/Groups/FS-HRM02-Personeel-RW),,,Permission unmanaged,None
Microsoft Active Directory,Iris Kalisvaart (500213),Iris Kalisvaart,iris.kalisvaart80,True,FS-HRM02-Personeel-RO (avo.local/Sample/Groups/FS-HRM02-Personeel-RO),,,Permission unmanaged,None
Microsoft Active Directory,Iris Kalisvaart (500213),Iris Kalisvaart,iris.kalisvaart80,True,APP-Planner (avo.local/Sample/Groups/APP-Planner),,,Permission unmanaged,None
Microsoft Active Directory,Iris Kalisvaart (500213),Iris Kalisvaart,iris.kalisvaart80,True,APP-Office365 (avo.local/Sample/Groups/APP-Office365),,,Permission unmanaged,None
Microsoft Active Directory,Iris Kalisvaart (500213),Iris Kalisvaart,iris.kalisvaart80,True,SEC-Antivirus (avo.local/Sample/Groups/SEC-Antivirus),,,Permission unmanaged,None
Microsoft Active Directory,Iris Kalisvaart (500213),Iris Kalisvaart,iris.kalisvaart80,True,SEC-DiskEncryption (avo.local/Sample/Groups/SEC-DiskEncryption),,,Permission unmanaged,None
Microsoft Active Directory,Iris Kalisvaart (500213),Iris Kalisvaart,iris.kalisvaart80,True,SEC-MFA-Enrolled (avo.local/Sample/Groups/SEC-MFA-Enrolled),,,Permission unmanaged,None
Microsoft Active Directory,Iris Kalisvaart (500213),Iris Kalisvaart,iris.kalisvaart80,True,SEC-Endpoint-Protection (avo.local/Sample/Groups/SEC-Endpoint-Protection),,,Permission unmanaged,None
Microsoft Active Directory,Iris Kalisvaart (500213),Iris Kalisvaart,iris.kalisvaart80,True,APP-PowerBI-Pro (avo.local/Sample/Groups/APP-PowerBI-Pro),,,Permission unmanaged,None
Microsoft Active Directory,Iris Kalisvaart (500213),Iris Kalisvaart,iris.kalisvaart80,True,APP-Project (avo.local/Sample/Groups/APP-Project),,,Permission unmanaged,None
Microsoft Active Directory,Iris Kalisvaart (500213),Iris Kalisvaart,iris.kalisvaart80,True,LIC-M365-F3 (avo.local/Sample/Groups/LIC-M365-F3),,,Permission unmanaged,None
Microsoft Active Directory,Finn Terlouw (500214),Finn Terlouw,finn.terlouw81,True,APP-COM05-Communicatie-Portal (avo.local/Sample/Groups/APP-COM05-Communicatie-Portal),,,Permission unmanaged,None
Microsoft Active Directory,Finn Terlouw (500214),Finn Terlouw,finn.terlouw81,True,FS-COM05-Communicatie-RW (avo.local/Sample/Groups/FS-COM05-Communicatie-RW),,,Permission unmanaged,None
Microsoft Active Directory,Finn Terlouw (500214),Finn Terlouw,finn.terlouw81,True,ROLE-COM05-Communicatie (avo.local/Sample/Groups/ROLE-COM05-Communicatie),,,Permission unmanaged,None
Microsoft Active Directory,Finn Terlouw (500214),Finn Terlouw,finn.terlouw81,True,MBX-COM05-Communicatie (avo.local/Sample/Groups/MBX-COM05-Communicatie),,,Permission unmanaged,None
Microsoft Active Directory,Finn Terlouw (500214),Finn Terlouw,finn.terlouw81,True,FS-COM05-Communicatie-RO (avo.local/Sample/Groups/FS-COM05-Communicatie-RO),,,Permission unmanaged,None
Microsoft Active Directory,Finn Terlouw (500214),Finn Terlouw,finn.terlouw81,True,APP-Selfservice (avo.local/Sample/Groups/APP-Selfservice),,,Permission unmanaged,None
Microsoft Active Directory,Finn Terlouw (500214),Finn Terlouw,finn.terlouw81,True,WIFI-Personeel (avo.local/Sample/Groups/WIFI-Personeel),,,Permission unmanaged,None
Microsoft Active Directory,Finn Terlouw (500214),Finn Terlouw,finn.terlouw81,True,SEC-Antivirus (avo.local/Sample/Groups/SEC-Antivirus),,,Permission unmanaged,None
Microsoft Active Directory,Finn Terlouw (500214),Finn Terlouw,finn.terlouw81,True,SEC-DiskEncryption (avo.local/Sample/Groups/SEC-DiskEncryption),,,Permission unmanaged,None
Microsoft Active Directory,Finn Terlouw (500214),Finn Terlouw,finn.terlouw81,True,SEC-MFA-Enrolled (avo.local/Sample/Groups/SEC-MFA-Enrolled),,,Permission unmanaged,None
Microsoft Active Directory,Finn Terlouw (500214),Finn Terlouw,finn.terlouw81,True,SEC-Endpoint-Protection (avo.local/Sample/Groups/SEC-Endpoint-Protection),,,Permission unmanaged,None
Microsoft Active Directory,Finn Terlouw (500214),Finn Terlouw,finn.terlouw81,True,APP-Adobe-AcrobatPro (avo.local/Sample/Groups/APP-Adobe-AcrobatPro),,,Permission unmanaged,None
Microsoft Active Directory,Finn Terlouw (500214),Finn Terlouw,finn.terlouw81,True,LIC-M365-E1 (avo.local/Sample/Groups/LIC-M365-E1),,,Permission unmanaged,None
Microsoft Active Directory,Iris Slootweg (500215),Iris Slootweg,iris.slootweg82,True,TEAM-CA010-Thuiszorg (avo.local/Sample/Groups/TEAM-CA010-Thuiszorg),,,Permission unmanaged,None
Microsoft Active Directory,Iris Slootweg (500215),Iris Slootweg,iris.slootweg82,True,FS-CA010-Thuiszorg-RO (avo.local/Sample/Groups/FS-CA010-Thuiszorg-RO),,,Permission unmanaged,None
Microsoft Active Directory,Iris Slootweg (500215),Iris Slootweg,iris.slootweg82,True,ROLE-CA010-Thuiszorg (avo.local/Sample/Groups/ROLE-CA010-Thuiszorg),,,Permission unmanaged,None
Microsoft Active Directory,Iris Slootweg (500215),Iris Slootweg,iris.slootweg82,True,APP-Teams (avo.local/Sample/Groups/APP-Teams),,,Permission unmanaged,None
Microsoft Active Directory,Iris Slootweg (500215),Iris Slootweg,iris.slootweg82,True,APP-Selfservice (avo.local/Sample/Groups/APP-Selfservice),,,Permission unmanaged,None
Microsoft Active Directory,Iris Slootweg (500215),Iris Slootweg,iris.slootweg82,True,APP-Planner (avo.local/Sample/Groups/APP-Planner),,,Permission unmanaged,None
Microsoft Active Directory,Iris Slootweg (500215),Iris Slootweg,iris.slootweg82,True,PRINT-Default (avo.local/Sample/Groups/PRINT-Default),,,Permission unmanaged,None
Microsoft Active Directory,Iris Slootweg (500215),Iris Slootweg,iris.slootweg82,True,VPN-Thuiswerken (avo.local/Sample/Groups/VPN-Thuiswerken),,,Permission unmanaged,None
Microsoft Active Directory,Iris Slootweg (500215),Iris Slootweg,iris.slootweg82,True,SEC-Antivirus (avo.local/Sample/Groups/SEC-Antivirus),,,Permission unmanaged,None
Microsoft Active Directory,Iris Slootweg (500215),Iris Slootweg,iris.slootweg82,True,SEC-DiskEncryption (avo.local/Sample/Groups/SEC-DiskEncryption),,,Permission unmanaged,None
Microsoft Active Directory,Iris Slootweg (500215),Iris Slootweg,iris.slootweg82,True,SEC-MFA-Enrolled (avo.local/Sample/Groups/SEC-MFA-Enrolled),,,Permission unmanaged,None
Microsoft Active Directory,Iris Slootweg (500215),Iris Slootweg,iris.slootweg82,True,SEC-Endpoint-Protection (avo.local/Sample/Groups/SEC-Endpoint-Protection),,,Permission unmanaged,None
Microsoft Active Directory,Iris Slootweg (500215),Iris Slootweg,iris.slootweg82,True,APP-Adobe-AcrobatPro (avo.local/Sample/Groups/APP-Adobe-AcrobatPro),,,Permission unmanaged,None
Microsoft Active Directory,Iris Slootweg (500215),Iris Slootweg,iris.slootweg82,True,APP-Copilot (avo.local/Sample/Groups/APP-Copilot),,,Permission unmanaged,None
Microsoft Active Directory,Iris Slootweg (500215),Iris Slootweg,iris.slootweg82,True,LIC-M365-E3 (avo.local/Sample/Groups/LIC-M365-E3),,,Permission unmanaged,None
Microsoft Active Directory,Iris Slootweg (500215),Iris Slootweg,iris.slootweg82,True,LIC-M365-F3 (avo.local/Sample/Groups/LIC-M365-F3),,,Permission unmanaged,None
Microsoft Active Directory,Sem Uijlenbroek (500216),Sem Uijlenbroek,sem.uijlenbroek83,True,ROLE-ZRG06-Wijkzorg (avo.local/Sample/Groups/ROLE-ZRG06-Wijkzorg),,,Permission unmanaged,None
Microsoft Active Directory,Sem Uijlenbroek (500216),Sem Uijlenbroek,sem.uijlenbroek83,True,FS-ZRG06-Wijkzorg-RO (avo.local/Sample/Groups/FS-ZRG06-Wijkzorg-RO),,,Permission unmanaged,None
Microsoft Active Directory,Sem Uijlenbroek (500216),Sem Uijlenbroek,sem.uijlenbroek83,True,TEAM-ZRG06-Wijkzorg (avo.local/Sample/Groups/TEAM-ZRG06-Wijkzorg),,,Permission unmanaged,None
Microsoft Active Directory,Sem Uijlenbroek (500216),Sem Uijlenbroek,sem.uijlenbroek83,True,FS-ZRG06-Wijkzorg-RW (avo.local/Sample/Groups/FS-ZRG06-Wijkzorg-RW),,,Permission unmanaged,None
Microsoft Active Directory,Sem Uijlenbroek (500216),Sem Uijlenbroek,sem.uijlenbroek83,True,APP-Intranet (avo.local/Sample/Groups/APP-Intranet),,,Permission unmanaged,None
Microsoft Active Directory,Sem Uijlenbroek (500216),Sem Uijlenbroek,sem.uijlenbroek83,True,SEC-Antivirus (avo.local/Sample/Groups/SEC-Antivirus),,,Permission unmanaged,None
Microsoft Active Directory,Sem Uijlenbroek (500216),Sem Uijlenbroek,sem.uijlenbroek83,True,SEC-DiskEncryption (avo.local/Sample/Groups/SEC-DiskEncryption),,,Permission unmanaged,None
Microsoft Active Directory,Sem Uijlenbroek (500216),Sem Uijlenbroek,sem.uijlenbroek83,True,SEC-MFA-Enrolled (avo.local/Sample/Groups/SEC-MFA-Enrolled),,,Permission unmanaged,None
Microsoft Active Directory,Sem Uijlenbroek (500216),Sem Uijlenbroek,sem.uijlenbroek83,True,APP-Copilot (avo.local/Sample/Groups/APP-Copilot),,,Permission unmanaged,None
Microsoft Active Directory,Sem Uijlenbroek (500216),Sem Uijlenbroek,sem.uijlenbroek83,True,LIC-M365-F3 (avo.local/Sample/Groups/LIC-M365-F3),,,Permission unmanaged,None
Microsoft Active Directory,Sem Uijlenbroek (500216),Sem Uijlenbroek,sem.uijlenbroek83,True,LIC-M365-E1 (avo.local/Sample/Groups/LIC-M365-E1),,,Permission unmanaged,None
Microsoft Active Directory,Roos Terlouw (500217),Roos Terlouw,roos.terlouw84,True,TEAM-INK08-Inkoop (avo.local/Sample/Groups/TEAM-INK08-Inkoop),,,Permission unmanaged,None
Microsoft Active Directory,Roos Terlouw (500217),Roos Terlouw,roos.terlouw84,True,APP-INK08-Inkoop-Portal (avo.local/Sample/Groups/APP-INK08-Inkoop-Portal),,,Permission unmanaged,None
Microsoft Active Directory,Roos Terlouw (500217),Roos Terlouw,roos.terlouw84,True,ROLE-INK08-Inkoop (avo.local/Sample/Groups/ROLE-INK08-Inkoop),,,Permission unmanaged,None
Microsoft Active Directory,Roos Terlouw (500217),Roos Terlouw,roos.terlouw84,True,MBX-INK08-Inkoop (avo.local/Sample/Groups/MBX-INK08-Inkoop),,,Permission unmanaged,None
Microsoft Active Directory,Roos Terlouw (500217),Roos Terlouw,roos.terlouw84,True,APP-Selfservice (avo.local/Sample/Groups/APP-Selfservice),,,Permission unmanaged,None
Microsoft Active Directory,Roos Terlouw (500217),Roos Terlouw,roos.terlouw84,True,APP-Intranet (avo.local/Sample/Groups/APP-Intranet),,,Permission unmanaged,None
Microsoft Active Directory,Roos Terlouw (500217),Roos Terlouw,roos.terlouw84,True,VPN-Thuiswerken (avo.local/Sample/Groups/VPN-Thuiswerken),,,Permission unmanaged,None
Microsoft Active Directory,Roos Terlouw (500217),Roos Terlouw,roos.terlouw84,True,SEC-Antivirus (avo.local/Sample/Groups/SEC-Antivirus),,,Permission unmanaged,None
Microsoft Active Directory,Roos Terlouw (500217),Roos Terlouw,roos.terlouw84,True,SEC-DiskEncryption (avo.local/Sample/Groups/SEC-DiskEncryption),,,Permission unmanaged,None
Microsoft Active Directory,Roos Terlouw (500217),Roos Terlouw,roos.terlouw84,True,SEC-MFA-Enrolled (avo.local/Sample/Groups/SEC-MFA-Enrolled),,,Permission unmanaged,None
Microsoft Active Directory,Roos Terlouw (500217),Roos Terlouw,roos.terlouw84,True,SEC-Endpoint-Protection (avo.local/Sample/Groups/SEC-Endpoint-Protection),,,Permission unmanaged,None
Microsoft Active Directory,Roos Terlouw (500217),Roos Terlouw,roos.terlouw84,True,APP-PowerBI-Pro (avo.local/Sample/Groups/APP-PowerBI-Pro),,,Permission unmanaged,None
Microsoft Active Directory,Roos Terlouw (500217),Roos Terlouw,roos.terlouw84,True,APP-Copilot (avo.local/Sample/Groups/APP-Copilot),,,Permission unmanaged,None
Microsoft Active Directory,Roos Terlouw (500217),Roos Terlouw,roos.terlouw84,True,LIC-M365-E1 (avo.local/Sample/Groups/LIC-M365-E1),,,Permission unmanaged,None
Microsoft Active Directory,Kim Gerritsen (500218),Kim Gerritsen,kim.gerritsen85,True,FS-CA010-Thuiszorg-RW (avo.local/Sample/Groups/FS-CA010-Thuiszorg-RW),,,Permission unmanaged,None
Microsoft Active Directory,Kim Gerritsen (500218),Kim Gerritsen,kim.gerritsen85,True,ROLE-CA010-Thuiszorg (avo.local/Sample/Groups/ROLE-CA010-Thuiszorg),,,Permission unmanaged,None
Microsoft Active Directory,Kim Gerritsen (500218),Kim Gerritsen,kim.gerritsen85,True,APP-CA010-Thuiszorg-Portal (avo.local/Sample/Groups/APP-CA010-Thuiszorg-Portal),,,Permission unmanaged,None
Microsoft Active Directory,Kim Gerritsen (500218),Kim Gerritsen,kim.gerritsen85,True,FS-CA010-Thuiszorg-RO (avo.local/Sample/Groups/FS-CA010-Thuiszorg-RO),,,Permission unmanaged,None
Microsoft Active Directory,Kim Gerritsen (500218),Kim Gerritsen,kim.gerritsen85,True,APP-Intranet (avo.local/Sample/Groups/APP-Intranet),,,Permission unmanaged,None
Microsoft Active Directory,Kim Gerritsen (500218),Kim Gerritsen,kim.gerritsen85,True,SEC-Antivirus (avo.local/Sample/Groups/SEC-Antivirus),,,Permission unmanaged,None
Microsoft Active Directory,Kim Gerritsen (500218),Kim Gerritsen,kim.gerritsen85,True,SEC-DiskEncryption (avo.local/Sample/Groups/SEC-DiskEncryption),,,Permission unmanaged,None
Microsoft Active Directory,Kim Gerritsen (500218),Kim Gerritsen,kim.gerritsen85,True,SEC-MFA-Enrolled (avo.local/Sample/Groups/SEC-MFA-Enrolled),,,Permission unmanaged,None
Microsoft Active Directory,Kim Gerritsen (500218),Kim Gerritsen,kim.gerritsen85,True,SEC-Endpoint-Protection (avo.local/Sample/Groups/SEC-Endpoint-Protection),,,Permission unmanaged,None
Microsoft Active Directory,Kim Gerritsen (500218),Kim Gerritsen,kim.gerritsen85,True,APP-Adobe-AcrobatPro (avo.local/Sample/Groups/APP-Adobe-AcrobatPro),,,Permission unmanaged,None
Microsoft Active Directory,Kim Gerritsen (500218),Kim Gerritsen,kim.gerritsen85,True,APP-Project (avo.local/Sample/Groups/APP-Project),,,Permission unmanaged,None
Microsoft Active Directory,Kim Gerritsen (500218),Kim Gerritsen,kim.gerritsen85,True,LIC-M365-F3 (avo.local/Sample/Groups/LIC-M365-F3),,,Permission unmanaged,None
Microsoft Active Directory,Olivier Aalbers (500219),Olivier Aalbers,olivier.aalbers86,True,TEAM-CA010-Thuiszorg (avo.local/Sample/Groups/TEAM-CA010-Thuiszorg),,,Permission unmanaged,None
Microsoft Active Directory,Olivier Aalbers (500219),Olivier Aalbers,olivier.aalbers86,True,FS-CA010-Thuiszorg-RW (avo.local/Sample/Groups/FS-CA010-Thuiszorg-RW),,,Permission unmanaged,None
Microsoft Active Directory,Olivier Aalbers (500219),Olivier Aalbers,olivier.aalbers86,True,FS-CA010-Thuiszorg-RO (avo.local/Sample/Groups/FS-CA010-Thuiszorg-RO),,,Permission unmanaged,None
Microsoft Active Directory,Olivier Aalbers (500219),Olivier Aalbers,olivier.aalbers86,True,APP-Intranet (avo.local/Sample/Groups/APP-Intranet),,,Permission unmanaged,None
Microsoft Active Directory,Olivier Aalbers (500219),Olivier Aalbers,olivier.aalbers86,True,VPN-Thuiswerken (avo.local/Sample/Groups/VPN-Thuiswerken),,,Permission unmanaged,None
Microsoft Active Directory,Olivier Aalbers (500219),Olivier Aalbers,olivier.aalbers86,True,WIFI-Personeel (avo.local/Sample/Groups/WIFI-Personeel),,,Permission unmanaged,None
Microsoft Active Directory,Olivier Aalbers (500219),Olivier Aalbers,olivier.aalbers86,True,SEC-Antivirus (avo.local/Sample/Groups/SEC-Antivirus),,,Permission unmanaged,None
Microsoft Active Directory,Olivier Aalbers (500219),Olivier Aalbers,olivier.aalbers86,True,SEC-DiskEncryption (avo.local/Sample/Groups/SEC-DiskEncryption),,,Permission unmanaged,None
Microsoft Active Directory,Olivier Aalbers (500219),Olivier Aalbers,olivier.aalbers86,True,SEC-MFA-Enrolled (avo.local/Sample/Groups/SEC-MFA-Enrolled),,,Permission unmanaged,None
Microsoft Active Directory,Olivier Aalbers (500219),Olivier Aalbers,olivier.aalbers86,True,SEC-Endpoint-Protection (avo.local/Sample/Groups/SEC-Endpoint-Protection),,,Permission unmanaged,None
Microsoft Active Directory,Olivier Aalbers (500219),Olivier Aalbers,olivier.aalbers86,True,LIC-M365-E1 (avo.local/Sample/Groups/LIC-M365-E1),,,Permission unmanaged,None
Microsoft Active Directory,Hanna Dijkgraaf (500220),Hanna Dijkgraaf,hanna.dijkgraaf87,True,MBX-ICT03-Techniek (avo.local/Sample/Groups/MBX-ICT03-Techniek),,,Permission unmanaged,None
Microsoft Active Directory,Hanna Dijkgraaf (500220),Hanna Dijkgraaf,hanna.dijkgraaf87,True,FS-ICT03-Techniek-RO (avo.local/Sample/Groups/FS-ICT03-Techniek-RO),,,Permission unmanaged,None
Microsoft Active Directory,Hanna Dijkgraaf (500220),Hanna Dijkgraaf,hanna.dijkgraaf87,True,ROLE-ICT03-Techniek (avo.local/Sample/Groups/ROLE-ICT03-Techniek),,,Permission unmanaged,None
Microsoft Active Directory,Hanna Dijkgraaf (500220),Hanna Dijkgraaf,hanna.dijkgraaf87,True,APP-Selfservice (avo.local/Sample/Groups/APP-Selfservice),,,Permission unmanaged,None
Microsoft Active Directory,Hanna Dijkgraaf (500220),Hanna Dijkgraaf,hanna.dijkgraaf87,True,APP-Office365 (avo.local/Sample/Groups/APP-Office365),,,Permission unmanaged,None
Microsoft Active Directory,Hanna Dijkgraaf (500220),Hanna Dijkgraaf,hanna.dijkgraaf87,True,VPN-Thuiswerken (avo.local/Sample/Groups/VPN-Thuiswerken),,,Permission unmanaged,None
Microsoft Active Directory,Hanna Dijkgraaf (500220),Hanna Dijkgraaf,hanna.dijkgraaf87,True,PRINT-Default (avo.local/Sample/Groups/PRINT-Default),,,Permission unmanaged,None
Microsoft Active Directory,Hanna Dijkgraaf (500220),Hanna Dijkgraaf,hanna.dijkgraaf87,True,SEC-Antivirus (avo.local/Sample/Groups/SEC-Antivirus),,,Permission unmanaged,None
Microsoft Active Directory,Hanna Dijkgraaf (500220),Hanna Dijkgraaf,hanna.dijkgraaf87,True,SEC-DiskEncryption (avo.local/Sample/Groups/SEC-DiskEncryption),,,Permission unmanaged,None
Microsoft Active Directory,Hanna Dijkgraaf (500220),Hanna Dijkgraaf,hanna.dijkgraaf87,True,SEC-MFA-Enrolled (avo.local/Sample/Groups/SEC-MFA-Enrolled),,,Permission unmanaged,None
Microsoft Active Directory,Hanna Dijkgraaf (500220),Hanna Dijkgraaf,hanna.dijkgraaf87,True,SEC-Endpoint-Protection (avo.local/Sample/Groups/SEC-Endpoint-Protection),,,Permission unmanaged,None
Microsoft Active Directory,Hanna Dijkgraaf (500220),Hanna Dijkgraaf,hanna.dijkgraaf87,True,APP-Copilot (avo.local/Sample/Groups/APP-Copilot),,,Permission unmanaged,None
Microsoft Active Directory,Hanna Dijkgraaf (500220),Hanna Dijkgraaf,hanna.dijkgraaf87,True,APP-Adobe-AcrobatPro (avo.local/Sample/Groups/APP-Adobe-AcrobatPro),,,Permission unmanaged,None
Microsoft Active Directory,Hanna Dijkgraaf (500220),Hanna Dijkgraaf,hanna.dijkgraaf87,True,LIC-M365-E5 (avo.local/Sample/Groups/LIC-M365-E5),,,Permission unmanaged,None
Microsoft Active Directory,Cato Ipenburg (500221),Cato Ipenburg,cato.ipenburg88,True,MBX-KWA07-Kwaliteit (avo.local/Sample/Groups/MBX-KWA07-Kwaliteit),,,Permission unmanaged,None
Microsoft Active Directory,Cato Ipenburg (500221),Cato Ipenburg,cato.ipenburg88,True,APP-KWA07-Kwaliteit-Portal (avo.local/Sample/Groups/APP-KWA07-Kwaliteit-Portal),,,Permission unmanaged,None
Microsoft Active Directory,Cato Ipenburg (500221),Cato Ipenburg,cato.ipenburg88,True,FS-KWA07-Kwaliteit-RW (avo.local/Sample/Groups/FS-KWA07-Kwaliteit-RW),,,Permission unmanaged,None
Microsoft Active Directory,Cato Ipenburg (500221),Cato Ipenburg,cato.ipenburg88,True,APP-Office365 (avo.local/Sample/Groups/APP-Office365),,,Permission unmanaged,None
Microsoft Active Directory,Cato Ipenburg (500221),Cato Ipenburg,cato.ipenburg88,True,VPN-Thuiswerken (avo.local/Sample/Groups/VPN-Thuiswerken),,,Permission unmanaged,None
Microsoft Active Directory,Cato Ipenburg (500221),Cato Ipenburg,cato.ipenburg88,True,PRINT-Default (avo.local/Sample/Groups/PRINT-Default),,,Permission unmanaged,None
Microsoft Active Directory,Cato Ipenburg (500221),Cato Ipenburg,cato.ipenburg88,True,SEC-Antivirus (avo.local/Sample/Groups/SEC-Antivirus),,,Permission unmanaged,None
Microsoft Active Directory,Cato Ipenburg (500221),Cato Ipenburg,cato.ipenburg88,True,SEC-DiskEncryption (avo.local/Sample/Groups/SEC-DiskEncryption),,,Permission unmanaged,None
Microsoft Active Directory,Cato Ipenburg (500221),Cato Ipenburg,cato.ipenburg88,True,SEC-MFA-Enrolled (avo.local/Sample/Groups/SEC-MFA-Enrolled),,,Permission unmanaged,None
Microsoft Active Directory,Cato Ipenburg (500221),Cato Ipenburg,cato.ipenburg88,True,SEC-Endpoint-Protection (avo.local/Sample/Groups/SEC-Endpoint-Protection),,,Permission unmanaged,None
Microsoft Active Directory,Cato Ipenburg (500221),Cato Ipenburg,cato.ipenburg88,True,APP-Visio (avo.local/Sample/Groups/APP-Visio),,,Permission unmanaged,None
Microsoft Active Directory,Cato Ipenburg (500221),Cato Ipenburg,cato.ipenburg88,True,APP-Copilot (avo.local/Sample/Groups/APP-Copilot),,,Permission unmanaged,None
Microsoft Active Directory,Cato Ipenburg (500221),Cato Ipenburg,cato.ipenburg88,True,LIC-M365-E1 (avo.local/Sample/Groups/LIC-M365-E1),,,Permission unmanaged,None
Microsoft Active Directory,Iris Lindeboom (500222),Iris Lindeboom,iris.lindeboom89,True,MBX-ZRG06-Wijkzorg (avo.local/Sample/Groups/MBX-ZRG06-Wijkzorg),,,Permission unmanaged,None
Microsoft Active Directory,Iris Lindeboom (500222),Iris Lindeboom,iris.lindeboom89,True,TEAM-ZRG06-Wijkzorg (avo.local/Sample/Groups/TEAM-ZRG06-Wijkzorg),,,Permission unmanaged,None
Microsoft Active Directory,Iris Lindeboom (500222),Iris Lindeboom,iris.lindeboom89,True,APP-Selfservice (avo.local/Sample/Groups/APP-Selfservice),,,Permission unmanaged,None
Microsoft Active Directory,Iris Lindeboom (500222),Iris Lindeboom,iris.lindeboom89,True,PRINT-Default (avo.local/Sample/Groups/PRINT-Default),,,Permission unmanaged,None
Microsoft Active Directory,Iris Lindeboom (500222),Iris Lindeboom,iris.lindeboom89,True,VPN-Thuiswerken (avo.local/Sample/Groups/VPN-Thuiswerken),,,Permission unmanaged,None
Microsoft Active Directory,Iris Lindeboom (500222),Iris Lindeboom,iris.lindeboom89,True,SEC-Antivirus (avo.local/Sample/Groups/SEC-Antivirus),,,Permission unmanaged,None
Microsoft Active Directory,Iris Lindeboom (500222),Iris Lindeboom,iris.lindeboom89,True,SEC-DiskEncryption (avo.local/Sample/Groups/SEC-DiskEncryption),,,Permission unmanaged,None
Microsoft Active Directory,Iris Lindeboom (500222),Iris Lindeboom,iris.lindeboom89,True,SEC-MFA-Enrolled (avo.local/Sample/Groups/SEC-MFA-Enrolled),,,Permission unmanaged,None
Microsoft Active Directory,Iris Lindeboom (500222),Iris Lindeboom,iris.lindeboom89,True,APP-Project (avo.local/Sample/Groups/APP-Project),,,Permission unmanaged,None
Microsoft Active Directory,Iris Lindeboom (500222),Iris Lindeboom,iris.lindeboom89,True,LIC-M365-E3 (avo.local/Sample/Groups/LIC-M365-E3),,,Permission unmanaged,None
Microsoft Active Directory,Tess Dijkgraaf (500223),Tess Dijkgraaf,tess.dijkgraaf90,True,TEAM-ZRG06-Wijkzorg (avo.local/Sample/Groups/TEAM-ZRG06-Wijkzorg),,,Permission unmanaged,None
Microsoft Active Directory,Tess Dijkgraaf (500223),Tess Dijkgraaf,tess.dijkgraaf90,True,FS-ZRG06-Wijkzorg-RW (avo.local/Sample/Groups/FS-ZRG06-Wijkzorg-RW),,,Permission unmanaged,None
Microsoft Active Directory,Tess Dijkgraaf (500223),Tess Dijkgraaf,tess.dijkgraaf90,True,ROLE-ZRG06-Wijkzorg (avo.local/Sample/Groups/ROLE-ZRG06-Wijkzorg),,,Permission unmanaged,None
Microsoft Active Directory,Tess Dijkgraaf (500223),Tess Dijkgraaf,tess.dijkgraaf90,True,MBX-ZRG06-Wijkzorg (avo.local/Sample/Groups/MBX-ZRG06-Wijkzorg),,,Permission unmanaged,None
Microsoft Active Directory,Tess Dijkgraaf (500223),Tess Dijkgraaf,tess.dijkgraaf90,True,APP-Selfservice (avo.local/Sample/Groups/APP-Selfservice),,,Permission unmanaged,None
Microsoft Active Directory,Tess Dijkgraaf (500223),Tess Dijkgraaf,tess.dijkgraaf90,True,APP-Office365 (avo.local/Sample/Groups/APP-Office365),,,Permission unmanaged,None
Microsoft Active Directory,Tess Dijkgraaf (500223),Tess Dijkgraaf,tess.dijkgraaf90,True,VPN-Thuiswerken (avo.local/Sample/Groups/VPN-Thuiswerken),,,Permission unmanaged,None
Microsoft Active Directory,Tess Dijkgraaf (500223),Tess Dijkgraaf,tess.dijkgraaf90,True,SEC-Antivirus (avo.local/Sample/Groups/SEC-Antivirus),,,Permission unmanaged,None
Microsoft Active Directory,Tess Dijkgraaf (500223),Tess Dijkgraaf,tess.dijkgraaf90,True,SEC-DiskEncryption (avo.local/Sample/Groups/SEC-DiskEncryption),,,Permission unmanaged,None
Microsoft Active Directory,Tess Dijkgraaf (500223),Tess Dijkgraaf,tess.dijkgraaf90,True,SEC-MFA-Enrolled (avo.local/Sample/Groups/SEC-MFA-Enrolled),,,Permission unmanaged,None
Microsoft Active Directory,Tess Dijkgraaf (500223),Tess Dijkgraaf,tess.dijkgraaf90,True,APP-Adobe-AcrobatPro (avo.local/Sample/Groups/APP-Adobe-AcrobatPro),,,Permission unmanaged,None
Microsoft Active Directory,Tess Dijkgraaf (500223),Tess Dijkgraaf,tess.dijkgraaf90,True,APP-Visio (avo.local/Sample/Groups/APP-Visio),,,Permission unmanaged,None
Microsoft Active Directory,Tess Dijkgraaf (500223),Tess Dijkgraaf,tess.dijkgraaf90,True,LIC-M365-E5 (avo.local/Sample/Groups/LIC-M365-E5),,,Permission unmanaged,None
Microsoft Active Directory,Hanna Hoekstra (500224),Hanna Hoekstra,hanna.hoekstra91,True,APP-CZ08-Begeleiding-Portal (avo.local/Sample/Groups/APP-CZ08-Begeleiding-Portal),,,Permission unmanaged,None
Microsoft Active Directory,Hanna Hoekstra (500224),Hanna Hoekstra,hanna.hoekstra91,True,FS-CZ08-Begeleiding-RW (avo.local/Sample/Groups/FS-CZ08-Begeleiding-RW),,,Permission unmanaged,None
Microsoft Active Directory,Hanna Hoekstra (500224),Hanna Hoekstra,hanna.hoekstra91,True,FS-CZ08-Begeleiding-RO (avo.local/Sample/Groups/FS-CZ08-Begeleiding-RO),,,Permission unmanaged,None
Microsoft Active Directory,Hanna Hoekstra (500224),Hanna Hoekstra,hanna.hoekstra91,True,TEAM-CZ08-Begeleiding (avo.local/Sample/Groups/TEAM-CZ08-Begeleiding),,,Permission unmanaged,None
Microsoft Active Directory,Hanna Hoekstra (500224),Hanna Hoekstra,hanna.hoekstra91,True,APP-Teams (avo.local/Sample/Groups/APP-Teams),,,Permission unmanaged,None
Microsoft Active Directory,Hanna Hoekstra (500224),Hanna Hoekstra,hanna.hoekstra91,True,PRINT-Default (avo.local/Sample/Groups/PRINT-Default),,,Permission unmanaged,None
Microsoft Active Directory,Hanna Hoekstra (500224),Hanna Hoekstra,hanna.hoekstra91,True,SEC-Antivirus (avo.local/Sample/Groups/SEC-Antivirus),,,Permission unmanaged,None
Microsoft Active Directory,Hanna Hoekstra (500224),Hanna Hoekstra,hanna.hoekstra91,True,SEC-MFA-Enrolled (avo.local/Sample/Groups/SEC-MFA-Enrolled),,,Permission unmanaged,None
Microsoft Active Directory,Hanna Hoekstra (500224),Hanna Hoekstra,hanna.hoekstra91,True,SEC-Endpoint-Protection (avo.local/Sample/Groups/SEC-Endpoint-Protection),,,Permission unmanaged,None
Microsoft Active Directory,Hanna Hoekstra (500224),Hanna Hoekstra,hanna.hoekstra91,True,APP-Copilot (avo.local/Sample/Groups/APP-Copilot),,,Permission unmanaged,None
Microsoft Active Directory,Hanna Hoekstra (500224),Hanna Hoekstra,hanna.hoekstra91,True,APP-Visio (avo.local/Sample/Groups/APP-Visio),,,Permission unmanaged,None
Microsoft Active Directory,Hanna Hoekstra (500224),Hanna Hoekstra,hanna.hoekstra91,True,LIC-M365-E3 (avo.local/Sample/Groups/LIC-M365-E3),,,Permission unmanaged,None
Microsoft Active Directory,,Eva Muijs,eva.muijs92,True,,,,Account unmanaged,Excluded
Microsoft Active Directory,,Eva Muijs,eva.muijs92,True,APP-CA010-Thuiszorg-Portal (avo.local/Sample/Groups/APP-CA010-Thuiszorg-Portal),,,Permission unmanaged,None
Microsoft Active Directory,,Eva Muijs,eva.muijs92,True,FS-CA010-Thuiszorg-RW (avo.local/Sample/Groups/FS-CA010-Thuiszorg-RW),,,Permission unmanaged,None
Microsoft Active Directory,,Eva Muijs,eva.muijs92,True,TEAM-CA010-Thuiszorg (avo.local/Sample/Groups/TEAM-CA010-Thuiszorg),,,Permission unmanaged,None
Microsoft Active Directory,,Eva Muijs,eva.muijs92,True,FS-CA010-Thuiszorg-RO (avo.local/Sample/Groups/FS-CA010-Thuiszorg-RO),,,Permission unmanaged,None
Microsoft Active Directory,,Eva Muijs,eva.muijs92,True,ROLE-CA010-Thuiszorg (avo.local/Sample/Groups/ROLE-CA010-Thuiszorg),,,Permission unmanaged,None
Microsoft Active Directory,,Eva Muijs,eva.muijs92,True,APP-Office365 (avo.local/Sample/Groups/APP-Office365),,,Permission unmanaged,None
Microsoft Active Directory,,Eva Muijs,eva.muijs92,True,APP-Planner (avo.local/Sample/Groups/APP-Planner),,,Permission unmanaged,None
Microsoft Active Directory,,Eva Muijs,eva.muijs92,True,APP-Teams (avo.local/Sample/Groups/APP-Teams),,,Permission unmanaged,None
Microsoft Active Directory,,Eva Muijs,eva.muijs92,True,SEC-Antivirus (avo.local/Sample/Groups/SEC-Antivirus),,,Permission unmanaged,None
Microsoft Active Directory,,Eva Muijs,eva.muijs92,True,SEC-MFA-Enrolled (avo.local/Sample/Groups/SEC-MFA-Enrolled),,,Permission unmanaged,None
Microsoft Active Directory,,Eva Muijs,eva.muijs92,True,APP-Adobe-AcrobatPro (avo.local/Sample/Groups/APP-Adobe-AcrobatPro),,,Permission unmanaged,None
Microsoft Active Directory,,Eva Muijs,eva.muijs92,True,APP-PowerBI-Pro (avo.local/Sample/Groups/APP-PowerBI-Pro),,,Permission unmanaged,None
Microsoft Active Directory,,Eva Muijs,eva.muijs92,True,LIC-M365-E1 (avo.local/Sample/Groups/LIC-M365-E1),,,Permission unmanaged,None
Microsoft Active Directory,Sem Slootweg (500226),Sem Slootweg,sem.slootweg93,True,MBX-FAC04-Facilitair (avo.local/Sample/Groups/MBX-FAC04-Facilitair),,,Permission unmanaged,None
Microsoft Active Directory,Sem Slootweg (500226),Sem Slootweg,sem.slootweg93,True,FS-FAC04-Facilitair-RO (avo.local/Sample/Groups/FS-FAC04-Facilitair-RO),,,Permission unmanaged,None
Microsoft Active Directory,Sem Slootweg (500226),Sem Slootweg,sem.slootweg93,True,APP-FAC04-Facilitair-Portal (avo.local/Sample/Groups/APP-FAC04-Facilitair-Portal),,,Permission unmanaged,None
Microsoft Active Directory,Sem Slootweg (500226),Sem Slootweg,sem.slootweg93,True,FS-FAC04-Facilitair-RW (avo.local/Sample/Groups/FS-FAC04-Facilitair-RW),,,Permission unmanaged,None
Microsoft Active Directory,Sem Slootweg (500226),Sem Slootweg,sem.slootweg93,True,ROLE-FAC04-Facilitair (avo.local/Sample/Groups/ROLE-FAC04-Facilitair),,,Permission unmanaged,None
Microsoft Active Directory,Sem Slootweg (500226),Sem Slootweg,sem.slootweg93,True,TEAM-FAC04-Facilitair (avo.local/Sample/Groups/TEAM-FAC04-Facilitair),,,Permission unmanaged,None
Microsoft Active Directory,Sem Slootweg (500226),Sem Slootweg,sem.slootweg93,True,APP-Office365 (avo.local/Sample/Groups/APP-Office365),,,Permission unmanaged,None
Microsoft Active Directory,Sem Slootweg (500226),Sem Slootweg,sem.slootweg93,True,APP-Intranet (avo.local/Sample/Groups/APP-Intranet),,,Permission unmanaged,None
Microsoft Active Directory,Sem Slootweg (500226),Sem Slootweg,sem.slootweg93,True,APP-Selfservice (avo.local/Sample/Groups/APP-Selfservice),,,Permission unmanaged,None
Microsoft Active Directory,Sem Slootweg (500226),Sem Slootweg,sem.slootweg93,True,SEC-Antivirus (avo.local/Sample/Groups/SEC-Antivirus),,,Permission unmanaged,None
Microsoft Active Directory,Sem Slootweg (500226),Sem Slootweg,sem.slootweg93,True,SEC-DiskEncryption (avo.local/Sample/Groups/SEC-DiskEncryption),,,Permission unmanaged,None
Microsoft Active Directory,Sem Slootweg (500226),Sem Slootweg,sem.slootweg93,True,SEC-Endpoint-Protection (avo.local/Sample/Groups/SEC-Endpoint-Protection),,,Permission unmanaged,None
Microsoft Active Directory,Sem Slootweg (500226),Sem Slootweg,sem.slootweg93,True,APP-Copilot (avo.local/Sample/Groups/APP-Copilot),,,Permission unmanaged,None
Microsoft Active Directory,Sem Slootweg (500226),Sem Slootweg,sem.slootweg93,True,APP-PowerBI-Pro (avo.local/Sample/Groups/APP-PowerBI-Pro),,,Permission unmanaged,None
Microsoft Active Directory,Sem Slootweg (500226),Sem Slootweg,sem.slootweg93,True,LIC-M365-F3 (avo.local/Sample/Groups/LIC-M365-F3),,,Permission unmanaged,None
Microsoft Active Directory,Pien Ipenburg (500227),Pien Ipenburg,pien.ipenburg94,True,ROLE-COM05-Communicatie (avo.local/Sample/Groups/ROLE-COM05-Communicatie),,,Permission unmanaged,None
Microsoft Active Directory,Pien Ipenburg (500227),Pien Ipenburg,pien.ipenburg94,True,APP-COM05-Communicatie-Portal (avo.local/Sample/Groups/APP-COM05-Communicatie-Portal),,,Permission unmanaged,None
Microsoft Active Directory,Pien Ipenburg (500227),Pien Ipenburg,pien.ipenburg94,True,APP-Intranet (avo.local/Sample/Groups/APP-Intranet),,,Permission unmanaged,None
Microsoft Active Directory,Pien Ipenburg (500227),Pien Ipenburg,pien.ipenburg94,True,APP-Teams (avo.local/Sample/Groups/APP-Teams),,,Permission unmanaged,None
Microsoft Active Directory,Pien Ipenburg (500227),Pien Ipenburg,pien.ipenburg94,True,PRINT-Default (avo.local/Sample/Groups/PRINT-Default),,,Permission unmanaged,None
Microsoft Active Directory,Pien Ipenburg (500227),Pien Ipenburg,pien.ipenburg94,True,SEC-Antivirus (avo.local/Sample/Groups/SEC-Antivirus),,,Permission unmanaged,None
Microsoft Active Directory,Pien Ipenburg (500227),Pien Ipenburg,pien.ipenburg94,True,SEC-DiskEncryption (avo.local/Sample/Groups/SEC-DiskEncryption),,,Permission unmanaged,None
Microsoft Active Directory,Pien Ipenburg (500227),Pien Ipenburg,pien.ipenburg94,True,SEC-MFA-Enrolled (avo.local/Sample/Groups/SEC-MFA-Enrolled),,,Permission unmanaged,None
Microsoft Active Directory,Pien Ipenburg (500227),Pien Ipenburg,pien.ipenburg94,True,SEC-Endpoint-Protection (avo.local/Sample/Groups/SEC-Endpoint-Protection),,,Permission unmanaged,None
Microsoft Active Directory,Pien Ipenburg (500227),Pien Ipenburg,pien.ipenburg94,True,LIC-M365-E3 (avo.local/Sample/Groups/LIC-M365-E3),,,Permission unmanaged,None
Microsoft Active Directory,Olivier Aalbers (500228),Olivier Aalbers,olivier.aalbers95,True,FS-FAC04-Facilitair-RO (avo.local/Sample/Groups/FS-FAC04-Facilitair-RO),,,Permission unmanaged,None
Microsoft Active Directory,Olivier Aalbers (500228),Olivier Aalbers,olivier.aalbers95,True,APP-FAC04-Facilitair-Portal (avo.local/Sample/Groups/APP-FAC04-Facilitair-Portal),,,Permission unmanaged,None
Microsoft Active Directory,Olivier Aalbers (500228),Olivier Aalbers,olivier.aalbers95,True,TEAM-FAC04-Facilitair (avo.local/Sample/Groups/TEAM-FAC04-Facilitair),,,Permission unmanaged,None
Microsoft Active Directory,Olivier Aalbers (500228),Olivier Aalbers,olivier.aalbers95,True,MBX-FAC04-Facilitair (avo.local/Sample/Groups/MBX-FAC04-Facilitair),,,Permission unmanaged,None
Microsoft Active Directory,Olivier Aalbers (500228),Olivier Aalbers,olivier.aalbers95,True,ROLE-FAC04-Facilitair (avo.local/Sample/Groups/ROLE-FAC04-Facilitair),,,Permission unmanaged,None
Microsoft Active Directory,Olivier Aalbers (500228),Olivier Aalbers,olivier.aalbers95,True,APP-Planner (avo.local/Sample/Groups/APP-Planner),,,Permission unmanaged,None
Microsoft Active Directory,Olivier Aalbers (500228),Olivier Aalbers,olivier.aalbers95,True,APP-Selfservice (avo.local/Sample/Groups/APP-Selfservice),,,Permission unmanaged,None
Microsoft Active Directory,Olivier Aalbers (500228),Olivier Aalbers,olivier.aalbers95,True,APP-Intranet (avo.local/Sample/Groups/APP-Intranet),,,Permission unmanaged,None
Microsoft Active Directory,Olivier Aalbers (500228),Olivier Aalbers,olivier.aalbers95,True,PRINT-Default (avo.local/Sample/Groups/PRINT-Default),,,Permission unmanaged,None
Microsoft Active Directory,Olivier Aalbers (500228),Olivier Aalbers,olivier.aalbers95,True,SEC-Antivirus (avo.local/Sample/Groups/SEC-Antivirus),,,Permission unmanaged,None
Microsoft Active Directory,Olivier Aalbers (500228),Olivier Aalbers,olivier.aalbers95,True,SEC-DiskEncryption (avo.local/Sample/Groups/SEC-DiskEncryption),,,Permission unmanaged,None
Microsoft Active Directory,Olivier Aalbers (500228),Olivier Aalbers,olivier.aalbers95,True,SEC-MFA-Enrolled (avo.local/Sample/Groups/SEC-MFA-Enrolled),,,Permission unmanaged,None
Microsoft Active Directory,Olivier Aalbers (500228),Olivier Aalbers,olivier.aalbers95,True,SEC-Endpoint-Protection (avo.local/Sample/Groups/SEC-Endpoint-Protection),,,Permission unmanaged,None
Microsoft Active Directory,Olivier Aalbers (500228),Olivier Aalbers,olivier.aalbers95,True,APP-Project (avo.local/Sample/Groups/APP-Project),,,Permission unmanaged,None
Microsoft Active Directory,Olivier Aalbers (500228),Olivier Aalbers,olivier.aalbers95,True,LIC-M365-F3 (avo.local/Sample/Groups/LIC-M365-F3),,,Permission unmanaged,None
Microsoft Active Directory,Roos Berkhout (500229),Roos Berkhout,roos.berkhout96,True,ROLE-FIN01-Financien (avo.local/Sample/Groups/ROLE-FIN01-Financien),,,Permission unmanaged,None
Microsoft Active Directory,Roos Berkhout (500229),Roos Berkhout,roos.berkhout96,True,FS-FIN01-Financien-RW (avo.local/Sample/Groups/FS-FIN01-Financien-RW),,,Permission unmanaged,None
Microsoft Active Directory,Roos Berkhout (500229),Roos Berkhout,roos.berkhout96,True,APP-Teams (avo.local/Sample/Groups/APP-Teams),,,Permission unmanaged,None
Microsoft Active Directory,Roos Berkhout (500229),Roos Berkhout,roos.berkhout96,True,APP-Intranet (avo.local/Sample/Groups/APP-Intranet),,,Permission unmanaged,None
Microsoft Active Directory,Roos Berkhout (500229),Roos Berkhout,roos.berkhout96,True,APP-Selfservice (avo.local/Sample/Groups/APP-Selfservice),,,Permission unmanaged,None
Microsoft Active Directory,Roos Berkhout (500229),Roos Berkhout,roos.berkhout96,True,WIFI-Personeel (avo.local/Sample/Groups/WIFI-Personeel),,,Permission unmanaged,None
Microsoft Active Directory,Roos Berkhout (500229),Roos Berkhout,roos.berkhout96,True,VPN-Thuiswerken (avo.local/Sample/Groups/VPN-Thuiswerken),,,Permission unmanaged,None
Microsoft Active Directory,Roos Berkhout (500229),Roos Berkhout,roos.berkhout96,True,SEC-Antivirus (avo.local/Sample/Groups/SEC-Antivirus),,,Permission unmanaged,None
Microsoft Active Directory,Roos Berkhout (500229),Roos Berkhout,roos.berkhout96,True,SEC-DiskEncryption (avo.local/Sample/Groups/SEC-DiskEncryption),,,Permission unmanaged,None
Microsoft Active Directory,Roos Berkhout (500229),Roos Berkhout,roos.berkhout96,True,SEC-MFA-Enrolled (avo.local/Sample/Groups/SEC-MFA-Enrolled),,,Permission unmanaged,None
Microsoft Active Directory,Roos Berkhout (500229),Roos Berkhout,roos.berkhout96,True,SEC-Endpoint-Protection (avo.local/Sample/Groups/SEC-Endpoint-Protection),,,Permission unmanaged,None
Microsoft Active Directory,Roos Berkhout (500229),Roos Berkhout,roos.berkhout96,True,LIC-M365-F3 (avo.local/Sample/Groups/LIC-M365-F3),,,Permission unmanaged,None
Microsoft Active Directory,Zoë Aalbers (500230),Zoë Aalbers,zoe.aalbers0,True,FS-HRM02-Personeel-RW (avo.local/Sample/Groups/FS-HRM02-Personeel-RW),,,Permission unmanaged,None
Microsoft Active Directory,Zoë Aalbers (500230),Zoë Aalbers,zoe.aalbers0,True,FS-HRM02-Personeel-RO (avo.local/Sample/Groups/FS-HRM02-Personeel-RO),,,Permission unmanaged,None
Microsoft Active Directory,Zoë Aalbers (500230),Zoë Aalbers,zoe.aalbers0,True,MBX-HRM02-Personeel (avo.local/Sample/Groups/MBX-HRM02-Personeel),,,Permission unmanaged,None
Microsoft Active Directory,Zoë Aalbers (500230),Zoë Aalbers,zoe.aalbers0,True,APP-Intranet (avo.local/Sample/Groups/APP-Intranet),,,Permission unmanaged,None
Microsoft Active Directory,Zoë Aalbers (500230),Zoë Aalbers,zoe.aalbers0,True,SEC-Antivirus (avo.local/Sample/Groups/SEC-Antivirus),,,Permission unmanaged,None
Microsoft Active Directory,Zoë Aalbers (500230),Zoë Aalbers,zoe.aalbers0,True,SEC-DiskEncryption (avo.local/Sample/Groups/SEC-DiskEncryption),,,Permission unmanaged,None
Microsoft Active Directory,Zoë Aalbers (500230),Zoë Aalbers,zoe.aalbers0,True,SEC-MFA-Enrolled (avo.local/Sample/Groups/SEC-MFA-Enrolled),,,Permission unmanaged,None
Microsoft Active Directory,Zoë Aalbers (500230),Zoë Aalbers,zoe.aalbers0,True,SEC-Endpoint-Protection (avo.local/Sample/Groups/SEC-Endpoint-Protection),,,Permission unmanaged,None
Microsoft Active Directory,Zoë Aalbers (500230),Zoë Aalbers,zoe.aalbers0,True,LIC-M365-F3 (avo.local/Sample/Groups/LIC-M365-F3),,,Permission unmanaged,None
Microsoft Active Directory,Zoë Aalbers (500230),Zoë Aalbers,zoe.aalbers0,True,LIC-M365-E5 (avo.local/Sample/Groups/LIC-M365-E5),,,Permission unmanaged,None
Microsoft Active Directory,Roos Dijkgraaf (500231),Roos Dijkgraaf,roos.dijkgraaf1,True,MBX-CA010-Thuiszorg (avo.local/Sample/Groups/MBX-CA010-Thuiszorg),,,Permission unmanaged,None
Microsoft Active Directory,Roos Dijkgraaf (500231),Roos Dijkgraaf,roos.dijkgraaf1,True,ROLE-CA010-Thuiszorg (avo.local/Sample/Groups/ROLE-CA010-Thuiszorg),,,Permission unmanaged,None
Microsoft Active Directory,Roos Dijkgraaf (500231),Roos Dijkgraaf,roos.dijkgraaf1,True,FS-CA010-Thuiszorg-RW (avo.local/Sample/Groups/FS-CA010-Thuiszorg-RW),,,Permission unmanaged,None
Microsoft Active Directory,Roos Dijkgraaf (500231),Roos Dijkgraaf,roos.dijkgraaf1,True,FS-CA010-Thuiszorg-RO (avo.local/Sample/Groups/FS-CA010-Thuiszorg-RO),,,Permission unmanaged,None
Microsoft Active Directory,Roos Dijkgraaf (500231),Roos Dijkgraaf,roos.dijkgraaf1,True,TEAM-CA010-Thuiszorg (avo.local/Sample/Groups/TEAM-CA010-Thuiszorg),,,Permission unmanaged,None
Microsoft Active Directory,Roos Dijkgraaf (500231),Roos Dijkgraaf,roos.dijkgraaf1,True,APP-CA010-Thuiszorg-Portal (avo.local/Sample/Groups/APP-CA010-Thuiszorg-Portal),,,Permission unmanaged,None
Microsoft Active Directory,Roos Dijkgraaf (500231),Roos Dijkgraaf,roos.dijkgraaf1,True,APP-Planner (avo.local/Sample/Groups/APP-Planner),,,Permission unmanaged,None
Microsoft Active Directory,Roos Dijkgraaf (500231),Roos Dijkgraaf,roos.dijkgraaf1,True,SEC-Antivirus (avo.local/Sample/Groups/SEC-Antivirus),,,Permission unmanaged,None
Microsoft Active Directory,Roos Dijkgraaf (500231),Roos Dijkgraaf,roos.dijkgraaf1,True,SEC-DiskEncryption (avo.local/Sample/Groups/SEC-DiskEncryption),,,Permission unmanaged,None
Microsoft Active Directory,Roos Dijkgraaf (500231),Roos Dijkgraaf,roos.dijkgraaf1,True,SEC-MFA-Enrolled (avo.local/Sample/Groups/SEC-MFA-Enrolled),,,Permission unmanaged,None
Microsoft Active Directory,Roos Dijkgraaf (500231),Roos Dijkgraaf,roos.dijkgraaf1,True,SEC-Endpoint-Protection (avo.local/Sample/Groups/SEC-Endpoint-Protection),,,Permission unmanaged,None
Microsoft Active Directory,Roos Dijkgraaf (500231),Roos Dijkgraaf,roos.dijkgraaf1,True,APP-Project (avo.local/Sample/Groups/APP-Project),,,Permission unmanaged,None
Microsoft Active Directory,Roos Dijkgraaf (500231),Roos Dijkgraaf,roos.dijkgraaf1,True,APP-Adobe-AcrobatPro (avo.local/Sample/Groups/APP-Adobe-AcrobatPro),,,Permission unmanaged,None
Microsoft Active Directory,Roos Dijkgraaf (500231),Roos Dijkgraaf,roos.dijkgraaf1,True,LIC-M365-E5 (avo.local/Sample/Groups/LIC-M365-E5),,,Permission unmanaged,None
Microsoft Active Directory,Hanna Uijlenbroek (500232),Hanna Uijlenbroek,hanna.uijlenbroek2,True,APP-CZ08-Begeleiding-Portal (avo.local/Sample/Groups/APP-CZ08-Begeleiding-Portal),,,Permission unmanaged,None
Microsoft Active Directory,Hanna Uijlenbroek (500232),Hanna Uijlenbroek,hanna.uijlenbroek2,True,TEAM-CZ08-Begeleiding (avo.local/Sample/Groups/TEAM-CZ08-Begeleiding),,,Permission unmanaged,None
Microsoft Active Directory,Hanna Uijlenbroek (500232),Hanna Uijlenbroek,hanna.uijlenbroek2,True,FS-CZ08-Begeleiding-RW (avo.local/Sample/Groups/FS-CZ08-Begeleiding-RW),,,Permission unmanaged,None
Microsoft Active Directory,Hanna Uijlenbroek (500232),Hanna Uijlenbroek,hanna.uijlenbroek2,True,APP-Selfservice (avo.local/Sample/Groups/APP-Selfservice),,,Permission unmanaged,None
Microsoft Active Directory,Hanna Uijlenbroek (500232),Hanna Uijlenbroek,hanna.uijlenbroek2,True,SEC-Antivirus (avo.local/Sample/Groups/SEC-Antivirus),,,Permission unmanaged,None
Microsoft Active Directory,Hanna Uijlenbroek (500232),Hanna Uijlenbroek,hanna.uijlenbroek2,True,SEC-DiskEncryption (avo.local/Sample/Groups/SEC-DiskEncryption),,,Permission unmanaged,None
Microsoft Active Directory,Hanna Uijlenbroek (500232),Hanna Uijlenbroek,hanna.uijlenbroek2,True,SEC-MFA-Enrolled (avo.local/Sample/Groups/SEC-MFA-Enrolled),,,Permission unmanaged,None
Microsoft Active Directory,Hanna Uijlenbroek (500232),Hanna Uijlenbroek,hanna.uijlenbroek2,True,LIC-M365-E3 (avo.local/Sample/Groups/LIC-M365-E3),,,Permission unmanaged,None
Microsoft Active Directory,Ursula Zomerdijk (500233),Ursula Zomerdijk,ursula.zomerdijk3,True,APP-COM05-Communicatie-Portal (avo.local/Sample/Groups/APP-COM05-Communicatie-Portal),,,Permission unmanaged,None
Microsoft Active Directory,Ursula Zomerdijk (500233),Ursula Zomerdijk,ursula.zomerdijk3,True,TEAM-COM05-Communicatie (avo.local/Sample/Groups/TEAM-COM05-Communicatie),,,Permission unmanaged,None
Microsoft Active Directory,Ursula Zomerdijk (500233),Ursula Zomerdijk,ursula.zomerdijk3,True,FS-COM05-Communicatie-RO (avo.local/Sample/Groups/FS-COM05-Communicatie-RO),,,Permission unmanaged,None
Microsoft Active Directory,Ursula Zomerdijk (500233),Ursula Zomerdijk,ursula.zomerdijk3,True,FS-COM05-Communicatie-RW (avo.local/Sample/Groups/FS-COM05-Communicatie-RW),,,Permission unmanaged,None
Microsoft Active Directory,Ursula Zomerdijk (500233),Ursula Zomerdijk,ursula.zomerdijk3,True,APP-Intranet (avo.local/Sample/Groups/APP-Intranet),,,Permission unmanaged,None
Microsoft Active Directory,Ursula Zomerdijk (500233),Ursula Zomerdijk,ursula.zomerdijk3,True,APP-Teams (avo.local/Sample/Groups/APP-Teams),,,Permission unmanaged,None
Microsoft Active Directory,Ursula Zomerdijk (500233),Ursula Zomerdijk,ursula.zomerdijk3,True,SEC-Antivirus (avo.local/Sample/Groups/SEC-Antivirus),,,Permission unmanaged,None
Microsoft Active Directory,Ursula Zomerdijk (500233),Ursula Zomerdijk,ursula.zomerdijk3,True,SEC-DiskEncryption (avo.local/Sample/Groups/SEC-DiskEncryption),,,Permission unmanaged,None
Microsoft Active Directory,Ursula Zomerdijk (500233),Ursula Zomerdijk,ursula.zomerdijk3,True,SEC-MFA-Enrolled (avo.local/Sample/Groups/SEC-MFA-Enrolled),,,Permission unmanaged,None
Microsoft Active Directory,Ursula Zomerdijk (500233),Ursula Zomerdijk,ursula.zomerdijk3,True,SEC-Endpoint-Protection (avo.local/Sample/Groups/SEC-Endpoint-Protection),,,Permission unmanaged,None
Microsoft Active Directory,Ursula Zomerdijk (500233),Ursula Zomerdijk,ursula.zomerdijk3,True,LIC-M365-E1 (avo.local/Sample/Groups/LIC-M365-E1),,,Permission unmanaged,None
Microsoft Active Directory,,Service CA010-Thuiszorg,svc-ca0104,True,,,,Account unmanaged,None
Microsoft Active Directory,,Service CA010-Thuiszorg,svc-ca0104,True,SRV-RDP-Beheerservers (avo.local/Sample/Groups/SRV-RDP-Beheerservers),,,Permission unmanaged,None
Microsoft Active Directory,,Finn Oosterhuis,finn.oosterhuis5,True,,,,Account unmanaged,None
Microsoft Active Directory,,Finn Oosterhuis,finn.oosterhuis5,True,FS-INK08-Inkoop-RO (avo.local/Sample/Groups/FS-INK08-Inkoop-RO),,,Permission unmanaged,None
Microsoft Active Directory,,Finn Oosterhuis,finn.oosterhuis5,True,FS-INK08-Inkoop-RW (avo.local/Sample/Groups/FS-INK08-Inkoop-RW),,,Permission unmanaged,None
Microsoft Active Directory,,Finn Oosterhuis,finn.oosterhuis5,True,ROLE-INK08-Inkoop (avo.local/Sample/Groups/ROLE-INK08-Inkoop),,,Permission unmanaged,None
Microsoft Active Directory,,Finn Oosterhuis,finn.oosterhuis5,True,APP-INK08-Inkoop-Portal (avo.local/Sample/Groups/APP-INK08-Inkoop-Portal),,,Permission unmanaged,None
Microsoft Active Directory,,Finn Oosterhuis,finn.oosterhuis5,True,MBX-INK08-Inkoop (avo.local/Sample/Groups/MBX-INK08-Inkoop),,,Permission unmanaged,None
Microsoft Active Directory,,Finn Oosterhuis,finn.oosterhuis5,True,APP-Planner (avo.local/Sample/Groups/APP-Planner),,,Permission unmanaged,None
Microsoft Active Directory,,Finn Oosterhuis,finn.oosterhuis5,True,SEC-Antivirus (avo.local/Sample/Groups/SEC-Antivirus),,,Permission unmanaged,None
Microsoft Active Directory,,Finn Oosterhuis,finn.oosterhuis5,True,SEC-DiskEncryption (avo.local/Sample/Groups/SEC-DiskEncryption),,,Permission unmanaged,None
Microsoft Active Directory,,Finn Oosterhuis,finn.oosterhuis5,True,SEC-MFA-Enrolled (avo.local/Sample/Groups/SEC-MFA-Enrolled),,,Permission unmanaged,None
Microsoft Active Directory,,Finn Oosterhuis,finn.oosterhuis5,True,SEC-Endpoint-Protection (avo.local/Sample/Groups/SEC-Endpoint-Protection),,,Permission unmanaged,None
Microsoft Active Directory,,Finn Oosterhuis,finn.oosterhuis5,True,APP-Copilot (avo.local/Sample/Groups/APP-Copilot),,,Permission unmanaged,None
Microsoft Active Directory,,Finn Oosterhuis,finn.oosterhuis5,True,LIC-M365-E3 (avo.local/Sample/Groups/LIC-M365-E3),,,Permission unmanaged,None
Microsoft Active Directory,,Finn Oosterhuis,finn.oosterhuis5,True,LIC-M365-F3 (avo.local/Sample/Groups/LIC-M365-F3),,,Permission unmanaged,None
Microsoft Active Directory,Jasper Elzinga (500236),Jasper Elzinga,jasper.elzinga6,True,FS-ZRG06-Wijkzorg-RO (avo.local/Sample/Groups/FS-ZRG06-Wijkzorg-RO),,,Permission unmanaged,None
Microsoft Active Directory,Jasper Elzinga (500236),Jasper Elzinga,jasper.elzinga6,True,FS-ZRG06-Wijkzorg-RW (avo.local/Sample/Groups/FS-ZRG06-Wijkzorg-RW),,,Permission unmanaged,None
Microsoft Active Directory,Jasper Elzinga (500236),Jasper Elzinga,jasper.elzinga6,True,APP-ZRG06-Wijkzorg-Portal (avo.local/Sample/Groups/APP-ZRG06-Wijkzorg-Portal),,,Permission unmanaged,None
Microsoft Active Directory,Jasper Elzinga (500236),Jasper Elzinga,jasper.elzinga6,True,ROLE-ZRG06-Wijkzorg (avo.local/Sample/Groups/ROLE-ZRG06-Wijkzorg),,,Permission unmanaged,None
Microsoft Active Directory,Jasper Elzinga (500236),Jasper Elzinga,jasper.elzinga6,True,MBX-ZRG06-Wijkzorg (avo.local/Sample/Groups/MBX-ZRG06-Wijkzorg),,,Permission unmanaged,None
Microsoft Active Directory,Jasper Elzinga (500236),Jasper Elzinga,jasper.elzinga6,True,TEAM-ZRG06-Wijkzorg (avo.local/Sample/Groups/TEAM-ZRG06-Wijkzorg),,,Permission unmanaged,None
Microsoft Active Directory,Jasper Elzinga (500236),Jasper Elzinga,jasper.elzinga6,True,APP-Intranet (avo.local/Sample/Groups/APP-Intranet),,,Permission unmanaged,None
Microsoft Active Directory,Jasper Elzinga (500236),Jasper Elzinga,jasper.elzinga6,True,WIFI-Personeel (avo.local/Sample/Groups/WIFI-Personeel),,,Permission unmanaged,None
Microsoft Active Directory,Jasper Elzinga (500236),Jasper Elzinga,jasper.elzinga6,True,VPN-Thuiswerken (avo.local/Sample/Groups/VPN-Thuiswerken),,,Permission unmanaged,None
Microsoft Active Directory,Jasper Elzinga (500236),Jasper Elzinga,jasper.elzinga6,True,SEC-Antivirus (avo.local/Sample/Groups/SEC-Antivirus),,,Permission unmanaged,None
Microsoft Active Directory,Jasper Elzinga (500236),Jasper Elzinga,jasper.elzinga6,True,SEC-DiskEncryption (avo.local/Sample/Groups/SEC-DiskEncryption),,,Permission unmanaged,None
Microsoft Active Directory,Jasper Elzinga (500236),Jasper Elzinga,jasper.elzinga6,True,SEC-MFA-Enrolled (avo.local/Sample/Groups/SEC-MFA-Enrolled),,,Permission unmanaged,None
Microsoft Active Directory,Jasper Elzinga (500236),Jasper Elzinga,jasper.elzinga6,True,LIC-M365-E3 (avo.local/Sample/Groups/LIC-M365-E3),,,Permission unmanaged,None
Microsoft Active Directory,,Sem Quaedvlieg,sem.quaedvlieg7,False,,,,Account unmanaged,Excluded
Microsoft Active Directory,,Sem Quaedvlieg,sem.quaedvlieg7,False,ROLE-ICT03-Techniek (avo.local/Sample/Groups/ROLE-ICT03-Techniek),,,Permission unmanaged,None
Microsoft Active Directory,,Sem Quaedvlieg,sem.quaedvlieg7,False,TEAM-ICT03-Techniek (avo.local/Sample/Groups/TEAM-ICT03-Techniek),,,Permission unmanaged,None
Microsoft Active Directory,,Sem Quaedvlieg,sem.quaedvlieg7,False,FS-ICT03-Techniek-RO (avo.local/Sample/Groups/FS-ICT03-Techniek-RO),,,Permission unmanaged,None
Microsoft Active Directory,,Sem Quaedvlieg,sem.quaedvlieg7,False,APP-Intranet (avo.local/Sample/Groups/APP-Intranet),,,Permission unmanaged,None
Microsoft Active Directory,,Sem Quaedvlieg,sem.quaedvlieg7,False,PRINT-Default (avo.local/Sample/Groups/PRINT-Default),,,Permission unmanaged,None
Microsoft Active Directory,,Sem Quaedvlieg,sem.quaedvlieg7,False,SEC-Antivirus (avo.local/Sample/Groups/SEC-Antivirus),,,Permission unmanaged,None
Microsoft Active Directory,,Sem Quaedvlieg,sem.quaedvlieg7,False,SEC-DiskEncryption (avo.local/Sample/Groups/SEC-DiskEncryption),,,Permission unmanaged,None
Microsoft Active Directory,,Sem Quaedvlieg,sem.quaedvlieg7,False,SEC-MFA-Enrolled (avo.local/Sample/Groups/SEC-MFA-Enrolled),,,Permission unmanaged,None
Microsoft Active Directory,,Sem Quaedvlieg,sem.quaedvlieg7,False,SEC-Endpoint-Protection (avo.local/Sample/Groups/SEC-Endpoint-Protection),,,Permission unmanaged,None
Microsoft Active Directory,,Sem Quaedvlieg,sem.quaedvlieg7,False,APP-Project (avo.local/Sample/Groups/APP-Project),,,Permission unmanaged,None
Microsoft Active Directory,,Sem Quaedvlieg,sem.quaedvlieg7,False,APP-Adobe-AcrobatPro (avo.local/Sample/Groups/APP-Adobe-AcrobatPro),,,Permission unmanaged,None
Microsoft Active Directory,,Sem Quaedvlieg,sem.quaedvlieg7,False,LIC-M365-E5 (avo.local/Sample/Groups/LIC-M365-E5),,,Permission unmanaged,None
Microsoft Active Directory,Roos Fokkema (500238),Roos Fokkema,roos.fokkema8,True,ROLE-ZRG06-Wijkzorg (avo.local/Sample/Groups/ROLE-ZRG06-Wijkzorg),,,Permission unmanaged,None
Microsoft Active Directory,Roos Fokkema (500238),Roos Fokkema,roos.fokkema8,True,MBX-ZRG06-Wijkzorg (avo.local/Sample/Groups/MBX-ZRG06-Wijkzorg),,,Permission unmanaged,None
Microsoft Active Directory,Roos Fokkema (500238),Roos Fokkema,roos.fokkema8,True,APP-Intranet (avo.local/Sample/Groups/APP-Intranet),,,Permission unmanaged,None
Microsoft Active Directory,Roos Fokkema (500238),Roos Fokkema,roos.fokkema8,True,WIFI-Personeel (avo.local/Sample/Groups/WIFI-Personeel),,,Permission unmanaged,None
Microsoft Active Directory,Roos Fokkema (500238),Roos Fokkema,roos.fokkema8,True,SEC-Antivirus (avo.local/Sample/Groups/SEC-Antivirus),,,Permission unmanaged,None
Microsoft Active Directory,Roos Fokkema (500238),Roos Fokkema,roos.fokkema8,True,SEC-DiskEncryption (avo.local/Sample/Groups/SEC-DiskEncryption),,,Permission unmanaged,None
Microsoft Active Directory,Roos Fokkema (500238),Roos Fokkema,roos.fokkema8,True,SEC-MFA-Enrolled (avo.local/Sample/Groups/SEC-MFA-Enrolled),,,Permission unmanaged,None
Microsoft Active Directory,Roos Fokkema (500238),Roos Fokkema,roos.fokkema8,True,SEC-Endpoint-Protection (avo.local/Sample/Groups/SEC-Endpoint-Protection),,,Permission unmanaged,None
Microsoft Active Directory,Roos Fokkema (500238),Roos Fokkema,roos.fokkema8,True,LIC-M365-F3 (avo.local/Sample/Groups/LIC-M365-F3),,,Permission unmanaged,None
Microsoft Active Directory,Daan Vroegindeweij (500239),Daan Vroegindeweij,daan.vroegindeweij9,True,MBX-CZ08-Begeleiding (avo.local/Sample/Groups/MBX-CZ08-Begeleiding),,,Permission unmanaged,None
Microsoft Active Directory,Daan Vroegindeweij (500239),Daan Vroegindeweij,daan.vroegindeweij9,True,FS-CZ08-Begeleiding-RW (avo.local/Sample/Groups/FS-CZ08-Begeleiding-RW),,,Permission unmanaged,None
Microsoft Active Directory,Daan Vroegindeweij (500239),Daan Vroegindeweij,daan.vroegindeweij9,True,APP-CZ08-Begeleiding-Portal (avo.local/Sample/Groups/APP-CZ08-Begeleiding-Portal),,,Permission unmanaged,None
Microsoft Active Directory,Daan Vroegindeweij (500239),Daan Vroegindeweij,daan.vroegindeweij9,True,TEAM-CZ08-Begeleiding (avo.local/Sample/Groups/TEAM-CZ08-Begeleiding),,,Permission unmanaged,None
Microsoft Active Directory,Daan Vroegindeweij (500239),Daan Vroegindeweij,daan.vroegindeweij9,True,APP-Planner (avo.local/Sample/Groups/APP-Planner),,,Permission unmanaged,None
Microsoft Active Directory,Daan Vroegindeweij (500239),Daan Vroegindeweij,daan.vroegindeweij9,True,APP-Intranet (avo.local/Sample/Groups/APP-Intranet),,,Permission unmanaged,None
Microsoft Active Directory,Daan Vroegindeweij (500239),Daan Vroegindeweij,daan.vroegindeweij9,True,APP-Selfservice (avo.local/Sample/Groups/APP-Selfservice),,,Permission unmanaged,None
Microsoft Active Directory,Daan Vroegindeweij (500239),Daan Vroegindeweij,daan.vroegindeweij9,True,WIFI-Personeel (avo.local/Sample/Groups/WIFI-Personeel),,,Permission unmanaged,None
Microsoft Active Directory,Daan Vroegindeweij (500239),Daan Vroegindeweij,daan.vroegindeweij9,True,VPN-Thuiswerken (avo.local/Sample/Groups/VPN-Thuiswerken),,,Permission unmanaged,None
Microsoft Active Directory,Daan Vroegindeweij (500239),Daan Vroegindeweij,daan.vroegindeweij9,True,SEC-Antivirus (avo.local/Sample/Groups/SEC-Antivirus),,,Permission unmanaged,None
Microsoft Active Directory,Daan Vroegindeweij (500239),Daan Vroegindeweij,daan.vroegindeweij9,True,SEC-DiskEncryption (avo.local/Sample/Groups/SEC-DiskEncryption),,,Permission unmanaged,None
Microsoft Active Directory,Daan Vroegindeweij (500239),Daan Vroegindeweij,daan.vroegindeweij9,True,SEC-MFA-Enrolled (avo.local/Sample/Groups/SEC-MFA-Enrolled),,,Permission unmanaged,None
Microsoft Active Directory,Daan Vroegindeweij (500239),Daan Vroegindeweij,daan.vroegindeweij9,True,SEC-Endpoint-Protection (avo.local/Sample/Groups/SEC-Endpoint-Protection),,,Permission unmanaged,None
Microsoft Active Directory,Daan Vroegindeweij (500239),Daan Vroegindeweij,daan.vroegindeweij9,True,APP-Visio (avo.local/Sample/Groups/APP-Visio),,,Permission unmanaged,None
Microsoft Active Directory,Daan Vroegindeweij (500239),Daan Vroegindeweij,daan.vroegindeweij9,True,APP-Copilot (avo.local/Sample/Groups/APP-Copilot),,,Permission unmanaged,None
Microsoft Active Directory,Daan Vroegindeweij (500239),Daan Vroegindeweij,daan.vroegindeweij9,True,LIC-M365-E1 (avo.local/Sample/Groups/LIC-M365-E1),,,Permission unmanaged,None
Microsoft Active Directory,Pien Berkhout (500240),Pien Berkhout,pien.berkhout10,True,TEAM-INK08-Inkoop (avo.local/Sample/Groups/TEAM-INK08-Inkoop),,,Permission unmanaged,None
Microsoft Active Directory,Pien Berkhout (500240),Pien Berkhout,pien.berkhout10,True,FS-INK08-Inkoop-RO (avo.local/Sample/Groups/FS-INK08-Inkoop-RO),,,Permission unmanaged,None
Microsoft Active Directory,Pien Berkhout (500240),Pien Berkhout,pien.berkhout10,True,MBX-INK08-Inkoop (avo.local/Sample/Groups/MBX-INK08-Inkoop),,,Permission unmanaged,None
Microsoft Active Directory,Pien Berkhout (500240),Pien Berkhout,pien.berkhout10,True,ROLE-INK08-Inkoop (avo.local/Sample/Groups/ROLE-INK08-Inkoop),,,Permission unmanaged,None
Microsoft Active Directory,Pien Berkhout (500240),Pien Berkhout,pien.berkhout10,True,APP-Teams (avo.local/Sample/Groups/APP-Teams),,,Permission unmanaged,None
Microsoft Active Directory,Pien Berkhout (500240),Pien Berkhout,pien.berkhout10,True,APP-Selfservice (avo.local/Sample/Groups/APP-Selfservice),,,Permission unmanaged,None
Microsoft Active Directory,Pien Berkhout (500240),Pien Berkhout,pien.berkhout10,True,APP-Intranet (avo.local/Sample/Groups/APP-Intranet),,,Permission unmanaged,None
Microsoft Active Directory,Pien Berkhout (500240),Pien Berkhout,pien.berkhout10,True,VPN-Thuiswerken (avo.local/Sample/Groups/VPN-Thuiswerken),,,Permission unmanaged,None
Microsoft Active Directory,Pien Berkhout (500240),Pien Berkhout,pien.berkhout10,True,WIFI-Personeel (avo.local/Sample/Groups/WIFI-Personeel),,,Permission unmanaged,None
Microsoft Active Directory,Pien Berkhout (500240),Pien Berkhout,pien.berkhout10,True,SEC-Antivirus (avo.local/Sample/Groups/SEC-Antivirus),,,Permission unmanaged,None
Microsoft Active Directory,Pien Berkhout (500240),Pien Berkhout,pien.berkhout10,True,SEC-DiskEncryption (avo.local/Sample/Groups/SEC-DiskEncryption),,,Permission unmanaged,None
Microsoft Active Directory,Pien Berkhout (500240),Pien Berkhout,pien.berkhout10,True,SEC-MFA-Enrolled (avo.local/Sample/Groups/SEC-MFA-Enrolled),,,Permission unmanaged,None
Microsoft Active Directory,Pien Berkhout (500240),Pien Berkhout,pien.berkhout10,True,SEC-Endpoint-Protection (avo.local/Sample/Groups/SEC-Endpoint-Protection),,,Permission unmanaged,None
Microsoft Active Directory,Pien Berkhout (500240),Pien Berkhout,pien.berkhout10,True,APP-Project (avo.local/Sample/Groups/APP-Project),,,Permission unmanaged,None
Microsoft Active Directory,Pien Berkhout (500240),Pien Berkhout,pien.berkhout10,True,APP-Visio (avo.local/Sample/Groups/APP-Visio),,,Permission unmanaged,None
Microsoft Active Directory,Pien Berkhout (500240),Pien Berkhout,pien.berkhout10,True,LIC-M365-E1 (avo.local/Sample/Groups/LIC-M365-E1),,,Permission unmanaged,None
Microsoft Active Directory,Gijs Uijlenbroek (500241),Gijs Uijlenbroek,gijs.uijlenbroek11,True,TEAM-HRM02-Personeel (avo.local/Sample/Groups/TEAM-HRM02-Personeel),,,Permission unmanaged,None
Microsoft Active Directory,Gijs Uijlenbroek (500241),Gijs Uijlenbroek,gijs.uijlenbroek11,True,MBX-HRM02-Personeel (avo.local/Sample/Groups/MBX-HRM02-Personeel),,,Permission unmanaged,None
Microsoft Active Directory,Gijs Uijlenbroek (500241),Gijs Uijlenbroek,gijs.uijlenbroek11,True,APP-HRM02-Personeel-Portal (avo.local/Sample/Groups/APP-HRM02-Personeel-Portal),,,Permission unmanaged,None
Microsoft Active Directory,Gijs Uijlenbroek (500241),Gijs Uijlenbroek,gijs.uijlenbroek11,True,FS-HRM02-Personeel-RW (avo.local/Sample/Groups/FS-HRM02-Personeel-RW),,,Permission unmanaged,None
Microsoft Active Directory,Gijs Uijlenbroek (500241),Gijs Uijlenbroek,gijs.uijlenbroek11,True,ROLE-HRM02-Personeel (avo.local/Sample/Groups/ROLE-HRM02-Personeel),,,Permission unmanaged,None
Microsoft Active Directory,Gijs Uijlenbroek (500241),Gijs Uijlenbroek,gijs.uijlenbroek11,True,FS-HRM02-Personeel-RO (avo.local/Sample/Groups/FS-HRM02-Personeel-RO),,,Permission unmanaged,None
Microsoft Active Directory,Gijs Uijlenbroek (500241),Gijs Uijlenbroek,gijs.uijlenbroek11,True,APP-Planner (avo.local/Sample/Groups/APP-Planner),,,Permission unmanaged,None
Microsoft Active Directory,Gijs Uijlenbroek (500241),Gijs Uijlenbroek,gijs.uijlenbroek11,True,APP-Teams (avo.local/Sample/Groups/APP-Teams),,,Permission unmanaged,None
Microsoft Active Directory,Gijs Uijlenbroek (500241),Gijs Uijlenbroek,gijs.uijlenbroek11,True,WIFI-Personeel (avo.local/Sample/Groups/WIFI-Personeel),,,Permission unmanaged,None
Microsoft Active Directory,Gijs Uijlenbroek (500241),Gijs Uijlenbroek,gijs.uijlenbroek11,True,PRINT-Default (avo.local/Sample/Groups/PRINT-Default),,,Permission unmanaged,None
Microsoft Active Directory,Gijs Uijlenbroek (500241),Gijs Uijlenbroek,gijs.uijlenbroek11,True,SEC-Antivirus (avo.local/Sample/Groups/SEC-Antivirus),,,Permission unmanaged,None
Microsoft Active Directory,Gijs Uijlenbroek (500241),Gijs Uijlenbroek,gijs.uijlenbroek11,True,SEC-MFA-Enrolled (avo.local/Sample/Groups/SEC-MFA-Enrolled),,,Permission unmanaged,None
Microsoft Active Directory,Gijs Uijlenbroek (500241),Gijs Uijlenbroek,gijs.uijlenbroek11,True,SEC-Endpoint-Protection (avo.local/Sample/Groups/SEC-Endpoint-Protection),,,Permission unmanaged,None
Microsoft Active Directory,Gijs Uijlenbroek (500241),Gijs Uijlenbroek,gijs.uijlenbroek11,True,APP-Adobe-AcrobatPro (avo.local/Sample/Groups/APP-Adobe-AcrobatPro),,,Permission unmanaged,None
Microsoft Active Directory,Gijs Uijlenbroek (500241),Gijs Uijlenbroek,gijs.uijlenbroek11,True,LIC-M365-E5 (avo.local/Sample/Groups/LIC-M365-E5),,,Permission unmanaged,None
Microsoft Active Directory,Noa Jonker (500242),Noa Jonker,noa.jonker12,True,FS-HRM02-Personeel-RO (avo.local/Sample/Groups/FS-HRM02-Personeel-RO),,,Permission unmanaged,None
Microsoft Active Directory,Noa Jonker (500242),Noa Jonker,noa.jonker12,True,APP-HRM02-Personeel-Portal (avo.local/Sample/Groups/APP-HRM02-Personeel-Portal),,,Permission unmanaged,None
Microsoft Active Directory,Noa Jonker (500242),Noa Jonker,noa.jonker12,True,FS-HRM02-Personeel-RW (avo.local/Sample/Groups/FS-HRM02-Personeel-RW),,,Permission unmanaged,None
Microsoft Active Directory,Noa Jonker (500242),Noa Jonker,noa.jonker12,True,TEAM-HRM02-Personeel (avo.local/Sample/Groups/TEAM-HRM02-Personeel),,,Permission unmanaged,None
Microsoft Active Directory,Noa Jonker (500242),Noa Jonker,noa.jonker12,True,ROLE-HRM02-Personeel (avo.local/Sample/Groups/ROLE-HRM02-Personeel),,,Permission unmanaged,None
Microsoft Active Directory,Noa Jonker (500242),Noa Jonker,noa.jonker12,True,MBX-HRM02-Personeel (avo.local/Sample/Groups/MBX-HRM02-Personeel),,,Permission unmanaged,None
Microsoft Active Directory,Noa Jonker (500242),Noa Jonker,noa.jonker12,True,APP-Selfservice (avo.local/Sample/Groups/APP-Selfservice),,,Permission unmanaged,None
Microsoft Active Directory,Noa Jonker (500242),Noa Jonker,noa.jonker12,True,APP-Intranet (avo.local/Sample/Groups/APP-Intranet),,,Permission unmanaged,None
Microsoft Active Directory,Noa Jonker (500242),Noa Jonker,noa.jonker12,True,VPN-Thuiswerken (avo.local/Sample/Groups/VPN-Thuiswerken),,,Permission unmanaged,None
Microsoft Active Directory,Noa Jonker (500242),Noa Jonker,noa.jonker12,True,PRINT-Default (avo.local/Sample/Groups/PRINT-Default),,,Permission unmanaged,None
Microsoft Active Directory,Noa Jonker (500242),Noa Jonker,noa.jonker12,True,SEC-Antivirus (avo.local/Sample/Groups/SEC-Antivirus),,,Permission unmanaged,None
Microsoft Active Directory,Noa Jonker (500242),Noa Jonker,noa.jonker12,True,SEC-DiskEncryption (avo.local/Sample/Groups/SEC-DiskEncryption),,,Permission unmanaged,None
Microsoft Active Directory,Noa Jonker (500242),Noa Jonker,noa.jonker12,True,SEC-MFA-Enrolled (avo.local/Sample/Groups/SEC-MFA-Enrolled),,,Permission unmanaged,None
Microsoft Active Directory,Noa Jonker (500242),Noa Jonker,noa.jonker12,True,LIC-M365-E1 (avo.local/Sample/Groups/LIC-M365-E1),,,Permission unmanaged,None
Microsoft Active Directory,Anne Uijlenbroek (500243),Anne Uijlenbroek,anne.uijlenbroek13,True,TEAM-ICT03-Techniek (avo.local/Sample/Groups/TEAM-ICT03-Techniek),,,Permission unmanaged,None
Microsoft Active Directory,Anne Uijlenbroek (500243),Anne Uijlenbroek,anne.uijlenbroek13,True,ROLE-ICT03-Techniek (avo.local/Sample/Groups/ROLE-ICT03-Techniek),,,Permission unmanaged,None
Microsoft Active Directory,Anne Uijlenbroek (500243),Anne Uijlenbroek,anne.uijlenbroek13,True,APP-ICT03-Techniek-Portal (avo.local/Sample/Groups/APP-ICT03-Techniek-Portal),,,Permission unmanaged,None
Microsoft Active Directory,Anne Uijlenbroek (500243),Anne Uijlenbroek,anne.uijlenbroek13,True,FS-ICT03-Techniek-RO (avo.local/Sample/Groups/FS-ICT03-Techniek-RO),,,Permission unmanaged,None
Microsoft Active Directory,Anne Uijlenbroek (500243),Anne Uijlenbroek,anne.uijlenbroek13,True,FS-ICT03-Techniek-RW (avo.local/Sample/Groups/FS-ICT03-Techniek-RW),,,Permission unmanaged,None
Microsoft Active Directory,Anne Uijlenbroek (500243),Anne Uijlenbroek,anne.uijlenbroek13,True,MBX-ICT03-Techniek (avo.local/Sample/Groups/MBX-ICT03-Techniek),,,Permission unmanaged,None
Microsoft Active Directory,Anne Uijlenbroek (500243),Anne Uijlenbroek,anne.uijlenbroek13,True,APP-Teams (avo.local/Sample/Groups/APP-Teams),,,Permission unmanaged,None
Microsoft Active Directory,Anne Uijlenbroek (500243),Anne Uijlenbroek,anne.uijlenbroek13,True,APP-Planner (avo.local/Sample/Groups/APP-Planner),,,Permission unmanaged,None
Microsoft Active Directory,Anne Uijlenbroek (500243),Anne Uijlenbroek,anne.uijlenbroek13,True,SEC-DiskEncryption (avo.local/Sample/Groups/SEC-DiskEncryption),,,Permission unmanaged,None
Microsoft Active Directory,Anne Uijlenbroek (500243),Anne Uijlenbroek,anne.uijlenbroek13,True,SEC-MFA-Enrolled (avo.local/Sample/Groups/SEC-MFA-Enrolled),,,Permission unmanaged,None
Microsoft Active Directory,Anne Uijlenbroek (500243),Anne Uijlenbroek,anne.uijlenbroek13,True,SEC-Endpoint-Protection (avo.local/Sample/Groups/SEC-Endpoint-Protection),,,Permission unmanaged,None
Microsoft Active Directory,Anne Uijlenbroek (500243),Anne Uijlenbroek,anne.uijlenbroek13,True,LIC-M365-E3 (avo.local/Sample/Groups/LIC-M365-E3),,,Permission unmanaged,None
Microsoft Active Directory,Xander Jonker (500244),Xander Jonker,xander.jonker14,True,MBX-ZRG06-Wijkzorg (avo.local/Sample/Groups/MBX-ZRG06-Wijkzorg),,,Permission unmanaged,None
Microsoft Active Directory,Xander Jonker (500244),Xander Jonker,xander.jonker14,True,APP-ZRG06-Wijkzorg-Portal (avo.local/Sample/Groups/APP-ZRG06-Wijkzorg-Portal),,,Permission unmanaged,None
Microsoft Active Directory,Xander Jonker (500244),Xander Jonker,xander.jonker14,True,TEAM-ZRG06-Wijkzorg (avo.local/Sample/Groups/TEAM-ZRG06-Wijkzorg),,,Permission unmanaged,None
Microsoft Active Directory,Xander Jonker (500244),Xander Jonker,xander.jonker14,True,APP-Teams (avo.local/Sample/Groups/APP-Teams),,,Permission unmanaged,None
Microsoft Active Directory,Xander Jonker (500244),Xander Jonker,xander.jonker14,True,VPN-Thuiswerken (avo.local/Sample/Groups/VPN-Thuiswerken),,,Permission unmanaged,None
Microsoft Active Directory,Xander Jonker (500244),Xander Jonker,xander.jonker14,True,PRINT-Default (avo.local/Sample/Groups/PRINT-Default),,,Permission unmanaged,None
Microsoft Active Directory,Xander Jonker (500244),Xander Jonker,xander.jonker14,True,SEC-Antivirus (avo.local/Sample/Groups/SEC-Antivirus),,,Permission unmanaged,None
Microsoft Active Directory,Xander Jonker (500244),Xander Jonker,xander.jonker14,True,SEC-MFA-Enrolled (avo.local/Sample/Groups/SEC-MFA-Enrolled),,,Permission unmanaged,None
Microsoft Active Directory,Xander Jonker (500244),Xander Jonker,xander.jonker14,True,SEC-Endpoint-Protection (avo.local/Sample/Groups/SEC-Endpoint-Protection),,,Permission unmanaged,None
Microsoft Active Directory,Xander Jonker (500244),Xander Jonker,xander.jonker14,True,APP-PowerBI-Pro (avo.local/Sample/Groups/APP-PowerBI-Pro),,,Permission unmanaged,None
Microsoft Active Directory,Xander Jonker (500244),Xander Jonker,xander.jonker14,True,APP-Copilot (avo.local/Sample/Groups/APP-Copilot),,,Permission unmanaged,None
Microsoft Active Directory,Xander Jonker (500244),Xander Jonker,xander.jonker14,True,LIC-M365-E1 (avo.local/Sample/Groups/LIC-M365-E1),,,Permission unmanaged,None
Microsoft Active Directory,Finn Vroegindeweij (500245),Finn Vroegindeweij,finn.vroegindeweij15,True,APP-KWA07-Kwaliteit-Portal (avo.local/Sample/Groups/APP-KWA07-Kwaliteit-Portal),,,Permission unmanaged,None
Microsoft Active Directory,Finn Vroegindeweij (500245),Finn Vroegindeweij,finn.vroegindeweij15,True,MBX-KWA07-Kwaliteit (avo.local/Sample/Groups/MBX-KWA07-Kwaliteit),,,Permission unmanaged,None
Microsoft Active Directory,Finn Vroegindeweij (500245),Finn Vroegindeweij,finn.vroegindeweij15,True,ROLE-KWA07-Kwaliteit (avo.local/Sample/Groups/ROLE-KWA07-Kwaliteit),,,Permission unmanaged,None
Microsoft Active Directory,Finn Vroegindeweij (500245),Finn Vroegindeweij,finn.vroegindeweij15,True,FS-KWA07-Kwaliteit-RW (avo.local/Sample/Groups/FS-KWA07-Kwaliteit-RW),,,Permission unmanaged,None
Microsoft Active Directory,Finn Vroegindeweij (500245),Finn Vroegindeweij,finn.vroegindeweij15,True,FS-KWA07-Kwaliteit-RO (avo.local/Sample/Groups/FS-KWA07-Kwaliteit-RO),,,Permission unmanaged,None
Microsoft Active Directory,Finn Vroegindeweij (500245),Finn Vroegindeweij,finn.vroegindeweij15,True,TEAM-KWA07-Kwaliteit (avo.local/Sample/Groups/TEAM-KWA07-Kwaliteit),,,Permission unmanaged,None
Microsoft Active Directory,Finn Vroegindeweij (500245),Finn Vroegindeweij,finn.vroegindeweij15,True,APP-Intranet (avo.local/Sample/Groups/APP-Intranet),,,Permission unmanaged,None
Microsoft Active Directory,Finn Vroegindeweij (500245),Finn Vroegindeweij,finn.vroegindeweij15,True,APP-Office365 (avo.local/Sample/Groups/APP-Office365),,,Permission unmanaged,None
Microsoft Active Directory,Finn Vroegindeweij (500245),Finn Vroegindeweij,finn.vroegindeweij15,True,APP-Teams (avo.local/Sample/Groups/APP-Teams),,,Permission unmanaged,None
Microsoft Active Directory,Finn Vroegindeweij (500245),Finn Vroegindeweij,finn.vroegindeweij15,True,SEC-Antivirus (avo.local/Sample/Groups/SEC-Antivirus),,,Permission unmanaged,None
Microsoft Active Directory,Finn Vroegindeweij (500245),Finn Vroegindeweij,finn.vroegindeweij15,True,SEC-DiskEncryption (avo.local/Sample/Groups/SEC-DiskEncryption),,,Permission unmanaged,None
Microsoft Active Directory,Finn Vroegindeweij (500245),Finn Vroegindeweij,finn.vroegindeweij15,True,SEC-MFA-Enrolled (avo.local/Sample/Groups/SEC-MFA-Enrolled),,,Permission unmanaged,None
Microsoft Active Directory,Finn Vroegindeweij (500245),Finn Vroegindeweij,finn.vroegindeweij15,True,SEC-Endpoint-Protection (avo.local/Sample/Groups/SEC-Endpoint-Protection),,,Permission unmanaged,None
Microsoft Active Directory,Finn Vroegindeweij (500245),Finn Vroegindeweij,finn.vroegindeweij15,True,LIC-M365-F3 (avo.local/Sample/Groups/LIC-M365-F3),,,Permission unmanaged,None
Microsoft Active Directory,Finn Vroegindeweij (500245),Finn Vroegindeweij,finn.vroegindeweij15,True,TEAM-HRM02-Personeel (avo.local/Sample/Groups/TEAM-HRM02-Personeel),,,Permission unmanaged,None
Microsoft Active Directory,Finn Vroegindeweij (500245),Finn Vroegindeweij,finn.vroegindeweij15,True,ROLE-HRM02-Personeel (avo.local/Sample/Groups/ROLE-HRM02-Personeel),,,Permission unmanaged,None
Microsoft Active Directory,Finn Vroegindeweij (500245),Finn Vroegindeweij,finn.vroegindeweij15,True,FS-HRM02-Personeel-RW (avo.local/Sample/Groups/FS-HRM02-Personeel-RW),,,Permission unmanaged,None
Microsoft Active Directory,Finn Vroegindeweij (500245),Finn Vroegindeweij,finn.vroegindeweij15,True,ROLE-ICT03-Techniek (avo.local/Sample/Groups/ROLE-ICT03-Techniek),,,Permission unmanaged,None
Microsoft Active Directory,Finn Vroegindeweij (500245),Finn Vroegindeweij,finn.vroegindeweij15,True,FS-ICT03-Techniek-RO (avo.local/Sample/Groups/FS-ICT03-Techniek-RO),,,Permission unmanaged,None
Microsoft Active Directory,Finn Vroegindeweij (500245),Finn Vroegindeweij,finn.vroegindeweij15,True,TEAM-ICT03-Techniek (avo.local/Sample/Groups/TEAM-ICT03-Techniek),,,Permission unmanaged,None
Microsoft Active Directory,Finn Vroegindeweij (500245),Finn Vroegindeweij,finn.vroegindeweij15,True,APP-FAC04-Facilitair-Portal (avo.local/Sample/Groups/APP-FAC04-Facilitair-Portal),,,Permission unmanaged,None
Microsoft Active Directory,Finn Vroegindeweij (500245),Finn Vroegindeweij,finn.vroegindeweij15,True,MBX-FAC04-Facilitair (avo.local/Sample/Groups/MBX-FAC04-Facilitair),,,Permission unmanaged,None
Microsoft Active Directory,Finn Vroegindeweij (500245),Finn Vroegindeweij,finn.vroegindeweij15,True,FS-FAC04-Facilitair-RW (avo.local/Sample/Groups/FS-FAC04-Facilitair-RW),,,Permission unmanaged,None
Microsoft Active Directory,Anne Muijs (500246),Anne Muijs,anne.muijs16,True,FS-ZRG06-Wijkzorg-RO (avo.local/Sample/Groups/FS-ZRG06-Wijkzorg-RO),,,Permission unmanaged,None
Microsoft Active Directory,Anne Muijs (500246),Anne Muijs,anne.muijs16,True,ROLE-ZRG06-Wijkzorg (avo.local/Sample/Groups/ROLE-ZRG06-Wijkzorg),,,Permission unmanaged,None
Microsoft Active Directory,Anne Muijs (500246),Anne Muijs,anne.muijs16,True,APP-ZRG06-Wijkzorg-Portal (avo.local/Sample/Groups/APP-ZRG06-Wijkzorg-Portal),,,Permission unmanaged,None
Microsoft Active Directory,Anne Muijs (500246),Anne Muijs,anne.muijs16,True,FS-ZRG06-Wijkzorg-RW (avo.local/Sample/Groups/FS-ZRG06-Wijkzorg-RW),,,Permission unmanaged,None
Microsoft Active Directory,Anne Muijs (500246),Anne Muijs,anne.muijs16,True,TEAM-ZRG06-Wijkzorg (avo.local/Sample/Groups/TEAM-ZRG06-Wijkzorg),,,Permission unmanaged,None
Microsoft Active Directory,Anne Muijs (500246),Anne Muijs,anne.muijs16,True,APP-Planner (avo.local/Sample/Groups/APP-Planner),,,Permission unmanaged,None
Microsoft Active Directory,Anne Muijs (500246),Anne Muijs,anne.muijs16,True,APP-Intranet (avo.local/Sample/Groups/APP-Intranet),,,Permission unmanaged,None
Microsoft Active Directory,Anne Muijs (500246),Anne Muijs,anne.muijs16,True,SEC-Antivirus (avo.local/Sample/Groups/SEC-Antivirus),,,Permission unmanaged,None
Microsoft Active Directory,Anne Muijs (500246),Anne Muijs,anne.muijs16,True,SEC-DiskEncryption (avo.local/Sample/Groups/SEC-DiskEncryption),,,Permission unmanaged,None
Microsoft Active Directory,Anne Muijs (500246),Anne Muijs,anne.muijs16,True,SEC-MFA-Enrolled (avo.local/Sample/Groups/SEC-MFA-Enrolled),,,Permission unmanaged,None
Microsoft Active Directory,Anne Muijs (500246),Anne Muijs,anne.muijs16,True,SEC-Endpoint-Protection (avo.local/Sample/Groups/SEC-Endpoint-Protection),,,Permission unmanaged,None
Microsoft Active Directory,Anne Muijs (500246),Anne Muijs,anne.muijs16,True,APP-Adobe-AcrobatPro (avo.local/Sample/Groups/APP-Adobe-AcrobatPro),,,Permission unmanaged,None
Microsoft Active Directory,Anne Muijs (500246),Anne Muijs,anne.muijs16,True,LIC-M365-F3 (avo.local/Sample/Groups/LIC-M365-F3),,,Permission unmanaged,None
Microsoft Active Directory,,Service HRM02-Personeel,svc-hrm0217,True,,,,Account unmanaged,None
Microsoft Active Directory,,Service HRM02-Personeel,svc-hrm0217,True,LOG-Eventcollector (avo.local/Sample/Groups/LOG-Eventcollector),,,Permission unmanaged,None
Microsoft Active Directory,,Service HRM02-Personeel,svc-hrm0217,True,SRV-Aanmelden-AlsService (avo.local/Sample/Groups/SRV-Aanmelden-AlsService),,,Permission unmanaged,None
Microsoft Active Directory,Xander Fokkema (500248),Xander Fokkema,xander.fokkema18,True,MBX-INK08-Inkoop (avo.local/Sample/Groups/MBX-INK08-Inkoop),,,Permission unmanaged,None
Microsoft Active Directory,Xander Fokkema (500248),Xander Fokkema,xander.fokkema18,True,APP-INK08-Inkoop-Portal (avo.local/Sample/Groups/APP-INK08-Inkoop-Portal),,,Permission unmanaged,None
Microsoft Active Directory,Xander Fokkema (500248),Xander Fokkema,xander.fokkema18,True,APP-Office365 (avo.local/Sample/Groups/APP-Office365),,,Permission unmanaged,None
Microsoft Active Directory,Xander Fokkema (500248),Xander Fokkema,xander.fokkema18,True,APP-Selfservice (avo.local/Sample/Groups/APP-Selfservice),,,Permission unmanaged,None
Microsoft Active Directory,Xander Fokkema (500248),Xander Fokkema,xander.fokkema18,True,PRINT-Default (avo.local/Sample/Groups/PRINT-Default),,,Permission unmanaged,None
Microsoft Active Directory,Xander Fokkema (500248),Xander Fokkema,xander.fokkema18,True,SEC-Antivirus (avo.local/Sample/Groups/SEC-Antivirus),,,Permission unmanaged,None
Microsoft Active Directory,Xander Fokkema (500248),Xander Fokkema,xander.fokkema18,True,SEC-DiskEncryption (avo.local/Sample/Groups/SEC-DiskEncryption),,,Permission unmanaged,None
Microsoft Active Directory,Xander Fokkema (500248),Xander Fokkema,xander.fokkema18,True,SEC-MFA-Enrolled (avo.local/Sample/Groups/SEC-MFA-Enrolled),,,Permission unmanaged,None
Microsoft Active Directory,Xander Fokkema (500248),Xander Fokkema,xander.fokkema18,True,SEC-Endpoint-Protection (avo.local/Sample/Groups/SEC-Endpoint-Protection),,,Permission unmanaged,None
Microsoft Active Directory,Xander Fokkema (500248),Xander Fokkema,xander.fokkema18,True,LIC-M365-E3 (avo.local/Sample/Groups/LIC-M365-E3),,,Permission unmanaged,None
Microsoft Active Directory,,Kim Dijkgraaf,kim.dijkgraaf19,True,,,,Account unmanaged,None
Microsoft Active Directory,,Kim Dijkgraaf,kim.dijkgraaf19,True,TEAM-CA010-Thuiszorg (avo.local/Sample/Groups/TEAM-CA010-Thuiszorg),,,Permission unmanaged,None
Microsoft Active Directory,,Kim Dijkgraaf,kim.dijkgraaf19,True,FS-CA010-Thuiszorg-RW (avo.local/Sample/Groups/FS-CA010-Thuiszorg-RW),,,Permission unmanaged,None
Microsoft Active Directory,,Kim Dijkgraaf,kim.dijkgraaf19,True,APP-CA010-Thuiszorg-Portal (avo.local/Sample/Groups/APP-CA010-Thuiszorg-Portal),,,Permission unmanaged,None
Microsoft Active Directory,,Kim Dijkgraaf,kim.dijkgraaf19,True,ROLE-CA010-Thuiszorg (avo.local/Sample/Groups/ROLE-CA010-Thuiszorg),,,Permission unmanaged,None
Microsoft Active Directory,,Kim Dijkgraaf,kim.dijkgraaf19,True,FS-CA010-Thuiszorg-RO (avo.local/Sample/Groups/FS-CA010-Thuiszorg-RO),,,Permission unmanaged,None
Microsoft Active Directory,,Kim Dijkgraaf,kim.dijkgraaf19,True,MBX-CA010-Thuiszorg (avo.local/Sample/Groups/MBX-CA010-Thuiszorg),,,Permission unmanaged,None
Microsoft Active Directory,,Kim Dijkgraaf,kim.dijkgraaf19,True,APP-Selfservice (avo.local/Sample/Groups/APP-Selfservice),,,Permission unmanaged,None
Microsoft Active Directory,,Kim Dijkgraaf,kim.dijkgraaf19,True,VPN-Thuiswerken (avo.local/Sample/Groups/VPN-Thuiswerken),,,Permission unmanaged,None
Microsoft Active Directory,,Kim Dijkgraaf,kim.dijkgraaf19,True,SEC-Antivirus (avo.local/Sample/Groups/SEC-Antivirus),,,Permission unmanaged,None
Microsoft Active Directory,,Kim Dijkgraaf,kim.dijkgraaf19,True,SEC-DiskEncryption (avo.local/Sample/Groups/SEC-DiskEncryption),,,Permission unmanaged,None
Microsoft Active Directory,,Kim Dijkgraaf,kim.dijkgraaf19,True,SEC-MFA-Enrolled (avo.local/Sample/Groups/SEC-MFA-Enrolled),,,Permission unmanaged,None
Microsoft Active Directory,,Kim Dijkgraaf,kim.dijkgraaf19,True,SEC-Endpoint-Protection (avo.local/Sample/Groups/SEC-Endpoint-Protection),,,Permission unmanaged,None
Microsoft Active Directory,,Kim Dijkgraaf,kim.dijkgraaf19,True,APP-Project (avo.local/Sample/Groups/APP-Project),,,Permission unmanaged,None
Microsoft Active Directory,,Kim Dijkgraaf,kim.dijkgraaf19,True,LIC-M365-E1 (avo.local/Sample/Groups/LIC-M365-E1),,,Permission unmanaged,None
Microsoft Active Directory,Noa Lindeboom (500250),Noa Lindeboom,noa.lindeboom20,True,ROLE-FAC04-Facilitair (avo.local/Sample/Groups/ROLE-FAC04-Facilitair),,,Permission unmanaged,None
Microsoft Active Directory,Noa Lindeboom (500250),Noa Lindeboom,noa.lindeboom20,True,MBX-FAC04-Facilitair (avo.local/Sample/Groups/MBX-FAC04-Facilitair),,,Permission unmanaged,None
Microsoft Active Directory,Noa Lindeboom (500250),Noa Lindeboom,noa.lindeboom20,True,TEAM-FAC04-Facilitair (avo.local/Sample/Groups/TEAM-FAC04-Facilitair),,,Permission unmanaged,None
Microsoft Active Directory,Noa Lindeboom (500250),Noa Lindeboom,noa.lindeboom20,True,FS-FAC04-Facilitair-RO (avo.local/Sample/Groups/FS-FAC04-Facilitair-RO),,,Permission unmanaged,None
Microsoft Active Directory,Noa Lindeboom (500250),Noa Lindeboom,noa.lindeboom20,True,FS-FAC04-Facilitair-RW (avo.local/Sample/Groups/FS-FAC04-Facilitair-RW),,,Permission unmanaged,None
Microsoft Active Directory,Noa Lindeboom (500250),Noa Lindeboom,noa.lindeboom20,True,APP-Office365 (avo.local/Sample/Groups/APP-Office365),,,Permission unmanaged,None
Microsoft Active Directory,Noa Lindeboom (500250),Noa Lindeboom,noa.lindeboom20,True,APP-Selfservice (avo.local/Sample/Groups/APP-Selfservice),,,Permission unmanaged,None
Microsoft Active Directory,Noa Lindeboom (500250),Noa Lindeboom,noa.lindeboom20,True,VPN-Thuiswerken (avo.local/Sample/Groups/VPN-Thuiswerken),,,Permission unmanaged,None
Microsoft Active Directory,Noa Lindeboom (500250),Noa Lindeboom,noa.lindeboom20,True,PRINT-Default (avo.local/Sample/Groups/PRINT-Default),,,Permission unmanaged,None
Microsoft Active Directory,Noa Lindeboom (500250),Noa Lindeboom,noa.lindeboom20,True,SEC-Antivirus (avo.local/Sample/Groups/SEC-Antivirus),,,Permission unmanaged,None
Microsoft Active Directory,Noa Lindeboom (500250),Noa Lindeboom,noa.lindeboom20,True,SEC-MFA-Enrolled (avo.local/Sample/Groups/SEC-MFA-Enrolled),,,Permission unmanaged,None
Microsoft Active Directory,Noa Lindeboom (500250),Noa Lindeboom,noa.lindeboom20,True,SEC-Endpoint-Protection (avo.local/Sample/Groups/SEC-Endpoint-Protection),,,Permission unmanaged,None
Microsoft Active Directory,Noa Lindeboom (500250),Noa Lindeboom,noa.lindeboom20,True,LIC-M365-E3 (avo.local/Sample/Groups/LIC-M365-E3),,,Permission unmanaged,None
Microsoft Active Directory,,Service CZ08-Begeleiding,svc-cz0821,True,,,,Account unmanaged,None
Microsoft Active Directory,,Service CZ08-Begeleiding,svc-cz0821,True,SRV-Aanmelden-AlsService (avo.local/Sample/Groups/SRV-Aanmelden-AlsService),,,Permission unmanaged,None
Microsoft Active Directory,,Service CZ08-Begeleiding,svc-cz0821,True,LOG-Eventcollector (avo.local/Sample/Groups/LOG-Eventcollector),,,Permission unmanaged,None
Microsoft Active Directory,Noa Kalisvaart (500252),Noa Kalisvaart,noa.kalisvaart22,False,FS-INK08-Inkoop-RO (avo.local/Sample/Groups/FS-INK08-Inkoop-RO),,,Permission unmanaged,None
Microsoft Active Directory,Noa Kalisvaart (500252),Noa Kalisvaart,noa.kalisvaart22,False,FS-INK08-Inkoop-RW (avo.local/Sample/Groups/FS-INK08-Inkoop-RW),,,Permission unmanaged,None
Microsoft Active Directory,Noa Kalisvaart (500252),Noa Kalisvaart,noa.kalisvaart22,False,APP-INK08-Inkoop-Portal (avo.local/Sample/Groups/APP-INK08-Inkoop-Portal),,,Permission unmanaged,None
Microsoft Active Directory,Noa Kalisvaart (500252),Noa Kalisvaart,noa.kalisvaart22,False,APP-Office365 (avo.local/Sample/Groups/APP-Office365),,,Permission unmanaged,None
Microsoft Active Directory,Noa Kalisvaart (500252),Noa Kalisvaart,noa.kalisvaart22,False,VPN-Thuiswerken (avo.local/Sample/Groups/VPN-Thuiswerken),,,Permission unmanaged,None
Microsoft Active Directory,Noa Kalisvaart (500252),Noa Kalisvaart,noa.kalisvaart22,False,PRINT-Default (avo.local/Sample/Groups/PRINT-Default),,,Permission unmanaged,None
Microsoft Active Directory,Noa Kalisvaart (500252),Noa Kalisvaart,noa.kalisvaart22,False,SEC-Antivirus (avo.local/Sample/Groups/SEC-Antivirus),,,Permission unmanaged,None
Microsoft Active Directory,Noa Kalisvaart (500252),Noa Kalisvaart,noa.kalisvaart22,False,SEC-DiskEncryption (avo.local/Sample/Groups/SEC-DiskEncryption),,,Permission unmanaged,None
Microsoft Active Directory,Noa Kalisvaart (500252),Noa Kalisvaart,noa.kalisvaart22,False,SEC-MFA-Enrolled (avo.local/Sample/Groups/SEC-MFA-Enrolled),,,Permission unmanaged,None
Microsoft Active Directory,Noa Kalisvaart (500252),Noa Kalisvaart,noa.kalisvaart22,False,SEC-Endpoint-Protection (avo.local/Sample/Groups/SEC-Endpoint-Protection),,,Permission unmanaged,None
Microsoft Active Directory,Noa Kalisvaart (500252),Noa Kalisvaart,noa.kalisvaart22,False,LIC-M365-F3 (avo.local/Sample/Groups/LIC-M365-F3),,,Permission unmanaged,None
Microsoft Active Directory,Mila Hoekstra (500253),Mila Hoekstra,mila.hoekstra23,True,APP-COM05-Communicatie-Portal (avo.local/Sample/Groups/APP-COM05-Communicatie-Portal),,,Permission unmanaged,None
Microsoft Active Directory,Mila Hoekstra (500253),Mila Hoekstra,mila.hoekstra23,True,MBX-COM05-Communicatie (avo.local/Sample/Groups/MBX-COM05-Communicatie),,,Permission unmanaged,None
Microsoft Active Directory,Mila Hoekstra (500253),Mila Hoekstra,mila.hoekstra23,True,FS-COM05-Communicatie-RW (avo.local/Sample/Groups/FS-COM05-Communicatie-RW),,,Permission unmanaged,None
Microsoft Active Directory,Mila Hoekstra (500253),Mila Hoekstra,mila.hoekstra23,True,ROLE-COM05-Communicatie (avo.local/Sample/Groups/ROLE-COM05-Communicatie),,,Permission unmanaged,None
Microsoft Active Directory,Mila Hoekstra (500253),Mila Hoekstra,mila.hoekstra23,True,APP-Selfservice (avo.local/Sample/Groups/APP-Selfservice),,,Permission unmanaged,None
Microsoft Active Directory,Mila Hoekstra (500253),Mila Hoekstra,mila.hoekstra23,True,APP-Intranet (avo.local/Sample/Groups/APP-Intranet),,,Permission unmanaged,None
Microsoft Active Directory,Mila Hoekstra (500253),Mila Hoekstra,mila.hoekstra23,True,PRINT-Default (avo.local/Sample/Groups/PRINT-Default),,,Permission unmanaged,None
Microsoft Active Directory,Mila Hoekstra (500253),Mila Hoekstra,mila.hoekstra23,True,SEC-Antivirus (avo.local/Sample/Groups/SEC-Antivirus),,,Permission unmanaged,None
Microsoft Active Directory,Mila Hoekstra (500253),Mila Hoekstra,mila.hoekstra23,True,SEC-DiskEncryption (avo.local/Sample/Groups/SEC-DiskEncryption),,,Permission unmanaged,None
Microsoft Active Directory,Mila Hoekstra (500253),Mila Hoekstra,mila.hoekstra23,True,SEC-MFA-Enrolled (avo.local/Sample/Groups/SEC-MFA-Enrolled),,,Permission unmanaged,None
Microsoft Active Directory,Mila Hoekstra (500253),Mila Hoekstra,mila.hoekstra23,True,SEC-Endpoint-Protection (avo.local/Sample/Groups/SEC-Endpoint-Protection),,,Permission unmanaged,None
Microsoft Active Directory,Mila Hoekstra (500253),Mila Hoekstra,mila.hoekstra23,True,LIC-M365-E1 (avo.local/Sample/Groups/LIC-M365-E1),,,Permission unmanaged,None
Microsoft Active Directory,Mila Hoekstra (500253),Mila Hoekstra,mila.hoekstra23,True,LIC-M365-E5 (avo.local/Sample/Groups/LIC-M365-E5),,,Permission unmanaged,None
Microsoft Active Directory,Zoë Pronk (500254),Zoë Pronk,zoe.pronk24,True,FS-ICT03-Techniek-RO (avo.local/Sample/Groups/FS-ICT03-Techniek-RO),,,Permission unmanaged,None
Microsoft Active Directory,Zoë Pronk (500254),Zoë Pronk,zoe.pronk24,True,MBX-ICT03-Techniek (avo.local/Sample/Groups/MBX-ICT03-Techniek),,,Permission unmanaged,None
Microsoft Active Directory,Zoë Pronk (500254),Zoë Pronk,zoe.pronk24,True,TEAM-ICT03-Techniek (avo.local/Sample/Groups/TEAM-ICT03-Techniek),,,Permission unmanaged,None
Microsoft Active Directory,Zoë Pronk (500254),Zoë Pronk,zoe.pronk24,True,ROLE-ICT03-Techniek (avo.local/Sample/Groups/ROLE-ICT03-Techniek),,,Permission unmanaged,None
Microsoft Active Directory,Zoë Pronk (500254),Zoë Pronk,zoe.pronk24,True,FS-ICT03-Techniek-RW (avo.local/Sample/Groups/FS-ICT03-Techniek-RW),,,Permission unmanaged,None
Microsoft Active Directory,Zoë Pronk (500254),Zoë Pronk,zoe.pronk24,True,APP-Planner (avo.local/Sample/Groups/APP-Planner),,,Permission unmanaged,None
Microsoft Active Directory,Zoë Pronk (500254),Zoë Pronk,zoe.pronk24,True,VPN-Thuiswerken (avo.local/Sample/Groups/VPN-Thuiswerken),,,Permission unmanaged,None
Microsoft Active Directory,Zoë Pronk (500254),Zoë Pronk,zoe.pronk24,True,PRINT-Default (avo.local/Sample/Groups/PRINT-Default),,,Permission unmanaged,None
Microsoft Active Directory,Zoë Pronk (500254),Zoë Pronk,zoe.pronk24,True,SEC-Antivirus (avo.local/Sample/Groups/SEC-Antivirus),,,Permission unmanaged,None
Microsoft Active Directory,Zoë Pronk (500254),Zoë Pronk,zoe.pronk24,True,SEC-DiskEncryption (avo.local/Sample/Groups/SEC-DiskEncryption),,,Permission unmanaged,None
Microsoft Active Directory,Zoë Pronk (500254),Zoë Pronk,zoe.pronk24,True,SEC-MFA-Enrolled (avo.local/Sample/Groups/SEC-MFA-Enrolled),,,Permission unmanaged,None
Microsoft Active Directory,Zoë Pronk (500254),Zoë Pronk,zoe.pronk24,True,APP-Visio (avo.local/Sample/Groups/APP-Visio),,,Permission unmanaged,None
Microsoft Active Directory,Zoë Pronk (500254),Zoë Pronk,zoe.pronk24,True,LIC-M365-E5 (avo.local/Sample/Groups/LIC-M365-E5),,,Permission unmanaged,None
Microsoft Active Directory,Iris Hoekstra (500255),Iris Hoekstra,iris.hoekstra25,True,TEAM-FIN01-Financien (avo.local/Sample/Groups/TEAM-FIN01-Financien),,,Permission unmanaged,None
Microsoft Active Directory,Iris Hoekstra (500255),Iris Hoekstra,iris.hoekstra25,True,FS-FIN01-Financien-RW (avo.local/Sample/Groups/FS-FIN01-Financien-RW),,,Permission unmanaged,None
Microsoft Active Directory,Iris Hoekstra (500255),Iris Hoekstra,iris.hoekstra25,True,MBX-FIN01-Financien (avo.local/Sample/Groups/MBX-FIN01-Financien),,,Permission unmanaged,None
Microsoft Active Directory,Iris Hoekstra (500255),Iris Hoekstra,iris.hoekstra25,True,ROLE-FIN01-Financien (avo.local/Sample/Groups/ROLE-FIN01-Financien),,,Permission unmanaged,None
Microsoft Active Directory,Iris Hoekstra (500255),Iris Hoekstra,iris.hoekstra25,True,APP-FIN01-Financien-Portal (avo.local/Sample/Groups/APP-FIN01-Financien-Portal),,,Permission unmanaged,None
Microsoft Active Directory,Iris Hoekstra (500255),Iris Hoekstra,iris.hoekstra25,True,APP-Intranet (avo.local/Sample/Groups/APP-Intranet),,,Permission unmanaged,None
Microsoft Active Directory,Iris Hoekstra (500255),Iris Hoekstra,iris.hoekstra25,True,APP-Teams (avo.local/Sample/Groups/APP-Teams),,,Permission unmanaged,None
Microsoft Active Directory,Iris Hoekstra (500255),Iris Hoekstra,iris.hoekstra25,True,APP-Office365 (avo.local/Sample/Groups/APP-Office365),,,Permission unmanaged,None
Microsoft Active Directory,Iris Hoekstra (500255),Iris Hoekstra,iris.hoekstra25,True,PRINT-Default (avo.local/Sample/Groups/PRINT-Default),,,Permission unmanaged,None
Microsoft Active Directory,Iris Hoekstra (500255),Iris Hoekstra,iris.hoekstra25,True,VPN-Thuiswerken (avo.local/Sample/Groups/VPN-Thuiswerken),,,Permission unmanaged,None
Microsoft Active Directory,Iris Hoekstra (500255),Iris Hoekstra,iris.hoekstra25,True,SEC-Antivirus (avo.local/Sample/Groups/SEC-Antivirus),,,Permission unmanaged,None
Microsoft Active Directory,Iris Hoekstra (500255),Iris Hoekstra,iris.hoekstra25,True,SEC-DiskEncryption (avo.local/Sample/Groups/SEC-DiskEncryption),,,Permission unmanaged,None
Microsoft Active Directory,Iris Hoekstra (500255),Iris Hoekstra,iris.hoekstra25,True,SEC-MFA-Enrolled (avo.local/Sample/Groups/SEC-MFA-Enrolled),,,Permission unmanaged,None
Microsoft Active Directory,Iris Hoekstra (500255),Iris Hoekstra,iris.hoekstra25,True,SEC-Endpoint-Protection (avo.local/Sample/Groups/SEC-Endpoint-Protection),,,Permission unmanaged,None
Microsoft Active Directory,Iris Hoekstra (500255),Iris Hoekstra,iris.hoekstra25,True,LIC-M365-E3 (avo.local/Sample/Groups/LIC-M365-E3),,,Permission unmanaged,None
Microsoft Active Directory,Gijs Dijkgraaf (500256),Gijs Dijkgraaf,gijs.dijkgraaf26,True,FS-ICT03-Techniek-RO (avo.local/Sample/Groups/FS-ICT03-Techniek-RO),,,Permission unmanaged,None
Microsoft Active Directory,Gijs Dijkgraaf (500256),Gijs Dijkgraaf,gijs.dijkgraaf26,True,APP-ICT03-Techniek-Portal (avo.local/Sample/Groups/APP-ICT03-Techniek-Portal),,,Permission unmanaged,None
Microsoft Active Directory,Gijs Dijkgraaf (500256),Gijs Dijkgraaf,gijs.dijkgraaf26,True,TEAM-ICT03-Techniek (avo.local/Sample/Groups/TEAM-ICT03-Techniek),,,Permission unmanaged,None
Microsoft Active Directory,Gijs Dijkgraaf (500256),Gijs Dijkgraaf,gijs.dijkgraaf26,True,FS-ICT03-Techniek-RW (avo.local/Sample/Groups/FS-ICT03-Techniek-RW),,,Permission unmanaged,None
Microsoft Active Directory,Gijs Dijkgraaf (500256),Gijs Dijkgraaf,gijs.dijkgraaf26,True,APP-Office365 (avo.local/Sample/Groups/APP-Office365),,,Permission unmanaged,None
Microsoft Active Directory,Gijs Dijkgraaf (500256),Gijs Dijkgraaf,gijs.dijkgraaf26,True,APP-Intranet (avo.local/Sample/Groups/APP-Intranet),,,Permission unmanaged,None
Microsoft Active Directory,Gijs Dijkgraaf (500256),Gijs Dijkgraaf,gijs.dijkgraaf26,True,APP-Teams (avo.local/Sample/Groups/APP-Teams),,,Permission unmanaged,None
Microsoft Active Directory,Gijs Dijkgraaf (500256),Gijs Dijkgraaf,gijs.dijkgraaf26,True,SEC-Antivirus (avo.local/Sample/Groups/SEC-Antivirus),,,Permission unmanaged,None
Microsoft Active Directory,Gijs Dijkgraaf (500256),Gijs Dijkgraaf,gijs.dijkgraaf26,True,SEC-DiskEncryption (avo.local/Sample/Groups/SEC-DiskEncryption),,,Permission unmanaged,None
Microsoft Active Directory,Gijs Dijkgraaf (500256),Gijs Dijkgraaf,gijs.dijkgraaf26,True,SEC-MFA-Enrolled (avo.local/Sample/Groups/SEC-MFA-Enrolled),,,Permission unmanaged,None
Microsoft Active Directory,Gijs Dijkgraaf (500256),Gijs Dijkgraaf,gijs.dijkgraaf26,True,SEC-Endpoint-Protection (avo.local/Sample/Groups/SEC-Endpoint-Protection),,,Permission unmanaged,None
Microsoft Active Directory,Gijs Dijkgraaf (500256),Gijs Dijkgraaf,gijs.dijkgraaf26,True,LIC-M365-E3 (avo.local/Sample/Groups/LIC-M365-E3),,,Permission unmanaged,None
Microsoft Active Directory,Jasper Ipenburg (500257),Jasper Ipenburg,jasper.ipenburg27,True,FS-INK08-Inkoop-RO (avo.local/Sample/Groups/FS-INK08-Inkoop-RO),,,Permission unmanaged,None
Microsoft Active Directory,Jasper Ipenburg (500257),Jasper Ipenburg,jasper.ipenburg27,True,FS-INK08-Inkoop-RW (avo.local/Sample/Groups/FS-INK08-Inkoop-RW),,,Permission unmanaged,None
Microsoft Active Directory,Jasper Ipenburg (500257),Jasper Ipenburg,jasper.ipenburg27,True,MBX-INK08-Inkoop (avo.local/Sample/Groups/MBX-INK08-Inkoop),,,Permission unmanaged,None
Microsoft Active Directory,Jasper Ipenburg (500257),Jasper Ipenburg,jasper.ipenburg27,True,ROLE-INK08-Inkoop (avo.local/Sample/Groups/ROLE-INK08-Inkoop),,,Permission unmanaged,None
Microsoft Active Directory,Jasper Ipenburg (500257),Jasper Ipenburg,jasper.ipenburg27,True,TEAM-INK08-Inkoop (avo.local/Sample/Groups/TEAM-INK08-Inkoop),,,Permission unmanaged,None
Microsoft Active Directory,Jasper Ipenburg (500257),Jasper Ipenburg,jasper.ipenburg27,True,APP-Selfservice (avo.local/Sample/Groups/APP-Selfservice),,,Permission unmanaged,None
Microsoft Active Directory,Jasper Ipenburg (500257),Jasper Ipenburg,jasper.ipenburg27,True,SEC-Antivirus (avo.local/Sample/Groups/SEC-Antivirus),,,Permission unmanaged,None
Microsoft Active Directory,Jasper Ipenburg (500257),Jasper Ipenburg,jasper.ipenburg27,True,SEC-DiskEncryption (avo.local/Sample/Groups/SEC-DiskEncryption),,,Permission unmanaged,None
Microsoft Active Directory,Jasper Ipenburg (500257),Jasper Ipenburg,jasper.ipenburg27,True,SEC-MFA-Enrolled (avo.local/Sample/Groups/SEC-MFA-Enrolled),,,Permission unmanaged,None
Microsoft Active Directory,Jasper Ipenburg (500257),Jasper Ipenburg,jasper.ipenburg27,True,SEC-Endpoint-Protection (avo.local/Sample/Groups/SEC-Endpoint-Protection),,,Permission unmanaged,None
Microsoft Active Directory,Jasper Ipenburg (500257),Jasper Ipenburg,jasper.ipenburg27,True,APP-Project (avo.local/Sample/Groups/APP-Project),,,Permission unmanaged,None
Microsoft Active Directory,Jasper Ipenburg (500257),Jasper Ipenburg,jasper.ipenburg27,True,APP-PowerBI-Pro (avo.local/Sample/Groups/APP-PowerBI-Pro),,,Permission unmanaged,None
Microsoft Active Directory,Jasper Ipenburg (500257),Jasper Ipenburg,jasper.ipenburg27,True,LIC-M365-F3 (avo.local/Sample/Groups/LIC-M365-F3),,,Permission unmanaged,None
Microsoft Active Directory,Vera Terlouw (500258),Vera Terlouw,vera.terlouw28,True,MBX-ICT03-Techniek (avo.local/Sample/Groups/MBX-ICT03-Techniek),,,Permission unmanaged,None
Microsoft Active Directory,Vera Terlouw (500258),Vera Terlouw,vera.terlouw28,True,ROLE-ICT03-Techniek (avo.local/Sample/Groups/ROLE-ICT03-Techniek),,,Permission unmanaged,None
Microsoft Active Directory,Vera Terlouw (500258),Vera Terlouw,vera.terlouw28,True,FS-ICT03-Techniek-RW (avo.local/Sample/Groups/FS-ICT03-Techniek-RW),,,Permission unmanaged,None
Microsoft Active Directory,Vera Terlouw (500258),Vera Terlouw,vera.terlouw28,True,FS-ICT03-Techniek-RO (avo.local/Sample/Groups/FS-ICT03-Techniek-RO),,,Permission unmanaged,None
Microsoft Active Directory,Vera Terlouw (500258),Vera Terlouw,vera.terlouw28,True,APP-Planner (avo.local/Sample/Groups/APP-Planner),,,Permission unmanaged,None
Microsoft Active Directory,Vera Terlouw (500258),Vera Terlouw,vera.terlouw28,True,APP-Intranet (avo.local/Sample/Groups/APP-Intranet),,,Permission unmanaged,None
Microsoft Active Directory,Vera Terlouw (500258),Vera Terlouw,vera.terlouw28,True,VPN-Thuiswerken (avo.local/Sample/Groups/VPN-Thuiswerken),,,Permission unmanaged,None
Microsoft Active Directory,Vera Terlouw (500258),Vera Terlouw,vera.terlouw28,True,SEC-Antivirus (avo.local/Sample/Groups/SEC-Antivirus),,,Permission unmanaged,None
Microsoft Active Directory,Vera Terlouw (500258),Vera Terlouw,vera.terlouw28,True,SEC-DiskEncryption (avo.local/Sample/Groups/SEC-DiskEncryption),,,Permission unmanaged,None
Microsoft Active Directory,Vera Terlouw (500258),Vera Terlouw,vera.terlouw28,True,SEC-MFA-Enrolled (avo.local/Sample/Groups/SEC-MFA-Enrolled),,,Permission unmanaged,None
Microsoft Active Directory,Vera Terlouw (500258),Vera Terlouw,vera.terlouw28,True,SEC-Endpoint-Protection (avo.local/Sample/Groups/SEC-Endpoint-Protection),,,Permission unmanaged,None
Microsoft Active Directory,Vera Terlouw (500258),Vera Terlouw,vera.terlouw28,True,APP-Copilot (avo.local/Sample/Groups/APP-Copilot),,,Permission unmanaged,None
Microsoft Active Directory,Vera Terlouw (500258),Vera Terlouw,vera.terlouw28,True,LIC-M365-E3 (avo.local/Sample/Groups/LIC-M365-E3),,,Permission unmanaged,None
Microsoft Active Directory,Iris Vroegindeweij (500259),Iris Vroegindeweij (extern),iris.vroegindeweij.extern29,True,FS-HRM02-Personeel-RO (avo.local/Sample/Groups/FS-HRM02-Personeel-RO),,,Permission unmanaged,None
Microsoft Active Directory,Iris Vroegindeweij (500259),Iris Vroegindeweij (extern),iris.vroegindeweij.extern29,True,FS-HRM02-Personeel-RW (avo.local/Sample/Groups/FS-HRM02-Personeel-RW),,,Permission unmanaged,None
Microsoft Active Directory,Iris Vroegindeweij (500259),Iris Vroegindeweij (extern),iris.vroegindeweij.extern29,True,APP-HRM02-Personeel-Portal (avo.local/Sample/Groups/APP-HRM02-Personeel-Portal),,,Permission unmanaged,None
Microsoft Active Directory,Iris Vroegindeweij (500259),Iris Vroegindeweij (extern),iris.vroegindeweij.extern29,True,TEAM-HRM02-Personeel (avo.local/Sample/Groups/TEAM-HRM02-Personeel),,,Permission unmanaged,None
Microsoft Active Directory,Iris Vroegindeweij (500259),Iris Vroegindeweij (extern),iris.vroegindeweij.extern29,True,MBX-HRM02-Personeel (avo.local/Sample/Groups/MBX-HRM02-Personeel),,,Permission unmanaged,None
Microsoft Active Directory,Iris Vroegindeweij (500259),Iris Vroegindeweij (extern),iris.vroegindeweij.extern29,True,ROLE-HRM02-Personeel (avo.local/Sample/Groups/ROLE-HRM02-Personeel),,,Permission unmanaged,None
Microsoft Active Directory,Iris Vroegindeweij (500259),Iris Vroegindeweij (extern),iris.vroegindeweij.extern29,True,APP-Planner (avo.local/Sample/Groups/APP-Planner),,,Permission unmanaged,None
Microsoft Active Directory,Iris Vroegindeweij (500259),Iris Vroegindeweij (extern),iris.vroegindeweij.extern29,True,APP-Intranet (avo.local/Sample/Groups/APP-Intranet),,,Permission unmanaged,None
Microsoft Active Directory,Iris Vroegindeweij (500259),Iris Vroegindeweij (extern),iris.vroegindeweij.extern29,True,PRINT-Default (avo.local/Sample/Groups/PRINT-Default),,,Permission unmanaged,None
Microsoft Active Directory,Iris Vroegindeweij (500259),Iris Vroegindeweij (extern),iris.vroegindeweij.extern29,True,SEC-Antivirus (avo.local/Sample/Groups/SEC-Antivirus),,,Permission unmanaged,None
Microsoft Active Directory,Iris Vroegindeweij (500259),Iris Vroegindeweij (extern),iris.vroegindeweij.extern29,True,SEC-DiskEncryption (avo.local/Sample/Groups/SEC-DiskEncryption),,,Permission unmanaged,None
Microsoft Active Directory,Iris Vroegindeweij (500259),Iris Vroegindeweij (extern),iris.vroegindeweij.extern29,True,SEC-MFA-Enrolled (avo.local/Sample/Groups/SEC-MFA-Enrolled),,,Permission unmanaged,None
Microsoft Active Directory,Iris Vroegindeweij (500259),Iris Vroegindeweij (extern),iris.vroegindeweij.extern29,True,SEC-Endpoint-Protection (avo.local/Sample/Groups/SEC-Endpoint-Protection),,,Permission unmanaged,None
Microsoft Active Directory,Iris Vroegindeweij (500259),Iris Vroegindeweij (extern),iris.vroegindeweij.extern29,True,APP-Project (avo.local/Sample/Groups/APP-Project),,,Permission unmanaged,None
Microsoft Active Directory,Iris Vroegindeweij (500259),Iris Vroegindeweij (extern),iris.vroegindeweij.extern29,True,LIC-M365-E3 (avo.local/Sample/Groups/LIC-M365-E3),,,Permission unmanaged,None
Microsoft Active Directory,Sem Wielenga (500260),Sem Wielenga,sem.wielenga30,True,APP-CA010-Thuiszorg-Portal (avo.local/Sample/Groups/APP-CA010-Thuiszorg-Portal),,,Permission unmanaged,None
Microsoft Active Directory,Sem Wielenga (500260),Sem Wielenga,sem.wielenga30,True,TEAM-CA010-Thuiszorg (avo.local/Sample/Groups/TEAM-CA010-Thuiszorg),,,Permission unmanaged,None
Microsoft Active Directory,Sem Wielenga (500260),Sem Wielenga,sem.wielenga30,True,MBX-CA010-Thuiszorg (avo.local/Sample/Groups/MBX-CA010-Thuiszorg),,,Permission unmanaged,None
Microsoft Active Directory,Sem Wielenga (500260),Sem Wielenga,sem.wielenga30,True,ROLE-CA010-Thuiszorg (avo.local/Sample/Groups/ROLE-CA010-Thuiszorg),,,Permission unmanaged,None
Microsoft Active Directory,Sem Wielenga (500260),Sem Wielenga,sem.wielenga30,True,APP-Planner (avo.local/Sample/Groups/APP-Planner),,,Permission unmanaged,None
Microsoft Active Directory,Sem Wielenga (500260),Sem Wielenga,sem.wielenga30,True,SEC-Antivirus (avo.local/Sample/Groups/SEC-Antivirus),,,Permission unmanaged,None
Microsoft Active Directory,Sem Wielenga (500260),Sem Wielenga,sem.wielenga30,True,SEC-DiskEncryption (avo.local/Sample/Groups/SEC-DiskEncryption),,,Permission unmanaged,None
Microsoft Active Directory,Sem Wielenga (500260),Sem Wielenga,sem.wielenga30,True,SEC-MFA-Enrolled (avo.local/Sample/Groups/SEC-MFA-Enrolled),,,Permission unmanaged,None
Microsoft Active Directory,Sem Wielenga (500260),Sem Wielenga,sem.wielenga30,True,SEC-Endpoint-Protection (avo.local/Sample/Groups/SEC-Endpoint-Protection),,,Permission unmanaged,None
Microsoft Active Directory,Sem Wielenga (500260),Sem Wielenga,sem.wielenga30,True,APP-Adobe-AcrobatPro (avo.local/Sample/Groups/APP-Adobe-AcrobatPro),,,Permission unmanaged,None
Microsoft Active Directory,Sem Wielenga (500260),Sem Wielenga,sem.wielenga30,True,LIC-M365-E5 (avo.local/Sample/Groups/LIC-M365-E5),,,Permission unmanaged,None
Microsoft Active Directory,Sem Dijkgraaf (500261),Sem Dijkgraaf,sem.dijkgraaf31,True,APP-CA060-Revalidatie-Portal (avo.local/Sample/Groups/APP-CA060-Revalidatie-Portal),,,Permission unmanaged,None
Microsoft Active Directory,Sem Dijkgraaf (500261),Sem Dijkgraaf,sem.dijkgraaf31,True,FS-CA060-Revalidatie-RW (avo.local/Sample/Groups/FS-CA060-Revalidatie-RW),,,Permission unmanaged,None
Microsoft Active Directory,Sem Dijkgraaf (500261),Sem Dijkgraaf,sem.dijkgraaf31,True,FS-CA060-Revalidatie-RO (avo.local/Sample/Groups/FS-CA060-Revalidatie-RO),,,Permission unmanaged,None
Microsoft Active Directory,Sem Dijkgraaf (500261),Sem Dijkgraaf,sem.dijkgraaf31,True,ROLE-CA060-Revalidatie (avo.local/Sample/Groups/ROLE-CA060-Revalidatie),,,Permission unmanaged,None
Microsoft Active Directory,Sem Dijkgraaf (500261),Sem Dijkgraaf,sem.dijkgraaf31,True,MBX-CA060-Revalidatie (avo.local/Sample/Groups/MBX-CA060-Revalidatie),,,Permission unmanaged,None
Microsoft Active Directory,Sem Dijkgraaf (500261),Sem Dijkgraaf,sem.dijkgraaf31,True,TEAM-CA060-Revalidatie (avo.local/Sample/Groups/TEAM-CA060-Revalidatie),,,Permission unmanaged,None
Microsoft Active Directory,Sem Dijkgraaf (500261),Sem Dijkgraaf,sem.dijkgraaf31,True,APP-Planner (avo.local/Sample/Groups/APP-Planner),,,Permission unmanaged,None
Microsoft Active Directory,Sem Dijkgraaf (500261),Sem Dijkgraaf,sem.dijkgraaf31,True,APP-Teams (avo.local/Sample/Groups/APP-Teams),,,Permission unmanaged,None
Microsoft Active Directory,Sem Dijkgraaf (500261),Sem Dijkgraaf,sem.dijkgraaf31,True,APP-Selfservice (avo.local/Sample/Groups/APP-Selfservice),,,Permission unmanaged,None
Microsoft Active Directory,Sem Dijkgraaf (500261),Sem Dijkgraaf,sem.dijkgraaf31,True,VPN-Thuiswerken (avo.local/Sample/Groups/VPN-Thuiswerken),,,Permission unmanaged,None
Microsoft Active Directory,Sem Dijkgraaf (500261),Sem Dijkgraaf,sem.dijkgraaf31,True,PRINT-Default (avo.local/Sample/Groups/PRINT-Default),,,Permission unmanaged,None
Microsoft Active Directory,Sem Dijkgraaf (500261),Sem Dijkgraaf,sem.dijkgraaf31,True,SEC-Antivirus (avo.local/Sample/Groups/SEC-Antivirus),,,Permission unmanaged,None
Microsoft Active Directory,Sem Dijkgraaf (500261),Sem Dijkgraaf,sem.dijkgraaf31,True,SEC-DiskEncryption (avo.local/Sample/Groups/SEC-DiskEncryption),,,Permission unmanaged,None
Microsoft Active Directory,Sem Dijkgraaf (500261),Sem Dijkgraaf,sem.dijkgraaf31,True,SEC-MFA-Enrolled (avo.local/Sample/Groups/SEC-MFA-Enrolled),,,Permission unmanaged,None
Microsoft Active Directory,Sem Dijkgraaf (500261),Sem Dijkgraaf,sem.dijkgraaf31,True,SEC-Endpoint-Protection (avo.local/Sample/Groups/SEC-Endpoint-Protection),,,Permission unmanaged,None
Microsoft Active Directory,Sem Dijkgraaf (500261),Sem Dijkgraaf,sem.dijkgraaf31,True,APP-Project (avo.local/Sample/Groups/APP-Project),,,Permission unmanaged,None
Microsoft Active Directory,Sem Dijkgraaf (500261),Sem Dijkgraaf,sem.dijkgraaf31,True,APP-PowerBI-Pro (avo.local/Sample/Groups/APP-PowerBI-Pro),,,Permission unmanaged,None
Microsoft Active Directory,Sem Dijkgraaf (500261),Sem Dijkgraaf,sem.dijkgraaf31,True,LIC-M365-E3 (avo.local/Sample/Groups/LIC-M365-E3),,,Permission unmanaged,None
Microsoft Active Directory,Sem Quaedvlieg (500262),Sem Quaedvlieg,sem.quaedvlieg32,True,TEAM-ICT03-Techniek (avo.local/Sample/Groups/TEAM-ICT03-Techniek),,,Permission unmanaged,None
Microsoft Active Directory,Sem Quaedvlieg (500262),Sem Quaedvlieg,sem.quaedvlieg32,True,FS-ICT03-Techniek-RW (avo.local/Sample/Groups/FS-ICT03-Techniek-RW),,,Permission unmanaged,None
Microsoft Active Directory,Sem Quaedvlieg (500262),Sem Quaedvlieg,sem.quaedvlieg32,True,ROLE-ICT03-Techniek (avo.local/Sample/Groups/ROLE-ICT03-Techniek),,,Permission unmanaged,None
Microsoft Active Directory,Sem Quaedvlieg (500262),Sem Quaedvlieg,sem.quaedvlieg32,True,APP-ICT03-Techniek-Portal (avo.local/Sample/Groups/APP-ICT03-Techniek-Portal),,,Permission unmanaged,None
Microsoft Active Directory,Sem Quaedvlieg (500262),Sem Quaedvlieg,sem.quaedvlieg32,True,MBX-ICT03-Techniek (avo.local/Sample/Groups/MBX-ICT03-Techniek),,,Permission unmanaged,None
Microsoft Active Directory,Sem Quaedvlieg (500262),Sem Quaedvlieg,sem.quaedvlieg32,True,APP-Office365 (avo.local/Sample/Groups/APP-Office365),,,Permission unmanaged,None
Microsoft Active Directory,Sem Quaedvlieg (500262),Sem Quaedvlieg,sem.quaedvlieg32,True,PRINT-Default (avo.local/Sample/Groups/PRINT-Default),,,Permission unmanaged,None
Microsoft Active Directory,Sem Quaedvlieg (500262),Sem Quaedvlieg,sem.quaedvlieg32,True,SEC-Antivirus (avo.local/Sample/Groups/SEC-Antivirus),,,Permission unmanaged,None
Microsoft Active Directory,Sem Quaedvlieg (500262),Sem Quaedvlieg,sem.quaedvlieg32,True,SEC-DiskEncryption (avo.local/Sample/Groups/SEC-DiskEncryption),,,Permission unmanaged,None
Microsoft Active Directory,Sem Quaedvlieg (500262),Sem Quaedvlieg,sem.quaedvlieg32,True,SEC-Endpoint-Protection (avo.local/Sample/Groups/SEC-Endpoint-Protection),,,Permission unmanaged,None
Microsoft Active Directory,Sem Quaedvlieg (500262),Sem Quaedvlieg,sem.quaedvlieg32,True,LIC-M365-E5 (avo.local/Sample/Groups/LIC-M365-E5),,,Permission unmanaged,None
Microsoft Active Directory,Mila Berkhout (500263),Mila Berkhout,mila.berkhout33,True,FS-INK08-Inkoop-RW (avo.local/Sample/Groups/FS-INK08-Inkoop-RW),,,Permission unmanaged,None
Microsoft Active Directory,Mila Berkhout (500263),Mila Berkhout,mila.berkhout33,True,MBX-INK08-Inkoop (avo.local/Sample/Groups/MBX-INK08-Inkoop),,,Permission unmanaged,None
Microsoft Active Directory,Mila Berkhout (500263),Mila Berkhout,mila.berkhout33,True,ROLE-INK08-Inkoop (avo.local/Sample/Groups/ROLE-INK08-Inkoop),,,Permission unmanaged,None
Microsoft Active Directory,Mila Berkhout (500263),Mila Berkhout,mila.berkhout33,True,TEAM-INK08-Inkoop (avo.local/Sample/Groups/TEAM-INK08-Inkoop),,,Permission unmanaged,None
Microsoft Active Directory,Mila Berkhout (500263),Mila Berkhout,mila.berkhout33,True,APP-INK08-Inkoop-Portal (avo.local/Sample/Groups/APP-INK08-Inkoop-Portal),,,Permission unmanaged,None
Microsoft Active Directory,Mila Berkhout (500263),Mila Berkhout,mila.berkhout33,True,FS-INK08-Inkoop-RO (avo.local/Sample/Groups/FS-INK08-Inkoop-RO),,,Permission unmanaged,None
Microsoft Active Directory,Mila Berkhout (500263),Mila Berkhout,mila.berkhout33,True,APP-Office365 (avo.local/Sample/Groups/APP-Office365),,,Permission unmanaged,None
Microsoft Active Directory,Mila Berkhout (500263),Mila Berkhout,mila.berkhout33,True,APP-Teams (avo.local/Sample/Groups/APP-Teams),,,Permission unmanaged,None
Microsoft Active Directory,Mila Berkhout (500263),Mila Berkhout,mila.berkhout33,True,WIFI-Personeel (avo.local/Sample/Groups/WIFI-Personeel),,,Permission unmanaged,None
Microsoft Active Directory,Mila Berkhout (500263),Mila Berkhout,mila.berkhout33,True,SEC-Antivirus (avo.local/Sample/Groups/SEC-Antivirus),,,Permission unmanaged,None
Microsoft Active Directory,Mila Berkhout (500263),Mila Berkhout,mila.berkhout33,True,SEC-DiskEncryption (avo.local/Sample/Groups/SEC-DiskEncryption),,,Permission unmanaged,None
Microsoft Active Directory,Mila Berkhout (500263),Mila Berkhout,mila.berkhout33,True,SEC-Endpoint-Protection (avo.local/Sample/Groups/SEC-Endpoint-Protection),,,Permission unmanaged,None
Microsoft Active Directory,Mila Berkhout (500263),Mila Berkhout,mila.berkhout33,True,LIC-M365-E3 (avo.local/Sample/Groups/LIC-M365-E3),,,Permission unmanaged,None
Microsoft Active Directory,Mila Berkhout (500263),Mila Berkhout,mila.berkhout33,True,LIC-M365-F3 (avo.local/Sample/Groups/LIC-M365-F3),,,Permission unmanaged,None
Microsoft Active Directory,,Vera Uijlenbroek,vera.uijlenbroek34,True,,,,Account unmanaged,None
Microsoft Active Directory,,Vera Uijlenbroek,vera.uijlenbroek34,True,MBX-INK08-Inkoop (avo.local/Sample/Groups/MBX-INK08-Inkoop),,,Permission unmanaged,None
Microsoft Active Directory,,Vera Uijlenbroek,vera.uijlenbroek34,True,APP-INK08-Inkoop-Portal (avo.local/Sample/Groups/APP-INK08-Inkoop-Portal),,,Permission unmanaged,None
Microsoft Active Directory,,Vera Uijlenbroek,vera.uijlenbroek34,True,ROLE-INK08-Inkoop (avo.local/Sample/Groups/ROLE-INK08-Inkoop),,,Permission unmanaged,None
Microsoft Active Directory,,Vera Uijlenbroek,vera.uijlenbroek34,True,TEAM-INK08-Inkoop (avo.local/Sample/Groups/TEAM-INK08-Inkoop),,,Permission unmanaged,None
Microsoft Active Directory,,Vera Uijlenbroek,vera.uijlenbroek34,True,FS-INK08-Inkoop-RO (avo.local/Sample/Groups/FS-INK08-Inkoop-RO),,,Permission unmanaged,None
Microsoft Active Directory,,Vera Uijlenbroek,vera.uijlenbroek34,True,FS-INK08-Inkoop-RW (avo.local/Sample/Groups/FS-INK08-Inkoop-RW),,,Permission unmanaged,None
Microsoft Active Directory,,Vera Uijlenbroek,vera.uijlenbroek34,True,APP-Planner (avo.local/Sample/Groups/APP-Planner),,,Permission unmanaged,None
Microsoft Active Directory,,Vera Uijlenbroek,vera.uijlenbroek34,True,WIFI-Personeel (avo.local/Sample/Groups/WIFI-Personeel),,,Permission unmanaged,None
Microsoft Active Directory,,Vera Uijlenbroek,vera.uijlenbroek34,True,SEC-DiskEncryption (avo.local/Sample/Groups/SEC-DiskEncryption),,,Permission unmanaged,None
Microsoft Active Directory,,Vera Uijlenbroek,vera.uijlenbroek34,True,SEC-MFA-Enrolled (avo.local/Sample/Groups/SEC-MFA-Enrolled),,,Permission unmanaged,None
Microsoft Active Directory,,Vera Uijlenbroek,vera.uijlenbroek34,True,SEC-Endpoint-Protection (avo.local/Sample/Groups/SEC-Endpoint-Protection),,,Permission unmanaged,None
Microsoft Active Directory,,Vera Uijlenbroek,vera.uijlenbroek34,True,APP-Copilot (avo.local/Sample/Groups/APP-Copilot),,,Permission unmanaged,None
Microsoft Active Directory,,Vera Uijlenbroek,vera.uijlenbroek34,True,LIC-M365-E3 (avo.local/Sample/Groups/LIC-M365-E3),,,Permission unmanaged,None
Microsoft Active Directory,Vera Gerritsen (500265),Vera Gerritsen,vera.gerritsen35,True,ROLE-CA060-Revalidatie (avo.local/Sample/Groups/ROLE-CA060-Revalidatie),,,Permission unmanaged,None
Microsoft Active Directory,Vera Gerritsen (500265),Vera Gerritsen,vera.gerritsen35,True,TEAM-CA060-Revalidatie (avo.local/Sample/Groups/TEAM-CA060-Revalidatie),,,Permission unmanaged,None
Microsoft Active Directory,Vera Gerritsen (500265),Vera Gerritsen,vera.gerritsen35,True,APP-CA060-Revalidatie-Portal (avo.local/Sample/Groups/APP-CA060-Revalidatie-Portal),,,Permission unmanaged,None
Microsoft Active Directory,Vera Gerritsen (500265),Vera Gerritsen,vera.gerritsen35,True,MBX-CA060-Revalidatie (avo.local/Sample/Groups/MBX-CA060-Revalidatie),,,Permission unmanaged,None
Microsoft Active Directory,Vera Gerritsen (500265),Vera Gerritsen,vera.gerritsen35,True,FS-CA060-Revalidatie-RO (avo.local/Sample/Groups/FS-CA060-Revalidatie-RO),,,Permission unmanaged,None
Microsoft Active Directory,Vera Gerritsen (500265),Vera Gerritsen,vera.gerritsen35,True,FS-CA060-Revalidatie-RW (avo.local/Sample/Groups/FS-CA060-Revalidatie-RW),,,Permission unmanaged,None
Microsoft Active Directory,Vera Gerritsen (500265),Vera Gerritsen,vera.gerritsen35,True,APP-Intranet (avo.local/Sample/Groups/APP-Intranet),,,Permission unmanaged,None
Microsoft Active Directory,Vera Gerritsen (500265),Vera Gerritsen,vera.gerritsen35,True,APP-Office365 (avo.local/Sample/Groups/APP-Office365),,,Permission unmanaged,None
Microsoft Active Directory,Vera Gerritsen (500265),Vera Gerritsen,vera.gerritsen35,True,SEC-Antivirus (avo.local/Sample/Groups/SEC-Antivirus),,,Permission unmanaged,None
Microsoft Active Directory,Vera Gerritsen (500265),Vera Gerritsen,vera.gerritsen35,True,SEC-DiskEncryption (avo.local/Sample/Groups/SEC-DiskEncryption),,,Permission unmanaged,None
Microsoft Active Directory,Vera Gerritsen (500265),Vera Gerritsen,vera.gerritsen35,True,SEC-MFA-Enrolled (avo.local/Sample/Groups/SEC-MFA-Enrolled),,,Permission unmanaged,None
Microsoft Active Directory,Vera Gerritsen (500265),Vera Gerritsen,vera.gerritsen35,True,SEC-Endpoint-Protection (avo.local/Sample/Groups/SEC-Endpoint-Protection),,,Permission unmanaged,None
Microsoft Active Directory,Vera Gerritsen (500265),Vera Gerritsen,vera.gerritsen35,True,APP-Project (avo.local/Sample/Groups/APP-Project),,,Permission unmanaged,None
Microsoft Active Directory,Vera Gerritsen (500265),Vera Gerritsen,vera.gerritsen35,True,LIC-M365-E1 (avo.local/Sample/Groups/LIC-M365-E1),,,Permission unmanaged,None
Microsoft Active Directory,Iris Wielenga (500266),Iris Wielenga,iris.wielenga36,True,FS-FIN01-Financien-RO (avo.local/Sample/Groups/FS-FIN01-Financien-RO),,,Permission unmanaged,None
Microsoft Active Directory,Iris Wielenga (500266),Iris Wielenga,iris.wielenga36,True,TEAM-FIN01-Financien (avo.local/Sample/Groups/TEAM-FIN01-Financien),,,Permission unmanaged,None
Microsoft Active Directory,Iris Wielenga (500266),Iris Wielenga,iris.wielenga36,True,FS-FIN01-Financien-RW (avo.local/Sample/Groups/FS-FIN01-Financien-RW),,,Permission unmanaged,None
Microsoft Active Directory,Iris Wielenga (500266),Iris Wielenga,iris.wielenga36,True,MBX-FIN01-Financien (avo.local/Sample/Groups/MBX-FIN01-Financien),,,Permission unmanaged,None
Microsoft Active Directory,Iris Wielenga (500266),Iris Wielenga,iris.wielenga36,True,APP-FIN01-Financien-Portal (avo.local/Sample/Groups/APP-FIN01-Financien-Portal),,,Permission unmanaged,None
Microsoft Active Directory,Iris Wielenga (500266),Iris Wielenga,iris.wielenga36,True,ROLE-FIN01-Financien (avo.local/Sample/Groups/ROLE-FIN01-Financien),,,Permission unmanaged,None
Microsoft Active Directory,Iris Wielenga (500266),Iris Wielenga,iris.wielenga36,True,APP-Planner (avo.local/Sample/Groups/APP-Planner),,,Permission unmanaged,None
Microsoft Active Directory,Iris Wielenga (500266),Iris Wielenga,iris.wielenga36,True,PRINT-Default (avo.local/Sample/Groups/PRINT-Default),,,Permission unmanaged,None
Microsoft Active Directory,Iris Wielenga (500266),Iris Wielenga,iris.wielenga36,True,SEC-Antivirus (avo.local/Sample/Groups/SEC-Antivirus),,,Permission unmanaged,None
Microsoft Active Directory,Iris Wielenga (500266),Iris Wielenga,iris.wielenga36,True,SEC-DiskEncryption (avo.local/Sample/Groups/SEC-DiskEncryption),,,Permission unmanaged,None
Microsoft Active Directory,Iris Wielenga (500266),Iris Wielenga,iris.wielenga36,True,SEC-MFA-Enrolled (avo.local/Sample/Groups/SEC-MFA-Enrolled),,,Permission unmanaged,None
Microsoft Active Directory,Iris Wielenga (500266),Iris Wielenga,iris.wielenga36,True,SEC-Endpoint-Protection (avo.local/Sample/Groups/SEC-Endpoint-Protection),,,Permission unmanaged,None
Microsoft Active Directory,Iris Wielenga (500266),Iris Wielenga,iris.wielenga36,True,APP-Project (avo.local/Sample/Groups/APP-Project),,,Permission unmanaged,None
Microsoft Active Directory,Iris Wielenga (500266),Iris Wielenga,iris.wielenga36,True,LIC-M365-F3 (avo.local/Sample/Groups/LIC-M365-F3),,,Permission unmanaged,None
Microsoft Active Directory,Vera Slootweg (500267),Vera Slootweg,vera.slootweg37,True,MBX-CB12-Dagbesteding (avo.local/Sample/Groups/MBX-CB12-Dagbesteding),,,Permission unmanaged,None
Microsoft Active Directory,Vera Slootweg (500267),Vera Slootweg,vera.slootweg37,True,FS-CB12-Dagbesteding-RW (avo.local/Sample/Groups/FS-CB12-Dagbesteding-RW),,,Permission unmanaged,None
Microsoft Active Directory,Vera Slootweg (500267),Vera Slootweg,vera.slootweg37,True,APP-CB12-Dagbesteding-Portal (avo.local/Sample/Groups/APP-CB12-Dagbesteding-Portal),,,Permission unmanaged,None
Microsoft Active Directory,Vera Slootweg (500267),Vera Slootweg,vera.slootweg37,True,APP-Planner (avo.local/Sample/Groups/APP-Planner),,,Permission unmanaged,None
Microsoft Active Directory,Vera Slootweg (500267),Vera Slootweg,vera.slootweg37,True,APP-Teams (avo.local/Sample/Groups/APP-Teams),,,Permission unmanaged,None
Microsoft Active Directory,Vera Slootweg (500267),Vera Slootweg,vera.slootweg37,True,APP-Office365 (avo.local/Sample/Groups/APP-Office365),,,Permission unmanaged,None
Microsoft Active Directory,Vera Slootweg (500267),Vera Slootweg,vera.slootweg37,True,PRINT-Default (avo.local/Sample/Groups/PRINT-Default),,,Permission unmanaged,None
Microsoft Active Directory,Vera Slootweg (500267),Vera Slootweg,vera.slootweg37,True,VPN-Thuiswerken (avo.local/Sample/Groups/VPN-Thuiswerken),,,Permission unmanaged,None
Microsoft Active Directory,Vera Slootweg (500267),Vera Slootweg,vera.slootweg37,True,SEC-Antivirus (avo.local/Sample/Groups/SEC-Antivirus),,,Permission unmanaged,None
Microsoft Active Directory,Vera Slootweg (500267),Vera Slootweg,vera.slootweg37,True,SEC-Endpoint-Protection (avo.local/Sample/Groups/SEC-Endpoint-Protection),,,Permission unmanaged,None
Microsoft Active Directory,Vera Slootweg (500267),Vera Slootweg,vera.slootweg37,True,APP-Adobe-AcrobatPro (avo.local/Sample/Groups/APP-Adobe-AcrobatPro),,,Permission unmanaged,None
Microsoft Active Directory,Vera Slootweg (500267),Vera Slootweg,vera.slootweg37,True,LIC-M365-E1 (avo.local/Sample/Groups/LIC-M365-E1),,,Permission unmanaged,None
Microsoft Active Directory,Wout Slootweg (500268),Wout Slootweg,wout.slootweg38,True,ROLE-FIN01-Financien (avo.local/Sample/Groups/ROLE-FIN01-Financien),,,Permission unmanaged,None
Microsoft Active Directory,Wout Slootweg (500268),Wout Slootweg,wout.slootweg38,True,MBX-FIN01-Financien (avo.local/Sample/Groups/MBX-FIN01-Financien),,,Permission unmanaged,None
Microsoft Active Directory,Wout Slootweg (500268),Wout Slootweg,wout.slootweg38,True,FS-FIN01-Financien-RW (avo.local/Sample/Groups/FS-FIN01-Financien-RW),,,Permission unmanaged,None
Microsoft Active Directory,Wout Slootweg (500268),Wout Slootweg,wout.slootweg38,True,APP-Selfservice (avo.local/Sample/Groups/APP-Selfservice),,,Permission unmanaged,None
Microsoft Active Directory,Wout Slootweg (500268),Wout Slootweg,wout.slootweg38,True,APP-Intranet (avo.local/Sample/Groups/APP-Intranet),,,Permission unmanaged,None
Microsoft Active Directory,Wout Slootweg (500268),Wout Slootweg,wout.slootweg38,True,APP-Teams (avo.local/Sample/Groups/APP-Teams),,,Permission unmanaged,None
Microsoft Active Directory,Wout Slootweg (500268),Wout Slootweg,wout.slootweg38,True,WIFI-Personeel (avo.local/Sample/Groups/WIFI-Personeel),,,Permission unmanaged,None
Microsoft Active Directory,Wout Slootweg (500268),Wout Slootweg,wout.slootweg38,True,SEC-Antivirus (avo.local/Sample/Groups/SEC-Antivirus),,,Permission unmanaged,None
Microsoft Active Directory,Wout Slootweg (500268),Wout Slootweg,wout.slootweg38,True,SEC-DiskEncryption (avo.local/Sample/Groups/SEC-DiskEncryption),,,Permission unmanaged,None
Microsoft Active Directory,Wout Slootweg (500268),Wout Slootweg,wout.slootweg38,True,SEC-MFA-Enrolled (avo.local/Sample/Groups/SEC-MFA-Enrolled),,,Permission unmanaged,None
Microsoft Active Directory,Wout Slootweg (500268),Wout Slootweg,wout.slootweg38,True,SEC-Endpoint-Protection (avo.local/Sample/Groups/SEC-Endpoint-Protection),,,Permission unmanaged,None
Microsoft Active Directory,Wout Slootweg (500268),Wout Slootweg,wout.slootweg38,True,LIC-M365-F3 (avo.local/Sample/Groups/LIC-M365-F3),,,Permission unmanaged,None
Microsoft Active Directory,Wout Slootweg (500268),Wout Slootweg,wout.slootweg38,True,LIC-M365-E3 (avo.local/Sample/Groups/LIC-M365-E3),,,Permission unmanaged,None
Microsoft Active Directory,,Service FAC04-Facilitair,svc-cz0839,True,,,,Account unmanaged,Excluded
Microsoft Active Directory,,Service FAC04-Facilitair,svc-cz0839,True,SRV-Applicatieserver (avo.local/Sample/Groups/SRV-Applicatieserver),,,Permission unmanaged,None
Microsoft Active Directory,Olivier Berkhout (500270),Olivier Berkhout,olivier.berkhout40,True,FS-CB12-Dagbesteding-RO (avo.local/Sample/Groups/FS-CB12-Dagbesteding-RO),,,Permission unmanaged,None
Microsoft Active Directory,Olivier Berkhout (500270),Olivier Berkhout,olivier.berkhout40,True,ROLE-CB12-Dagbesteding (avo.local/Sample/Groups/ROLE-CB12-Dagbesteding),,,Permission unmanaged,None
Microsoft Active Directory,Olivier Berkhout (500270),Olivier Berkhout,olivier.berkhout40,True,APP-CB12-Dagbesteding-Portal (avo.local/Sample/Groups/APP-CB12-Dagbesteding-Portal),,,Permission unmanaged,None
Microsoft Active Directory,Olivier Berkhout (500270),Olivier Berkhout,olivier.berkhout40,True,APP-Intranet (avo.local/Sample/Groups/APP-Intranet),,,Permission unmanaged,None
Microsoft Active Directory,Olivier Berkhout (500270),Olivier Berkhout,olivier.berkhout40,True,APP-Planner (avo.local/Sample/Groups/APP-Planner),,,Permission unmanaged,None
Microsoft Active Directory,Olivier Berkhout (500270),Olivier Berkhout,olivier.berkhout40,True,WIFI-Personeel (avo.local/Sample/Groups/WIFI-Personeel),,,Permission unmanaged,None
Microsoft Active Directory,Olivier Berkhout (500270),Olivier Berkhout,olivier.berkhout40,True,VPN-Thuiswerken (avo.local/Sample/Groups/VPN-Thuiswerken),,,Permission unmanaged,None
Microsoft Active Directory,Olivier Berkhout (500270),Olivier Berkhout,olivier.berkhout40,True,SEC-Antivirus (avo.local/Sample/Groups/SEC-Antivirus),,,Permission unmanaged,None
Microsoft Active Directory,Olivier Berkhout (500270),Olivier Berkhout,olivier.berkhout40,True,SEC-DiskEncryption (avo.local/Sample/Groups/SEC-DiskEncryption),,,Permission unmanaged,None
Microsoft Active Directory,Olivier Berkhout (500270),Olivier Berkhout,olivier.berkhout40,True,SEC-MFA-Enrolled (avo.local/Sample/Groups/SEC-MFA-Enrolled),,,Permission unmanaged,None
Microsoft Active Directory,Olivier Berkhout (500270),Olivier Berkhout,olivier.berkhout40,True,SEC-Endpoint-Protection (avo.local/Sample/Groups/SEC-Endpoint-Protection),,,Permission unmanaged,None
Microsoft Active Directory,Olivier Berkhout (500270),Olivier Berkhout,olivier.berkhout40,True,LIC-M365-E5 (avo.local/Sample/Groups/LIC-M365-E5),,,Permission unmanaged,None
Microsoft Active Directory,,Anne Zomerdijk (admin),adm-anne.zomerdijk41,True,,,,Account unmanaged,None
Microsoft Active Directory,,Anne Zomerdijk (admin),adm-anne.zomerdijk41,True,PRIV-PAM-Kluis (avo.local/Sample/Groups/PRIV-PAM-Kluis),,,Permission unmanaged,None
Microsoft Active Directory,,Anne Zomerdijk (admin),adm-anne.zomerdijk41,True,LOG-Eventcollector (avo.local/Sample/Groups/LOG-Eventcollector),,,Permission unmanaged,None
Microsoft Active Directory,,Anne Zomerdijk (admin),adm-anne.zomerdijk41,True,DB-SQL-Service (avo.local/Sample/Groups/DB-SQL-Service),,,Permission unmanaged,None
Microsoft Active Directory,,Quinten Nagtegaal (admin),adm-quinten.nagtegaal42,True,,,,Account unmanaged,None
Microsoft Active Directory,,Quinten Nagtegaal (admin),adm-quinten.nagtegaal42,True,ADMIN-Beheer (avo.local/Sample/Groups/ADMIN-Beheer),,,Permission unmanaged,None
Microsoft Active Directory,,Quinten Nagtegaal (admin),adm-quinten.nagtegaal42,True,SRV-Aanmelden-AlsService (avo.local/Sample/Groups/SRV-Aanmelden-AlsService),,,Permission unmanaged,None
Microsoft Active Directory,,Quinten Nagtegaal (admin),adm-quinten.nagtegaal42,True,DB-SQL-Service (avo.local/Sample/Groups/DB-SQL-Service),,,Permission unmanaged,None
Microsoft Active Directory,,Quinten Nagtegaal (admin),adm-quinten.nagtegaal42,True,LIC-M365-E5 (avo.local/Sample/Groups/LIC-M365-E5),,,Permission unmanaged,None
Microsoft Active Directory,Bram Terlouw (500273),Bram Terlouw,bram.terlouw43,True,TEAM-CA010-Thuiszorg (avo.local/Sample/Groups/TEAM-CA010-Thuiszorg),,,Permission unmanaged,None
Microsoft Active Directory,Bram Terlouw (500273),Bram Terlouw,bram.terlouw43,True,APP-CA010-Thuiszorg-Portal (avo.local/Sample/Groups/APP-CA010-Thuiszorg-Portal),,,Permission unmanaged,None
Microsoft Active Directory,Bram Terlouw (500273),Bram Terlouw,bram.terlouw43,True,ROLE-CA010-Thuiszorg (avo.local/Sample/Groups/ROLE-CA010-Thuiszorg),,,Permission unmanaged,None
Microsoft Active Directory,Bram Terlouw (500273),Bram Terlouw,bram.terlouw43,True,APP-Intranet (avo.local/Sample/Groups/APP-Intranet),,,Permission unmanaged,None
Microsoft Active Directory,Bram Terlouw (500273),Bram Terlouw,bram.terlouw43,True,APP-Selfservice (avo.local/Sample/Groups/APP-Selfservice),,,Permission unmanaged,None
Microsoft Active Directory,Bram Terlouw (500273),Bram Terlouw,bram.terlouw43,True,APP-Teams (avo.local/Sample/Groups/APP-Teams),,,Permission unmanaged,None
Microsoft Active Directory,Bram Terlouw (500273),Bram Terlouw,bram.terlouw43,True,SEC-Antivirus (avo.local/Sample/Groups/SEC-Antivirus),,,Permission unmanaged,None
Microsoft Active Directory,Bram Terlouw (500273),Bram Terlouw,bram.terlouw43,True,SEC-DiskEncryption (avo.local/Sample/Groups/SEC-DiskEncryption),,,Permission unmanaged,None
Microsoft Active Directory,Bram Terlouw (500273),Bram Terlouw,bram.terlouw43,True,SEC-MFA-Enrolled (avo.local/Sample/Groups/SEC-MFA-Enrolled),,,Permission unmanaged,None
Microsoft Active Directory,Bram Terlouw (500273),Bram Terlouw,bram.terlouw43,True,SEC-Endpoint-Protection (avo.local/Sample/Groups/SEC-Endpoint-Protection),,,Permission unmanaged,None
Microsoft Active Directory,Bram Terlouw (500273),Bram Terlouw,bram.terlouw43,True,LIC-M365-E1 (avo.local/Sample/Groups/LIC-M365-E1),,,Permission unmanaged,None
Microsoft Active Directory,,Tess Wielenga,tess.wielenga44,True,,,,Account unmanaged,None
Microsoft Active Directory,,Tess Wielenga,tess.wielenga44,True,FS-CZ08-Begeleiding-RO (avo.local/Sample/Groups/FS-CZ08-Begeleiding-RO),,,Permission unmanaged,None
Microsoft Active Directory,,Tess Wielenga,tess.wielenga44,True,APP-CZ08-Begeleiding-Portal (avo.local/Sample/Groups/APP-CZ08-Begeleiding-Portal),,,Permission unmanaged,None
Microsoft Active Directory,,Tess Wielenga,tess.wielenga44,True,ROLE-CZ08-Begeleiding (avo.local/Sample/Groups/ROLE-CZ08-Begeleiding),,,Permission unmanaged,None
Microsoft Active Directory,,Tess Wielenga,tess.wielenga44,True,APP-Teams (avo.local/Sample/Groups/APP-Teams),,,Permission unmanaged,None
Microsoft Active Directory,,Tess Wielenga,tess.wielenga44,True,SEC-Antivirus (avo.local/Sample/Groups/SEC-Antivirus),,,Permission unmanaged,None
Microsoft Active Directory,,Tess Wielenga,tess.wielenga44,True,SEC-DiskEncryption (avo.local/Sample/Groups/SEC-DiskEncryption),,,Permission unmanaged,None
Microsoft Active Directory,,Tess Wielenga,tess.wielenga44,True,SEC-Endpoint-Protection (avo.local/Sample/Groups/SEC-Endpoint-Protection),,,Permission unmanaged,None
Microsoft Active Directory,,Tess Wielenga,tess.wielenga44,True,LIC-M365-E5 (avo.local/Sample/Groups/LIC-M365-E5),,,Permission unmanaged,None
Microsoft Active Directory,Noa Coenen (500275),Noa Coenen,noa.coenen45,True,FS-COM05-Communicatie-RW (avo.local/Sample/Groups/FS-COM05-Communicatie-RW),,,Permission unmanaged,None
Microsoft Active Directory,Noa Coenen (500275),Noa Coenen,noa.coenen45,True,APP-COM05-Communicatie-Portal (avo.local/Sample/Groups/APP-COM05-Communicatie-Portal),,,Permission unmanaged,None
Microsoft Active Directory,Noa Coenen (500275),Noa Coenen,noa.coenen45,True,APP-Selfservice (avo.local/Sample/Groups/APP-Selfservice),,,Permission unmanaged,None
Microsoft Active Directory,Noa Coenen (500275),Noa Coenen,noa.coenen45,True,APP-Planner (avo.local/Sample/Groups/APP-Planner),,,Permission unmanaged,None
Microsoft Active Directory,Noa Coenen (500275),Noa Coenen,noa.coenen45,True,APP-Office365 (avo.local/Sample/Groups/APP-Office365),,,Permission unmanaged,None
Microsoft Active Directory,Noa Coenen (500275),Noa Coenen,noa.coenen45,True,SEC-Antivirus (avo.local/Sample/Groups/SEC-Antivirus),,,Permission unmanaged,None
Microsoft Active Directory,Noa Coenen (500275),Noa Coenen,noa.coenen45,True,SEC-DiskEncryption (avo.local/Sample/Groups/SEC-DiskEncryption),,,Permission unmanaged,None
Microsoft Active Directory,Noa Coenen (500275),Noa Coenen,noa.coenen45,True,SEC-MFA-Enrolled (avo.local/Sample/Groups/SEC-MFA-Enrolled),,,Permission unmanaged,None
Microsoft Active Directory,Noa Coenen (500275),Noa Coenen,noa.coenen45,True,SEC-Endpoint-Protection (avo.local/Sample/Groups/SEC-Endpoint-Protection),,,Permission unmanaged,None
Microsoft Active Directory,Noa Coenen (500275),Noa Coenen,noa.coenen45,True,APP-Adobe-AcrobatPro (avo.local/Sample/Groups/APP-Adobe-AcrobatPro),,,Permission unmanaged,None
Microsoft Active Directory,Noa Coenen (500275),Noa Coenen,noa.coenen45,True,APP-PowerBI-Pro (avo.local/Sample/Groups/APP-PowerBI-Pro),,,Permission unmanaged,None
Microsoft Active Directory,Noa Coenen (500275),Noa Coenen,noa.coenen45,True,LIC-M365-E5 (avo.local/Sample/Groups/LIC-M365-E5),,,Permission unmanaged,None
Microsoft Active Directory,,Service FIN01-Financien,svc-ca06046,True,,,,Account unmanaged,None
Microsoft Active Directory,,Service FIN01-Financien,svc-ca06046,True,DB-SQL-Service (avo.local/Sample/Groups/DB-SQL-Service),,,Permission unmanaged,None
Microsoft Active Directory,,Service FIN01-Financien,svc-ca06046,True,SRV-Aanmelden-AlsService (avo.local/Sample/Groups/SRV-Aanmelden-AlsService),,,Permission unmanaged,None
Microsoft Active Directory,,Service FIN01-Financien,svc-ca06046,True,SRV-RDP-Beheerservers (avo.local/Sample/Groups/SRV-RDP-Beheerservers),,,Permission unmanaged,None
Microsoft Active Directory,Quinten Nagtegaal (500277),Quinten Nagtegaal,quinten.nagtegaal47,True,ROLE-ICT03-Techniek (avo.local/Sample/Groups/ROLE-ICT03-Techniek),,,Permission unmanaged,None
Microsoft Active Directory,Quinten Nagtegaal (500277),Quinten Nagtegaal,quinten.nagtegaal47,True,FS-ICT03-Techniek-RW (avo.local/Sample/Groups/FS-ICT03-Techniek-RW),,,Permission unmanaged,None
Microsoft Active Directory,Quinten Nagtegaal (500277),Quinten Nagtegaal,quinten.nagtegaal47,True,FS-ICT03-Techniek-RO (avo.local/Sample/Groups/FS-ICT03-Techniek-RO),,,Permission unmanaged,None
Microsoft Active Directory,Quinten Nagtegaal (500277),Quinten Nagtegaal,quinten.nagtegaal47,True,APP-ICT03-Techniek-Portal (avo.local/Sample/Groups/APP-ICT03-Techniek-Portal),,,Permission unmanaged,None
Microsoft Active Directory,Quinten Nagtegaal (500277),Quinten Nagtegaal,quinten.nagtegaal47,True,APP-Intranet (avo.local/Sample/Groups/APP-Intranet),,,Permission unmanaged,None
Microsoft Active Directory,Quinten Nagtegaal (500277),Quinten Nagtegaal,quinten.nagtegaal47,True,PRINT-Default (avo.local/Sample/Groups/PRINT-Default),,,Permission unmanaged,None
Microsoft Active Directory,Quinten Nagtegaal (500277),Quinten Nagtegaal,quinten.nagtegaal47,True,SEC-Antivirus (avo.local/Sample/Groups/SEC-Antivirus),,,Permission unmanaged,None
Microsoft Active Directory,Quinten Nagtegaal (500277),Quinten Nagtegaal,quinten.nagtegaal47,True,SEC-DiskEncryption (avo.local/Sample/Groups/SEC-DiskEncryption),,,Permission unmanaged,None
Microsoft Active Directory,Quinten Nagtegaal (500277),Quinten Nagtegaal,quinten.nagtegaal47,True,SEC-Endpoint-Protection (avo.local/Sample/Groups/SEC-Endpoint-Protection),,,Permission unmanaged,None
Microsoft Active Directory,Quinten Nagtegaal (500277),Quinten Nagtegaal,quinten.nagtegaal47,True,APP-Visio (avo.local/Sample/Groups/APP-Visio),,,Permission unmanaged,None
Microsoft Active Directory,Quinten Nagtegaal (500277),Quinten Nagtegaal,quinten.nagtegaal47,True,APP-Copilot (avo.local/Sample/Groups/APP-Copilot),,,Permission unmanaged,None
Microsoft Active Directory,Quinten Nagtegaal (500277),Quinten Nagtegaal,quinten.nagtegaal47,True,LIC-M365-E3 (avo.local/Sample/Groups/LIC-M365-E3),,,Permission unmanaged,None
Microsoft Active Directory,Pien Kalisvaart (500278),Pien Kalisvaart,pien.kalisvaart48,False,FS-CA060-Revalidatie-RO (avo.local/Sample/Groups/FS-CA060-Revalidatie-RO),,,Permission unmanaged,None
Microsoft Active Directory,Pien Kalisvaart (500278),Pien Kalisvaart,pien.kalisvaart48,False,TEAM-CA060-Revalidatie (avo.local/Sample/Groups/TEAM-CA060-Revalidatie),,,Permission unmanaged,None
Microsoft Active Directory,Pien Kalisvaart (500278),Pien Kalisvaart,pien.kalisvaart48,False,ROLE-CA060-Revalidatie (avo.local/Sample/Groups/ROLE-CA060-Revalidatie),,,Permission unmanaged,None
Microsoft Active Directory,Pien Kalisvaart (500278),Pien Kalisvaart,pien.kalisvaart48,False,MBX-CA060-Revalidatie (avo.local/Sample/Groups/MBX-CA060-Revalidatie),,,Permission unmanaged,None
Microsoft Active Directory,Pien Kalisvaart (500278),Pien Kalisvaart,pien.kalisvaart48,False,FS-CA060-Revalidatie-RW (avo.local/Sample/Groups/FS-CA060-Revalidatie-RW),,,Permission unmanaged,None
Microsoft Active Directory,Pien Kalisvaart (500278),Pien Kalisvaart,pien.kalisvaart48,False,APP-CA060-Revalidatie-Portal (avo.local/Sample/Groups/APP-CA060-Revalidatie-Portal),,,Permission unmanaged,None
Microsoft Active Directory,Pien Kalisvaart (500278),Pien Kalisvaart,pien.kalisvaart48,False,APP-Intranet (avo.local/Sample/Groups/APP-Intranet),,,Permission unmanaged,None
Microsoft Active Directory,Pien Kalisvaart (500278),Pien Kalisvaart,pien.kalisvaart48,False,SEC-DiskEncryption (avo.local/Sample/Groups/SEC-DiskEncryption),,,Permission unmanaged,None
Microsoft Active Directory,Pien Kalisvaart (500278),Pien Kalisvaart,pien.kalisvaart48,False,SEC-MFA-Enrolled (avo.local/Sample/Groups/SEC-MFA-Enrolled),,,Permission unmanaged,None
Microsoft Active Directory,Pien Kalisvaart (500278),Pien Kalisvaart,pien.kalisvaart48,False,SEC-Endpoint-Protection (avo.local/Sample/Groups/SEC-Endpoint-Protection),,,Permission unmanaged,None
Microsoft Active Directory,Pien Kalisvaart (500278),Pien Kalisvaart,pien.kalisvaart48,False,LIC-M365-E5 (avo.local/Sample/Groups/LIC-M365-E5),,,Permission unmanaged,None
Microsoft Active Directory,Ursula Gerritsen (500279),Ursula Gerritsen,ursula.gerritsen49,True,TEAM-INK08-Inkoop (avo.local/Sample/Groups/TEAM-INK08-Inkoop),,,Permission unmanaged,None
Microsoft Active Directory,Ursula Gerritsen (500279),Ursula Gerritsen,ursula.gerritsen49,True,FS-INK08-Inkoop-RW (avo.local/Sample/Groups/FS-INK08-Inkoop-RW),,,Permission unmanaged,None
Microsoft Active Directory,Ursula Gerritsen (500279),Ursula Gerritsen,ursula.gerritsen49,True,FS-INK08-Inkoop-RO (avo.local/Sample/Groups/FS-INK08-Inkoop-RO),,,Permission unmanaged,None
Microsoft Active Directory,Ursula Gerritsen (500279),Ursula Gerritsen,ursula.gerritsen49,True,APP-INK08-Inkoop-Portal (avo.local/Sample/Groups/APP-INK08-Inkoop-Portal),,,Permission unmanaged,None
Microsoft Active Directory,Ursula Gerritsen (500279),Ursula Gerritsen,ursula.gerritsen49,True,APP-Planner (avo.local/Sample/Groups/APP-Planner),,,Permission unmanaged,None
Microsoft Active Directory,Ursula Gerritsen (500279),Ursula Gerritsen,ursula.gerritsen49,True,PRINT-Default (avo.local/Sample/Groups/PRINT-Default),,,Permission unmanaged,None
Microsoft Active Directory,Ursula Gerritsen (500279),Ursula Gerritsen,ursula.gerritsen49,True,VPN-Thuiswerken (avo.local/Sample/Groups/VPN-Thuiswerken),,,Permission unmanaged,None
Microsoft Active Directory,Ursula Gerritsen (500279),Ursula Gerritsen,ursula.gerritsen49,True,SEC-Antivirus (avo.local/Sample/Groups/SEC-Antivirus),,,Permission unmanaged,None
Microsoft Active Directory,Ursula Gerritsen (500279),Ursula Gerritsen,ursula.gerritsen49,True,SEC-DiskEncryption (avo.local/Sample/Groups/SEC-DiskEncryption),,,Permission unmanaged,None
Microsoft Active Directory,Ursula Gerritsen (500279),Ursula Gerritsen,ursula.gerritsen49,True,SEC-MFA-Enrolled (avo.local/Sample/Groups/SEC-MFA-Enrolled),,,Permission unmanaged,None
Microsoft Active Directory,Ursula Gerritsen (500279),Ursula Gerritsen,ursula.gerritsen49,True,LIC-M365-E5 (avo.local/Sample/Groups/LIC-M365-E5),,,Permission unmanaged,None
Microsoft Active Directory,Roos Slootweg (500280),Roos Slootweg,roos.slootweg50,True,APP-CZ08-Begeleiding-Portal (avo.local/Sample/Groups/APP-CZ08-Begeleiding-Portal),,,Permission unmanaged,None
Microsoft Active Directory,Roos Slootweg (500280),Roos Slootweg,roos.slootweg50,True,FS-CZ08-Begeleiding-RO (avo.local/Sample/Groups/FS-CZ08-Begeleiding-RO),,,Permission unmanaged,None
Microsoft Active Directory,Roos Slootweg (500280),Roos Slootweg,roos.slootweg50,True,MBX-CZ08-Begeleiding (avo.local/Sample/Groups/MBX-CZ08-Begeleiding),,,Permission unmanaged,None
Microsoft Active Directory,Roos Slootweg (500280),Roos Slootweg,roos.slootweg50,True,ROLE-CZ08-Begeleiding (avo.local/Sample/Groups/ROLE-CZ08-Begeleiding),,,Permission unmanaged,None
Microsoft Active Directory,Roos Slootweg (500280),Roos Slootweg,roos.slootweg50,True,APP-Intranet (avo.local/Sample/Groups/APP-Intranet),,,Permission unmanaged,None
Microsoft Active Directory,Roos Slootweg (500280),Roos Slootweg,roos.slootweg50,True,APP-Teams (avo.local/Sample/Groups/APP-Teams),,,Permission unmanaged,None
Microsoft Active Directory,Roos Slootweg (500280),Roos Slootweg,roos.slootweg50,True,WIFI-Personeel (avo.local/Sample/Groups/WIFI-Personeel),,,Permission unmanaged,None
Microsoft Active Directory,Roos Slootweg (500280),Roos Slootweg,roos.slootweg50,True,PRINT-Default (avo.local/Sample/Groups/PRINT-Default),,,Permission unmanaged,None
Microsoft Active Directory,Roos Slootweg (500280),Roos Slootweg,roos.slootweg50,True,SEC-Antivirus (avo.local/Sample/Groups/SEC-Antivirus),,,Permission unmanaged,None
Microsoft Active Directory,Roos Slootweg (500280),Roos Slootweg,roos.slootweg50,True,SEC-Endpoint-Protection (avo.local/Sample/Groups/SEC-Endpoint-Protection),,,Permission unmanaged,None
Microsoft Active Directory,Roos Slootweg (500280),Roos Slootweg,roos.slootweg50,True,APP-PowerBI-Pro (avo.local/Sample/Groups/APP-PowerBI-Pro),,,Permission unmanaged,None
Microsoft Active Directory,Roos Slootweg (500280),Roos Slootweg,roos.slootweg50,True,LIC-M365-E5 (avo.local/Sample/Groups/LIC-M365-E5),,,Permission unmanaged,None
Microsoft Active Directory,,Xander Terlouw,xander.terlouw51,True,,,,Account unmanaged,None
Microsoft Active Directory,,Xander Terlouw,xander.terlouw51,True,MBX-KWA07-Kwaliteit (avo.local/Sample/Groups/MBX-KWA07-Kwaliteit),,,Permission unmanaged,None
Microsoft Active Directory,,Xander Terlouw,xander.terlouw51,True,APP-KWA07-Kwaliteit-Portal (avo.local/Sample/Groups/APP-KWA07-Kwaliteit-Portal),,,Permission unmanaged,None
Microsoft Active Directory,,Xander Terlouw,xander.terlouw51,True,ROLE-KWA07-Kwaliteit (avo.local/Sample/Groups/ROLE-KWA07-Kwaliteit),,,Permission unmanaged,None
Microsoft Active Directory,,Xander Terlouw,xander.terlouw51,True,TEAM-KWA07-Kwaliteit (avo.local/Sample/Groups/TEAM-KWA07-Kwaliteit),,,Permission unmanaged,None
Microsoft Active Directory,,Xander Terlouw,xander.terlouw51,True,FS-KWA07-Kwaliteit-RW (avo.local/Sample/Groups/FS-KWA07-Kwaliteit-RW),,,Permission unmanaged,None
Microsoft Active Directory,,Xander Terlouw,xander.terlouw51,True,APP-Intranet (avo.local/Sample/Groups/APP-Intranet),,,Permission unmanaged,None
Microsoft Active Directory,,Xander Terlouw,xander.terlouw51,True,SEC-Antivirus (avo.local/Sample/Groups/SEC-Antivirus),,,Permission unmanaged,None
Microsoft Active Directory,,Xander Terlouw,xander.terlouw51,True,SEC-MFA-Enrolled (avo.local/Sample/Groups/SEC-MFA-Enrolled),,,Permission unmanaged,None
Microsoft Active Directory,,Xander Terlouw,xander.terlouw51,True,SEC-Endpoint-Protection (avo.local/Sample/Groups/SEC-Endpoint-Protection),,,Permission unmanaged,None
Microsoft Active Directory,,Xander Terlouw,xander.terlouw51,True,LIC-M365-E3 (avo.local/Sample/Groups/LIC-M365-E3),,,Permission unmanaged,None
Microsoft Active Directory,Lars Roozendaal (500282),Lars Roozendaal,lars.roozendaal52,True,FS-CA060-Revalidatie-RO (avo.local/Sample/Groups/FS-CA060-Revalidatie-RO),,,Permission unmanaged,None
Microsoft Active Directory,Lars Roozendaal (500282),Lars Roozendaal,lars.roozendaal52,True,MBX-CA060-Revalidatie (avo.local/Sample/Groups/MBX-CA060-Revalidatie),,,Permission unmanaged,None
Microsoft Active Directory,Lars Roozendaal (500282),Lars Roozendaal,lars.roozendaal52,True,TEAM-CA060-Revalidatie (avo.local/Sample/Groups/TEAM-CA060-Revalidatie),,,Permission unmanaged,None
Microsoft Active Directory,Lars Roozendaal (500282),Lars Roozendaal,lars.roozendaal52,True,FS-CA060-Revalidatie-RW (avo.local/Sample/Groups/FS-CA060-Revalidatie-RW),,,Permission unmanaged,None
Microsoft Active Directory,Lars Roozendaal (500282),Lars Roozendaal,lars.roozendaal52,True,APP-Intranet (avo.local/Sample/Groups/APP-Intranet),,,Permission unmanaged,None
Microsoft Active Directory,Lars Roozendaal (500282),Lars Roozendaal,lars.roozendaal52,True,APP-Planner (avo.local/Sample/Groups/APP-Planner),,,Permission unmanaged,None
Microsoft Active Directory,Lars Roozendaal (500282),Lars Roozendaal,lars.roozendaal52,True,SEC-Antivirus (avo.local/Sample/Groups/SEC-Antivirus),,,Permission unmanaged,None
Microsoft Active Directory,Lars Roozendaal (500282),Lars Roozendaal,lars.roozendaal52,True,SEC-DiskEncryption (avo.local/Sample/Groups/SEC-DiskEncryption),,,Permission unmanaged,None
Microsoft Active Directory,Lars Roozendaal (500282),Lars Roozendaal,lars.roozendaal52,True,SEC-Endpoint-Protection (avo.local/Sample/Groups/SEC-Endpoint-Protection),,,Permission unmanaged,None
Microsoft Active Directory,Lars Roozendaal (500282),Lars Roozendaal,lars.roozendaal52,True,APP-Copilot (avo.local/Sample/Groups/APP-Copilot),,,Permission unmanaged,None
Microsoft Active Directory,Lars Roozendaal (500282),Lars Roozendaal,lars.roozendaal52,True,LIC-M365-E1 (avo.local/Sample/Groups/LIC-M365-E1),,,Permission unmanaged,None
Microsoft Active Directory,,Service COM05-Communicatie,svc-ca01053,True,,,,Account unmanaged,None
Microsoft Active Directory,,Service COM05-Communicatie,svc-ca01053,True,SRV-RDP-Beheerservers (avo.local/Sample/Groups/SRV-RDP-Beheerservers),,,Permission unmanaged,None
Microsoft Active Directory,,Service COM05-Communicatie,svc-ca01053,True,SRV-Aanmelden-AlsService (avo.local/Sample/Groups/SRV-Aanmelden-AlsService),,,Permission unmanaged,None
Microsoft Active Directory,,Service COM05-Communicatie,svc-ca01053,True,LOG-Eventcollector (avo.local/Sample/Groups/LOG-Eventcollector),,,Permission unmanaged,None
Microsoft Active Directory,Sem Elzinga (500284),Sem Elzinga,sem.elzinga54,True,ROLE-CB12-Dagbesteding (avo.local/Sample/Groups/ROLE-CB12-Dagbesteding),,,Permission unmanaged,None
Microsoft Active Directory,Sem Elzinga (500284),Sem Elzinga,sem.elzinga54,True,TEAM-CB12-Dagbesteding (avo.local/Sample/Groups/TEAM-CB12-Dagbesteding),,,Permission unmanaged,None
Microsoft Active Directory,Sem Elzinga (500284),Sem Elzinga,sem.elzinga54,True,APP-Selfservice (avo.local/Sample/Groups/APP-Selfservice),,,Permission unmanaged,None
Microsoft Active Directory,Sem Elzinga (500284),Sem Elzinga,sem.elzinga54,True,APP-Intranet (avo.local/Sample/Groups/APP-Intranet),,,Permission unmanaged,None
Microsoft Active Directory,Sem Elzinga (500284),Sem Elzinga,sem.elzinga54,True,APP-Teams (avo.local/Sample/Groups/APP-Teams),,,Permission unmanaged,None
Microsoft Active Directory,Sem Elzinga (500284),Sem Elzinga,sem.elzinga54,True,PRINT-Default (avo.local/Sample/Groups/PRINT-Default),,,Permission unmanaged,None
Microsoft Active Directory,Sem Elzinga (500284),Sem Elzinga,sem.elzinga54,True,SEC-Antivirus (avo.local/Sample/Groups/SEC-Antivirus),,,Permission unmanaged,None
Microsoft Active Directory,Sem Elzinga (500284),Sem Elzinga,sem.elzinga54,True,SEC-DiskEncryption (avo.local/Sample/Groups/SEC-DiskEncryption),,,Permission unmanaged,None
Microsoft Active Directory,Sem Elzinga (500284),Sem Elzinga,sem.elzinga54,True,SEC-MFA-Enrolled (avo.local/Sample/Groups/SEC-MFA-Enrolled),,,Permission unmanaged,None
Microsoft Active Directory,Sem Elzinga (500284),Sem Elzinga,sem.elzinga54,True,SEC-Endpoint-Protection (avo.local/Sample/Groups/SEC-Endpoint-Protection),,,Permission unmanaged,None
Microsoft Active Directory,Sem Elzinga (500284),Sem Elzinga,sem.elzinga54,True,APP-Copilot (avo.local/Sample/Groups/APP-Copilot),,,Permission unmanaged,None
Microsoft Active Directory,Sem Elzinga (500284),Sem Elzinga,sem.elzinga54,True,APP-Adobe-AcrobatPro (avo.local/Sample/Groups/APP-Adobe-AcrobatPro),,,Permission unmanaged,None
Microsoft Active Directory,Sem Elzinga (500284),Sem Elzinga,sem.elzinga54,True,LIC-M365-F3 (avo.local/Sample/Groups/LIC-M365-F3),,,Permission unmanaged,None
Microsoft Active Directory,Zoë Roozendaal (500285),Zoë Roozendaal,zoe.roozendaal55,True,APP-CA060-Revalidatie-Portal (avo.local/Sample/Groups/APP-CA060-Revalidatie-Portal),,,Permission unmanaged,None
Microsoft Active Directory,Zoë Roozendaal (500285),Zoë Roozendaal,zoe.roozendaal55,True,ROLE-CA060-Revalidatie (avo.local/Sample/Groups/ROLE-CA060-Revalidatie),,,Permission unmanaged,None
Microsoft Active Directory,Zoë Roozendaal (500285),Zoë Roozendaal,zoe.roozendaal55,True,TEAM-CA060-Revalidatie (avo.local/Sample/Groups/TEAM-CA060-Revalidatie),,,Permission unmanaged,None
Microsoft Active Directory,Zoë Roozendaal (500285),Zoë Roozendaal,zoe.roozendaal55,True,FS-CA060-Revalidatie-RW (avo.local/Sample/Groups/FS-CA060-Revalidatie-RW),,,Permission unmanaged,None
Microsoft Active Directory,Zoë Roozendaal (500285),Zoë Roozendaal,zoe.roozendaal55,True,FS-CA060-Revalidatie-RO (avo.local/Sample/Groups/FS-CA060-Revalidatie-RO),,,Permission unmanaged,None
Microsoft Active Directory,Zoë Roozendaal (500285),Zoë Roozendaal,zoe.roozendaal55,True,APP-Intranet (avo.local/Sample/Groups/APP-Intranet),,,Permission unmanaged,None
Microsoft Active Directory,Zoë Roozendaal (500285),Zoë Roozendaal,zoe.roozendaal55,True,WIFI-Personeel (avo.local/Sample/Groups/WIFI-Personeel),,,Permission unmanaged,None
Microsoft Active Directory,Zoë Roozendaal (500285),Zoë Roozendaal,zoe.roozendaal55,True,VPN-Thuiswerken (avo.local/Sample/Groups/VPN-Thuiswerken),,,Permission unmanaged,None
Microsoft Active Directory,Zoë Roozendaal (500285),Zoë Roozendaal,zoe.roozendaal55,True,SEC-Antivirus (avo.local/Sample/Groups/SEC-Antivirus),,,Permission unmanaged,None
Microsoft Active Directory,Zoë Roozendaal (500285),Zoë Roozendaal,zoe.roozendaal55,True,SEC-DiskEncryption (avo.local/Sample/Groups/SEC-DiskEncryption),,,Permission unmanaged,None
Microsoft Active Directory,Zoë Roozendaal (500285),Zoë Roozendaal,zoe.roozendaal55,True,SEC-MFA-Enrolled (avo.local/Sample/Groups/SEC-MFA-Enrolled),,,Permission unmanaged,None
Microsoft Active Directory,Zoë Roozendaal (500285),Zoë Roozendaal,zoe.roozendaal55,True,SEC-Endpoint-Protection (avo.local/Sample/Groups/SEC-Endpoint-Protection),,,Permission unmanaged,None
Microsoft Active Directory,Zoë Roozendaal (500285),Zoë Roozendaal,zoe.roozendaal55,True,APP-Project (avo.local/Sample/Groups/APP-Project),,,Permission unmanaged,None
Microsoft Active Directory,Zoë Roozendaal (500285),Zoë Roozendaal,zoe.roozendaal55,True,APP-Adobe-AcrobatPro (avo.local/Sample/Groups/APP-Adobe-AcrobatPro),,,Permission unmanaged,None
Microsoft Active Directory,Zoë Roozendaal (500285),Zoë Roozendaal,zoe.roozendaal55,True,LIC-M365-F3 (avo.local/Sample/Groups/LIC-M365-F3),,,Permission unmanaged,None
Microsoft Active Directory,Pien Fokkema (500286),Pien Fokkema,pien.fokkema56,True,APP-CA060-Revalidatie-Portal (avo.local/Sample/Groups/APP-CA060-Revalidatie-Portal),,,Permission unmanaged,None
Microsoft Active Directory,Pien Fokkema (500286),Pien Fokkema,pien.fokkema56,True,ROLE-CA060-Revalidatie (avo.local/Sample/Groups/ROLE-CA060-Revalidatie),,,Permission unmanaged,None
Microsoft Active Directory,Pien Fokkema (500286),Pien Fokkema,pien.fokkema56,True,FS-CA060-Revalidatie-RW (avo.local/Sample/Groups/FS-CA060-Revalidatie-RW),,,Permission unmanaged,None
Microsoft Active Directory,Pien Fokkema (500286),Pien Fokkema,pien.fokkema56,True,TEAM-CA060-Revalidatie (avo.local/Sample/Groups/TEAM-CA060-Revalidatie),,,Permission unmanaged,None
Microsoft Active Directory,Pien Fokkema (500286),Pien Fokkema,pien.fokkema56,True,MBX-CA060-Revalidatie (avo.local/Sample/Groups/MBX-CA060-Revalidatie),,,Permission unmanaged,None
Microsoft Active Directory,Pien Fokkema (500286),Pien Fokkema,pien.fokkema56,True,APP-Office365 (avo.local/Sample/Groups/APP-Office365),,,Permission unmanaged,None
Microsoft Active Directory,Pien Fokkema (500286),Pien Fokkema,pien.fokkema56,True,APP-Selfservice (avo.local/Sample/Groups/APP-Selfservice),,,Permission unmanaged,None
Microsoft Active Directory,Pien Fokkema (500286),Pien Fokkema,pien.fokkema56,True,WIFI-Personeel (avo.local/Sample/Groups/WIFI-Personeel),,,Permission unmanaged,None
Microsoft Active Directory,Pien Fokkema (500286),Pien Fokkema,pien.fokkema56,True,PRINT-Default (avo.local/Sample/Groups/PRINT-Default),,,Permission unmanaged,None
Microsoft Active Directory,Pien Fokkema (500286),Pien Fokkema,pien.fokkema56,True,SEC-Antivirus (avo.local/Sample/Groups/SEC-Antivirus),,,Permission unmanaged,None
Microsoft Active Directory,Pien Fokkema (500286),Pien Fokkema,pien.fokkema56,True,SEC-DiskEncryption (avo.local/Sample/Groups/SEC-DiskEncryption),,,Permission unmanaged,None
Microsoft Active Directory,Pien Fokkema (500286),Pien Fokkema,pien.fokkema56,True,SEC-MFA-Enrolled (avo.local/Sample/Groups/SEC-MFA-Enrolled),,,Permission unmanaged,None
Microsoft Active Directory,Pien Fokkema (500286),Pien Fokkema,pien.fokkema56,True,SEC-Endpoint-Protection (avo.local/Sample/Groups/SEC-Endpoint-Protection),,,Permission unmanaged,None
Microsoft Active Directory,Pien Fokkema (500286),Pien Fokkema,pien.fokkema56,True,APP-Visio (avo.local/Sample/Groups/APP-Visio),,,Permission unmanaged,None
Microsoft Active Directory,Pien Fokkema (500286),Pien Fokkema,pien.fokkema56,True,LIC-M365-F3 (avo.local/Sample/Groups/LIC-M365-F3),,,Permission unmanaged,None
Microsoft Active Directory,Mila Kalisvaart (500287),Mila Kalisvaart,mila.kalisvaart57,False,APP-FAC04-Facilitair-Portal (avo.local/Sample/Groups/APP-FAC04-Facilitair-Portal),,,Permission unmanaged,None
Microsoft Active Directory,Mila Kalisvaart (500287),Mila Kalisvaart,mila.kalisvaart57,False,ROLE-FAC04-Facilitair (avo.local/Sample/Groups/ROLE-FAC04-Facilitair),,,Permission unmanaged,None
Microsoft Active Directory,Mila Kalisvaart (500287),Mila Kalisvaart,mila.kalisvaart57,False,TEAM-FAC04-Facilitair (avo.local/Sample/Groups/TEAM-FAC04-Facilitair),,,Permission unmanaged,None
Microsoft Active Directory,Mila Kalisvaart (500287),Mila Kalisvaart,mila.kalisvaart57,False,FS-FAC04-Facilitair-RW (avo.local/Sample/Groups/FS-FAC04-Facilitair-RW),,,Permission unmanaged,None
Microsoft Active Directory,Mila Kalisvaart (500287),Mila Kalisvaart,mila.kalisvaart57,False,FS-FAC04-Facilitair-RO (avo.local/Sample/Groups/FS-FAC04-Facilitair-RO),,,Permission unmanaged,None
Microsoft Active Directory,Mila Kalisvaart (500287),Mila Kalisvaart,mila.kalisvaart57,False,APP-Intranet (avo.local/Sample/Groups/APP-Intranet),,,Permission unmanaged,None
Microsoft Active Directory,Mila Kalisvaart (500287),Mila Kalisvaart,mila.kalisvaart57,False,VPN-Thuiswerken (avo.local/Sample/Groups/VPN-Thuiswerken),,,Permission unmanaged,None
Microsoft Active Directory,Mila Kalisvaart (500287),Mila Kalisvaart,mila.kalisvaart57,False,PRINT-Default (avo.local/Sample/Groups/PRINT-Default),,,Permission unmanaged,None
Microsoft Active Directory,Mila Kalisvaart (500287),Mila Kalisvaart,mila.kalisvaart57,False,SEC-Antivirus (avo.local/Sample/Groups/SEC-Antivirus),,,Permission unmanaged,None
Microsoft Active Directory,Mila Kalisvaart (500287),Mila Kalisvaart,mila.kalisvaart57,False,SEC-DiskEncryption (avo.local/Sample/Groups/SEC-DiskEncryption),,,Permission unmanaged,None
Microsoft Active Directory,Mila Kalisvaart (500287),Mila Kalisvaart,mila.kalisvaart57,False,SEC-MFA-Enrolled (avo.local/Sample/Groups/SEC-MFA-Enrolled),,,Permission unmanaged,None
Microsoft Active Directory,Mila Kalisvaart (500287),Mila Kalisvaart,mila.kalisvaart57,False,SEC-Endpoint-Protection (avo.local/Sample/Groups/SEC-Endpoint-Protection),,,Permission unmanaged,None
Microsoft Active Directory,Mila Kalisvaart (500287),Mila Kalisvaart,mila.kalisvaart57,False,LIC-M365-E1 (avo.local/Sample/Groups/LIC-M365-E1),,,Permission unmanaged,None
Microsoft Active Directory,Pien Nagtegaal (500288),Pien Nagtegaal,pien.nagtegaal58,False,ROLE-INK08-Inkoop (avo.local/Sample/Groups/ROLE-INK08-Inkoop),,,Permission unmanaged,None
Microsoft Active Directory,Pien Nagtegaal (500288),Pien Nagtegaal,pien.nagtegaal58,False,MBX-INK08-Inkoop (avo.local/Sample/Groups/MBX-INK08-Inkoop),,,Permission unmanaged,None
Microsoft Active Directory,Pien Nagtegaal (500288),Pien Nagtegaal,pien.nagtegaal58,False,APP-INK08-Inkoop-Portal (avo.local/Sample/Groups/APP-INK08-Inkoop-Portal),,,Permission unmanaged,None
Microsoft Active Directory,Pien Nagtegaal (500288),Pien Nagtegaal,pien.nagtegaal58,False,TEAM-INK08-Inkoop (avo.local/Sample/Groups/TEAM-INK08-Inkoop),,,Permission unmanaged,None
Microsoft Active Directory,Pien Nagtegaal (500288),Pien Nagtegaal,pien.nagtegaal58,False,FS-INK08-Inkoop-RO (avo.local/Sample/Groups/FS-INK08-Inkoop-RO),,,Permission unmanaged,None
Microsoft Active Directory,Pien Nagtegaal (500288),Pien Nagtegaal,pien.nagtegaal58,False,FS-INK08-Inkoop-RW (avo.local/Sample/Groups/FS-INK08-Inkoop-RW),,,Permission unmanaged,None
Microsoft Active Directory,Pien Nagtegaal (500288),Pien Nagtegaal,pien.nagtegaal58,False,APP-Office365 (avo.local/Sample/Groups/APP-Office365),,,Permission unmanaged,None
Microsoft Active Directory,Pien Nagtegaal (500288),Pien Nagtegaal,pien.nagtegaal58,False,APP-Planner (avo.local/Sample/Groups/APP-Planner),,,Permission unmanaged,None
Microsoft Active Directory,Pien Nagtegaal (500288),Pien Nagtegaal,pien.nagtegaal58,False,PRINT-Default (avo.local/Sample/Groups/PRINT-Default),,,Permission unmanaged,None
Microsoft Active Directory,Pien Nagtegaal (500288),Pien Nagtegaal,pien.nagtegaal58,False,WIFI-Personeel (avo.local/Sample/Groups/WIFI-Personeel),,,Permission unmanaged,None
Microsoft Active Directory,Pien Nagtegaal (500288),Pien Nagtegaal,pien.nagtegaal58,False,SEC-Antivirus (avo.local/Sample/Groups/SEC-Antivirus),,,Permission unmanaged,None
Microsoft Active Directory,Pien Nagtegaal (500288),Pien Nagtegaal,pien.nagtegaal58,False,SEC-DiskEncryption (avo.local/Sample/Groups/SEC-DiskEncryption),,,Permission unmanaged,None
Microsoft Active Directory,Pien Nagtegaal (500288),Pien Nagtegaal,pien.nagtegaal58,False,SEC-Endpoint-Protection (avo.local/Sample/Groups/SEC-Endpoint-Protection),,,Permission unmanaged,None
Microsoft Active Directory,Pien Nagtegaal (500288),Pien Nagtegaal,pien.nagtegaal58,False,LIC-M365-F3 (avo.local/Sample/Groups/LIC-M365-F3),,,Permission unmanaged,None
Microsoft Active Directory,Pien Nagtegaal (500288),Pien Nagtegaal,pien.nagtegaal58,False,LIC-M365-E3 (avo.local/Sample/Groups/LIC-M365-E3),,,Permission unmanaged,None
Microsoft Active Directory,Pien Nagtegaal (500288),Pien Nagtegaal,pien.nagtegaal58,False,ROLE-COM05-Communicatie (avo.local/Sample/Groups/ROLE-COM05-Communicatie),,,Permission unmanaged,None
Microsoft Active Directory,Pien Nagtegaal (500288),Pien Nagtegaal,pien.nagtegaal58,False,FS-COM05-Communicatie-RO (avo.local/Sample/Groups/FS-COM05-Communicatie-RO),,,Permission unmanaged,None
Microsoft Active Directory,Pien Nagtegaal (500288),Pien Nagtegaal,pien.nagtegaal58,False,TEAM-COM05-Communicatie (avo.local/Sample/Groups/TEAM-COM05-Communicatie),,,Permission unmanaged,None
Microsoft Active Directory,Pien Nagtegaal (500288),Pien Nagtegaal,pien.nagtegaal58,False,FS-CA060-Revalidatie-RW (avo.local/Sample/Groups/FS-CA060-Revalidatie-RW),,,Permission unmanaged,None
Microsoft Active Directory,Pien Nagtegaal (500288),Pien Nagtegaal,pien.nagtegaal58,False,ROLE-CA060-Revalidatie (avo.local/Sample/Groups/ROLE-CA060-Revalidatie),,,Permission unmanaged,None
Microsoft Active Directory,Pien Nagtegaal (500288),Pien Nagtegaal,pien.nagtegaal58,False,MBX-CA060-Revalidatie (avo.local/Sample/Groups/MBX-CA060-Revalidatie),,,Permission unmanaged,None
Microsoft Active Directory,Pien Nagtegaal (500288),Pien Nagtegaal,pien.nagtegaal58,False,FS-FIN01-Financien-RW (avo.local/Sample/Groups/FS-FIN01-Financien-RW),,,Permission unmanaged,None
Microsoft Active Directory,Pien Nagtegaal (500288),Pien Nagtegaal,pien.nagtegaal58,False,ROLE-FIN01-Financien (avo.local/Sample/Groups/ROLE-FIN01-Financien),,,Permission unmanaged,None
Microsoft Active Directory,Pien Nagtegaal (500288),Pien Nagtegaal,pien.nagtegaal58,False,FS-FIN01-Financien-RO (avo.local/Sample/Groups/FS-FIN01-Financien-RO),,,Permission unmanaged,None
Microsoft Active Directory,Pien Nagtegaal (500288),Pien Nagtegaal,pien.nagtegaal58,False,MBX-FAC04-Facilitair (avo.local/Sample/Groups/MBX-FAC04-Facilitair),,,Permission unmanaged,None
Microsoft Active Directory,Pien Nagtegaal (500288),Pien Nagtegaal,pien.nagtegaal58,False,ROLE-FAC04-Facilitair (avo.local/Sample/Groups/ROLE-FAC04-Facilitair),,,Permission unmanaged,None
Microsoft Active Directory,Pien Nagtegaal (500288),Pien Nagtegaal,pien.nagtegaal58,False,FS-FAC04-Facilitair-RO (avo.local/Sample/Groups/FS-FAC04-Facilitair-RO),,,Permission unmanaged,None
Microsoft Active Directory,Tess Fokkema (500289),Tess Fokkema,tess.fokkema59,True,ROLE-CZ08-Begeleiding (avo.local/Sample/Groups/ROLE-CZ08-Begeleiding),,,Permission unmanaged,None
Microsoft Active Directory,Tess Fokkema (500289),Tess Fokkema,tess.fokkema59,True,MBX-CZ08-Begeleiding (avo.local/Sample/Groups/MBX-CZ08-Begeleiding),,,Permission unmanaged,None
Microsoft Active Directory,Tess Fokkema (500289),Tess Fokkema,tess.fokkema59,True,TEAM-CZ08-Begeleiding (avo.local/Sample/Groups/TEAM-CZ08-Begeleiding),,,Permission unmanaged,None
Microsoft Active Directory,Tess Fokkema (500289),Tess Fokkema,tess.fokkema59,True,FS-CZ08-Begeleiding-RW (avo.local/Sample/Groups/FS-CZ08-Begeleiding-RW),,,Permission unmanaged,None
Microsoft Active Directory,Tess Fokkema (500289),Tess Fokkema,tess.fokkema59,True,APP-CZ08-Begeleiding-Portal (avo.local/Sample/Groups/APP-CZ08-Begeleiding-Portal),,,Permission unmanaged,None
Microsoft Active Directory,Tess Fokkema (500289),Tess Fokkema,tess.fokkema59,True,FS-CZ08-Begeleiding-RO (avo.local/Sample/Groups/FS-CZ08-Begeleiding-RO),,,Permission unmanaged,None
Microsoft Active Directory,Tess Fokkema (500289),Tess Fokkema,tess.fokkema59,True,APP-Planner (avo.local/Sample/Groups/APP-Planner),,,Permission unmanaged,None
Microsoft Active Directory,Tess Fokkema (500289),Tess Fokkema,tess.fokkema59,True,VPN-Thuiswerken (avo.local/Sample/Groups/VPN-Thuiswerken),,,Permission unmanaged,None
Microsoft Active Directory,Tess Fokkema (500289),Tess Fokkema,tess.fokkema59,True,SEC-Antivirus (avo.local/Sample/Groups/SEC-Antivirus),,,Permission unmanaged,None
Microsoft Active Directory,Tess Fokkema (500289),Tess Fokkema,tess.fokkema59,True,SEC-DiskEncryption (avo.local/Sample/Groups/SEC-DiskEncryption),,,Permission unmanaged,None
Microsoft Active Directory,Tess Fokkema (500289),Tess Fokkema,tess.fokkema59,True,SEC-MFA-Enrolled (avo.local/Sample/Groups/SEC-MFA-Enrolled),,,Permission unmanaged,None
Microsoft Active Directory,Tess Fokkema (500289),Tess Fokkema,tess.fokkema59,True,SEC-Endpoint-Protection (avo.local/Sample/Groups/SEC-Endpoint-Protection),,,Permission unmanaged,None
Microsoft Active Directory,Tess Fokkema (500289),Tess Fokkema,tess.fokkema59,True,APP-Adobe-AcrobatPro (avo.local/Sample/Groups/APP-Adobe-AcrobatPro),,,Permission unmanaged,None
Microsoft Active Directory,Tess Fokkema (500289),Tess Fokkema,tess.fokkema59,True,LIC-M365-E5 (avo.local/Sample/Groups/LIC-M365-E5),,,Permission unmanaged,None
Microsoft Active Directory,Wout Zomerdijk (500290),Wout Zomerdijk,wout.zomerdijk60,True,MBX-CZ08-Begeleiding (avo.local/Sample/Groups/MBX-CZ08-Begeleiding),,,Permission unmanaged,None
Microsoft Active Directory,Wout Zomerdijk (500290),Wout Zomerdijk,wout.zomerdijk60,True,FS-CZ08-Begeleiding-RO (avo.local/Sample/Groups/FS-CZ08-Begeleiding-RO),,,Permission unmanaged,None
Microsoft Active Directory,Wout Zomerdijk (500290),Wout Zomerdijk,wout.zomerdijk60,True,ROLE-CZ08-Begeleiding (avo.local/Sample/Groups/ROLE-CZ08-Begeleiding),,,Permission unmanaged,None
Microsoft Active Directory,Wout Zomerdijk (500290),Wout Zomerdijk,wout.zomerdijk60,True,TEAM-CZ08-Begeleiding (avo.local/Sample/Groups/TEAM-CZ08-Begeleiding),,,Permission unmanaged,None
Microsoft Active Directory,Wout Zomerdijk (500290),Wout Zomerdijk,wout.zomerdijk60,True,APP-Teams (avo.local/Sample/Groups/APP-Teams),,,Permission unmanaged,None
Microsoft Active Directory,Wout Zomerdijk (500290),Wout Zomerdijk,wout.zomerdijk60,True,APP-Planner (avo.local/Sample/Groups/APP-Planner),,,Permission unmanaged,None
Microsoft Active Directory,Wout Zomerdijk (500290),Wout Zomerdijk,wout.zomerdijk60,True,SEC-Antivirus (avo.local/Sample/Groups/SEC-Antivirus),,,Permission unmanaged,None
Microsoft Active Directory,Wout Zomerdijk (500290),Wout Zomerdijk,wout.zomerdijk60,True,SEC-DiskEncryption (avo.local/Sample/Groups/SEC-DiskEncryption),,,Permission unmanaged,None
Microsoft Active Directory,Wout Zomerdijk (500290),Wout Zomerdijk,wout.zomerdijk60,True,SEC-MFA-Enrolled (avo.local/Sample/Groups/SEC-MFA-Enrolled),,,Permission unmanaged,None
Microsoft Active Directory,Wout Zomerdijk (500290),Wout Zomerdijk,wout.zomerdijk60,True,SEC-Endpoint-Protection (avo.local/Sample/Groups/SEC-Endpoint-Protection),,,Permission unmanaged,None
Microsoft Active Directory,Wout Zomerdijk (500290),Wout Zomerdijk,wout.zomerdijk60,True,LIC-M365-E3 (avo.local/Sample/Groups/LIC-M365-E3),,,Permission unmanaged,None
Microsoft Active Directory,Bram Roozendaal (500291),Bram Roozendaal,bram.roozendaal61,True,TEAM-INK08-Inkoop (avo.local/Sample/Groups/TEAM-INK08-Inkoop),,,Permission unmanaged,None
Microsoft Active Directory,Bram Roozendaal (500291),Bram Roozendaal,bram.roozendaal61,True,FS-INK08-Inkoop-RW (avo.local/Sample/Groups/FS-INK08-Inkoop-RW),,,Permission unmanaged,None
Microsoft Active Directory,Bram Roozendaal (500291),Bram Roozendaal,bram.roozendaal61,True,APP-Teams (avo.local/Sample/Groups/APP-Teams),,,Permission unmanaged,None
Microsoft Active Directory,Bram Roozendaal (500291),Bram Roozendaal,bram.roozendaal61,True,APP-Planner (avo.local/Sample/Groups/APP-Planner),,,Permission unmanaged,None
Microsoft Active Directory,Bram Roozendaal (500291),Bram Roozendaal,bram.roozendaal61,True,PRINT-Default (avo.local/Sample/Groups/PRINT-Default),,,Permission unmanaged,None
Microsoft Active Directory,Bram Roozendaal (500291),Bram Roozendaal,bram.roozendaal61,True,SEC-Antivirus (avo.local/Sample/Groups/SEC-Antivirus),,,Permission unmanaged,None
Microsoft Active Directory,Bram Roozendaal (500291),Bram Roozendaal,bram.roozendaal61,True,SEC-DiskEncryption (avo.local/Sample/Groups/SEC-DiskEncryption),,,Permission unmanaged,None
Microsoft Active Directory,Bram Roozendaal (500291),Bram Roozendaal,bram.roozendaal61,True,SEC-MFA-Enrolled (avo.local/Sample/Groups/SEC-MFA-Enrolled),,,Permission unmanaged,None
Microsoft Active Directory,Bram Roozendaal (500291),Bram Roozendaal,bram.roozendaal61,True,SEC-Endpoint-Protection (avo.local/Sample/Groups/SEC-Endpoint-Protection),,,Permission unmanaged,None
Microsoft Active Directory,Bram Roozendaal (500291),Bram Roozendaal,bram.roozendaal61,True,LIC-M365-E3 (avo.local/Sample/Groups/LIC-M365-E3),,,Permission unmanaged,None
Microsoft Active Directory,Gijs Dijkgraaf (500292),Gijs Dijkgraaf,gijs.dijkgraaf62,True,ROLE-HRM02-Personeel (avo.local/Sample/Groups/ROLE-HRM02-Personeel),,,Permission unmanaged,None
Microsoft Active Directory,Gijs Dijkgraaf (500292),Gijs Dijkgraaf,gijs.dijkgraaf62,True,APP-HRM02-Personeel-Portal (avo.local/Sample/Groups/APP-HRM02-Personeel-Portal),,,Permission unmanaged,None
Microsoft Active Directory,Gijs Dijkgraaf (500292),Gijs Dijkgraaf,gijs.dijkgraaf62,True,MBX-HRM02-Personeel (avo.local/Sample/Groups/MBX-HRM02-Personeel),,,Permission unmanaged,None
Microsoft Active Directory,Gijs Dijkgraaf (500292),Gijs Dijkgraaf,gijs.dijkgraaf62,True,APP-Office365 (avo.local/Sample/Groups/APP-Office365),,,Permission unmanaged,None
Microsoft Active Directory,Gijs Dijkgraaf (500292),Gijs Dijkgraaf,gijs.dijkgraaf62,True,APP-Teams (avo.local/Sample/Groups/APP-Teams),,,Permission unmanaged,None
Microsoft Active Directory,Gijs Dijkgraaf (500292),Gijs Dijkgraaf,gijs.dijkgraaf62,True,APP-Intranet (avo.local/Sample/Groups/APP-Intranet),,,Permission unmanaged,None
Microsoft Active Directory,Gijs Dijkgraaf (500292),Gijs Dijkgraaf,gijs.dijkgraaf62,True,PRINT-Default (avo.local/Sample/Groups/PRINT-Default),,,Permission unmanaged,None
Microsoft Active Directory,Gijs Dijkgraaf (500292),Gijs Dijkgraaf,gijs.dijkgraaf62,True,VPN-Thuiswerken (avo.local/Sample/Groups/VPN-Thuiswerken),,,Permission unmanaged,None
Microsoft Active Directory,Gijs Dijkgraaf (500292),Gijs Dijkgraaf,gijs.dijkgraaf62,True,SEC-DiskEncryption (avo.local/Sample/Groups/SEC-DiskEncryption),,,Permission unmanaged,None
Microsoft Active Directory,Gijs Dijkgraaf (500292),Gijs Dijkgraaf,gijs.dijkgraaf62,True,SEC-MFA-Enrolled (avo.local/Sample/Groups/SEC-MFA-Enrolled),,,Permission unmanaged,None
Microsoft Active Directory,Gijs Dijkgraaf (500292),Gijs Dijkgraaf,gijs.dijkgraaf62,True,SEC-Endpoint-Protection (avo.local/Sample/Groups/SEC-Endpoint-Protection),,,Permission unmanaged,None
Microsoft Active Directory,Gijs Dijkgraaf (500292),Gijs Dijkgraaf,gijs.dijkgraaf62,True,LIC-M365-E1 (avo.local/Sample/Groups/LIC-M365-E1),,,Permission unmanaged,None
Microsoft Active Directory,,Vera Quaedvlieg (admin),adm-vera.quaedvlieg63,True,,,,Account unmanaged,None
Microsoft Active Directory,,Vera Quaedvlieg (admin),adm-vera.quaedvlieg63,True,ADMIN-Beheer (avo.local/Sample/Groups/ADMIN-Beheer),,,Permission unmanaged,None
Microsoft Active Directory,,Vera Quaedvlieg (admin),adm-vera.quaedvlieg63,True,LIC-M365-F3 (avo.local/Sample/Groups/LIC-M365-F3),,,Permission unmanaged,None
Microsoft Active Directory,Daan Muijs (500294),Daan Muijs,daan.muijs64,False,APP-ZRG06-Wijkzorg-Portal (avo.local/Sample/Groups/APP-ZRG06-Wijkzorg-Portal),,,Permission unmanaged,None
Microsoft Active Directory,Daan Muijs (500294),Daan Muijs,daan.muijs64,False,FS-ZRG06-Wijkzorg-RO (avo.local/Sample/Groups/FS-ZRG06-Wijkzorg-RO),,,Permission unmanaged,None
Microsoft Active Directory,Daan Muijs (500294),Daan Muijs,daan.muijs64,False,MBX-ZRG06-Wijkzorg (avo.local/Sample/Groups/MBX-ZRG06-Wijkzorg),,,Permission unmanaged,None
Microsoft Active Directory,Daan Muijs (500294),Daan Muijs,daan.muijs64,False,APP-Office365 (avo.local/Sample/Groups/APP-Office365),,,Permission unmanaged,None
Microsoft Active Directory,Daan Muijs (500294),Daan Muijs,daan.muijs64,False,APP-Teams (avo.local/Sample/Groups/APP-Teams),,,Permission unmanaged,None
Microsoft Active Directory,Daan Muijs (500294),Daan Muijs,daan.muijs64,False,SEC-Antivirus (avo.local/Sample/Groups/SEC-Antivirus),,,Permission unmanaged,None
Microsoft Active Directory,Daan Muijs (500294),Daan Muijs,daan.muijs64,False,SEC-DiskEncryption (avo.local/Sample/Groups/SEC-DiskEncryption),,,Permission unmanaged,None
Microsoft Active Directory,Daan Muijs (500294),Daan Muijs,daan.muijs64,False,SEC-MFA-Enrolled (avo.local/Sample/Groups/SEC-MFA-Enrolled),,,Permission unmanaged,None
Microsoft Active Directory,Daan Muijs (500294),Daan Muijs,daan.muijs64,False,SEC-Endpoint-Protection (avo.local/Sample/Groups/SEC-Endpoint-Protection),,,Permission unmanaged,None
Microsoft Active Directory,Daan Muijs (500294),Daan Muijs,daan.muijs64,False,APP-Visio (avo.local/Sample/Groups/APP-Visio),,,Permission unmanaged,None
Microsoft Active Directory,Daan Muijs (500294),Daan Muijs,daan.muijs64,False,LIC-M365-E3 (avo.local/Sample/Groups/LIC-M365-E3),,,Permission unmanaged,None
Microsoft Active Directory,Olivier Muijs (500295),Olivier Muijs,olivier.muijs65,True,FS-HRM02-Personeel-RW (avo.local/Sample/Groups/FS-HRM02-Personeel-RW),,,Permission unmanaged,None
Microsoft Active Directory,Olivier Muijs (500295),Olivier Muijs,olivier.muijs65,True,APP-HRM02-Personeel-Portal (avo.local/Sample/Groups/APP-HRM02-Personeel-Portal),,,Permission unmanaged,None
Microsoft Active Directory,Olivier Muijs (500295),Olivier Muijs,olivier.muijs65,True,TEAM-HRM02-Personeel (avo.local/Sample/Groups/TEAM-HRM02-Personeel),,,Permission unmanaged,None
Microsoft Active Directory,Olivier Muijs (500295),Olivier Muijs,olivier.muijs65,True,FS-HRM02-Personeel-RO (avo.local/Sample/Groups/FS-HRM02-Personeel-RO),,,Permission unmanaged,None
Microsoft Active Directory,Olivier Muijs (500295),Olivier Muijs,olivier.muijs65,True,ROLE-HRM02-Personeel (avo.local/Sample/Groups/ROLE-HRM02-Personeel),,,Permission unmanaged,None
Microsoft Active Directory,Olivier Muijs (500295),Olivier Muijs,olivier.muijs65,True,APP-Teams (avo.local/Sample/Groups/APP-Teams),,,Permission unmanaged,None
Microsoft Active Directory,Olivier Muijs (500295),Olivier Muijs,olivier.muijs65,True,APP-Intranet (avo.local/Sample/Groups/APP-Intranet),,,Permission unmanaged,None
Microsoft Active Directory,Olivier Muijs (500295),Olivier Muijs,olivier.muijs65,True,WIFI-Personeel (avo.local/Sample/Groups/WIFI-Personeel),,,Permission unmanaged,None
Microsoft Active Directory,Olivier Muijs (500295),Olivier Muijs,olivier.muijs65,True,PRINT-Default (avo.local/Sample/Groups/PRINT-Default),,,Permission unmanaged,None
Microsoft Active Directory,Olivier Muijs (500295),Olivier Muijs,olivier.muijs65,True,SEC-Antivirus (avo.local/Sample/Groups/SEC-Antivirus),,,Permission unmanaged,None
Microsoft Active Directory,Olivier Muijs (500295),Olivier Muijs,olivier.muijs65,True,SEC-Endpoint-Protection (avo.local/Sample/Groups/SEC-Endpoint-Protection),,,Permission unmanaged,None
Microsoft Active Directory,Olivier Muijs (500295),Olivier Muijs,olivier.muijs65,True,APP-Project (avo.local/Sample/Groups/APP-Project),,,Permission unmanaged,None
Microsoft Active Directory,Olivier Muijs (500295),Olivier Muijs,olivier.muijs65,True,LIC-M365-E5 (avo.local/Sample/Groups/LIC-M365-E5),,,Permission unmanaged,None
Microsoft Active Directory,Olivier Muijs (500295),Olivier Muijs,olivier.muijs65,True,APP-Planner (avo.local/Sample/Groups/APP-Planner),,,Permission missing,None
Microsoft Active Directory,Jasper Uijlenbroek (500296),Jasper Uijlenbroek,jasper.uijlenbroek66,True,TEAM-FIN01-Financien (avo.local/Sample/Groups/TEAM-FIN01-Financien),,,Permission unmanaged,None
Microsoft Active Directory,Jasper Uijlenbroek (500296),Jasper Uijlenbroek,jasper.uijlenbroek66,True,APP-FIN01-Financien-Portal (avo.local/Sample/Groups/APP-FIN01-Financien-Portal),,,Permission unmanaged,None
Microsoft Active Directory,Jasper Uijlenbroek (500296),Jasper Uijlenbroek,jasper.uijlenbroek66,True,APP-Selfservice (avo.local/Sample/Groups/APP-Selfservice),,,Permission unmanaged,None
Microsoft Active Directory,Jasper Uijlenbroek (500296),Jasper Uijlenbroek,jasper.uijlenbroek66,True,APP-Intranet (avo.local/Sample/Groups/APP-Intranet),,,Permission unmanaged,None
Microsoft Active Directory,Jasper Uijlenbroek (500296),Jasper Uijlenbroek,jasper.uijlenbroek66,True,APP-Planner (avo.local/Sample/Groups/APP-Planner),,,Permission unmanaged,None
Microsoft Active Directory,Jasper Uijlenbroek (500296),Jasper Uijlenbroek,jasper.uijlenbroek66,True,WIFI-Personeel (avo.local/Sample/Groups/WIFI-Personeel),,,Permission unmanaged,None
Microsoft Active Directory,Jasper Uijlenbroek (500296),Jasper Uijlenbroek,jasper.uijlenbroek66,True,PRINT-Default (avo.local/Sample/Groups/PRINT-Default),,,Permission unmanaged,None
Microsoft Active Directory,Jasper Uijlenbroek (500296),Jasper Uijlenbroek,jasper.uijlenbroek66,True,SEC-Antivirus (avo.local/Sample/Groups/SEC-Antivirus),,,Permission unmanaged,None
Microsoft Active Directory,Jasper Uijlenbroek (500296),Jasper Uijlenbroek,jasper.uijlenbroek66,True,SEC-DiskEncryption (avo.local/Sample/Groups/SEC-DiskEncryption),,,Permission unmanaged,None
Microsoft Active Directory,Jasper Uijlenbroek (500296),Jasper Uijlenbroek,jasper.uijlenbroek66,True,SEC-MFA-Enrolled (avo.local/Sample/Groups/SEC-MFA-Enrolled),,,Permission unmanaged,None
Microsoft Active Directory,Jasper Uijlenbroek (500296),Jasper Uijlenbroek,jasper.uijlenbroek66,True,SEC-Endpoint-Protection (avo.local/Sample/Groups/SEC-Endpoint-Protection),,,Permission unmanaged,None
Microsoft Active Directory,Jasper Uijlenbroek (500296),Jasper Uijlenbroek,jasper.uijlenbroek66,True,LIC-M365-E3 (avo.local/Sample/Groups/LIC-M365-E3),,,Permission unmanaged,None
Microsoft Active Directory,,Hanna Nagtegaal,hanna.nagtegaal67,True,,,,Account unmanaged,None
Microsoft Active Directory,,Hanna Nagtegaal,hanna.nagtegaal67,True,ROLE-CA010-Thuiszorg (avo.local/Sample/Groups/ROLE-CA010-Thuiszorg),,,Permission unmanaged,None
Microsoft Active Directory,,Hanna Nagtegaal,hanna.nagtegaal67,True,FS-CA010-Thuiszorg-RO (avo.local/Sample/Groups/FS-CA010-Thuiszorg-RO),,,Permission unmanaged,None
Microsoft Active Directory,,Hanna Nagtegaal,hanna.nagtegaal67,True,APP-Office365 (avo.local/Sample/Groups/APP-Office365),,,Permission unmanaged,None
Microsoft Active Directory,,Hanna Nagtegaal,hanna.nagtegaal67,True,APP-Intranet (avo.local/Sample/Groups/APP-Intranet),,,Permission unmanaged,None
Microsoft Active Directory,,Hanna Nagtegaal,hanna.nagtegaal67,True,PRINT-Default (avo.local/Sample/Groups/PRINT-Default),,,Permission unmanaged,None
Microsoft Active Directory,,Hanna Nagtegaal,hanna.nagtegaal67,True,WIFI-Personeel (avo.local/Sample/Groups/WIFI-Personeel),,,Permission unmanaged,None
Microsoft Active Directory,,Hanna Nagtegaal,hanna.nagtegaal67,True,SEC-Antivirus (avo.local/Sample/Groups/SEC-Antivirus),,,Permission unmanaged,None
Microsoft Active Directory,,Hanna Nagtegaal,hanna.nagtegaal67,True,SEC-DiskEncryption (avo.local/Sample/Groups/SEC-DiskEncryption),,,Permission unmanaged,None
Microsoft Active Directory,,Hanna Nagtegaal,hanna.nagtegaal67,True,SEC-MFA-Enrolled (avo.local/Sample/Groups/SEC-MFA-Enrolled),,,Permission unmanaged,None
Microsoft Active Directory,,Hanna Nagtegaal,hanna.nagtegaal67,True,SEC-Endpoint-Protection (avo.local/Sample/Groups/SEC-Endpoint-Protection),,,Permission unmanaged,None
Microsoft Active Directory,,Hanna Nagtegaal,hanna.nagtegaal67,True,LIC-M365-E5 (avo.local/Sample/Groups/LIC-M365-E5),,,Permission unmanaged,None
Microsoft Active Directory,Sem Fokkema (500298),Sem Fokkema,sem.fokkema68,True,MBX-CA010-Thuiszorg (avo.local/Sample/Groups/MBX-CA010-Thuiszorg),,,Permission unmanaged,None
Microsoft Active Directory,Sem Fokkema (500298),Sem Fokkema,sem.fokkema68,True,ROLE-CA010-Thuiszorg (avo.local/Sample/Groups/ROLE-CA010-Thuiszorg),,,Permission unmanaged,None
Microsoft Active Directory,Sem Fokkema (500298),Sem Fokkema,sem.fokkema68,True,APP-Office365 (avo.local/Sample/Groups/APP-Office365),,,Permission unmanaged,None
Microsoft Active Directory,Sem Fokkema (500298),Sem Fokkema,sem.fokkema68,True,PRINT-Default (avo.local/Sample/Groups/PRINT-Default),,,Permission unmanaged,None
Microsoft Active Directory,Sem Fokkema (500298),Sem Fokkema,sem.fokkema68,True,SEC-Antivirus (avo.local/Sample/Groups/SEC-Antivirus),,,Permission unmanaged,None
Microsoft Active Directory,Sem Fokkema (500298),Sem Fokkema,sem.fokkema68,True,SEC-DiskEncryption (avo.local/Sample/Groups/SEC-DiskEncryption),,,Permission unmanaged,None
Microsoft Active Directory,Sem Fokkema (500298),Sem Fokkema,sem.fokkema68,True,SEC-Endpoint-Protection (avo.local/Sample/Groups/SEC-Endpoint-Protection),,,Permission unmanaged,None
Microsoft Active Directory,Sem Fokkema (500298),Sem Fokkema,sem.fokkema68,True,APP-Project (avo.local/Sample/Groups/APP-Project),,,Permission unmanaged,None
Microsoft Active Directory,Sem Fokkema (500298),Sem Fokkema,sem.fokkema68,True,APP-Copilot (avo.local/Sample/Groups/APP-Copilot),,,Permission unmanaged,None
Microsoft Active Directory,Sem Fokkema (500298),Sem Fokkema,sem.fokkema68,True,LIC-M365-E3 (avo.local/Sample/Groups/LIC-M365-E3),,,Permission unmanaged,None
Microsoft Active Directory,Finn Ipenburg (500299),Finn Ipenburg,finn.ipenburg69,False,MBX-ICT03-Techniek (avo.local/Sample/Groups/MBX-ICT03-Techniek),,,Permission unmanaged,None
Microsoft Active Directory,Finn Ipenburg (500299),Finn Ipenburg,finn.ipenburg69,False,ROLE-ICT03-Techniek (avo.local/Sample/Groups/ROLE-ICT03-Techniek),,,Permission unmanaged,None
Microsoft Active Directory,Finn Ipenburg (500299),Finn Ipenburg,finn.ipenburg69,False,FS-ICT03-Techniek-RO (avo.local/Sample/Groups/FS-ICT03-Techniek-RO),,,Permission unmanaged,None
Microsoft Active Directory,Finn Ipenburg (500299),Finn Ipenburg,finn.ipenburg69,False,APP-ICT03-Techniek-Portal (avo.local/Sample/Groups/APP-ICT03-Techniek-Portal),,,Permission unmanaged,None
Microsoft Active Directory,Finn Ipenburg (500299),Finn Ipenburg,finn.ipenburg69,False,APP-Intranet (avo.local/Sample/Groups/APP-Intranet),,,Permission unmanaged,None
Microsoft Active Directory,Finn Ipenburg (500299),Finn Ipenburg,finn.ipenburg69,False,APP-Teams (avo.local/Sample/Groups/APP-Teams),,,Permission unmanaged,None
Microsoft Active Directory,Finn Ipenburg (500299),Finn Ipenburg,finn.ipenburg69,False,WIFI-Personeel (avo.local/Sample/Groups/WIFI-Personeel),,,Permission unmanaged,None
Microsoft Active Directory,Finn Ipenburg (500299),Finn Ipenburg,finn.ipenburg69,False,PRINT-Default (avo.local/Sample/Groups/PRINT-Default),,,Permission unmanaged,None
Microsoft Active Directory,Finn Ipenburg (500299),Finn Ipenburg,finn.ipenburg69,False,SEC-Antivirus (avo.local/Sample/Groups/SEC-Antivirus),,,Permission unmanaged,None
Microsoft Active Directory,Finn Ipenburg (500299),Finn Ipenburg,finn.ipenburg69,False,SEC-DiskEncryption (avo.local/Sample/Groups/SEC-DiskEncryption),,,Permission unmanaged,None
Microsoft Active Directory,Finn Ipenburg (500299),Finn Ipenburg,finn.ipenburg69,False,SEC-MFA-Enrolled (avo.local/Sample/Groups/SEC-MFA-Enrolled),,,Permission unmanaged,None
Microsoft Active Directory,Finn Ipenburg (500299),Finn Ipenburg,finn.ipenburg69,False,SEC-Endpoint-Protection (avo.local/Sample/Groups/SEC-Endpoint-Protection),,,Permission unmanaged,None
Microsoft Active Directory,Finn Ipenburg (500299),Finn Ipenburg,finn.ipenburg69,False,APP-Project (avo.local/Sample/Groups/APP-Project),,,Permission unmanaged,None
Microsoft Active Directory,Finn Ipenburg (500299),Finn Ipenburg,finn.ipenburg69,False,LIC-M365-E3 (avo.local/Sample/Groups/LIC-M365-E3),,,Permission unmanaged,None
Microsoft Active Directory,Xander Dijkgraaf (500300),Xander Dijkgraaf,xander.dijkgraaf70,True,FS-CA010-Thuiszorg-RW (avo.local/Sample/Groups/FS-CA010-Thuiszorg-RW),,,Permission unmanaged,None
Microsoft Active Directory,Xander Dijkgraaf (500300),Xander Dijkgraaf,xander.dijkgraaf70,True,TEAM-CA010-Thuiszorg (avo.local/Sample/Groups/TEAM-CA010-Thuiszorg),,,Permission unmanaged,None
Microsoft Active Directory,Xander Dijkgraaf (500300),Xander Dijkgraaf,xander.dijkgraaf70,True,APP-Intranet (avo.local/Sample/Groups/APP-Intranet),,,Permission unmanaged,None
Microsoft Active Directory,Xander Dijkgraaf (500300),Xander Dijkgraaf,xander.dijkgraaf70,True,APP-Office365 (avo.local/Sample/Groups/APP-Office365),,,Permission unmanaged,None
Microsoft Active Directory,Xander Dijkgraaf (500300),Xander Dijkgraaf,xander.dijkgraaf70,True,APP-Teams (avo.local/Sample/Groups/APP-Teams),,,Permission unmanaged,None
Microsoft Active Directory,Xander Dijkgraaf (500300),Xander Dijkgraaf,xander.dijkgraaf70,True,SEC-Antivirus (avo.local/Sample/Groups/SEC-Antivirus),,,Permission unmanaged,None
Microsoft Active Directory,Xander Dijkgraaf (500300),Xander Dijkgraaf,xander.dijkgraaf70,True,SEC-DiskEncryption (avo.local/Sample/Groups/SEC-DiskEncryption),,,Permission unmanaged,None
Microsoft Active Directory,Xander Dijkgraaf (500300),Xander Dijkgraaf,xander.dijkgraaf70,True,SEC-MFA-Enrolled (avo.local/Sample/Groups/SEC-MFA-Enrolled),,,Permission unmanaged,None
Microsoft Active Directory,Xander Dijkgraaf (500300),Xander Dijkgraaf,xander.dijkgraaf70,True,SEC-Endpoint-Protection (avo.local/Sample/Groups/SEC-Endpoint-Protection),,,Permission unmanaged,None
Microsoft Active Directory,Xander Dijkgraaf (500300),Xander Dijkgraaf,xander.dijkgraaf70,True,APP-PowerBI-Pro (avo.local/Sample/Groups/APP-PowerBI-Pro),,,Permission unmanaged,None
Microsoft Active Directory,Xander Dijkgraaf (500300),Xander Dijkgraaf,xander.dijkgraaf70,True,LIC-M365-E5 (avo.local/Sample/Groups/LIC-M365-E5),,,Permission unmanaged,None
Microsoft Active Directory,Pien Berkhout (500301),Pien Berkhout,pien.berkhout71,False,FS-KWA07-Kwaliteit-RW (avo.local/Sample/Groups/FS-KWA07-Kwaliteit-RW),,,Permission unmanaged,None
Microsoft Active Directory,Pien Berkhout (500301),Pien Berkhout,pien.berkhout71,False,TEAM-KWA07-Kwaliteit (avo.local/Sample/Groups/TEAM-KWA07-Kwaliteit),,,Permission unmanaged,None
Microsoft Active Directory,Pien Berkhout (500301),Pien Berkhout,pien.berkhout71,False,APP-KWA07-Kwaliteit-Portal (avo.local/Sample/Groups/APP-KWA07-Kwaliteit-Portal),,,Permission unmanaged,None
Microsoft Active Directory,Pien Berkhout (500301),Pien Berkhout,pien.berkhout71,False,ROLE-KWA07-Kwaliteit (avo.local/Sample/Groups/ROLE-KWA07-Kwaliteit),,,Permission unmanaged,None
Microsoft Active Directory,Pien Berkhout (500301),Pien Berkhout,pien.berkhout71,False,FS-KWA07-Kwaliteit-RO (avo.local/Sample/Groups/FS-KWA07-Kwaliteit-RO),,,Permission unmanaged,None
Microsoft Active Directory,Pien Berkhout (500301),Pien Berkhout,pien.berkhout71,False,APP-Planner (avo.local/Sample/Groups/APP-Planner),,,Permission unmanaged,None
Microsoft Active Directory,Pien Berkhout (500301),Pien Berkhout,pien.berkhout71,False,APP-Intranet (avo.local/Sample/Groups/APP-Intranet),,,Permission unmanaged,None
Microsoft Active Directory,Pien Berkhout (500301),Pien Berkhout,pien.berkhout71,False,SEC-Antivirus (avo.local/Sample/Groups/SEC-Antivirus),,,Permission unmanaged,None
Microsoft Active Directory,Pien Berkhout (500301),Pien Berkhout,pien.berkhout71,False,SEC-DiskEncryption (avo.local/Sample/Groups/SEC-DiskEncryption),,,Permission unmanaged,None
Microsoft Active Directory,Pien Berkhout (500301),Pien Berkhout,pien.berkhout71,False,SEC-MFA-Enrolled (avo.local/Sample/Groups/SEC-MFA-Enrolled),,,Permission unmanaged,None
Microsoft Active Directory,Pien Berkhout (500301),Pien Berkhout,pien.berkhout71,False,SEC-Endpoint-Protection (avo.local/Sample/Groups/SEC-Endpoint-Protection),,,Permission unmanaged,None
Microsoft Active Directory,Pien Berkhout (500301),Pien Berkhout,pien.berkhout71,False,APP-Project (avo.local/Sample/Groups/APP-Project),,,Permission unmanaged,None
Microsoft Active Directory,Pien Berkhout (500301),Pien Berkhout,pien.berkhout71,False,APP-PowerBI-Pro (avo.local/Sample/Groups/APP-PowerBI-Pro),,,Permission unmanaged,None
Microsoft Active Directory,Pien Berkhout (500301),Pien Berkhout,pien.berkhout71,False,LIC-M365-E5 (avo.local/Sample/Groups/LIC-M365-E5),,,Permission unmanaged,None
Microsoft Active Directory,Daan Coenen (500302),Daan Coenen,daan.coenen72,True,TEAM-CA010-Thuiszorg (avo.local/Sample/Groups/TEAM-CA010-Thuiszorg),,,Permission unmanaged,None
Microsoft Active Directory,Daan Coenen (500302),Daan Coenen,daan.coenen72,True,MBX-CA010-Thuiszorg (avo.local/Sample/Groups/MBX-CA010-Thuiszorg),,,Permission unmanaged,None
Microsoft Active Directory,Daan Coenen (500302),Daan Coenen,daan.coenen72,True,APP-Intranet (avo.local/Sample/Groups/APP-Intranet),,,Permission unmanaged,None
Microsoft Active Directory,Daan Coenen (500302),Daan Coenen,daan.coenen72,True,APP-Office365 (avo.local/Sample/Groups/APP-Office365),,,Permission unmanaged,None
Microsoft Active Directory,Daan Coenen (500302),Daan Coenen,daan.coenen72,True,APP-Planner (avo.local/Sample/Groups/APP-Planner),,,Permission unmanaged,None
Microsoft Active Directory,Daan Coenen (500302),Daan Coenen,daan.coenen72,True,VPN-Thuiswerken (avo.local/Sample/Groups/VPN-Thuiswerken),,,Permission unmanaged,None
Microsoft Active Directory,Daan Coenen (500302),Daan Coenen,daan.coenen72,True,PRINT-Default (avo.local/Sample/Groups/PRINT-Default),,,Permission unmanaged,None
Microsoft Active Directory,Daan Coenen (500302),Daan Coenen,daan.coenen72,True,SEC-Antivirus (avo.local/Sample/Groups/SEC-Antivirus),,,Permission unmanaged,None
Microsoft Active Directory,Daan Coenen (500302),Daan Coenen,daan.coenen72,True,SEC-MFA-Enrolled (avo.local/Sample/Groups/SEC-MFA-Enrolled),,,Permission unmanaged,None
Microsoft Active Directory,Daan Coenen (500302),Daan Coenen,daan.coenen72,True,SEC-Endpoint-Protection (avo.local/Sample/Groups/SEC-Endpoint-Protection),,,Permission unmanaged,None
Microsoft Active Directory,Daan Coenen (500302),Daan Coenen,daan.coenen72,True,APP-Visio (avo.local/Sample/Groups/APP-Visio),,,Permission unmanaged,None
Microsoft Active Directory,Daan Coenen (500302),Daan Coenen,daan.coenen72,True,APP-Adobe-AcrobatPro (avo.local/Sample/Groups/APP-Adobe-AcrobatPro),,,Permission unmanaged,None
Microsoft Active Directory,Daan Coenen (500302),Daan Coenen,daan.coenen72,True,LIC-M365-E5 (avo.local/Sample/Groups/LIC-M365-E5),,,Permission unmanaged,None
Microsoft Active Directory,Jasper Oosterhuis (500303),Jasper Oosterhuis,jasper.oosterhuis73,True,FS-FIN01-Financien-RO (avo.local/Sample/Groups/FS-FIN01-Financien-RO),,,Permission unmanaged,None
Microsoft Active Directory,Jasper Oosterhuis (500303),Jasper Oosterhuis,jasper.oosterhuis73,True,ROLE-FIN01-Financien (avo.local/Sample/Groups/ROLE-FIN01-Financien),,,Permission unmanaged,None
Microsoft Active Directory,Jasper Oosterhuis (500303),Jasper Oosterhuis,jasper.oosterhuis73,True,APP-Planner (avo.local/Sample/Groups/APP-Planner),,,Permission unmanaged,None
Microsoft Active Directory,Jasper Oosterhuis (500303),Jasper Oosterhuis,jasper.oosterhuis73,True,APP-Office365 (avo.local/Sample/Groups/APP-Office365),,,Permission unmanaged,None
Microsoft Active Directory,Jasper Oosterhuis (500303),Jasper Oosterhuis,jasper.oosterhuis73,True,APP-Intranet (avo.local/Sample/Groups/APP-Intranet),,,Permission unmanaged,None
Microsoft Active Directory,Jasper Oosterhuis (500303),Jasper Oosterhuis,jasper.oosterhuis73,True,VPN-Thuiswerken (avo.local/Sample/Groups/VPN-Thuiswerken),,,Permission unmanaged,None
Microsoft Active Directory,Jasper Oosterhuis (500303),Jasper Oosterhuis,jasper.oosterhuis73,True,SEC-Antivirus (avo.local/Sample/Groups/SEC-Antivirus),,,Permission unmanaged,None
Microsoft Active Directory,Jasper Oosterhuis (500303),Jasper Oosterhuis,jasper.oosterhuis73,True,SEC-DiskEncryption (avo.local/Sample/Groups/SEC-DiskEncryption),,,Permission unmanaged,None
Microsoft Active Directory,Jasper Oosterhuis (500303),Jasper Oosterhuis,jasper.oosterhuis73,True,SEC-Endpoint-Protection (avo.local/Sample/Groups/SEC-Endpoint-Protection),,,Permission unmanaged,None
Microsoft Active Directory,Jasper Oosterhuis (500303),Jasper Oosterhuis,jasper.oosterhuis73,True,APP-Copilot (avo.local/Sample/Groups/APP-Copilot),,,Permission unmanaged,None
Microsoft Active Directory,Jasper Oosterhuis (500303),Jasper Oosterhuis,jasper.oosterhuis73,True,LIC-M365-E1 (avo.local/Sample/Groups/LIC-M365-E1),,,Permission unmanaged,None
Microsoft Active Directory,Pien Ipenburg (500304),Pien Ipenburg,pien.ipenburg74,False,ROLE-CZ08-Begeleiding (avo.local/Sample/Groups/ROLE-CZ08-Begeleiding),,,Permission unmanaged,None
Microsoft Active Directory,Pien Ipenburg (500304),Pien Ipenburg,pien.ipenburg74,False,TEAM-CZ08-Begeleiding (avo.local/Sample/Groups/TEAM-CZ08-Begeleiding),,,Permission unmanaged,None
Microsoft Active Directory,Pien Ipenburg (500304),Pien Ipenburg,pien.ipenburg74,False,FS-CZ08-Begeleiding-RW (avo.local/Sample/Groups/FS-CZ08-Begeleiding-RW),,,Permission unmanaged,None
Microsoft Active Directory,Pien Ipenburg (500304),Pien Ipenburg,pien.ipenburg74,False,APP-Teams (avo.local/Sample/Groups/APP-Teams),,,Permission unmanaged,None
Microsoft Active Directory,Pien Ipenburg (500304),Pien Ipenburg,pien.ipenburg74,False,APP-Office365 (avo.local/Sample/Groups/APP-Office365),,,Permission unmanaged,None
Microsoft Active Directory,Pien Ipenburg (500304),Pien Ipenburg,pien.ipenburg74,False,WIFI-Personeel (avo.local/Sample/Groups/WIFI-Personeel),,,Permission unmanaged,None
Microsoft Active Directory,Pien Ipenburg (500304),Pien Ipenburg,pien.ipenburg74,False,SEC-Antivirus (avo.local/Sample/Groups/SEC-Antivirus),,,Permission unmanaged,None
Microsoft Active Directory,Pien Ipenburg (500304),Pien Ipenburg,pien.ipenburg74,False,SEC-DiskEncryption (avo.local/Sample/Groups/SEC-DiskEncryption),,,Permission unmanaged,None
Microsoft Active Directory,Pien Ipenburg (500304),Pien Ipenburg,pien.ipenburg74,False,SEC-MFA-Enrolled (avo.local/Sample/Groups/SEC-MFA-Enrolled),,,Permission unmanaged,None
Microsoft Active Directory,Pien Ipenburg (500304),Pien Ipenburg,pien.ipenburg74,False,SEC-Endpoint-Protection (avo.local/Sample/Groups/SEC-Endpoint-Protection),,,Permission unmanaged,None
Microsoft Active Directory,Pien Ipenburg (500304),Pien Ipenburg,pien.ipenburg74,False,LIC-M365-E5 (avo.local/Sample/Groups/LIC-M365-E5),,,Permission unmanaged,None
Microsoft Active Directory,Lars Wielenga (500305),Lars Wielenga,lars.wielenga75,True,TEAM-HRM02-Personeel (avo.local/Sample/Groups/TEAM-HRM02-Personeel),,,Permission unmanaged,None
Microsoft Active Directory,Lars Wielenga (500305),Lars Wielenga,lars.wielenga75,True,APP-HRM02-Personeel-Portal (avo.local/Sample/Groups/APP-HRM02-Personeel-Portal),,,Permission unmanaged,None
Microsoft Active Directory,Lars Wielenga (500305),Lars Wielenga,lars.wielenga75,True,FS-HRM02-Personeel-RW (avo.local/Sample/Groups/FS-HRM02-Personeel-RW),,,Permission unmanaged,None
Microsoft Active Directory,Lars Wielenga (500305),Lars Wielenga,lars.wielenga75,True,MBX-HRM02-Personeel (avo.local/Sample/Groups/MBX-HRM02-Personeel),,,Permission unmanaged,None
Microsoft Active Directory,Lars Wielenga (500305),Lars Wielenga,lars.wielenga75,True,FS-HRM02-Personeel-RO (avo.local/Sample/Groups/FS-HRM02-Personeel-RO),,,Permission unmanaged,None
Microsoft Active Directory,Lars Wielenga (500305),Lars Wielenga,lars.wielenga75,True,ROLE-HRM02-Personeel (avo.local/Sample/Groups/ROLE-HRM02-Personeel),,,Permission unmanaged,None
Microsoft Active Directory,Lars Wielenga (500305),Lars Wielenga,lars.wielenga75,True,APP-Selfservice (avo.local/Sample/Groups/APP-Selfservice),,,Permission unmanaged,None
Microsoft Active Directory,Lars Wielenga (500305),Lars Wielenga,lars.wielenga75,True,PRINT-Default (avo.local/Sample/Groups/PRINT-Default),,,Permission unmanaged,None
Microsoft Active Directory,Lars Wielenga (500305),Lars Wielenga,lars.wielenga75,True,SEC-Antivirus (avo.local/Sample/Groups/SEC-Antivirus),,,Permission unmanaged,None
Microsoft Active Directory,Lars Wielenga (500305),Lars Wielenga,lars.wielenga75,True,SEC-DiskEncryption (avo.local/Sample/Groups/SEC-DiskEncryption),,,Permission unmanaged,None
Microsoft Active Directory,Lars Wielenga (500305),Lars Wielenga,lars.wielenga75,True,SEC-Endpoint-Protection (avo.local/Sample/Groups/SEC-Endpoint-Protection),,,Permission unmanaged,None
Microsoft Active Directory,Lars Wielenga (500305),Lars Wielenga,lars.wielenga75,True,LIC-M365-F3 (avo.local/Sample/Groups/LIC-M365-F3),,,Permission unmanaged,None
Microsoft Active Directory,Finn Fokkema (500306),Finn Fokkema,finn.fokkema76,True,ROLE-KWA07-Kwaliteit (avo.local/Sample/Groups/ROLE-KWA07-Kwaliteit),,,Permission unmanaged,None
Microsoft Active Directory,Finn Fokkema (500306),Finn Fokkema,finn.fokkema76,True,MBX-KWA07-Kwaliteit (avo.local/Sample/Groups/MBX-KWA07-Kwaliteit),,,Permission unmanaged,None
Microsoft Active Directory,Finn Fokkema (500306),Finn Fokkema,finn.fokkema76,True,FS-KWA07-Kwaliteit-RO (avo.local/Sample/Groups/FS-KWA07-Kwaliteit-RO),,,Permission unmanaged,None
Microsoft Active Directory,Finn Fokkema (500306),Finn Fokkema,finn.fokkema76,True,APP-KWA07-Kwaliteit-Portal (avo.local/Sample/Groups/APP-KWA07-Kwaliteit-Portal),,,Permission unmanaged,None
Microsoft Active Directory,Finn Fokkema (500306),Finn Fokkema,finn.fokkema76,True,TEAM-KWA07-Kwaliteit (avo.local/Sample/Groups/TEAM-KWA07-Kwaliteit),,,Permission unmanaged,None
Microsoft Active Directory,Finn Fokkema (500306),Finn Fokkema,finn.fokkema76,True,APP-Intranet (avo.local/Sample/Groups/APP-Intranet),,,Permission unmanaged,None
Microsoft Active Directory,Finn Fokkema (500306),Finn Fokkema,finn.fokkema76,True,APP-Planner (avo.local/Sample/Groups/APP-Planner),,,Permission unmanaged,None
Microsoft Active Directory,Finn Fokkema (500306),Finn Fokkema,finn.fokkema76,True,APP-Selfservice (avo.local/Sample/Groups/APP-Selfservice),,,Permission unmanaged,None
Microsoft Active Directory,Finn Fokkema (500306),Finn Fokkema,finn.fokkema76,True,WIFI-Personeel (avo.local/Sample/Groups/WIFI-Personeel),,,Permission unmanaged,None
Microsoft Active Directory,Finn Fokkema (500306),Finn Fokkema,finn.fokkema76,True,SEC-Antivirus (avo.local/Sample/Groups/SEC-Antivirus),,,Permission unmanaged,None
Microsoft Active Directory,Finn Fokkema (500306),Finn Fokkema,finn.fokkema76,True,SEC-DiskEncryption (avo.local/Sample/Groups/SEC-DiskEncryption),,,Permission unmanaged,None
Microsoft Active Directory,Finn Fokkema (500306),Finn Fokkema,finn.fokkema76,True,SEC-MFA-Enrolled (avo.local/Sample/Groups/SEC-MFA-Enrolled),,,Permission unmanaged,None
Microsoft Active Directory,Finn Fokkema (500306),Finn Fokkema,finn.fokkema76,True,SEC-Endpoint-Protection (avo.local/Sample/Groups/SEC-Endpoint-Protection),,,Permission unmanaged,None
Microsoft Active Directory,Finn Fokkema (500306),Finn Fokkema,finn.fokkema76,True,APP-Project (avo.local/Sample/Groups/APP-Project),,,Permission unmanaged,None
Microsoft Active Directory,Finn Fokkema (500306),Finn Fokkema,finn.fokkema76,True,LIC-M365-E3 (avo.local/Sample/Groups/LIC-M365-E3),,,Permission unmanaged,None
Microsoft Active Directory,,Gijs Dijkgraaf (admin),adm-gijs.dijkgraaf77,True,,,,Account unmanaged,None
Microsoft Active Directory,,Gijs Dijkgraaf (admin),adm-gijs.dijkgraaf77,True,ADMIN-Beheer (avo.local/Sample/Groups/ADMIN-Beheer),,,Permission unmanaged,None
Microsoft Active Directory,,Gijs Dijkgraaf (admin),adm-gijs.dijkgraaf77,True,PRIV-PAM-Kluis (avo.local/Sample/Groups/PRIV-PAM-Kluis),,,Permission unmanaged,None
Microsoft Active Directory,,Gijs Dijkgraaf (admin),adm-gijs.dijkgraaf77,True,DB-SQL-Service (avo.local/Sample/Groups/DB-SQL-Service),,,Permission unmanaged,None
Microsoft Active Directory,,Gijs Dijkgraaf (admin),adm-gijs.dijkgraaf77,True,LIC-M365-E5 (avo.local/Sample/Groups/LIC-M365-E5),,,Permission unmanaged,None
Microsoft Active Directory,,Service CZ08-Begeleiding,svc-cb1278,True,,,,Account unmanaged,None
Microsoft Active Directory,,Service CZ08-Begeleiding,svc-cb1278,True,LOG-Eventcollector (avo.local/Sample/Groups/LOG-Eventcollector),,,Permission unmanaged,None
Microsoft Active Directory,,Service CZ08-Begeleiding,svc-cb1278,True,LIC-M365-F3 (avo.local/Sample/Groups/LIC-M365-F3),,,Permission unmanaged,None
Microsoft Active Directory,Daan Roozendaal (500309),Daan Roozendaal,daan.roozendaal79,True,ROLE-CZ08-Begeleiding (avo.local/Sample/Groups/ROLE-CZ08-Begeleiding),,,Permission unmanaged,None
Microsoft Active Directory,Daan Roozendaal (500309),Daan Roozendaal,daan.roozendaal79,True,MBX-CZ08-Begeleiding (avo.local/Sample/Groups/MBX-CZ08-Begeleiding),,,Permission unmanaged,None
Microsoft Active Directory,Daan Roozendaal (500309),Daan Roozendaal,daan.roozendaal79,True,FS-CZ08-Begeleiding-RO (avo.local/Sample/Groups/FS-CZ08-Begeleiding-RO),,,Permission unmanaged,None
Microsoft Active Directory,Daan Roozendaal (500309),Daan Roozendaal,daan.roozendaal79,True,TEAM-CZ08-Begeleiding (avo.local/Sample/Groups/TEAM-CZ08-Begeleiding),,,Permission unmanaged,None
Microsoft Active Directory,Daan Roozendaal (500309),Daan Roozendaal,daan.roozendaal79,True,FS-CZ08-Begeleiding-RW (avo.local/Sample/Groups/FS-CZ08-Begeleiding-RW),,,Permission unmanaged,None
Microsoft Active Directory,Daan Roozendaal (500309),Daan Roozendaal,daan.roozendaal79,True,APP-CZ08-Begeleiding-Portal (avo.local/Sample/Groups/APP-CZ08-Begeleiding-Portal),,,Permission unmanaged,None
Microsoft Active Directory,Daan Roozendaal (500309),Daan Roozendaal,daan.roozendaal79,True,APP-Office365 (avo.local/Sample/Groups/APP-Office365),,,Permission unmanaged,None
Microsoft Active Directory,Daan Roozendaal (500309),Daan Roozendaal,daan.roozendaal79,True,APP-Selfservice (avo.local/Sample/Groups/APP-Selfservice),,,Permission unmanaged,None
Microsoft Active Directory,Daan Roozendaal (500309),Daan Roozendaal,daan.roozendaal79,True,PRINT-Default (avo.local/Sample/Groups/PRINT-Default),,,Permission unmanaged,None
Microsoft Active Directory,Daan Roozendaal (500309),Daan Roozendaal,daan.roozendaal79,True,SEC-Antivirus (avo.local/Sample/Groups/SEC-Antivirus),,,Permission unmanaged,None
Microsoft Active Directory,Daan Roozendaal (500309),Daan Roozendaal,daan.roozendaal79,True,SEC-DiskEncryption (avo.local/Sample/Groups/SEC-DiskEncryption),,,Permission unmanaged,None
Microsoft Active Directory,Daan Roozendaal (500309),Daan Roozendaal,daan.roozendaal79,True,SEC-MFA-Enrolled (avo.local/Sample/Groups/SEC-MFA-Enrolled),,,Permission unmanaged,None
Microsoft Active Directory,Daan Roozendaal (500309),Daan Roozendaal,daan.roozendaal79,True,LIC-M365-E5 (avo.local/Sample/Groups/LIC-M365-E5),,,Permission unmanaged,None
Microsoft Active Directory,,Daan Uijlenbroek,daan.uijlenbroek80,True,,,,Account unmanaged,None
Microsoft Active Directory,,Daan Uijlenbroek,daan.uijlenbroek80,True,APP-KWA07-Kwaliteit-Portal (avo.local/Sample/Groups/APP-KWA07-Kwaliteit-Portal),,,Permission unmanaged,None
Microsoft Active Directory,,Daan Uijlenbroek,daan.uijlenbroek80,True,MBX-KWA07-Kwaliteit (avo.local/Sample/Groups/MBX-KWA07-Kwaliteit),,,Permission unmanaged,None
Microsoft Active Directory,,Daan Uijlenbroek,daan.uijlenbroek80,True,APP-Office365 (avo.local/Sample/Groups/APP-Office365),,,Permission unmanaged,None
Microsoft Active Directory,,Daan Uijlenbroek,daan.uijlenbroek80,True,WIFI-Personeel (avo.local/Sample/Groups/WIFI-Personeel),,,Permission unmanaged,None
Microsoft Active Directory,,Daan Uijlenbroek,daan.uijlenbroek80,True,SEC-DiskEncryption (avo.local/Sample/Groups/SEC-DiskEncryption),,,Permission unmanaged,None
Microsoft Active Directory,,Daan Uijlenbroek,daan.uijlenbroek80,True,SEC-MFA-Enrolled (avo.local/Sample/Groups/SEC-MFA-Enrolled),,,Permission unmanaged,None
Microsoft Active Directory,,Daan Uijlenbroek,daan.uijlenbroek80,True,SEC-Endpoint-Protection (avo.local/Sample/Groups/SEC-Endpoint-Protection),,,Permission unmanaged,None
Microsoft Active Directory,,Daan Uijlenbroek,daan.uijlenbroek80,True,LIC-M365-E5 (avo.local/Sample/Groups/LIC-M365-E5),,,Permission unmanaged,None
Microsoft Active Directory,Eva Uijlenbroek (500311),Eva Uijlenbroek,eva.uijlenbroek81,True,ROLE-CA010-Thuiszorg (avo.local/Sample/Groups/ROLE-CA010-Thuiszorg),,,Permission unmanaged,None
Microsoft Active Directory,Eva Uijlenbroek (500311),Eva Uijlenbroek,eva.uijlenbroek81,True,MBX-CA010-Thuiszorg (avo.local/Sample/Groups/MBX-CA010-Thuiszorg),,,Permission unmanaged,None
Microsoft Active Directory,Eva Uijlenbroek (500311),Eva Uijlenbroek,eva.uijlenbroek81,True,FS-CA010-Thuiszorg-RO (avo.local/Sample/Groups/FS-CA010-Thuiszorg-RO),,,Permission unmanaged,None
Microsoft Active Directory,Eva Uijlenbroek (500311),Eva Uijlenbroek,eva.uijlenbroek81,True,APP-Intranet (avo.local/Sample/Groups/APP-Intranet),,,Permission unmanaged,None
Microsoft Active Directory,Eva Uijlenbroek (500311),Eva Uijlenbroek,eva.uijlenbroek81,True,APP-Teams (avo.local/Sample/Groups/APP-Teams),,,Permission unmanaged,None
Microsoft Active Directory,Eva Uijlenbroek (500311),Eva Uijlenbroek,eva.uijlenbroek81,True,APP-Planner (avo.local/Sample/Groups/APP-Planner),,,Permission unmanaged,None
Microsoft Active Directory,Eva Uijlenbroek (500311),Eva Uijlenbroek,eva.uijlenbroek81,True,PRINT-Default (avo.local/Sample/Groups/PRINT-Default),,,Permission unmanaged,None
Microsoft Active Directory,Eva Uijlenbroek (500311),Eva Uijlenbroek,eva.uijlenbroek81,True,VPN-Thuiswerken (avo.local/Sample/Groups/VPN-Thuiswerken),,,Permission unmanaged,None
Microsoft Active Directory,Eva Uijlenbroek (500311),Eva Uijlenbroek,eva.uijlenbroek81,True,SEC-Antivirus (avo.local/Sample/Groups/SEC-Antivirus),,,Permission unmanaged,None
Microsoft Active Directory,Eva Uijlenbroek (500311),Eva Uijlenbroek,eva.uijlenbroek81,True,SEC-DiskEncryption (avo.local/Sample/Groups/SEC-DiskEncryption),,,Permission unmanaged,None
Microsoft Active Directory,Eva Uijlenbroek (500311),Eva Uijlenbroek,eva.uijlenbroek81,True,SEC-MFA-Enrolled (avo.local/Sample/Groups/SEC-MFA-Enrolled),,,Permission unmanaged,None
Microsoft Active Directory,Eva Uijlenbroek (500311),Eva Uijlenbroek,eva.uijlenbroek81,True,SEC-Endpoint-Protection (avo.local/Sample/Groups/SEC-Endpoint-Protection),,,Permission unmanaged,None
Microsoft Active Directory,Eva Uijlenbroek (500311),Eva Uijlenbroek,eva.uijlenbroek81,True,APP-Adobe-AcrobatPro (avo.local/Sample/Groups/APP-Adobe-AcrobatPro),,,Permission unmanaged,None
Microsoft Active Directory,Eva Uijlenbroek (500311),Eva Uijlenbroek,eva.uijlenbroek81,True,LIC-M365-E3 (avo.local/Sample/Groups/LIC-M365-E3),,,Permission unmanaged,None
Microsoft Active Directory,,Eva Gerritsen (admin),adm-eva.gerritsen82,True,,,,Account unmanaged,Excluded
Microsoft Active Directory,,Eva Gerritsen (admin),adm-eva.gerritsen82,True,PRIV-PAM-Kluis (avo.local/Sample/Groups/PRIV-PAM-Kluis),,,Permission unmanaged,None
Microsoft Active Directory,,Eva Gerritsen (admin),adm-eva.gerritsen82,True,ADMIN-Exchange-Beheer (avo.local/Sample/Groups/ADMIN-Exchange-Beheer),,,Permission unmanaged,None
Microsoft Active Directory,,Eva Gerritsen (admin),adm-eva.gerritsen82,True,SRV-RDP-Beheerservers (avo.local/Sample/Groups/SRV-RDP-Beheerservers),,,Permission unmanaged,None
Microsoft Active Directory,,Eva Gerritsen (admin),adm-eva.gerritsen82,True,LIC-M365-E1 (avo.local/Sample/Groups/LIC-M365-E1),,,Permission unmanaged,None
Microsoft Active Directory,Bram Dijkgraaf (500313),Bram Dijkgraaf,bram.dijkgraaf83,True,FS-HRM02-Personeel-RO (avo.local/Sample/Groups/FS-HRM02-Personeel-RO),,,Permission unmanaged,None
Microsoft Active Directory,Bram Dijkgraaf (500313),Bram Dijkgraaf,bram.dijkgraaf83,True,ROLE-HRM02-Personeel (avo.local/Sample/Groups/ROLE-HRM02-Personeel),,,Permission unmanaged,None
Microsoft Active Directory,Bram Dijkgraaf (500313),Bram Dijkgraaf,bram.dijkgraaf83,True,FS-HRM02-Personeel-RW (avo.local/Sample/Groups/FS-HRM02-Personeel-RW),,,Permission unmanaged,None
Microsoft Active Directory,Bram Dijkgraaf (500313),Bram Dijkgraaf,bram.dijkgraaf83,True,APP-HRM02-Personeel-Portal (avo.local/Sample/Groups/APP-HRM02-Personeel-Portal),,,Permission unmanaged,None
Microsoft Active Directory,Bram Dijkgraaf (500313),Bram Dijkgraaf,bram.dijkgraaf83,True,APP-Teams (avo.local/Sample/Groups/APP-Teams),,,Permission unmanaged,None
Microsoft Active Directory,Bram Dijkgraaf (500313),Bram Dijkgraaf,bram.dijkgraaf83,True,VPN-Thuiswerken (avo.local/Sample/Groups/VPN-Thuiswerken),,,Permission unmanaged,None
Microsoft Active Directory,Bram Dijkgraaf (500313),Bram Dijkgraaf,bram.dijkgraaf83,True,SEC-Antivirus (avo.local/Sample/Groups/SEC-Antivirus),,,Permission unmanaged,None
Microsoft Active Directory,Bram Dijkgraaf (500313),Bram Dijkgraaf,bram.dijkgraaf83,True,SEC-DiskEncryption (avo.local/Sample/Groups/SEC-DiskEncryption),,,Permission unmanaged,None
Microsoft Active Directory,Bram Dijkgraaf (500313),Bram Dijkgraaf,bram.dijkgraaf83,True,SEC-MFA-Enrolled (avo.local/Sample/Groups/SEC-MFA-Enrolled),,,Permission unmanaged,None
Microsoft Active Directory,Bram Dijkgraaf (500313),Bram Dijkgraaf,bram.dijkgraaf83,True,SEC-Endpoint-Protection (avo.local/Sample/Groups/SEC-Endpoint-Protection),,,Permission unmanaged,None
Microsoft Active Directory,Bram Dijkgraaf (500313),Bram Dijkgraaf,bram.dijkgraaf83,True,APP-Adobe-AcrobatPro (avo.local/Sample/Groups/APP-Adobe-AcrobatPro),,,Permission unmanaged,None
Microsoft Active Directory,Bram Dijkgraaf (500313),Bram Dijkgraaf,bram.dijkgraaf83,True,APP-Copilot (avo.local/Sample/Groups/APP-Copilot),,,Permission unmanaged,None
Microsoft Active Directory,Bram Dijkgraaf (500313),Bram Dijkgraaf,bram.dijkgraaf83,True,LIC-M365-F3 (avo.local/Sample/Groups/LIC-M365-F3),,,Permission unmanaged,None
Microsoft Active Directory,,Tess Terlouw (admin),adm-tess.terlouw84,True,,,,Account unmanaged,None
Microsoft Active Directory,,Tess Terlouw (admin),adm-tess.terlouw84,True,ADMIN-Beheer (avo.local/Sample/Groups/ADMIN-Beheer),,,Permission unmanaged,None
Microsoft Active Directory,,Tess Terlouw (admin),adm-tess.terlouw84,True,ADMIN-AD-Beheer (avo.local/Sample/Groups/ADMIN-AD-Beheer),,,Permission unmanaged,None
Microsoft Active Directory,,Tess Terlouw (admin),adm-tess.terlouw84,True,ADMIN-Exchange-Beheer (avo.local/Sample/Groups/ADMIN-Exchange-Beheer),,,Permission unmanaged,None
Microsoft Active Directory,,Tess Terlouw (admin),adm-tess.terlouw84,True,DB-SQL-Service (avo.local/Sample/Groups/DB-SQL-Service),,,Permission unmanaged,None
Microsoft Active Directory,,Tess Terlouw (admin),adm-tess.terlouw84,True,LIC-M365-E3 (avo.local/Sample/Groups/LIC-M365-E3),,,Permission unmanaged,None
Microsoft Active Directory,Jasper Aalbers (500315),Jasper Aalbers,jasper.aalbers85,False,MBX-CB12-Dagbesteding (avo.local/Sample/Groups/MBX-CB12-Dagbesteding),,,Permission unmanaged,None
Microsoft Active Directory,Jasper Aalbers (500315),Jasper Aalbers,jasper.aalbers85,False,TEAM-CB12-Dagbesteding (avo.local/Sample/Groups/TEAM-CB12-Dagbesteding),,,Permission unmanaged,None
Microsoft Active Directory,Jasper Aalbers (500315),Jasper Aalbers,jasper.aalbers85,False,FS-CB12-Dagbesteding-RW (avo.local/Sample/Groups/FS-CB12-Dagbesteding-RW),,,Permission unmanaged,None
Microsoft Active Directory,Jasper Aalbers (500315),Jasper Aalbers,jasper.aalbers85,False,APP-CB12-Dagbesteding-Portal (avo.local/Sample/Groups/APP-CB12-Dagbesteding-Portal),,,Permission unmanaged,None
Microsoft Active Directory,Jasper Aalbers (500315),Jasper Aalbers,jasper.aalbers85,False,ROLE-CB12-Dagbesteding (avo.local/Sample/Groups/ROLE-CB12-Dagbesteding),,,Permission unmanaged,None
Microsoft Active Directory,Jasper Aalbers (500315),Jasper Aalbers,jasper.aalbers85,False,FS-CB12-Dagbesteding-RO (avo.local/Sample/Groups/FS-CB12-Dagbesteding-RO),,,Permission unmanaged,None
Microsoft Active Directory,Jasper Aalbers (500315),Jasper Aalbers,jasper.aalbers85,False,APP-Office365 (avo.local/Sample/Groups/APP-Office365),,,Permission unmanaged,None
Microsoft Active Directory,Jasper Aalbers (500315),Jasper Aalbers,jasper.aalbers85,False,APP-Teams (avo.local/Sample/Groups/APP-Teams),,,Permission unmanaged,None
Microsoft Active Directory,Jasper Aalbers (500315),Jasper Aalbers,jasper.aalbers85,False,APP-Intranet (avo.local/Sample/Groups/APP-Intranet),,,Permission unmanaged,None
Microsoft Active Directory,Jasper Aalbers (500315),Jasper Aalbers,jasper.aalbers85,False,WIFI-Personeel (avo.local/Sample/Groups/WIFI-Personeel),,,Permission unmanaged,None
Microsoft Active Directory,Jasper Aalbers (500315),Jasper Aalbers,jasper.aalbers85,False,VPN-Thuiswerken (avo.local/Sample/Groups/VPN-Thuiswerken),,,Permission unmanaged,None
Microsoft Active Directory,Jasper Aalbers (500315),Jasper Aalbers,jasper.aalbers85,False,SEC-Antivirus (avo.local/Sample/Groups/SEC-Antivirus),,,Permission unmanaged,None
Microsoft Active Directory,Jasper Aalbers (500315),Jasper Aalbers,jasper.aalbers85,False,SEC-DiskEncryption (avo.local/Sample/Groups/SEC-DiskEncryption),,,Permission unmanaged,None
Microsoft Active Directory,Jasper Aalbers (500315),Jasper Aalbers,jasper.aalbers85,False,SEC-MFA-Enrolled (avo.local/Sample/Groups/SEC-MFA-Enrolled),,,Permission unmanaged,None
Microsoft Active Directory,Jasper Aalbers (500315),Jasper Aalbers,jasper.aalbers85,False,SEC-Endpoint-Protection (avo.local/Sample/Groups/SEC-Endpoint-Protection),,,Permission unmanaged,None
Microsoft Active Directory,Jasper Aalbers (500315),Jasper Aalbers,jasper.aalbers85,False,APP-Adobe-AcrobatPro (avo.local/Sample/Groups/APP-Adobe-AcrobatPro),,,Permission unmanaged,None
Microsoft Active Directory,Jasper Aalbers (500315),Jasper Aalbers,jasper.aalbers85,False,LIC-M365-E3 (avo.local/Sample/Groups/LIC-M365-E3),,,Permission unmanaged,None
Microsoft Active Directory,Jasper Aalbers (500315),Jasper Aalbers,jasper.aalbers85,False,LIC-M365-F3 (avo.local/Sample/Groups/LIC-M365-F3),,,Permission unmanaged,None
Microsoft Active Directory,Gijs Nagtegaal (500316),Gijs Nagtegaal,gijs.nagtegaal86,True,ROLE-HRM02-Personeel (avo.local/Sample/Groups/ROLE-HRM02-Personeel),,,Permission unmanaged,None
Microsoft Active Directory,Gijs Nagtegaal (500316),Gijs Nagtegaal,gijs.nagtegaal86,True,FS-HRM02-Personeel-RO (avo.local/Sample/Groups/FS-HRM02-Personeel-RO),,,Permission unmanaged,None
Microsoft Active Directory,Gijs Nagtegaal (500316),Gijs Nagtegaal,gijs.nagtegaal86,True,APP-Intranet (avo.local/Sample/Groups/APP-Intranet),,,Permission unmanaged,None
Microsoft Active Directory,Gijs Nagtegaal (500316),Gijs Nagtegaal,gijs.nagtegaal86,True,SEC-Antivirus (avo.local/Sample/Groups/SEC-Antivirus),,,Permission unmanaged,None
Microsoft Active Directory,Gijs Nagtegaal (500316),Gijs Nagtegaal,gijs.nagtegaal86,True,SEC-DiskEncryption (avo.local/Sample/Groups/SEC-DiskEncryption),,,Permission unmanaged,None
Microsoft Active Directory,Gijs Nagtegaal (500316),Gijs Nagtegaal,gijs.nagtegaal86,True,SEC-Endpoint-Protection (avo.local/Sample/Groups/SEC-Endpoint-Protection),,,Permission unmanaged,None
Microsoft Active Directory,Gijs Nagtegaal (500316),Gijs Nagtegaal,gijs.nagtegaal86,True,LIC-M365-E5 (avo.local/Sample/Groups/LIC-M365-E5),,,Permission unmanaged,None
Microsoft Active Directory,Olivier Hoekstra (500317),Olivier Hoekstra,olivier.hoekstra87,True,FS-ZRG06-Wijkzorg-RO (avo.local/Sample/Groups/FS-ZRG06-Wijkzorg-RO),,,Permission unmanaged,None
Microsoft Active Directory,Olivier Hoekstra (500317),Olivier Hoekstra,olivier.hoekstra87,True,FS-ZRG06-Wijkzorg-RW (avo.local/Sample/Groups/FS-ZRG06-Wijkzorg-RW),,,Permission unmanaged,None
Microsoft Active Directory,Olivier Hoekstra (500317),Olivier Hoekstra,olivier.hoekstra87,True,MBX-ZRG06-Wijkzorg (avo.local/Sample/Groups/MBX-ZRG06-Wijkzorg),,,Permission unmanaged,None
Microsoft Active Directory,Olivier Hoekstra (500317),Olivier Hoekstra,olivier.hoekstra87,True,ROLE-ZRG06-Wijkzorg (avo.local/Sample/Groups/ROLE-ZRG06-Wijkzorg),,,Permission unmanaged,None
Microsoft Active Directory,Olivier Hoekstra (500317),Olivier Hoekstra,olivier.hoekstra87,True,APP-Office365 (avo.local/Sample/Groups/APP-Office365),,,Permission unmanaged,None
Microsoft Active Directory,Olivier Hoekstra (500317),Olivier Hoekstra,olivier.hoekstra87,True,APP-Teams (avo.local/Sample/Groups/APP-Teams),,,Permission unmanaged,None
Microsoft Active Directory,Olivier Hoekstra (500317),Olivier Hoekstra,olivier.hoekstra87,True,APP-Selfservice (avo.local/Sample/Groups/APP-Selfservice),,,Permission unmanaged,None
Microsoft Active Directory,Olivier Hoekstra (500317),Olivier Hoekstra,olivier.hoekstra87,True,VPN-Thuiswerken (avo.local/Sample/Groups/VPN-Thuiswerken),,,Permission unmanaged,None
Microsoft Active Directory,Olivier Hoekstra (500317),Olivier Hoekstra,olivier.hoekstra87,True,WIFI-Personeel (avo.local/Sample/Groups/WIFI-Personeel),,,Permission unmanaged,None
Microsoft Active Directory,Olivier Hoekstra (500317),Olivier Hoekstra,olivier.hoekstra87,True,SEC-DiskEncryption (avo.local/Sample/Groups/SEC-DiskEncryption),,,Permission unmanaged,None
Microsoft Active Directory,Olivier Hoekstra (500317),Olivier Hoekstra,olivier.hoekstra87,True,SEC-MFA-Enrolled (avo.local/Sample/Groups/SEC-MFA-Enrolled),,,Permission unmanaged,None
Microsoft Active Directory,Olivier Hoekstra (500317),Olivier Hoekstra,olivier.hoekstra87,True,SEC-Endpoint-Protection (avo.local/Sample/Groups/SEC-Endpoint-Protection),,,Permission unmanaged,None
Microsoft Active Directory,Olivier Hoekstra (500317),Olivier Hoekstra,olivier.hoekstra87,True,LIC-M365-E3 (avo.local/Sample/Groups/LIC-M365-E3),,,Permission unmanaged,None
Microsoft Active Directory,Olivier Hoekstra (500317),Olivier Hoekstra,olivier.hoekstra87,True,SEC-Antivirus (avo.local/Sample/Groups/SEC-Antivirus),,,Permission missing,None
Microsoft Active Directory,Eva Quaedvlieg (500318),Eva Quaedvlieg,eva.quaedvlieg88,True,TEAM-HRM02-Personeel (avo.local/Sample/Groups/TEAM-HRM02-Personeel),,,Permission unmanaged,None
Microsoft Active Directory,Eva Quaedvlieg (500318),Eva Quaedvlieg,eva.quaedvlieg88,True,ROLE-HRM02-Personeel (avo.local/Sample/Groups/ROLE-HRM02-Personeel),,,Permission unmanaged,None
Microsoft Active Directory,Eva Quaedvlieg (500318),Eva Quaedvlieg,eva.quaedvlieg88,True,FS-HRM02-Personeel-RO (avo.local/Sample/Groups/FS-HRM02-Personeel-RO),,,Permission unmanaged,None
Microsoft Active Directory,Eva Quaedvlieg (500318),Eva Quaedvlieg,eva.quaedvlieg88,True,MBX-HRM02-Personeel (avo.local/Sample/Groups/MBX-HRM02-Personeel),,,Permission unmanaged,None
Microsoft Active Directory,Eva Quaedvlieg (500318),Eva Quaedvlieg,eva.quaedvlieg88,True,APP-Office365 (avo.local/Sample/Groups/APP-Office365),,,Permission unmanaged,None
Microsoft Active Directory,Eva Quaedvlieg (500318),Eva Quaedvlieg,eva.quaedvlieg88,True,VPN-Thuiswerken (avo.local/Sample/Groups/VPN-Thuiswerken),,,Permission unmanaged,None
Microsoft Active Directory,Eva Quaedvlieg (500318),Eva Quaedvlieg,eva.quaedvlieg88,True,SEC-Antivirus (avo.local/Sample/Groups/SEC-Antivirus),,,Permission unmanaged,None
Microsoft Active Directory,Eva Quaedvlieg (500318),Eva Quaedvlieg,eva.quaedvlieg88,True,SEC-DiskEncryption (avo.local/Sample/Groups/SEC-DiskEncryption),,,Permission unmanaged,None
Microsoft Active Directory,Eva Quaedvlieg (500318),Eva Quaedvlieg,eva.quaedvlieg88,True,SEC-MFA-Enrolled (avo.local/Sample/Groups/SEC-MFA-Enrolled),,,Permission unmanaged,None
Microsoft Active Directory,Eva Quaedvlieg (500318),Eva Quaedvlieg,eva.quaedvlieg88,True,SEC-Endpoint-Protection (avo.local/Sample/Groups/SEC-Endpoint-Protection),,,Permission unmanaged,None
Microsoft Active Directory,Eva Quaedvlieg (500318),Eva Quaedvlieg,eva.quaedvlieg88,True,APP-Copilot (avo.local/Sample/Groups/APP-Copilot),,,Permission unmanaged,None
Microsoft Active Directory,Eva Quaedvlieg (500318),Eva Quaedvlieg,eva.quaedvlieg88,True,APP-Adobe-AcrobatPro (avo.local/Sample/Groups/APP-Adobe-AcrobatPro),,,Permission unmanaged,None
Microsoft Active Directory,Eva Quaedvlieg (500318),Eva Quaedvlieg,eva.quaedvlieg88,True,LIC-M365-F3 (avo.local/Sample/Groups/LIC-M365-F3),,,Permission unmanaged,None
Microsoft Active Directory,Eva Quaedvlieg (500318),Eva Quaedvlieg,eva.quaedvlieg88,True,APP-Teams (avo.local/Sample/Groups/APP-Teams),,,Permission missing,None
Microsoft Active Directory,Xander Dijkgraaf (500319),Xander Dijkgraaf,xander.dijkgraaf89,True,TEAM-HRM02-Personeel (avo.local/Sample/Groups/TEAM-HRM02-Personeel),,,Permission unmanaged,None
Microsoft Active Directory,Xander Dijkgraaf (500319),Xander Dijkgraaf,xander.dijkgraaf89,True,ROLE-HRM02-Personeel (avo.local/Sample/Groups/ROLE-HRM02-Personeel),,,Permission unmanaged,None
Microsoft Active Directory,Xander Dijkgraaf (500319),Xander Dijkgraaf,xander.dijkgraaf89,True,MBX-HRM02-Personeel (avo.local/Sample/Groups/MBX-HRM02-Personeel),,,Permission unmanaged,None
Microsoft Active Directory,Xander Dijkgraaf (500319),Xander Dijkgraaf,xander.dijkgraaf89,True,APP-HRM02-Personeel-Portal (avo.local/Sample/Groups/APP-HRM02-Personeel-Portal),,,Permission unmanaged,None
Microsoft Active Directory,Xander Dijkgraaf (500319),Xander Dijkgraaf,xander.dijkgraaf89,True,FS-HRM02-Personeel-RO (avo.local/Sample/Groups/FS-HRM02-Personeel-RO),,,Permission unmanaged,None
Microsoft Active Directory,Xander Dijkgraaf (500319),Xander Dijkgraaf,xander.dijkgraaf89,True,APP-Selfservice (avo.local/Sample/Groups/APP-Selfservice),,,Permission unmanaged,None
Microsoft Active Directory,Xander Dijkgraaf (500319),Xander Dijkgraaf,xander.dijkgraaf89,True,PRINT-Default (avo.local/Sample/Groups/PRINT-Default),,,Permission unmanaged,None
Microsoft Active Directory,Xander Dijkgraaf (500319),Xander Dijkgraaf,xander.dijkgraaf89,True,VPN-Thuiswerken (avo.local/Sample/Groups/VPN-Thuiswerken),,,Permission unmanaged,None
Microsoft Active Directory,Xander Dijkgraaf (500319),Xander Dijkgraaf,xander.dijkgraaf89,True,SEC-Antivirus (avo.local/Sample/Groups/SEC-Antivirus),,,Permission unmanaged,None
Microsoft Active Directory,Xander Dijkgraaf (500319),Xander Dijkgraaf,xander.dijkgraaf89,True,SEC-DiskEncryption (avo.local/Sample/Groups/SEC-DiskEncryption),,,Permission unmanaged,None
Microsoft Active Directory,Xander Dijkgraaf (500319),Xander Dijkgraaf,xander.dijkgraaf89,True,SEC-MFA-Enrolled (avo.local/Sample/Groups/SEC-MFA-Enrolled),,,Permission unmanaged,None
Microsoft Active Directory,Xander Dijkgraaf (500319),Xander Dijkgraaf,xander.dijkgraaf89,True,SEC-Endpoint-Protection (avo.local/Sample/Groups/SEC-Endpoint-Protection),,,Permission unmanaged,None
Microsoft Active Directory,Xander Dijkgraaf (500319),Xander Dijkgraaf,xander.dijkgraaf89,True,LIC-M365-E5 (avo.local/Sample/Groups/LIC-M365-E5),,,Permission unmanaged,None
Microsoft Active Directory,Zoë Hoekstra (500320),Zoë Hoekstra,zoe.hoekstra90,True,FS-CA060-Revalidatie-RO (avo.local/Sample/Groups/FS-CA060-Revalidatie-RO),,,Permission unmanaged,None
Microsoft Active Directory,Zoë Hoekstra (500320),Zoë Hoekstra,zoe.hoekstra90,True,MBX-CA060-Revalidatie (avo.local/Sample/Groups/MBX-CA060-Revalidatie),,,Permission unmanaged,None
Microsoft Active Directory,Zoë Hoekstra (500320),Zoë Hoekstra,zoe.hoekstra90,True,APP-Planner (avo.local/Sample/Groups/APP-Planner),,,Permission unmanaged,None
Microsoft Active Directory,Zoë Hoekstra (500320),Zoë Hoekstra,zoe.hoekstra90,True,APP-Intranet (avo.local/Sample/Groups/APP-Intranet),,,Permission unmanaged,None
Microsoft Active Directory,Zoë Hoekstra (500320),Zoë Hoekstra,zoe.hoekstra90,True,PRINT-Default (avo.local/Sample/Groups/PRINT-Default),,,Permission unmanaged,None
Microsoft Active Directory,Zoë Hoekstra (500320),Zoë Hoekstra,zoe.hoekstra90,True,SEC-DiskEncryption (avo.local/Sample/Groups/SEC-DiskEncryption),,,Permission unmanaged,None
Microsoft Active Directory,Zoë Hoekstra (500320),Zoë Hoekstra,zoe.hoekstra90,True,SEC-MFA-Enrolled (avo.local/Sample/Groups/SEC-MFA-Enrolled),,,Permission unmanaged,None
Microsoft Active Directory,Zoë Hoekstra (500320),Zoë Hoekstra,zoe.hoekstra90,True,SEC-Endpoint-Protection (avo.local/Sample/Groups/SEC-Endpoint-Protection),,,Permission unmanaged,None
Microsoft Active Directory,Zoë Hoekstra (500320),Zoë Hoekstra,zoe.hoekstra90,True,LIC-M365-E3 (avo.local/Sample/Groups/LIC-M365-E3),,,Permission unmanaged,None
Microsoft Active Directory,Zoë Jonker (500321),Zoë Jonker,zoe.jonker91,True,APP-CA060-Revalidatie-Portal (avo.local/Sample/Groups/APP-CA060-Revalidatie-Portal),,,Permission unmanaged,None
Microsoft Active Directory,Zoë Jonker (500321),Zoë Jonker,zoe.jonker91,True,FS-CA060-Revalidatie-RW (avo.local/Sample/Groups/FS-CA060-Revalidatie-RW),,,Permission unmanaged,None
Microsoft Active Directory,Zoë Jonker (500321),Zoë Jonker,zoe.jonker91,True,APP-Teams (avo.local/Sample/Groups/APP-Teams),,,Permission unmanaged,None
Microsoft Active Directory,Zoë Jonker (500321),Zoë Jonker,zoe.jonker91,True,APP-Intranet (avo.local/Sample/Groups/APP-Intranet),,,Permission unmanaged,None
Microsoft Active Directory,Zoë Jonker (500321),Zoë Jonker,zoe.jonker91,True,APP-Selfservice (avo.local/Sample/Groups/APP-Selfservice),,,Permission unmanaged,None
Microsoft Active Directory,Zoë Jonker (500321),Zoë Jonker,zoe.jonker91,True,PRINT-Default (avo.local/Sample/Groups/PRINT-Default),,,Permission unmanaged,None
Microsoft Active Directory,Zoë Jonker (500321),Zoë Jonker,zoe.jonker91,True,SEC-DiskEncryption (avo.local/Sample/Groups/SEC-DiskEncryption),,,Permission unmanaged,None
Microsoft Active Directory,Zoë Jonker (500321),Zoë Jonker,zoe.jonker91,True,SEC-MFA-Enrolled (avo.local/Sample/Groups/SEC-MFA-Enrolled),,,Permission unmanaged,None
Microsoft Active Directory,Zoë Jonker (500321),Zoë Jonker,zoe.jonker91,True,SEC-Endpoint-Protection (avo.local/Sample/Groups/SEC-Endpoint-Protection),,,Permission unmanaged,None
Microsoft Active Directory,Zoë Jonker (500321),Zoë Jonker,zoe.jonker91,True,APP-Visio (avo.local/Sample/Groups/APP-Visio),,,Permission unmanaged,None
Microsoft Active Directory,Zoë Jonker (500321),Zoë Jonker,zoe.jonker91,True,APP-Project (avo.local/Sample/Groups/APP-Project),,,Permission unmanaged,None
Microsoft Active Directory,Zoë Jonker (500321),Zoë Jonker,zoe.jonker91,True,LIC-M365-F3 (avo.local/Sample/Groups/LIC-M365-F3),,,Permission unmanaged,None
Microsoft Active Directory,Sem Muijs (500322),Sem Muijs,sem.muijs92,True,TEAM-HRM02-Personeel (avo.local/Sample/Groups/TEAM-HRM02-Personeel),,,Permission unmanaged,None
Microsoft Active Directory,Sem Muijs (500322),Sem Muijs,sem.muijs92,True,ROLE-HRM02-Personeel (avo.local/Sample/Groups/ROLE-HRM02-Personeel),,,Permission unmanaged,None
Microsoft Active Directory,Sem Muijs (500322),Sem Muijs,sem.muijs92,True,MBX-HRM02-Personeel (avo.local/Sample/Groups/MBX-HRM02-Personeel),,,Permission unmanaged,None
Microsoft Active Directory,Sem Muijs (500322),Sem Muijs,sem.muijs92,True,APP-HRM02-Personeel-Portal (avo.local/Sample/Groups/APP-HRM02-Personeel-Portal),,,Permission unmanaged,None
Microsoft Active Directory,Sem Muijs (500322),Sem Muijs,sem.muijs92,True,APP-Office365 (avo.local/Sample/Groups/APP-Office365),,,Permission unmanaged,None
Microsoft Active Directory,Sem Muijs (500322),Sem Muijs,sem.muijs92,True,APP-Selfservice (avo.local/Sample/Groups/APP-Selfservice),,,Permission unmanaged,None
Microsoft Active Directory,Sem Muijs (500322),Sem Muijs,sem.muijs92,True,APP-Intranet (avo.local/Sample/Groups/APP-Intranet),,,Permission unmanaged,None
Microsoft Active Directory,Sem Muijs (500322),Sem Muijs,sem.muijs92,True,SEC-Antivirus (avo.local/Sample/Groups/SEC-Antivirus),,,Permission unmanaged,None
Microsoft Active Directory,Sem Muijs (500322),Sem Muijs,sem.muijs92,True,SEC-DiskEncryption (avo.local/Sample/Groups/SEC-DiskEncryption),,,Permission unmanaged,None
Microsoft Active Directory,Sem Muijs (500322),Sem Muijs,sem.muijs92,True,SEC-Endpoint-Protection (avo.local/Sample/Groups/SEC-Endpoint-Protection),,,Permission unmanaged,None
Microsoft Active Directory,Sem Muijs (500322),Sem Muijs,sem.muijs92,True,LIC-M365-F3 (avo.local/Sample/Groups/LIC-M365-F3),,,Permission unmanaged,None
Microsoft Active Directory,Yara Wielenga (500323),Yara Wielenga,yara.wielenga93,True,ROLE-KWA07-Kwaliteit (avo.local/Sample/Groups/ROLE-KWA07-Kwaliteit),,,Permission unmanaged,None
Microsoft Active Directory,Yara Wielenga (500323),Yara Wielenga,yara.wielenga93,True,FS-KWA07-Kwaliteit-RO (avo.local/Sample/Groups/FS-KWA07-Kwaliteit-RO),,,Permission unmanaged,None
Microsoft Active Directory,Yara Wielenga (500323),Yara Wielenga,yara.wielenga93,True,APP-KWA07-Kwaliteit-Portal (avo.local/Sample/Groups/APP-KWA07-Kwaliteit-Portal),,,Permission unmanaged,None
Microsoft Active Directory,Yara Wielenga (500323),Yara Wielenga,yara.wielenga93,True,FS-KWA07-Kwaliteit-RW (avo.local/Sample/Groups/FS-KWA07-Kwaliteit-RW),,,Permission unmanaged,None
Microsoft Active Directory,Yara Wielenga (500323),Yara Wielenga,yara.wielenga93,True,APP-Selfservice (avo.local/Sample/Groups/APP-Selfservice),,,Permission unmanaged,None
Microsoft Active Directory,Yara Wielenga (500323),Yara Wielenga,yara.wielenga93,True,APP-Planner (avo.local/Sample/Groups/APP-Planner),,,Permission unmanaged,None
Microsoft Active Directory,Yara Wielenga (500323),Yara Wielenga,yara.wielenga93,True,VPN-Thuiswerken (avo.local/Sample/Groups/VPN-Thuiswerken),,,Permission unmanaged,None
Microsoft Active Directory,Yara Wielenga (500323),Yara Wielenga,yara.wielenga93,True,SEC-Antivirus (avo.local/Sample/Groups/SEC-Antivirus),,,Permission unmanaged,None
Microsoft Active Directory,Yara Wielenga (500323),Yara Wielenga,yara.wielenga93,True,SEC-DiskEncryption (avo.local/Sample/Groups/SEC-DiskEncryption),,,Permission unmanaged,None
Microsoft Active Directory,Yara Wielenga (500323),Yara Wielenga,yara.wielenga93,True,SEC-MFA-Enrolled (avo.local/Sample/Groups/SEC-MFA-Enrolled),,,Permission unmanaged,None
Microsoft Active Directory,Yara Wielenga (500323),Yara Wielenga,yara.wielenga93,True,SEC-Endpoint-Protection (avo.local/Sample/Groups/SEC-Endpoint-Protection),,,Permission unmanaged,None
Microsoft Active Directory,Yara Wielenga (500323),Yara Wielenga,yara.wielenga93,True,APP-Adobe-AcrobatPro (avo.local/Sample/Groups/APP-Adobe-AcrobatPro),,,Permission unmanaged,None
Microsoft Active Directory,Yara Wielenga (500323),Yara Wielenga,yara.wielenga93,True,APP-Project (avo.local/Sample/Groups/APP-Project),,,Permission unmanaged,None
Microsoft Active Directory,Yara Wielenga (500323),Yara Wielenga,yara.wielenga93,True,LIC-M365-F3 (avo.local/Sample/Groups/LIC-M365-F3),,,Permission unmanaged,None
Microsoft Active Directory,,Bram Aalbers,bram.aalbers94,True,,,,Account unmanaged,Excluded
Microsoft Active Directory,,Bram Aalbers,bram.aalbers94,True,MBX-HRM02-Personeel (avo.local/Sample/Groups/MBX-HRM02-Personeel),,,Permission unmanaged,None
Microsoft Active Directory,,Bram Aalbers,bram.aalbers94,True,TEAM-HRM02-Personeel (avo.local/Sample/Groups/TEAM-HRM02-Personeel),,,Permission unmanaged,None
Microsoft Active Directory,,Bram Aalbers,bram.aalbers94,True,APP-Planner (avo.local/Sample/Groups/APP-Planner),,,Permission unmanaged,None
Microsoft Active Directory,,Bram Aalbers,bram.aalbers94,True,APP-Teams (avo.local/Sample/Groups/APP-Teams),,,Permission unmanaged,None
Microsoft Active Directory,,Bram Aalbers,bram.aalbers94,True,APP-Selfservice (avo.local/Sample/Groups/APP-Selfservice),,,Permission unmanaged,None
Microsoft Active Directory,,Bram Aalbers,bram.aalbers94,True,WIFI-Personeel (avo.local/Sample/Groups/WIFI-Personeel),,,Permission unmanaged,None
Microsoft Active Directory,,Bram Aalbers,bram.aalbers94,True,SEC-Antivirus (avo.local/Sample/Groups/SEC-Antivirus),,,Permission unmanaged,None
Microsoft Active Directory,,Bram Aalbers,bram.aalbers94,True,SEC-DiskEncryption (avo.local/Sample/Groups/SEC-DiskEncryption),,,Permission unmanaged,None
Microsoft Active Directory,,Bram Aalbers,bram.aalbers94,True,SEC-MFA-Enrolled (avo.local/Sample/Groups/SEC-MFA-Enrolled),,,Permission unmanaged,None
Microsoft Active Directory,,Bram Aalbers,bram.aalbers94,True,SEC-Endpoint-Protection (avo.local/Sample/Groups/SEC-Endpoint-Protection),,,Permission unmanaged,None
Microsoft Active Directory,,Bram Aalbers,bram.aalbers94,True,LIC-M365-E3 (avo.local/Sample/Groups/LIC-M365-E3),,,Permission unmanaged,None
Microsoft Active Directory,Kim Gerritsen (500325),Kim Gerritsen,kim.gerritsen95,True,FS-HRM02-Personeel-RO (avo.local/Sample/Groups/FS-HRM02-Personeel-RO),,,Permission unmanaged,None
Microsoft Active Directory,Kim Gerritsen (500325),Kim Gerritsen,kim.gerritsen95,True,ROLE-HRM02-Personeel (avo.local/Sample/Groups/ROLE-HRM02-Personeel),,,Permission unmanaged,None
Microsoft Active Directory,Kim Gerritsen (500325),Kim Gerritsen,kim.gerritsen95,True,APP-Planner (avo.local/Sample/Groups/APP-Planner),,,Permission unmanaged,None
Microsoft Active Directory,Kim Gerritsen (500325),Kim Gerritsen,kim.gerritsen95,True,APP-Teams (avo.local/Sample/Groups/APP-Teams),,,Permission unmanaged,None
Microsoft Active Directory,Kim Gerritsen (500325),Kim Gerritsen,kim.gerritsen95,True,WIFI-Personeel (avo.local/Sample/Groups/WIFI-Personeel),,,Permission unmanaged,None
Microsoft Active Directory,Kim Gerritsen (500325),Kim Gerritsen,kim.gerritsen95,True,SEC-DiskEncryption (avo.local/Sample/Groups/SEC-DiskEncryption),,,Permission unmanaged,None
Microsoft Active Directory,Kim Gerritsen (500325),Kim Gerritsen,kim.gerritsen95,True,SEC-MFA-Enrolled (avo.local/Sample/Groups/SEC-MFA-Enrolled),,,Permission unmanaged,None
Microsoft Active Directory,Kim Gerritsen (500325),Kim Gerritsen,kim.gerritsen95,True,SEC-Endpoint-Protection (avo.local/Sample/Groups/SEC-Endpoint-Protection),,,Permission unmanaged,None
Microsoft Active Directory,Kim Gerritsen (500325),Kim Gerritsen,kim.gerritsen95,True,APP-Project (avo.local/Sample/Groups/APP-Project),,,Permission unmanaged,None
Microsoft Active Directory,Kim Gerritsen (500325),Kim Gerritsen,kim.gerritsen95,True,APP-Visio (avo.local/Sample/Groups/APP-Visio),,,Permission unmanaged,None
Microsoft Active Directory,Kim Gerritsen (500325),Kim Gerritsen,kim.gerritsen95,True,LIC-M365-E3 (avo.local/Sample/Groups/LIC-M365-E3),,,Permission unmanaged,None
Microsoft Active Directory,Vera Slootweg (500326),Vera Slootweg,vera.slootweg96,True,ROLE-CA010-Thuiszorg (avo.local/Sample/Groups/ROLE-CA010-Thuiszorg),,,Permission unmanaged,None
Microsoft Active Directory,Vera Slootweg (500326),Vera Slootweg,vera.slootweg96,True,APP-CA010-Thuiszorg-Portal (avo.local/Sample/Groups/APP-CA010-Thuiszorg-Portal),,,Permission unmanaged,None
Microsoft Active Directory,Vera Slootweg (500326),Vera Slootweg,vera.slootweg96,True,FS-CA010-Thuiszorg-RW (avo.local/Sample/Groups/FS-CA010-Thuiszorg-RW),,,Permission unmanaged,None
Microsoft Active Directory,Vera Slootweg (500326),Vera Slootweg,vera.slootweg96,True,APP-Intranet (avo.local/Sample/Groups/APP-Intranet),,,Permission unmanaged,None
Microsoft Active Directory,Vera Slootweg (500326),Vera Slootweg,vera.slootweg96,True,APP-Planner (avo.local/Sample/Groups/APP-Planner),,,Permission unmanaged,None
Microsoft Active Directory,Vera Slootweg (500326),Vera Slootweg,vera.slootweg96,True,APP-Selfservice (avo.local/Sample/Groups/APP-Selfservice),,,Permission unmanaged,None
Microsoft Active Directory,Vera Slootweg (500326),Vera Slootweg,vera.slootweg96,True,VPN-Thuiswerken (avo.local/Sample/Groups/VPN-Thuiswerken),,,Permission unmanaged,None
Microsoft Active Directory,Vera Slootweg (500326),Vera Slootweg,vera.slootweg96,True,SEC-Antivirus (avo.local/Sample/Groups/SEC-Antivirus),,,Permission unmanaged,None
Microsoft Active Directory,Vera Slootweg (500326),Vera Slootweg,vera.slootweg96,True,SEC-DiskEncryption (avo.local/Sample/Groups/SEC-DiskEncryption),,,Permission unmanaged,None
Microsoft Active Directory,Vera Slootweg (500326),Vera Slootweg,vera.slootweg96,True,SEC-MFA-Enrolled (avo.local/Sample/Groups/SEC-MFA-Enrolled),,,Permission unmanaged,None
Microsoft Active Directory,Vera Slootweg (500326),Vera Slootweg,vera.slootweg96,True,SEC-Endpoint-Protection (avo.local/Sample/Groups/SEC-Endpoint-Protection),,,Permission unmanaged,None
Microsoft Active Directory,Vera Slootweg (500326),Vera Slootweg,vera.slootweg96,True,APP-PowerBI-Pro (avo.local/Sample/Groups/APP-PowerBI-Pro),,,Permission unmanaged,None
Microsoft Active Directory,Vera Slootweg (500326),Vera Slootweg,vera.slootweg96,True,LIC-M365-E3 (avo.local/Sample/Groups/LIC-M365-E3),,,Permission unmanaged,None
Microsoft Active Directory,,Iris Zomerdijk,iris.zomerdijk0,True,,,,Account unmanaged,None
Microsoft Active Directory,,Iris Zomerdijk,iris.zomerdijk0,True,APP-FIN01-Financien-Portal (avo.local/Sample/Groups/APP-FIN01-Financien-Portal),,,Permission unmanaged,None
Microsoft Active Directory,,Iris Zomerdijk,iris.zomerdijk0,True,FS-FIN01-Financien-RW (avo.local/Sample/Groups/FS-FIN01-Financien-RW),,,Permission unmanaged,None
Microsoft Active Directory,,Iris Zomerdijk,iris.zomerdijk0,True,APP-Teams (avo.local/Sample/Groups/APP-Teams),,,Permission unmanaged,None
Microsoft Active Directory,,Iris Zomerdijk,iris.zomerdijk0,True,APP-Selfservice (avo.local/Sample/Groups/APP-Selfservice),,,Permission unmanaged,None
Microsoft Active Directory,,Iris Zomerdijk,iris.zomerdijk0,True,SEC-Antivirus (avo.local/Sample/Groups/SEC-Antivirus),,,Permission unmanaged,None
Microsoft Active Directory,,Iris Zomerdijk,iris.zomerdijk0,True,SEC-DiskEncryption (avo.local/Sample/Groups/SEC-DiskEncryption),,,Permission unmanaged,None
Microsoft Active Directory,,Iris Zomerdijk,iris.zomerdijk0,True,SEC-Endpoint-Protection (avo.local/Sample/Groups/SEC-Endpoint-Protection),,,Permission unmanaged,None
Microsoft Active Directory,,Iris Zomerdijk,iris.zomerdijk0,True,LIC-M365-E5 (avo.local/Sample/Groups/LIC-M365-E5),,,Permission unmanaged,None
Microsoft Active Directory,,Iris Zomerdijk,iris.zomerdijk0,True,LIC-M365-E3 (avo.local/Sample/Groups/LIC-M365-E3),,,Permission unmanaged,None
Microsoft Active Directory,Gijs Kalisvaart (500328),Gijs Kalisvaart,gijs.kalisvaart1,True,FS-FAC04-Facilitair-RW (avo.local/Sample/Groups/FS-FAC04-Facilitair-RW),,,Permission unmanaged,None
Microsoft Active Directory,Gijs Kalisvaart (500328),Gijs Kalisvaart,gijs.kalisvaart1,True,MBX-FAC04-Facilitair (avo.local/Sample/Groups/MBX-FAC04-Facilitair),,,Permission unmanaged,None
Microsoft Active Directory,Gijs Kalisvaart (500328),Gijs Kalisvaart,gijs.kalisvaart1,True,FS-FAC04-Facilitair-RO (avo.local/Sample/Groups/FS-FAC04-Facilitair-RO),,,Permission unmanaged,None
Microsoft Active Directory,Gijs Kalisvaart (500328),Gijs Kalisvaart,gijs.kalisvaart1,True,APP-FAC04-Facilitair-Portal (avo.local/Sample/Groups/APP-FAC04-Facilitair-Portal),,,Permission unmanaged,None
Microsoft Active Directory,Gijs Kalisvaart (500328),Gijs Kalisvaart,gijs.kalisvaart1,True,APP-Office365 (avo.local/Sample/Groups/APP-Office365),,,Permission unmanaged,None
Microsoft Active Directory,Gijs Kalisvaart (500328),Gijs Kalisvaart,gijs.kalisvaart1,True,APP-Teams (avo.local/Sample/Groups/APP-Teams),,,Permission unmanaged,None
Microsoft Active Directory,Gijs Kalisvaart (500328),Gijs Kalisvaart,gijs.kalisvaart1,True,APP-Planner (avo.local/Sample/Groups/APP-Planner),,,Permission unmanaged,None
Microsoft Active Directory,Gijs Kalisvaart (500328),Gijs Kalisvaart,gijs.kalisvaart1,True,PRINT-Default (avo.local/Sample/Groups/PRINT-Default),,,Permission unmanaged,None
Microsoft Active Directory,Gijs Kalisvaart (500328),Gijs Kalisvaart,gijs.kalisvaart1,True,VPN-Thuiswerken (avo.local/Sample/Groups/VPN-Thuiswerken),,,Permission unmanaged,None
Microsoft Active Directory,Gijs Kalisvaart (500328),Gijs Kalisvaart,gijs.kalisvaart1,True,SEC-Antivirus (avo.local/Sample/Groups/SEC-Antivirus),,,Permission unmanaged,None
Microsoft Active Directory,Gijs Kalisvaart (500328),Gijs Kalisvaart,gijs.kalisvaart1,True,SEC-DiskEncryption (avo.local/Sample/Groups/SEC-DiskEncryption),,,Permission unmanaged,None
Microsoft Active Directory,Gijs Kalisvaart (500328),Gijs Kalisvaart,gijs.kalisvaart1,True,SEC-MFA-Enrolled (avo.local/Sample/Groups/SEC-MFA-Enrolled),,,Permission unmanaged,None
Microsoft Active Directory,Gijs Kalisvaart (500328),Gijs Kalisvaart,gijs.kalisvaart1,True,SEC-Endpoint-Protection (avo.local/Sample/Groups/SEC-Endpoint-Protection),,,Permission unmanaged,None
Microsoft Active Directory,Gijs Kalisvaart (500328),Gijs Kalisvaart,gijs.kalisvaart1,True,LIC-M365-E3 (avo.local/Sample/Groups/LIC-M365-E3),,,Permission unmanaged,None
Microsoft Active Directory,Cato Zomerdijk (500329),Cato Zomerdijk,cato.zomerdijk2,False,FS-FIN01-Financien-RO (avo.local/Sample/Groups/FS-FIN01-Financien-RO),,,Permission unmanaged,None
Microsoft Active Directory,Cato Zomerdijk (500329),Cato Zomerdijk,cato.zomerdijk2,False,MBX-FIN01-Financien (avo.local/Sample/Groups/MBX-FIN01-Financien),,,Permission unmanaged,None
Microsoft Active Directory,Cato Zomerdijk (500329),Cato Zomerdijk,cato.zomerdijk2,False,FS-FIN01-Financien-RW (avo.local/Sample/Groups/FS-FIN01-Financien-RW),,,Permission unmanaged,None
Microsoft Active Directory,Cato Zomerdijk (500329),Cato Zomerdijk,cato.zomerdijk2,False,TEAM-FIN01-Financien (avo.local/Sample/Groups/TEAM-FIN01-Financien),,,Permission unmanaged,None
Microsoft Active Directory,Cato Zomerdijk (500329),Cato Zomerdijk,cato.zomerdijk2,False,APP-Intranet (avo.local/Sample/Groups/APP-Intranet),,,Permission unmanaged,None
Microsoft Active Directory,Cato Zomerdijk (500329),Cato Zomerdijk,cato.zomerdijk2,False,APP-Planner (avo.local/Sample/Groups/APP-Planner),,,Permission unmanaged,None
Microsoft Active Directory,Cato Zomerdijk (500329),Cato Zomerdijk,cato.zomerdijk2,False,APP-Selfservice (avo.local/Sample/Groups/APP-Selfservice),,,Permission unmanaged,None
Microsoft Active Directory,Cato Zomerdijk (500329),Cato Zomerdijk,cato.zomerdijk2,False,VPN-Thuiswerken (avo.local/Sample/Groups/VPN-Thuiswerken),,,Permission unmanaged,None
Microsoft Active Directory,Cato Zomerdijk (500329),Cato Zomerdijk,cato.zomerdijk2,False,PRINT-Default (avo.local/Sample/Groups/PRINT-Default),,,Permission unmanaged,None
Microsoft Active Directory,Cato Zomerdijk (500329),Cato Zomerdijk,cato.zomerdijk2,False,SEC-DiskEncryption (avo.local/Sample/Groups/SEC-DiskEncryption),,,Permission unmanaged,None
Microsoft Active Directory,Cato Zomerdijk (500329),Cato Zomerdijk,cato.zomerdijk2,False,SEC-MFA-Enrolled (avo.local/Sample/Groups/SEC-MFA-Enrolled),,,Permission unmanaged,None
Microsoft Active Directory,Cato Zomerdijk (500329),Cato Zomerdijk,cato.zomerdijk2,False,APP-Copilot (avo.local/Sample/Groups/APP-Copilot),,,Permission unmanaged,None
Microsoft Active Directory,Cato Zomerdijk (500329),Cato Zomerdijk,cato.zomerdijk2,False,LIC-M365-E1 (avo.local/Sample/Groups/LIC-M365-E1),,,Permission unmanaged,None
Microsoft Active Directory,Jasper Uijlenbroek (500330),Jasper Uijlenbroek,jasper.uijlenbroek3,True,MBX-CZ08-Begeleiding (avo.local/Sample/Groups/MBX-CZ08-Begeleiding),,,Permission unmanaged,None
Microsoft Active Directory,Jasper Uijlenbroek (500330),Jasper Uijlenbroek,jasper.uijlenbroek3,True,ROLE-CZ08-Begeleiding (avo.local/Sample/Groups/ROLE-CZ08-Begeleiding),,,Permission unmanaged,None
Microsoft Active Directory,Jasper Uijlenbroek (500330),Jasper Uijlenbroek,jasper.uijlenbroek3,True,FS-CZ08-Begeleiding-RW (avo.local/Sample/Groups/FS-CZ08-Begeleiding-RW),,,Permission unmanaged,None
Microsoft Active Directory,Jasper Uijlenbroek (500330),Jasper Uijlenbroek,jasper.uijlenbroek3,True,TEAM-CZ08-Begeleiding (avo.local/Sample/Groups/TEAM-CZ08-Begeleiding),,,Permission unmanaged,None
Microsoft Active Directory,Jasper Uijlenbroek (500330),Jasper Uijlenbroek,jasper.uijlenbroek3,True,APP-CZ08-Begeleiding-Portal (avo.local/Sample/Groups/APP-CZ08-Begeleiding-Portal),,,Permission unmanaged,None
Microsoft Active Directory,Jasper Uijlenbroek (500330),Jasper Uijlenbroek,jasper.uijlenbroek3,True,FS-CZ08-Begeleiding-RO (avo.local/Sample/Groups/FS-CZ08-Begeleiding-RO),,,Permission unmanaged,None
Microsoft Active Directory,Jasper Uijlenbroek (500330),Jasper Uijlenbroek,jasper.uijlenbroek3,True,APP-Selfservice (avo.local/Sample/Groups/APP-Selfservice),,,Permission unmanaged,None
Microsoft Active Directory,Jasper Uijlenbroek (500330),Jasper Uijlenbroek,jasper.uijlenbroek3,True,SEC-Antivirus (avo.local/Sample/Groups/SEC-Antivirus),,,Permission unmanaged,None
Microsoft Active Directory,Jasper Uijlenbroek (500330),Jasper Uijlenbroek,jasper.uijlenbroek3,True,SEC-DiskEncryption (avo.local/Sample/Groups/SEC-DiskEncryption),,,Permission unmanaged,None
Microsoft Active Directory,Jasper Uijlenbroek (500330),Jasper Uijlenbroek,jasper.uijlenbroek3,True,SEC-MFA-Enrolled (avo.local/Sample/Groups/SEC-MFA-Enrolled),,,Permission unmanaged,None
Microsoft Active Directory,Jasper Uijlenbroek (500330),Jasper Uijlenbroek,jasper.uijlenbroek3,True,SEC-Endpoint-Protection (avo.local/Sample/Groups/SEC-Endpoint-Protection),,,Permission unmanaged,None
Microsoft Active Directory,Jasper Uijlenbroek (500330),Jasper Uijlenbroek,jasper.uijlenbroek3,True,APP-Copilot (avo.local/Sample/Groups/APP-Copilot),,,Permission unmanaged,None
Microsoft Active Directory,Jasper Uijlenbroek (500330),Jasper Uijlenbroek,jasper.uijlenbroek3,True,APP-Adobe-AcrobatPro (avo.local/Sample/Groups/APP-Adobe-AcrobatPro),,,Permission unmanaged,None
Microsoft Active Directory,Jasper Uijlenbroek (500330),Jasper Uijlenbroek,jasper.uijlenbroek3,True,LIC-M365-E3 (avo.local/Sample/Groups/LIC-M365-E3),,,Permission unmanaged,None
Microsoft Active Directory,Jasper Uijlenbroek (500330),Jasper Uijlenbroek,jasper.uijlenbroek3,True,LIC-M365-E1 (avo.local/Sample/Groups/LIC-M365-E1),,,Permission unmanaged,None
Microsoft Active Directory,Anne Quaedvlieg (500331),Anne Quaedvlieg,anne.quaedvlieg4,True,FS-CZ08-Begeleiding-RW (avo.local/Sample/Groups/FS-CZ08-Begeleiding-RW),,,Permission unmanaged,None
Microsoft Active Directory,Anne Quaedvlieg (500331),Anne Quaedvlieg,anne.quaedvlieg4,True,TEAM-CZ08-Begeleiding (avo.local/Sample/Groups/TEAM-CZ08-Begeleiding),,,Permission unmanaged,None
Microsoft Active Directory,Anne Quaedvlieg (500331),Anne Quaedvlieg,anne.quaedvlieg4,True,ROLE-CZ08-Begeleiding (avo.local/Sample/Groups/ROLE-CZ08-Begeleiding),,,Permission unmanaged,None
Microsoft Active Directory,Anne Quaedvlieg (500331),Anne Quaedvlieg,anne.quaedvlieg4,True,MBX-CZ08-Begeleiding (avo.local/Sample/Groups/MBX-CZ08-Begeleiding),,,Permission unmanaged,None
Microsoft Active Directory,Anne Quaedvlieg (500331),Anne Quaedvlieg,anne.quaedvlieg4,True,FS-CZ08-Begeleiding-RO (avo.local/Sample/Groups/FS-CZ08-Begeleiding-RO),,,Permission unmanaged,None
Microsoft Active Directory,Anne Quaedvlieg (500331),Anne Quaedvlieg,anne.quaedvlieg4,True,APP-Planner (avo.local/Sample/Groups/APP-Planner),,,Permission unmanaged,None
Microsoft Active Directory,Anne Quaedvlieg (500331),Anne Quaedvlieg,anne.quaedvlieg4,True,APP-Selfservice (avo.local/Sample/Groups/APP-Selfservice),,,Permission unmanaged,None
Microsoft Active Directory,Anne Quaedvlieg (500331),Anne Quaedvlieg,anne.quaedvlieg4,True,APP-Intranet (avo.local/Sample/Groups/APP-Intranet),,,Permission unmanaged,None
Microsoft Active Directory,Anne Quaedvlieg (500331),Anne Quaedvlieg,anne.quaedvlieg4,True,WIFI-Personeel (avo.local/Sample/Groups/WIFI-Personeel),,,Permission unmanaged,None
Microsoft Active Directory,Anne Quaedvlieg (500331),Anne Quaedvlieg,anne.quaedvlieg4,True,VPN-Thuiswerken (avo.local/Sample/Groups/VPN-Thuiswerken),,,Permission unmanaged,None
Microsoft Active Directory,Anne Quaedvlieg (500331),Anne Quaedvlieg,anne.quaedvlieg4,True,SEC-Antivirus (avo.local/Sample/Groups/SEC-Antivirus),,,Permission unmanaged,None
Microsoft Active Directory,Anne Quaedvlieg (500331),Anne Quaedvlieg,anne.quaedvlieg4,True,SEC-DiskEncryption (avo.local/Sample/Groups/SEC-DiskEncryption),,,Permission unmanaged,None
Microsoft Active Directory,Anne Quaedvlieg (500331),Anne Quaedvlieg,anne.quaedvlieg4,True,SEC-MFA-Enrolled (avo.local/Sample/Groups/SEC-MFA-Enrolled),,,Permission unmanaged,None
Microsoft Active Directory,Anne Quaedvlieg (500331),Anne Quaedvlieg,anne.quaedvlieg4,True,SEC-Endpoint-Protection (avo.local/Sample/Groups/SEC-Endpoint-Protection),,,Permission unmanaged,None
Microsoft Active Directory,Anne Quaedvlieg (500331),Anne Quaedvlieg,anne.quaedvlieg4,True,APP-Adobe-AcrobatPro (avo.local/Sample/Groups/APP-Adobe-AcrobatPro),,,Permission unmanaged,None
Microsoft Active Directory,Anne Quaedvlieg (500331),Anne Quaedvlieg,anne.quaedvlieg4,True,LIC-M365-E5 (avo.local/Sample/Groups/LIC-M365-E5),,,Permission unmanaged,None
Microsoft Active Directory,,Yara Fokkema,yara.fokkema5,True,,,,Account unmanaged,None
Microsoft Active Directory,,Yara Fokkema,yara.fokkema5,True,ROLE-HRM02-Personeel (avo.local/Sample/Groups/ROLE-HRM02-Personeel),,,Permission unmanaged,None
Microsoft Active Directory,,Yara Fokkema,yara.fokkema5,True,FS-HRM02-Personeel-RW (avo.local/Sample/Groups/FS-HRM02-Personeel-RW),,,Permission unmanaged,None
Microsoft Active Directory,,Yara Fokkema,yara.fokkema5,True,MBX-HRM02-Personeel (avo.local/Sample/Groups/MBX-HRM02-Personeel),,,Permission unmanaged,None
Microsoft Active Directory,,Yara Fokkema,yara.fokkema5,True,FS-HRM02-Personeel-RO (avo.local/Sample/Groups/FS-HRM02-Personeel-RO),,,Permission unmanaged,None
Microsoft Active Directory,,Yara Fokkema,yara.fokkema5,True,TEAM-HRM02-Personeel (avo.local/Sample/Groups/TEAM-HRM02-Personeel),,,Permission unmanaged,None
Microsoft Active Directory,,Yara Fokkema,yara.fokkema5,True,APP-Selfservice (avo.local/Sample/Groups/APP-Selfservice),,,Permission unmanaged,None
Microsoft Active Directory,,Yara Fokkema,yara.fokkema5,True,SEC-Antivirus (avo.local/Sample/Groups/SEC-Antivirus),,,Permission unmanaged,None
Microsoft Active Directory,,Yara Fokkema,yara.fokkema5,True,SEC-DiskEncryption (avo.local/Sample/Groups/SEC-DiskEncryption),,,Permission unmanaged,None
Microsoft Active Directory,,Yara Fokkema,yara.fokkema5,True,SEC-MFA-Enrolled (avo.local/Sample/Groups/SEC-MFA-Enrolled),,,Permission unmanaged,None
Microsoft Active Directory,,Yara Fokkema,yara.fokkema5,True,SEC-Endpoint-Protection (avo.local/Sample/Groups/SEC-Endpoint-Protection),,,Permission unmanaged,None
Microsoft Active Directory,,Yara Fokkema,yara.fokkema5,True,APP-Visio (avo.local/Sample/Groups/APP-Visio),,,Permission unmanaged,None
Microsoft Active Directory,,Yara Fokkema,yara.fokkema5,True,LIC-M365-E3 (avo.local/Sample/Groups/LIC-M365-E3),,,Permission unmanaged,None
Microsoft Active Directory,Roos Vroegindeweij (500333),Roos Vroegindeweij,roos.vroegindeweij6,True,ROLE-FAC04-Facilitair (avo.local/Sample/Groups/ROLE-FAC04-Facilitair),,,Permission unmanaged,None
Microsoft Active Directory,Roos Vroegindeweij (500333),Roos Vroegindeweij,roos.vroegindeweij6,True,FS-FAC04-Facilitair-RW (avo.local/Sample/Groups/FS-FAC04-Facilitair-RW),,,Permission unmanaged,None
Microsoft Active Directory,Roos Vroegindeweij (500333),Roos Vroegindeweij,roos.vroegindeweij6,True,MBX-FAC04-Facilitair (avo.local/Sample/Groups/MBX-FAC04-Facilitair),,,Permission unmanaged,None
Microsoft Active Directory,Roos Vroegindeweij (500333),Roos Vroegindeweij,roos.vroegindeweij6,True,APP-FAC04-Facilitair-Portal (avo.local/Sample/Groups/APP-FAC04-Facilitair-Portal),,,Permission unmanaged,None
Microsoft Active Directory,Roos Vroegindeweij (500333),Roos Vroegindeweij,roos.vroegindeweij6,True,TEAM-FAC04-Facilitair (avo.local/Sample/Groups/TEAM-FAC04-Facilitair),,,Permission unmanaged,None
Microsoft Active Directory,Roos Vroegindeweij (500333),Roos Vroegindeweij,roos.vroegindeweij6,True,APP-Office365 (avo.local/Sample/Groups/APP-Office365),,,Permission unmanaged,None
Microsoft Active Directory,Roos Vroegindeweij (500333),Roos Vroegindeweij,roos.vroegindeweij6,True,WIFI-Personeel (avo.local/Sample/Groups/WIFI-Personeel),,,Permission unmanaged,None
Microsoft Active Directory,Roos Vroegindeweij (500333),Roos Vroegindeweij,roos.vroegindeweij6,True,SEC-Antivirus (avo.local/Sample/Groups/SEC-Antivirus),,,Permission unmanaged,None
Microsoft Active Directory,Roos Vroegindeweij (500333),Roos Vroegindeweij,roos.vroegindeweij6,True,SEC-DiskEncryption (avo.local/Sample/Groups/SEC-DiskEncryption),,,Permission unmanaged,None
Microsoft Active Directory,Roos Vroegindeweij (500333),Roos Vroegindeweij,roos.vroegindeweij6,True,SEC-MFA-Enrolled (avo.local/Sample/Groups/SEC-MFA-Enrolled),,,Permission unmanaged,None
Microsoft Active Directory,Roos Vroegindeweij (500333),Roos Vroegindeweij,roos.vroegindeweij6,True,LIC-M365-E3 (avo.local/Sample/Groups/LIC-M365-E3),,,Permission unmanaged,None
Microsoft Active Directory,Roos Vroegindeweij (500333),Roos Vroegindeweij,roos.vroegindeweij6,True,APP-Teams (avo.local/Sample/Groups/APP-Teams),,,Permission missing,None
Microsoft Active Directory,Olivier Nagtegaal (500334),Olivier Nagtegaal,olivier.nagtegaal7,True,FS-CZ08-Begeleiding-RO (avo.local/Sample/Groups/FS-CZ08-Begeleiding-RO),,,Permission unmanaged,None
Microsoft Active Directory,Olivier Nagtegaal (500334),Olivier Nagtegaal,olivier.nagtegaal7,True,TEAM-CZ08-Begeleiding (avo.local/Sample/Groups/TEAM-CZ08-Begeleiding),,,Permission unmanaged,None
Microsoft Active Directory,Olivier Nagtegaal (500334),Olivier Nagtegaal,olivier.nagtegaal7,True,MBX-CZ08-Begeleiding (avo.local/Sample/Groups/MBX-CZ08-Begeleiding),,,Permission unmanaged,None
Microsoft Active Directory,Olivier Nagtegaal (500334),Olivier Nagtegaal,olivier.nagtegaal7,True,APP-Selfservice (avo.local/Sample/Groups/APP-Selfservice),,,Permission unmanaged,None
Microsoft Active Directory,Olivier Nagtegaal (500334),Olivier Nagtegaal,olivier.nagtegaal7,True,SEC-Antivirus (avo.local/Sample/Groups/SEC-Antivirus),,,Permission unmanaged,None
Microsoft Active Directory,Olivier Nagtegaal (500334),Olivier Nagtegaal,olivier.nagtegaal7,True,SEC-DiskEncryption (avo.local/Sample/Groups/SEC-DiskEncryption),,,Permission unmanaged,None
Microsoft Active Directory,Olivier Nagtegaal (500334),Olivier Nagtegaal,olivier.nagtegaal7,True,SEC-MFA-Enrolled (avo.local/Sample/Groups/SEC-MFA-Enrolled),,,Permission unmanaged,None
Microsoft Active Directory,Olivier Nagtegaal (500334),Olivier Nagtegaal,olivier.nagtegaal7,True,SEC-Endpoint-Protection (avo.local/Sample/Groups/SEC-Endpoint-Protection),,,Permission unmanaged,None
Microsoft Active Directory,Olivier Nagtegaal (500334),Olivier Nagtegaal,olivier.nagtegaal7,True,LIC-M365-E1 (avo.local/Sample/Groups/LIC-M365-E1),,,Permission unmanaged,None
Microsoft Active Directory,Olivier Nagtegaal (500334),Olivier Nagtegaal,olivier.nagtegaal7,True,ROLE-FIN01-Financien (avo.local/Sample/Groups/ROLE-FIN01-Financien),,,Permission unmanaged,None
Microsoft Active Directory,Olivier Nagtegaal (500334),Olivier Nagtegaal,olivier.nagtegaal7,True,TEAM-FIN01-Financien (avo.local/Sample/Groups/TEAM-FIN01-Financien),,,Permission unmanaged,None
Microsoft Active Directory,Olivier Nagtegaal (500334),Olivier Nagtegaal,olivier.nagtegaal7,True,MBX-FIN01-Financien (avo.local/Sample/Groups/MBX-FIN01-Financien),,,Permission unmanaged,None
Microsoft Active Directory,Olivier Nagtegaal (500334),Olivier Nagtegaal,olivier.nagtegaal7,True,TEAM-CB12-Dagbesteding (avo.local/Sample/Groups/TEAM-CB12-Dagbesteding),,,Permission unmanaged,None
Microsoft Active Directory,Olivier Nagtegaal (500334),Olivier Nagtegaal,olivier.nagtegaal7,True,MBX-CB12-Dagbesteding (avo.local/Sample/Groups/MBX-CB12-Dagbesteding),,,Permission unmanaged,None
Microsoft Active Directory,Olivier Nagtegaal (500334),Olivier Nagtegaal,olivier.nagtegaal7,True,ROLE-CB12-Dagbesteding (avo.local/Sample/Groups/ROLE-CB12-Dagbesteding),,,Permission unmanaged,None
Microsoft Active Directory,Olivier Nagtegaal (500334),Olivier Nagtegaal,olivier.nagtegaal7,True,TEAM-HRM02-Personeel (avo.local/Sample/Groups/TEAM-HRM02-Personeel),,,Permission unmanaged,None
Microsoft Active Directory,Olivier Nagtegaal (500334),Olivier Nagtegaal,olivier.nagtegaal7,True,MBX-HRM02-Personeel (avo.local/Sample/Groups/MBX-HRM02-Personeel),,,Permission unmanaged,None
Microsoft Active Directory,Olivier Nagtegaal (500334),Olivier Nagtegaal,olivier.nagtegaal7,True,FS-HRM02-Personeel-RW (avo.local/Sample/Groups/FS-HRM02-Personeel-RW),,,Permission unmanaged,None
Microsoft Active Directory,Cato Oosterhuis (500335),Cato Oosterhuis,cato.oosterhuis8,True,FS-HRM02-Personeel-RW (avo.local/Sample/Groups/FS-HRM02-Personeel-RW),,,Permission unmanaged,None
Microsoft Active Directory,Cato Oosterhuis (500335),Cato Oosterhuis,cato.oosterhuis8,True,FS-HRM02-Personeel-RO (avo.local/Sample/Groups/FS-HRM02-Personeel-RO),,,Permission unmanaged,None
Microsoft Active Directory,Cato Oosterhuis (500335),Cato Oosterhuis,cato.oosterhuis8,True,APP-Intranet (avo.local/Sample/Groups/APP-Intranet),,,Permission unmanaged,None
Microsoft Active Directory,Cato Oosterhuis (500335),Cato Oosterhuis,cato.oosterhuis8,True,APP-Office365 (avo.local/Sample/Groups/APP-Office365),,,Permission unmanaged,None
Microsoft Active Directory,Cato Oosterhuis (500335),Cato Oosterhuis,cato.oosterhuis8,True,SEC-Antivirus (avo.local/Sample/Groups/SEC-Antivirus),,,Permission unmanaged,None
Microsoft Active Directory,Cato Oosterhuis (500335),Cato Oosterhuis,cato.oosterhuis8,True,SEC-DiskEncryption (avo.local/Sample/Groups/SEC-DiskEncryption),,,Permission unmanaged,None
Microsoft Active Directory,Cato Oosterhuis (500335),Cato Oosterhuis,cato.oosterhuis8,True,SEC-MFA-Enrolled (avo.local/Sample/Groups/SEC-MFA-Enrolled),,,Permission unmanaged,None
Microsoft Active Directory,Cato Oosterhuis (500335),Cato Oosterhuis,cato.oosterhuis8,True,SEC-Endpoint-Protection (avo.local/Sample/Groups/SEC-Endpoint-Protection),,,Permission unmanaged,None
Microsoft Active Directory,Cato Oosterhuis (500335),Cato Oosterhuis,cato.oosterhuis8,True,APP-PowerBI-Pro (avo.local/Sample/Groups/APP-PowerBI-Pro),,,Permission unmanaged,None
Microsoft Active Directory,Cato Oosterhuis (500335),Cato Oosterhuis,cato.oosterhuis8,True,APP-Adobe-AcrobatPro (avo.local/Sample/Groups/APP-Adobe-AcrobatPro),,,Permission unmanaged,None
Microsoft Active Directory,Cato Oosterhuis (500335),Cato Oosterhuis,cato.oosterhuis8,True,LIC-M365-F3 (avo.local/Sample/Groups/LIC-M365-F3),,,Permission unmanaged,None
Microsoft Active Directory,Anne Dijkgraaf (500336),Anne Dijkgraaf,anne.dijkgraaf9,False,FS-ZRG06-Wijkzorg-RW (avo.local/Sample/Groups/FS-ZRG06-Wijkzorg-RW),,,Permission unmanaged,None
Microsoft Active Directory,Anne Dijkgraaf (500336),Anne Dijkgraaf,anne.dijkgraaf9,False,TEAM-ZRG06-Wijkzorg (avo.local/Sample/Groups/TEAM-ZRG06-Wijkzorg),,,Permission unmanaged,None
Microsoft Active Directory,Anne Dijkgraaf (500336),Anne Dijkgraaf,anne.dijkgraaf9,False,APP-ZRG06-Wijkzorg-Portal (avo.local/Sample/Groups/APP-ZRG06-Wijkzorg-Portal),,,Permission unmanaged,None
Microsoft Active Directory,Anne Dijkgraaf (500336),Anne Dijkgraaf,anne.dijkgraaf9,False,MBX-ZRG06-Wijkzorg (avo.local/Sample/Groups/MBX-ZRG06-Wijkzorg),,,Permission unmanaged,None
Microsoft Active Directory,Anne Dijkgraaf (500336),Anne Dijkgraaf,anne.dijkgraaf9,False,APP-Office365 (avo.local/Sample/Groups/APP-Office365),,,Permission unmanaged,None
Microsoft Active Directory,Anne Dijkgraaf (500336),Anne Dijkgraaf,anne.dijkgraaf9,False,APP-Selfservice (avo.local/Sample/Groups/APP-Selfservice),,,Permission unmanaged,None
Microsoft Active Directory,Anne Dijkgraaf (500336),Anne Dijkgraaf,anne.dijkgraaf9,False,APP-Intranet (avo.local/Sample/Groups/APP-Intranet),,,Permission unmanaged,None
Microsoft Active Directory,Anne Dijkgraaf (500336),Anne Dijkgraaf,anne.dijkgraaf9,False,PRINT-Default (avo.local/Sample/Groups/PRINT-Default),,,Permission unmanaged,None
Microsoft Active Directory,Anne Dijkgraaf (500336),Anne Dijkgraaf,anne.dijkgraaf9,False,SEC-Antivirus (avo.local/Sample/Groups/SEC-Antivirus),,,Permission unmanaged,None
Microsoft Active Directory,Anne Dijkgraaf (500336),Anne Dijkgraaf,anne.dijkgraaf9,False,SEC-DiskEncryption (avo.local/Sample/Groups/SEC-DiskEncryption),,,Permission unmanaged,None
Microsoft Active Directory,Anne Dijkgraaf (500336),Anne Dijkgraaf,anne.dijkgraaf9,False,SEC-MFA-Enrolled (avo.local/Sample/Groups/SEC-MFA-Enrolled),,,Permission unmanaged,None
Microsoft Active Directory,Anne Dijkgraaf (500336),Anne Dijkgraaf,anne.dijkgraaf9,False,SEC-Endpoint-Protection (avo.local/Sample/Groups/SEC-Endpoint-Protection),,,Permission unmanaged,None
Microsoft Active Directory,Anne Dijkgraaf (500336),Anne Dijkgraaf,anne.dijkgraaf9,False,APP-Adobe-AcrobatPro (avo.local/Sample/Groups/APP-Adobe-AcrobatPro),,,Permission unmanaged,None
Microsoft Active Directory,Anne Dijkgraaf (500336),Anne Dijkgraaf,anne.dijkgraaf9,False,LIC-M365-E1 (avo.local/Sample/Groups/LIC-M365-E1),,,Permission unmanaged,None
Microsoft Active Directory,Noa Pronk (500337),Noa Pronk,noa.pronk10,True,MBX-HRM02-Personeel (avo.local/Sample/Groups/MBX-HRM02-Personeel),,,Permission unmanaged,None
Microsoft Active Directory,Noa Pronk (500337),Noa Pronk,noa.pronk10,True,FS-HRM02-Personeel-RW (avo.local/Sample/Groups/FS-HRM02-Personeel-RW),,,Permission unmanaged,None
Microsoft Active Directory,Noa Pronk (500337),Noa Pronk,noa.pronk10,True,TEAM-HRM02-Personeel (avo.local/Sample/Groups/TEAM-HRM02-Personeel),,,Permission unmanaged,None
Microsoft Active Directory,Noa Pronk (500337),Noa Pronk,noa.pronk10,True,APP-Teams (avo.local/Sample/Groups/APP-Teams),,,Permission unmanaged,None
Microsoft Active Directory,Noa Pronk (500337),Noa Pronk,noa.pronk10,True,WIFI-Personeel (avo.local/Sample/Groups/WIFI-Personeel),,,Permission unmanaged,None
Microsoft Active Directory,Noa Pronk (500337),Noa Pronk,noa.pronk10,True,PRINT-Default (avo.local/Sample/Groups/PRINT-Default),,,Permission unmanaged,None
Microsoft Active Directory,Noa Pronk (500337),Noa Pronk,noa.pronk10,True,SEC-DiskEncryption (avo.local/Sample/Groups/SEC-DiskEncryption),,,Permission unmanaged,None
Microsoft Active Directory,Noa Pronk (500337),Noa Pronk,noa.pronk10,True,SEC-MFA-Enrolled (avo.local/Sample/Groups/SEC-MFA-Enrolled),,,Permission unmanaged,None
Microsoft Active Directory,Noa Pronk (500337),Noa Pronk,noa.pronk10,True,LIC-M365-E3 (avo.local/Sample/Groups/LIC-M365-E3),,,Permission unmanaged,None
Microsoft Active Directory,Pien Jonker (500338),Pien Jonker,pien.jonker11,True,FS-ZRG06-Wijkzorg-RW (avo.local/Sample/Groups/FS-ZRG06-Wijkzorg-RW),,,Permission unmanaged,None
Microsoft Active Directory,Pien Jonker (500338),Pien Jonker,pien.jonker11,True,FS-ZRG06-Wijkzorg-RO (avo.local/Sample/Groups/FS-ZRG06-Wijkzorg-RO),,,Permission unmanaged,None
Microsoft Active Directory,Pien Jonker (500338),Pien Jonker,pien.jonker11,True,APP-Office365 (avo.local/Sample/Groups/APP-Office365),,,Permission unmanaged,None
Microsoft Active Directory,Pien Jonker (500338),Pien Jonker,pien.jonker11,True,APP-Intranet (avo.local/Sample/Groups/APP-Intranet),,,Permission unmanaged,None
Microsoft Active Directory,Pien Jonker (500338),Pien Jonker,pien.jonker11,True,APP-Planner (avo.local/Sample/Groups/APP-Planner),,,Permission unmanaged,None
Microsoft Active Directory,Pien Jonker (500338),Pien Jonker,pien.jonker11,True,SEC-Antivirus (avo.local/Sample/Groups/SEC-Antivirus),,,Permission unmanaged,None
Microsoft Active Directory,Pien Jonker (500338),Pien Jonker,pien.jonker11,True,SEC-DiskEncryption (avo.local/Sample/Groups/SEC-DiskEncryption),,,Permission unmanaged,None
Microsoft Active Directory,Pien Jonker (500338),Pien Jonker,pien.jonker11,True,SEC-MFA-Enrolled (avo.local/Sample/Groups/SEC-MFA-Enrolled),,,Permission unmanaged,None
Microsoft Active Directory,Pien Jonker (500338),Pien Jonker,pien.jonker11,True,SEC-Endpoint-Protection (avo.local/Sample/Groups/SEC-Endpoint-Protection),,,Permission unmanaged,None
Microsoft Active Directory,Pien Jonker (500338),Pien Jonker,pien.jonker11,True,LIC-M365-E3 (avo.local/Sample/Groups/LIC-M365-E3),,,Permission unmanaged,None
Microsoft Active Directory,Hanna Zomerdijk (500339),Hanna Zomerdijk,hanna.zomerdijk12,True,FS-INK08-Inkoop-RO (avo.local/Sample/Groups/FS-INK08-Inkoop-RO),,,Permission unmanaged,None
Microsoft Active Directory,Hanna Zomerdijk (500339),Hanna Zomerdijk,hanna.zomerdijk12,True,ROLE-INK08-Inkoop (avo.local/Sample/Groups/ROLE-INK08-Inkoop),,,Permission unmanaged,None
Microsoft Active Directory,Hanna Zomerdijk (500339),Hanna Zomerdijk,hanna.zomerdijk12,True,TEAM-INK08-Inkoop (avo.local/Sample/Groups/TEAM-INK08-Inkoop),,,Permission unmanaged,None
Microsoft Active Directory,Hanna Zomerdijk (500339),Hanna Zomerdijk,hanna.zomerdijk12,True,MBX-INK08-Inkoop (avo.local/Sample/Groups/MBX-INK08-Inkoop),,,Permission unmanaged,None
Microsoft Active Directory,Hanna Zomerdijk (500339),Hanna Zomerdijk,hanna.zomerdijk12,True,APP-INK08-Inkoop-Portal (avo.local/Sample/Groups/APP-INK08-Inkoop-Portal),,,Permission unmanaged,None
Microsoft Active Directory,Hanna Zomerdijk (500339),Hanna Zomerdijk,hanna.zomerdijk12,True,FS-INK08-Inkoop-RW (avo.local/Sample/Groups/FS-INK08-Inkoop-RW),,,Permission unmanaged,None
Microsoft Active Directory,Hanna Zomerdijk (500339),Hanna Zomerdijk,hanna.zomerdijk12,True,APP-Selfservice (avo.local/Sample/Groups/APP-Selfservice),,,Permission unmanaged,None
Microsoft Active Directory,Hanna Zomerdijk (500339),Hanna Zomerdijk,hanna.zomerdijk12,True,APP-Office365 (avo.local/Sample/Groups/APP-Office365),,,Permission unmanaged,None
Microsoft Active Directory,Hanna Zomerdijk (500339),Hanna Zomerdijk,hanna.zomerdijk12,True,APP-Teams (avo.local/Sample/Groups/APP-Teams),,,Permission unmanaged,None
Microsoft Active Directory,Hanna Zomerdijk (500339),Hanna Zomerdijk,hanna.zomerdijk12,True,SEC-Antivirus (avo.local/Sample/Groups/SEC-Antivirus),,,Permission unmanaged,None
Microsoft Active Directory,Hanna Zomerdijk (500339),Hanna Zomerdijk,hanna.zomerdijk12,True,SEC-DiskEncryption (avo.local/Sample/Groups/SEC-DiskEncryption),,,Permission unmanaged,None
Microsoft Active Directory,Hanna Zomerdijk (500339),Hanna Zomerdijk,hanna.zomerdijk12,True,SEC-MFA-Enrolled (avo.local/Sample/Groups/SEC-MFA-Enrolled),,,Permission unmanaged,None
Microsoft Active Directory,Hanna Zomerdijk (500339),Hanna Zomerdijk,hanna.zomerdijk12,True,SEC-Endpoint-Protection (avo.local/Sample/Groups/SEC-Endpoint-Protection),,,Permission unmanaged,None
Microsoft Active Directory,Hanna Zomerdijk (500339),Hanna Zomerdijk,hanna.zomerdijk12,True,APP-Visio (avo.local/Sample/Groups/APP-Visio),,,Permission unmanaged,None
Microsoft Active Directory,Hanna Zomerdijk (500339),Hanna Zomerdijk,hanna.zomerdijk12,True,LIC-M365-E3 (avo.local/Sample/Groups/LIC-M365-E3),,,Permission unmanaged,None
Microsoft Active Directory,Mila Dijkgraaf (500340),Mila Dijkgraaf,mila.dijkgraaf13,True,MBX-CZ08-Begeleiding (avo.local/Sample/Groups/MBX-CZ08-Begeleiding),,,Permission unmanaged,None
Microsoft Active Directory,Mila Dijkgraaf (500340),Mila Dijkgraaf,mila.dijkgraaf13,True,ROLE-CZ08-Begeleiding (avo.local/Sample/Groups/ROLE-CZ08-Begeleiding),,,Permission unmanaged,None
Microsoft Active Directory,Mila Dijkgraaf (500340),Mila Dijkgraaf,mila.dijkgraaf13,True,FS-CZ08-Begeleiding-RO (avo.local/Sample/Groups/FS-CZ08-Begeleiding-RO),,,Permission unmanaged,None
Microsoft Active Directory,Mila Dijkgraaf (500340),Mila Dijkgraaf,mila.dijkgraaf13,True,APP-Selfservice (avo.local/Sample/Groups/APP-Selfservice),,,Permission unmanaged,None
Microsoft Active Directory,Mila Dijkgraaf (500340),Mila Dijkgraaf,mila.dijkgraaf13,True,APP-Planner (avo.local/Sample/Groups/APP-Planner),,,Permission unmanaged,None
Microsoft Active Directory,Mila Dijkgraaf (500340),Mila Dijkgraaf,mila.dijkgraaf13,True,PRINT-Default (avo.local/Sample/Groups/PRINT-Default),,,Permission unmanaged,None
Microsoft Active Directory,Mila Dijkgraaf (500340),Mila Dijkgraaf,mila.dijkgraaf13,True,SEC-Antivirus (avo.local/Sample/Groups/SEC-Antivirus),,,Permission unmanaged,None
Microsoft Active Directory,Mila Dijkgraaf (500340),Mila Dijkgraaf,mila.dijkgraaf13,True,SEC-DiskEncryption (avo.local/Sample/Groups/SEC-DiskEncryption),,,Permission unmanaged,None
Microsoft Active Directory,Mila Dijkgraaf (500340),Mila Dijkgraaf,mila.dijkgraaf13,True,SEC-MFA-Enrolled (avo.local/Sample/Groups/SEC-MFA-Enrolled),,,Permission unmanaged,None
Microsoft Active Directory,Mila Dijkgraaf (500340),Mila Dijkgraaf,mila.dijkgraaf13,True,SEC-Endpoint-Protection (avo.local/Sample/Groups/SEC-Endpoint-Protection),,,Permission unmanaged,None
Microsoft Active Directory,Mila Dijkgraaf (500340),Mila Dijkgraaf,mila.dijkgraaf13,True,APP-Visio (avo.local/Sample/Groups/APP-Visio),,,Permission unmanaged,None
Microsoft Active Directory,Mila Dijkgraaf (500340),Mila Dijkgraaf,mila.dijkgraaf13,True,LIC-M365-E3 (avo.local/Sample/Groups/LIC-M365-E3),,,Permission unmanaged,None
Microsoft Active Directory,Mila Dijkgraaf (500340),Mila Dijkgraaf,mila.dijkgraaf13,True,FS-INK08-Inkoop-RO (avo.local/Sample/Groups/FS-INK08-Inkoop-RO),,,Permission unmanaged,None
Microsoft Active Directory,Mila Dijkgraaf (500340),Mila Dijkgraaf,mila.dijkgraaf13,True,ROLE-INK08-Inkoop (avo.local/Sample/Groups/ROLE-INK08-Inkoop),,,Permission unmanaged,None
Microsoft Active Directory,Mila Dijkgraaf (500340),Mila Dijkgraaf,mila.dijkgraaf13,True,TEAM-INK08-Inkoop (avo.local/Sample/Groups/TEAM-INK08-Inkoop),,,Permission unmanaged,None
Microsoft Active Directory,Mila Dijkgraaf (500340),Mila Dijkgraaf,mila.dijkgraaf13,True,MBX-CA010-Thuiszorg (avo.local/Sample/Groups/MBX-CA010-Thuiszorg),,,Permission unmanaged,None
Microsoft Active Directory,Mila Dijkgraaf (500340),Mila Dijkgraaf,mila.dijkgraaf13,True,FS-CA010-Thuiszorg-RW (avo.local/Sample/Groups/FS-CA010-Thuiszorg-RW),,,Permission unmanaged,None
Microsoft Active Directory,Mila Dijkgraaf (500340),Mila Dijkgraaf,mila.dijkgraaf13,True,FS-CA010-Thuiszorg-RO (avo.local/Sample/Groups/FS-CA010-Thuiszorg-RO),,,Permission unmanaged,None
Microsoft Active Directory,Mila Dijkgraaf (500340),Mila Dijkgraaf,mila.dijkgraaf13,True,MBX-CB12-Dagbesteding (avo.local/Sample/Groups/MBX-CB12-Dagbesteding),,,Permission unmanaged,None
Microsoft Active Directory,Mila Dijkgraaf (500340),Mila Dijkgraaf,mila.dijkgraaf13,True,FS-CB12-Dagbesteding-RO (avo.local/Sample/Groups/FS-CB12-Dagbesteding-RO),,,Permission unmanaged,None
Microsoft Active Directory,Mila Dijkgraaf (500340),Mila Dijkgraaf,mila.dijkgraaf13,True,FS-CB12-Dagbesteding-RW (avo.local/Sample/Groups/FS-CB12-Dagbesteding-RW),,,Permission unmanaged,None
Microsoft Active Directory,Zoë Muijs (500341),Zoë Muijs,zoe.muijs14,True,FS-FIN01-Financien-RW (avo.local/Sample/Groups/FS-FIN01-Financien-RW),,,Permission unmanaged,None
Microsoft Active Directory,Zoë Muijs (500341),Zoë Muijs,zoe.muijs14,True,APP-FIN01-Financien-Portal (avo.local/Sample/Groups/APP-FIN01-Financien-Portal),,,Permission unmanaged,None
Microsoft Active Directory,Zoë Muijs (500341),Zoë Muijs,zoe.muijs14,True,APP-Planner (avo.local/Sample/Groups/APP-Planner),,,Permission unmanaged,None
Microsoft Active Directory,Zoë Muijs (500341),Zoë Muijs,zoe.muijs14,True,SEC-Antivirus (avo.local/Sample/Groups/SEC-Antivirus),,,Permission unmanaged,None
Microsoft Active Directory,Zoë Muijs (500341),Zoë Muijs,zoe.muijs14,True,SEC-DiskEncryption (avo.local/Sample/Groups/SEC-DiskEncryption),,,Permission unmanaged,None
Microsoft Active Directory,Zoë Muijs (500341),Zoë Muijs,zoe.muijs14,True,SEC-Endpoint-Protection (avo.local/Sample/Groups/SEC-Endpoint-Protection),,,Permission unmanaged,None
Microsoft Active Directory,Zoë Muijs (500341),Zoë Muijs,zoe.muijs14,True,LIC-M365-F3 (avo.local/Sample/Groups/LIC-M365-F3),,,Permission unmanaged,None
Microsoft Active Directory,Zoë Muijs (500341),Zoë Muijs,zoe.muijs14,True,MBX-COM05-Communicatie (avo.local/Sample/Groups/MBX-COM05-Communicatie),,,Permission unmanaged,None
Microsoft Active Directory,Zoë Muijs (500341),Zoë Muijs,zoe.muijs14,True,TEAM-COM05-Communicatie (avo.local/Sample/Groups/TEAM-COM05-Communicatie),,,Permission unmanaged,None
Microsoft Active Directory,Zoë Muijs (500341),Zoë Muijs,zoe.muijs14,True,FS-COM05-Communicatie-RO (avo.local/Sample/Groups/FS-COM05-Communicatie-RO),,,Permission unmanaged,None
Microsoft Active Directory,Zoë Muijs (500341),Zoë Muijs,zoe.muijs14,True,APP-CZ08-Begeleiding-Portal (avo.local/Sample/Groups/APP-CZ08-Begeleiding-Portal),,,Permission unmanaged,None
Microsoft Active Directory,Zoë Muijs (500341),Zoë Muijs,zoe.muijs14,True,FS-CZ08-Begeleiding-RW (avo.local/Sample/Groups/FS-CZ08-Begeleiding-RW),,,Permission unmanaged,None
Microsoft Active Directory,Zoë Muijs (500341),Zoë Muijs,zoe.muijs14,True,TEAM-CZ08-Begeleiding (avo.local/Sample/Groups/TEAM-CZ08-Begeleiding),,,Permission unmanaged,None
Microsoft Active Directory,Zoë Muijs (500341),Zoë Muijs,zoe.muijs14,True,MBX-FIN01-Financien (avo.local/Sample/Groups/MBX-FIN01-Financien),,,Permission unmanaged,None
Microsoft Active Directory,Zoë Muijs (500341),Zoë Muijs,zoe.muijs14,True,FS-FIN01-Financien-RO (avo.local/Sample/Groups/FS-FIN01-Financien-RO),,,Permission unmanaged,None
Microsoft Active Directory,Zoë Muijs (500341),Zoë Muijs,zoe.muijs14,True,MBX-FAC04-Facilitair (avo.local/Sample/Groups/MBX-FAC04-Facilitair),,,Permission unmanaged,None
Microsoft Active Directory,Zoë Muijs (500341),Zoë Muijs,zoe.muijs14,True,FS-FAC04-Facilitair-RO (avo.local/Sample/Groups/FS-FAC04-Facilitair-RO),,,Permission unmanaged,None
Microsoft Active Directory,Zoë Muijs (500341),Zoë Muijs,zoe.muijs14,True,ROLE-FAC04-Facilitair (avo.local/Sample/Groups/ROLE-FAC04-Facilitair),,,Permission unmanaged,None
Microsoft Active Directory,Gijs Muijs (500342),Gijs Muijs,gijs.muijs15,True,TEAM-ICT03-Techniek (avo.local/Sample/Groups/TEAM-ICT03-Techniek),,,Permission unmanaged,None
Microsoft Active Directory,Gijs Muijs (500342),Gijs Muijs,gijs.muijs15,True,APP-ICT03-Techniek-Portal (avo.local/Sample/Groups/APP-ICT03-Techniek-Portal),,,Permission unmanaged,None
Microsoft Active Directory,Gijs Muijs (500342),Gijs Muijs,gijs.muijs15,True,MBX-ICT03-Techniek (avo.local/Sample/Groups/MBX-ICT03-Techniek),,,Permission unmanaged,None
Microsoft Active Directory,Gijs Muijs (500342),Gijs Muijs,gijs.muijs15,True,APP-Office365 (avo.local/Sample/Groups/APP-Office365),,,Permission unmanaged,None
Microsoft Active Directory,Gijs Muijs (500342),Gijs Muijs,gijs.muijs15,True,SEC-Antivirus (avo.local/Sample/Groups/SEC-Antivirus),,,Permission unmanaged,None
Microsoft Active Directory,Gijs Muijs (500342),Gijs Muijs,gijs.muijs15,True,SEC-DiskEncryption (avo.local/Sample/Groups/SEC-DiskEncryption),,,Permission unmanaged,None
Microsoft Active Directory,Gijs Muijs (500342),Gijs Muijs,gijs.muijs15,True,SEC-MFA-Enrolled (avo.local/Sample/Groups/SEC-MFA-Enrolled),,,Permission unmanaged,None
Microsoft Active Directory,Gijs Muijs (500342),Gijs Muijs,gijs.muijs15,True,SEC-Endpoint-Protection (avo.local/Sample/Groups/SEC-Endpoint-Protection),,,Permission unmanaged,None
Microsoft Active Directory,Gijs Muijs (500342),Gijs Muijs,gijs.muijs15,True,APP-PowerBI-Pro (avo.local/Sample/Groups/APP-PowerBI-Pro),,,Permission unmanaged,None
Microsoft Active Directory,Gijs Muijs (500342),Gijs Muijs,gijs.muijs15,True,APP-Adobe-AcrobatPro (avo.local/Sample/Groups/APP-Adobe-AcrobatPro),,,Permission unmanaged,None
Microsoft Active Directory,Gijs Muijs (500342),Gijs Muijs,gijs.muijs15,True,LIC-M365-F3 (avo.local/Sample/Groups/LIC-M365-F3),,,Permission unmanaged,None
Microsoft Active Directory,Gijs Muijs (500342),Gijs Muijs,gijs.muijs15,True,LIC-M365-E3 (avo.local/Sample/Groups/LIC-M365-E3),,,Permission unmanaged,None
Microsoft Active Directory,,Kim Slootweg,kim.slootweg16,True,,,,Account unmanaged,None
Microsoft Active Directory,,Kim Slootweg,kim.slootweg16,True,TEAM-FAC04-Facilitair (avo.local/Sample/Groups/TEAM-FAC04-Facilitair),,,Permission unmanaged,None
Microsoft Active Directory,,Kim Slootweg,kim.slootweg16,True,APP-FAC04-Facilitair-Portal (avo.local/Sample/Groups/APP-FAC04-Facilitair-Portal),,,Permission unmanaged,None
Microsoft Active Directory,,Kim Slootweg,kim.slootweg16,True,ROLE-FAC04-Facilitair (avo.local/Sample/Groups/ROLE-FAC04-Facilitair),,,Permission unmanaged,None
Microsoft Active Directory,,Kim Slootweg,kim.slootweg16,True,MBX-FAC04-Facilitair (avo.local/Sample/Groups/MBX-FAC04-Facilitair),,,Permission unmanaged,None
Microsoft Active Directory,,Kim Slootweg,kim.slootweg16,True,APP-Planner (avo.local/Sample/Groups/APP-Planner),,,Permission unmanaged,None
Microsoft Active Directory,,Kim Slootweg,kim.slootweg16,True,APP-Teams (avo.local/Sample/Groups/APP-Teams),,,Permission unmanaged,None
Microsoft Active Directory,,Kim Slootweg,kim.slootweg16,True,APP-Intranet (avo.local/Sample/Groups/APP-Intranet),,,Permission unmanaged,None
Microsoft Active Directory,,Kim Slootweg,kim.slootweg16,True,PRINT-Default (avo.local/Sample/Groups/PRINT-Default),,,Permission unmanaged,None
Microsoft Active Directory,,Kim Slootweg,kim.slootweg16,True,SEC-Antivirus (avo.local/Sample/Groups/SEC-Antivirus),,,Permission unmanaged,None
Microsoft Active Directory,,Kim Slootweg,kim.slootweg16,True,SEC-DiskEncryption (avo.local/Sample/Groups/SEC-DiskEncryption),,,Permission unmanaged,None
Microsoft Active Directory,,Kim Slootweg,kim.slootweg16,True,SEC-MFA-Enrolled (avo.local/Sample/Groups/SEC-MFA-Enrolled),,,Permission unmanaged,None
Microsoft Active Directory,,Kim Slootweg,kim.slootweg16,True,SEC-Endpoint-Protection (avo.local/Sample/Groups/SEC-Endpoint-Protection),,,Permission unmanaged,None
Microsoft Active Directory,,Kim Slootweg,kim.slootweg16,True,APP-Project (avo.local/Sample/Groups/APP-Project),,,Permission unmanaged,None
Microsoft Active Directory,,Kim Slootweg,kim.slootweg16,True,APP-Visio (avo.local/Sample/Groups/APP-Visio),,,Permission unmanaged,None
Microsoft Active Directory,,Kim Slootweg,kim.slootweg16,True,LIC-M365-E5 (avo.local/Sample/Groups/LIC-M365-E5),,,Permission unmanaged,None
Microsoft Active Directory,,Bram Coenen,bram.coenen17,True,,,,Account unmanaged,None
Microsoft Active Directory,,Bram Coenen,bram.coenen17,True,MBX-CB12-Dagbesteding (avo.local/Sample/Groups/MBX-CB12-Dagbesteding),,,Permission unmanaged,None
Microsoft Active Directory,,Bram Coenen,bram.coenen17,True,FS-CB12-Dagbesteding-RO (avo.local/Sample/Groups/FS-CB12-Dagbesteding-RO),,,Permission unmanaged,None
Microsoft Active Directory,,Bram Coenen,bram.coenen17,True,APP-CB12-Dagbesteding-Portal (avo.local/Sample/Groups/APP-CB12-Dagbesteding-Portal),,,Permission unmanaged,None
Microsoft Active Directory,,Bram Coenen,bram.coenen17,True,TEAM-CB12-Dagbesteding (avo.local/Sample/Groups/TEAM-CB12-Dagbesteding),,,Permission unmanaged,None
Microsoft Active Directory,,Bram Coenen,bram.coenen17,True,ROLE-CB12-Dagbesteding (avo.local/Sample/Groups/ROLE-CB12-Dagbesteding),,,Permission unmanaged,None
Microsoft Active Directory,,Bram Coenen,bram.coenen17,True,FS-CB12-Dagbesteding-RW (avo.local/Sample/Groups/FS-CB12-Dagbesteding-RW),,,Permission unmanaged,None
Microsoft Active Directory,,Bram Coenen,bram.coenen17,True,APP-Intranet (avo.local/Sample/Groups/APP-Intranet),,,Permission unmanaged,None
Microsoft Active Directory,,Bram Coenen,bram.coenen17,True,APP-Selfservice (avo.local/Sample/Groups/APP-Selfservice),,,Permission unmanaged,None
Microsoft Active Directory,,Bram Coenen,bram.coenen17,True,APP-Teams (avo.local/Sample/Groups/APP-Teams),,,Permission unmanaged,None
Microsoft Active Directory,,Bram Coenen,bram.coenen17,True,SEC-Antivirus (avo.local/Sample/Groups/SEC-Antivirus),,,Permission unmanaged,None
Microsoft Active Directory,,Bram Coenen,bram.coenen17,True,SEC-DiskEncryption (avo.local/Sample/Groups/SEC-DiskEncryption),,,Permission unmanaged,None
Microsoft Active Directory,,Bram Coenen,bram.coenen17,True,SEC-MFA-Enrolled (avo.local/Sample/Groups/SEC-MFA-Enrolled),,,Permission unmanaged,None
Microsoft Active Directory,,Bram Coenen,bram.coenen17,True,SEC-Endpoint-Protection (avo.local/Sample/Groups/SEC-Endpoint-Protection),,,Permission unmanaged,None
Microsoft Active Directory,,Bram Coenen,bram.coenen17,True,LIC-M365-E3 (avo.local/Sample/Groups/LIC-M365-E3),,,Permission unmanaged,None
Microsoft Active Directory,,Bram Coenen,bram.coenen17,True,ROLE-ICT03-Techniek (avo.local/Sample/Groups/ROLE-ICT03-Techniek),,,Permission unmanaged,None
Microsoft Active Directory,,Bram Coenen,bram.coenen17,True,FS-ICT03-Techniek-RO (avo.local/Sample/Groups/FS-ICT03-Techniek-RO),,,Permission unmanaged,None
Microsoft Active Directory,,Bram Coenen,bram.coenen17,True,FS-ICT03-Techniek-RW (avo.local/Sample/Groups/FS-ICT03-Techniek-RW),,,Permission unmanaged,None
Microsoft Active Directory,Zoë Lindeboom (500345),Zoë Lindeboom,zoe.lindeboom18,True,FS-CB12-Dagbesteding-RW (avo.local/Sample/Groups/FS-CB12-Dagbesteding-RW),,,Permission unmanaged,None
Microsoft Active Directory,Zoë Lindeboom (500345),Zoë Lindeboom,zoe.lindeboom18,True,FS-CB12-Dagbesteding-RO (avo.local/Sample/Groups/FS-CB12-Dagbesteding-RO),,,Permission unmanaged,None
Microsoft Active Directory,Zoë Lindeboom (500345),Zoë Lindeboom,zoe.lindeboom18,True,ROLE-CB12-Dagbesteding (avo.local/Sample/Groups/ROLE-CB12-Dagbesteding),,,Permission unmanaged,None
Microsoft Active Directory,Zoë Lindeboom (500345),Zoë Lindeboom,zoe.lindeboom18,True,TEAM-CB12-Dagbesteding (avo.local/Sample/Groups/TEAM-CB12-Dagbesteding),,,Permission unmanaged,None
Microsoft Active Directory,Zoë Lindeboom (500345),Zoë Lindeboom,zoe.lindeboom18,True,MBX-CB12-Dagbesteding (avo.local/Sample/Groups/MBX-CB12-Dagbesteding),,,Permission unmanaged,None
Microsoft Active Directory,Zoë Lindeboom (500345),Zoë Lindeboom,zoe.lindeboom18,True,APP-Intranet (avo.local/Sample/Groups/APP-Intranet),,,Permission unmanaged,None
Microsoft Active Directory,Zoë Lindeboom (500345),Zoë Lindeboom,zoe.lindeboom18,True,VPN-Thuiswerken (avo.local/Sample/Groups/VPN-Thuiswerken),,,Permission unmanaged,None
Microsoft Active Directory,Zoë Lindeboom (500345),Zoë Lindeboom,zoe.lindeboom18,True,WIFI-Personeel (avo.local/Sample/Groups/WIFI-Personeel),,,Permission unmanaged,None
Microsoft Active Directory,Zoë Lindeboom (500345),Zoë Lindeboom,zoe.lindeboom18,True,SEC-DiskEncryption (avo.local/Sample/Groups/SEC-DiskEncryption),,,Permission unmanaged,None
Microsoft Active Directory,Zoë Lindeboom (500345),Zoë Lindeboom,zoe.lindeboom18,True,SEC-MFA-Enrolled (avo.local/Sample/Groups/SEC-MFA-Enrolled),,,Permission unmanaged,None
Microsoft Active Directory,Zoë Lindeboom (500345),Zoë Lindeboom,zoe.lindeboom18,True,SEC-Endpoint-Protection (avo.local/Sample/Groups/SEC-Endpoint-Protection),,,Permission unmanaged,None
Microsoft Active Directory,Zoë Lindeboom (500345),Zoë Lindeboom,zoe.lindeboom18,True,LIC-M365-E3 (avo.local/Sample/Groups/LIC-M365-E3),,,Permission unmanaged,None
Microsoft Active Directory,Yara Jonker (500346),Yara Jonker,yara.jonker19,True,APP-CA060-Revalidatie-Portal (avo.local/Sample/Groups/APP-CA060-Revalidatie-Portal),,,Permission unmanaged,None
Microsoft Active Directory,Yara Jonker (500346),Yara Jonker,yara.jonker19,True,FS-CA060-Revalidatie-RO (avo.local/Sample/Groups/FS-CA060-Revalidatie-RO),,,Permission unmanaged,None
Microsoft Active Directory,Yara Jonker (500346),Yara Jonker,yara.jonker19,True,ROLE-CA060-Revalidatie (avo.local/Sample/Groups/ROLE-CA060-Revalidatie),,,Permission unmanaged,None
Microsoft Active Directory,Yara Jonker (500346),Yara Jonker,yara.jonker19,True,TEAM-CA060-Revalidatie (avo.local/Sample/Groups/TEAM-CA060-Revalidatie),,,Permission unmanaged,None
Microsoft Active Directory,Yara Jonker (500346),Yara Jonker,yara.jonker19,True,FS-CA060-Revalidatie-RW (avo.local/Sample/Groups/FS-CA060-Revalidatie-RW),,,Permission unmanaged,None
Microsoft Active Directory,Yara Jonker (500346),Yara Jonker,yara.jonker19,True,APP-Office365 (avo.local/Sample/Groups/APP-Office365),,,Permission unmanaged,None
Microsoft Active Directory,Yara Jonker (500346),Yara Jonker,yara.jonker19,True,APP-Selfservice (avo.local/Sample/Groups/APP-Selfservice),,,Permission unmanaged,None
Microsoft Active Directory,Yara Jonker (500346),Yara Jonker,yara.jonker19,True,SEC-Antivirus (avo.local/Sample/Groups/SEC-Antivirus),,,Permission unmanaged,None
Microsoft Active Directory,Yara Jonker (500346),Yara Jonker,yara.jonker19,True,SEC-DiskEncryption (avo.local/Sample/Groups/SEC-DiskEncryption),,,Permission unmanaged,None
Microsoft Active Directory,Yara Jonker (500346),Yara Jonker,yara.jonker19,True,SEC-MFA-Enrolled (avo.local/Sample/Groups/SEC-MFA-Enrolled),,,Permission unmanaged,None
Microsoft Active Directory,Yara Jonker (500346),Yara Jonker,yara.jonker19,True,SEC-Endpoint-Protection (avo.local/Sample/Groups/SEC-Endpoint-Protection),,,Permission unmanaged,None
Microsoft Active Directory,Yara Jonker (500346),Yara Jonker,yara.jonker19,True,APP-Copilot (avo.local/Sample/Groups/APP-Copilot),,,Permission unmanaged,None
Microsoft Active Directory,Yara Jonker (500346),Yara Jonker,yara.jonker19,True,LIC-M365-E3 (avo.local/Sample/Groups/LIC-M365-E3),,,Permission unmanaged,None
Microsoft Active Directory,,Bram Jonker,bram.jonker20,True,,,,Account unmanaged,None
Microsoft Active Directory,,Bram Jonker,bram.jonker20,True,TEAM-FAC04-Facilitair (avo.local/Sample/Groups/TEAM-FAC04-Facilitair),,,Permission unmanaged,None
Microsoft Active Directory,,Bram Jonker,bram.jonker20,True,APP-FAC04-Facilitair-Portal (avo.local/Sample/Groups/APP-FAC04-Facilitair-Portal),,,Permission unmanaged,None
Microsoft Active Directory,,Bram Jonker,bram.jonker20,True,APP-Office365 (avo.local/Sample/Groups/APP-Office365),,,Permission unmanaged,None
Microsoft Active Directory,,Bram Jonker,bram.jonker20,True,SEC-Antivirus (avo.local/Sample/Groups/SEC-Antivirus),,,Permission unmanaged,None
Microsoft Active Directory,,Bram Jonker,bram.jonker20,True,SEC-DiskEncryption (avo.local/Sample/Groups/SEC-DiskEncryption),,,Permission unmanaged,None
Microsoft Active Directory,,Bram Jonker,bram.jonker20,True,SEC-MFA-Enrolled (avo.local/Sample/Groups/SEC-MFA-Enrolled),,,Permission unmanaged,None
Microsoft Active Directory,,Bram Jonker,bram.jonker20,True,APP-Visio (avo.local/Sample/Groups/APP-Visio),,,Permission unmanaged,None
Microsoft Active Directory,,Bram Jonker,bram.jonker20,True,APP-Copilot (avo.local/Sample/Groups/APP-Copilot),,,Permission unmanaged,None
Microsoft Active Directory,,Bram Jonker,bram.jonker20,True,LIC-M365-E3 (avo.local/Sample/Groups/LIC-M365-E3),,,Permission unmanaged,None
Microsoft Active Directory,Jasper Slootweg (500348),Jasper Slootweg,jasper.slootweg21,True,FS-ICT03-Techniek-RO (avo.local/Sample/Groups/FS-ICT03-Techniek-RO),,,Permission unmanaged,None
Microsoft Active Directory,Jasper Slootweg (500348),Jasper Slootweg,jasper.slootweg21,True,ROLE-ICT03-Techniek (avo.local/Sample/Groups/ROLE-ICT03-Techniek),,,Permission unmanaged,None
Microsoft Active Directory,Jasper Slootweg (500348),Jasper Slootweg,jasper.slootweg21,True,APP-ICT03-Techniek-Portal (avo.local/Sample/Groups/APP-ICT03-Techniek-Portal),,,Permission unmanaged,None
Microsoft Active Directory,Jasper Slootweg (500348),Jasper Slootweg,jasper.slootweg21,True,APP-Office365 (avo.local/Sample/Groups/APP-Office365),,,Permission unmanaged,None
Microsoft Active Directory,Jasper Slootweg (500348),Jasper Slootweg,jasper.slootweg21,True,APP-Planner (avo.local/Sample/Groups/APP-Planner),,,Permission unmanaged,None
Microsoft Active Directory,Jasper Slootweg (500348),Jasper Slootweg,jasper.slootweg21,True,PRINT-Default (avo.local/Sample/Groups/PRINT-Default),,,Permission unmanaged,None
Microsoft Active Directory,Jasper Slootweg (500348),Jasper Slootweg,jasper.slootweg21,True,VPN-Thuiswerken (avo.local/Sample/Groups/VPN-Thuiswerken),,,Permission unmanaged,None
Microsoft Active Directory,Jasper Slootweg (500348),Jasper Slootweg,jasper.slootweg21,True,SEC-Antivirus (avo.local/Sample/Groups/SEC-Antivirus),,,Permission unmanaged,None
Microsoft Active Directory,Jasper Slootweg (500348),Jasper Slootweg,jasper.slootweg21,True,SEC-DiskEncryption (avo.local/Sample/Groups/SEC-DiskEncryption),,,Permission unmanaged,None
Microsoft Active Directory,Jasper Slootweg (500348),Jasper Slootweg,jasper.slootweg21,True,SEC-MFA-Enrolled (avo.local/Sample/Groups/SEC-MFA-Enrolled),,,Permission unmanaged,None
Microsoft Active Directory,Jasper Slootweg (500348),Jasper Slootweg,jasper.slootweg21,True,APP-Adobe-AcrobatPro (avo.local/Sample/Groups/APP-Adobe-AcrobatPro),,,Permission unmanaged,None
Microsoft Active Directory,Jasper Slootweg (500348),Jasper Slootweg,jasper.slootweg21,True,LIC-M365-E3 (avo.local/Sample/Groups/LIC-M365-E3),,,Permission unmanaged,None
Microsoft Active Directory,Finn Nagtegaal (500349),Finn Nagtegaal,finn.nagtegaal22,True,FS-HRM02-Personeel-RW (avo.local/Sample/Groups/FS-HRM02-Personeel-RW),,,Permission unmanaged,None
Microsoft Active Directory,Finn Nagtegaal (500349),Finn Nagtegaal,finn.nagtegaal22,True,FS-HRM02-Personeel-RO (avo.local/Sample/Groups/FS-HRM02-Personeel-RO),,,Permission unmanaged,None
Microsoft Active Directory,Finn Nagtegaal (500349),Finn Nagtegaal,finn.nagtegaal22,True,ROLE-HRM02-Personeel (avo.local/Sample/Groups/ROLE-HRM02-Personeel),,,Permission unmanaged,None
Microsoft Active Directory,Finn Nagtegaal (500349),Finn Nagtegaal,finn.nagtegaal22,True,APP-HRM02-Personeel-Portal (avo.local/Sample/Groups/APP-HRM02-Personeel-Portal),,,Permission unmanaged,None
Microsoft Active Directory,Finn Nagtegaal (500349),Finn Nagtegaal,finn.nagtegaal22,True,APP-Selfservice (avo.local/Sample/Groups/APP-Selfservice),,,Permission unmanaged,None
Microsoft Active Directory,Finn Nagtegaal (500349),Finn Nagtegaal,finn.nagtegaal22,True,APP-Office365 (avo.local/Sample/Groups/APP-Office365),,,Permission unmanaged,None
Microsoft Active Directory,Finn Nagtegaal (500349),Finn Nagtegaal,finn.nagtegaal22,True,VPN-Thuiswerken (avo.local/Sample/Groups/VPN-Thuiswerken),,,Permission unmanaged,None
Microsoft Active Directory,Finn Nagtegaal (500349),Finn Nagtegaal,finn.nagtegaal22,True,PRINT-Default (avo.local/Sample/Groups/PRINT-Default),,,Permission unmanaged,None
Microsoft Active Directory,Finn Nagtegaal (500349),Finn Nagtegaal,finn.nagtegaal22,True,SEC-Antivirus (avo.local/Sample/Groups/SEC-Antivirus),,,Permission unmanaged,None
Microsoft Active Directory,Finn Nagtegaal (500349),Finn Nagtegaal,finn.nagtegaal22,True,SEC-DiskEncryption (avo.local/Sample/Groups/SEC-DiskEncryption),,,Permission unmanaged,None
Microsoft Active Directory,Finn Nagtegaal (500349),Finn Nagtegaal,finn.nagtegaal22,True,SEC-MFA-Enrolled (avo.local/Sample/Groups/SEC-MFA-Enrolled),,,Permission unmanaged,None
Microsoft Active Directory,Finn Nagtegaal (500349),Finn Nagtegaal,finn.nagtegaal22,True,SEC-Endpoint-Protection (avo.local/Sample/Groups/SEC-Endpoint-Protection),,,Permission unmanaged,None
Microsoft Active Directory,Finn Nagtegaal (500349),Finn Nagtegaal,finn.nagtegaal22,True,APP-Adobe-AcrobatPro (avo.local/Sample/Groups/APP-Adobe-AcrobatPro),,,Permission unmanaged,None
Microsoft Active Directory,Finn Nagtegaal (500349),Finn Nagtegaal,finn.nagtegaal22,True,APP-PowerBI-Pro (avo.local/Sample/Groups/APP-PowerBI-Pro),,,Permission unmanaged,None
Microsoft Active Directory,Finn Nagtegaal (500349),Finn Nagtegaal,finn.nagtegaal22,True,LIC-M365-E5 (avo.local/Sample/Groups/LIC-M365-E5),,,Permission unmanaged,None
Microsoft Active Directory,,Lars Jonker (admin),adm-lars.jonker23,False,,,,Account unmanaged,None
Microsoft Active Directory,,Lars Jonker (admin),adm-lars.jonker23,False,PRIV-PAM-Kluis (avo.local/Sample/Groups/PRIV-PAM-Kluis),,,Permission unmanaged,None
Microsoft Active Directory,,Lars Jonker (admin),adm-lars.jonker23,False,ADMIN-AD-Beheer (avo.local/Sample/Groups/ADMIN-AD-Beheer),,,Permission unmanaged,None
Microsoft Active Directory,,Lars Jonker (admin),adm-lars.jonker23,False,SRV-Aanmelden-AlsService (avo.local/Sample/Groups/SRV-Aanmelden-AlsService),,,Permission unmanaged,None
Microsoft Active Directory,,Lars Jonker (admin),adm-lars.jonker23,False,SRV-RDP-Beheerservers (avo.local/Sample/Groups/SRV-RDP-Beheerservers),,,Permission unmanaged,None
Microsoft Active Directory,,Cato Slootweg,cato.slootweg24,True,,,,Account unmanaged,None
Microsoft Active Directory,,Cato Slootweg,cato.slootweg24,True,FS-CZ08-Begeleiding-RW (avo.local/Sample/Groups/FS-CZ08-Begeleiding-RW),,,Permission unmanaged,None
Microsoft Active Directory,,Cato Slootweg,cato.slootweg24,True,APP-CZ08-Begeleiding-Portal (avo.local/Sample/Groups/APP-CZ08-Begeleiding-Portal),,,Permission unmanaged,None
Microsoft Active Directory,,Cato Slootweg,cato.slootweg24,True,FS-CZ08-Begeleiding-RO (avo.local/Sample/Groups/FS-CZ08-Begeleiding-RO),,,Permission unmanaged,None
Microsoft Active Directory,,Cato Slootweg,cato.slootweg24,True,APP-Planner (avo.local/Sample/Groups/APP-Planner),,,Permission unmanaged,None
Microsoft Active Directory,,Cato Slootweg,cato.slootweg24,True,APP-Selfservice (avo.local/Sample/Groups/APP-Selfservice),,,Permission unmanaged,None
Microsoft Active Directory,,Cato Slootweg,cato.slootweg24,True,WIFI-Personeel (avo.local/Sample/Groups/WIFI-Personeel),,,Permission unmanaged,None
Microsoft Active Directory,,Cato Slootweg,cato.slootweg24,True,VPN-Thuiswerken (avo.local/Sample/Groups/VPN-Thuiswerken),,,Permission unmanaged,None
Microsoft Active Directory,,Cato Slootweg,cato.slootweg24,True,SEC-Antivirus (avo.local/Sample/Groups/SEC-Antivirus),,,Permission unmanaged,None
Microsoft Active Directory,,Cato Slootweg,cato.slootweg24,True,SEC-DiskEncryption (avo.local/Sample/Groups/SEC-DiskEncryption),,,Permission unmanaged,None
Microsoft Active Directory,,Cato Slootweg,cato.slootweg24,True,SEC-MFA-Enrolled (avo.local/Sample/Groups/SEC-MFA-Enrolled),,,Permission unmanaged,None
Microsoft Active Directory,,Cato Slootweg,cato.slootweg24,True,SEC-Endpoint-Protection (avo.local/Sample/Groups/SEC-Endpoint-Protection),,,Permission unmanaged,None
Microsoft Active Directory,,Cato Slootweg,cato.slootweg24,True,LIC-M365-E5 (avo.local/Sample/Groups/LIC-M365-E5),,,Permission unmanaged,None
Microsoft Active Directory,Cato Lindeboom (500352),Cato Lindeboom,cato.lindeboom25,True,TEAM-FIN01-Financien (avo.local/Sample/Groups/TEAM-FIN01-Financien),,,Permission unmanaged,None
Microsoft Active Directory,Cato Lindeboom (500352),Cato Lindeboom,cato.lindeboom25,True,FS-FIN01-Financien-RW (avo.local/Sample/Groups/FS-FIN01-Financien-RW),,,Permission unmanaged,None
Microsoft Active Directory,Cato Lindeboom (500352),Cato Lindeboom,cato.lindeboom25,True,APP-Planner (avo.local/Sample/Groups/APP-Planner),,,Permission unmanaged,None
Microsoft Active Directory,Cato Lindeboom (500352),Cato Lindeboom,cato.lindeboom25,True,APP-Selfservice (avo.local/Sample/Groups/APP-Selfservice),,,Permission unmanaged,None
Microsoft Active Directory,Cato Lindeboom (500352),Cato Lindeboom,cato.lindeboom25,True,APP-Office365 (avo.local/Sample/Groups/APP-Office365),,,Permission unmanaged,None
Microsoft Active Directory,Cato Lindeboom (500352),Cato Lindeboom,cato.lindeboom25,True,SEC-Antivirus (avo.local/Sample/Groups/SEC-Antivirus),,,Permission unmanaged,None
Microsoft Active Directory,Cato Lindeboom (500352),Cato Lindeboom,cato.lindeboom25,True,SEC-DiskEncryption (avo.local/Sample/Groups/SEC-DiskEncryption),,,Permission unmanaged,None
Microsoft Active Directory,Cato Lindeboom (500352),Cato Lindeboom,cato.lindeboom25,True,SEC-MFA-Enrolled (avo.local/Sample/Groups/SEC-MFA-Enrolled),,,Permission unmanaged,None
Microsoft Active Directory,Cato Lindeboom (500352),Cato Lindeboom,cato.lindeboom25,True,SEC-Endpoint-Protection (avo.local/Sample/Groups/SEC-Endpoint-Protection),,,Permission unmanaged,None
Microsoft Active Directory,Cato Lindeboom (500352),Cato Lindeboom,cato.lindeboom25,True,APP-Copilot (avo.local/Sample/Groups/APP-Copilot),,,Permission unmanaged,None
Microsoft Active Directory,Cato Lindeboom (500352),Cato Lindeboom,cato.lindeboom25,True,APP-Adobe-AcrobatPro (avo.local/Sample/Groups/APP-Adobe-AcrobatPro),,,Permission unmanaged,None
Microsoft Active Directory,Cato Lindeboom (500352),Cato Lindeboom,cato.lindeboom25,True,LIC-M365-E1 (avo.local/Sample/Groups/LIC-M365-E1),,,Permission unmanaged,None
Microsoft Active Directory,Cato Lindeboom (500352),Cato Lindeboom,cato.lindeboom25,True,LIC-M365-F3 (avo.local/Sample/Groups/LIC-M365-F3),,,Permission unmanaged,None
Microsoft Active Directory,Zoë Kalisvaart (500353),Zoë Kalisvaart,zoe.kalisvaart26,True,ROLE-ZRG06-Wijkzorg (avo.local/Sample/Groups/ROLE-ZRG06-Wijkzorg),,,Permission unmanaged,None
Microsoft Active Directory,Zoë Kalisvaart (500353),Zoë Kalisvaart,zoe.kalisvaart26,True,FS-ZRG06-Wijkzorg-RO (avo.local/Sample/Groups/FS-ZRG06-Wijkzorg-RO),,,Permission unmanaged,None
Microsoft Active Directory,Zoë Kalisvaart (500353),Zoë Kalisvaart,zoe.kalisvaart26,True,APP-ZRG06-Wijkzorg-Portal (avo.local/Sample/Groups/APP-ZRG06-Wijkzorg-Portal),,,Permission unmanaged,None
Microsoft Active Directory,Zoë Kalisvaart (500353),Zoë Kalisvaart,zoe.kalisvaart26,True,MBX-ZRG06-Wijkzorg (avo.local/Sample/Groups/MBX-ZRG06-Wijkzorg),,,Permission unmanaged,None
Microsoft Active Directory,Zoë Kalisvaart (500353),Zoë Kalisvaart,zoe.kalisvaart26,True,APP-Intranet (avo.local/Sample/Groups/APP-Intranet),,,Permission unmanaged,None
Microsoft Active Directory,Zoë Kalisvaart (500353),Zoë Kalisvaart,zoe.kalisvaart26,True,SEC-DiskEncryption (avo.local/Sample/Groups/SEC-DiskEncryption),,,Permission unmanaged,None
Microsoft Active Directory,Zoë Kalisvaart (500353),Zoë Kalisvaart,zoe.kalisvaart26,True,SEC-MFA-Enrolled (avo.local/Sample/Groups/SEC-MFA-Enrolled),,,Permission unmanaged,None
Microsoft Active Directory,Zoë Kalisvaart (500353),Zoë Kalisvaart,zoe.kalisvaart26,True,SEC-Endpoint-Protection (avo.local/Sample/Groups/SEC-Endpoint-Protection),,,Permission unmanaged,None
Microsoft Active Directory,Zoë Kalisvaart (500353),Zoë Kalisvaart,zoe.kalisvaart26,True,APP-Copilot (avo.local/Sample/Groups/APP-Copilot),,,Permission unmanaged,None
Microsoft Active Directory,Zoë Kalisvaart (500353),Zoë Kalisvaart,zoe.kalisvaart26,True,APP-Adobe-AcrobatPro (avo.local/Sample/Groups/APP-Adobe-AcrobatPro),,,Permission unmanaged,None
Microsoft Active Directory,Zoë Kalisvaart (500353),Zoë Kalisvaart,zoe.kalisvaart26,True,LIC-M365-E5 (avo.local/Sample/Groups/LIC-M365-E5),,,Permission unmanaged,None
Microsoft Active Directory,Tess Muijs (500354),Tess Muijs,tess.muijs27,True,FS-CZ08-Begeleiding-RW (avo.local/Sample/Groups/FS-CZ08-Begeleiding-RW),,,Permission unmanaged,None
Microsoft Active Directory,Tess Muijs (500354),Tess Muijs,tess.muijs27,True,APP-CZ08-Begeleiding-Portal (avo.local/Sample/Groups/APP-CZ08-Begeleiding-Portal),,,Permission unmanaged,None
Microsoft Active Directory,Tess Muijs (500354),Tess Muijs,tess.muijs27,True,ROLE-CZ08-Begeleiding (avo.local/Sample/Groups/ROLE-CZ08-Begeleiding),,,Permission unmanaged,None
Microsoft Active Directory,Tess Muijs (500354),Tess Muijs,tess.muijs27,True,FS-CZ08-Begeleiding-RO (avo.local/Sample/Groups/FS-CZ08-Begeleiding-RO),,,Permission unmanaged,None
Microsoft Active Directory,Tess Muijs (500354),Tess Muijs,tess.muijs27,True,MBX-CZ08-Begeleiding (avo.local/Sample/Groups/MBX-CZ08-Begeleiding),,,Permission unmanaged,None
Microsoft Active Directory,Tess Muijs (500354),Tess Muijs,tess.muijs27,True,TEAM-CZ08-Begeleiding (avo.local/Sample/Groups/TEAM-CZ08-Begeleiding),,,Permission unmanaged,None
Microsoft Active Directory,Tess Muijs (500354),Tess Muijs,tess.muijs27,True,APP-Intranet (avo.local/Sample/Groups/APP-Intranet),,,Permission unmanaged,None
Microsoft Active Directory,Tess Muijs (500354),Tess Muijs,tess.muijs27,True,VPN-Thuiswerken (avo.local/Sample/Groups/VPN-Thuiswerken),,,Permission unmanaged,None
Microsoft Active Directory,Tess Muijs (500354),Tess Muijs,tess.muijs27,True,WIFI-Personeel (avo.local/Sample/Groups/WIFI-Personeel),,,Permission unmanaged,None
Microsoft Active Directory,Tess Muijs (500354),Tess Muijs,tess.muijs27,True,SEC-Antivirus (avo.local/Sample/Groups/SEC-Antivirus),,,Permission unmanaged,None
Microsoft Active Directory,Tess Muijs (500354),Tess Muijs,tess.muijs27,True,SEC-MFA-Enrolled (avo.local/Sample/Groups/SEC-MFA-Enrolled),,,Permission unmanaged,None
Microsoft Active Directory,Tess Muijs (500354),Tess Muijs,tess.muijs27,True,SEC-Endpoint-Protection (avo.local/Sample/Groups/SEC-Endpoint-Protection),,,Permission unmanaged,None
Microsoft Active Directory,Tess Muijs (500354),Tess Muijs,tess.muijs27,True,LIC-M365-F3 (avo.local/Sample/Groups/LIC-M365-F3),,,Permission unmanaged,None
Microsoft Active Directory,Tess Muijs (500354),Tess Muijs,tess.muijs27,True,FS-COM05-Communicatie-RO (avo.local/Sample/Groups/FS-COM05-Communicatie-RO),,,Permission unmanaged,None
Microsoft Active Directory,Tess Muijs (500354),Tess Muijs,tess.muijs27,True,TEAM-COM05-Communicatie (avo.local/Sample/Groups/TEAM-COM05-Communicatie),,,Permission unmanaged,None
Microsoft Active Directory,Tess Muijs (500354),Tess Muijs,tess.muijs27,True,ROLE-COM05-Communicatie (avo.local/Sample/Groups/ROLE-COM05-Communicatie),,,Permission unmanaged,None
Microsoft Active Directory,Tess Muijs (500354),Tess Muijs,tess.muijs27,True,ROLE-HRM02-Personeel (avo.local/Sample/Groups/ROLE-HRM02-Personeel),,,Permission unmanaged,None
Microsoft Active Directory,Tess Muijs (500354),Tess Muijs,tess.muijs27,True,FS-HRM02-Personeel-RW (avo.local/Sample/Groups/FS-HRM02-Personeel-RW),,,Permission unmanaged,None
Microsoft Active Directory,Tess Muijs (500354),Tess Muijs,tess.muijs27,True,TEAM-HRM02-Personeel (avo.local/Sample/Groups/TEAM-HRM02-Personeel),,,Permission unmanaged,None
Microsoft Active Directory,Tess Muijs (500354),Tess Muijs,tess.muijs27,True,TEAM-CA010-Thuiszorg (avo.local/Sample/Groups/TEAM-CA010-Thuiszorg),,,Permission unmanaged,None
Microsoft Active Directory,Tess Muijs (500354),Tess Muijs,tess.muijs27,True,FS-CA010-Thuiszorg-RW (avo.local/Sample/Groups/FS-CA010-Thuiszorg-RW),,,Permission unmanaged,None
Microsoft Active Directory,Tess Muijs (500354),Tess Muijs,tess.muijs27,True,ROLE-CA010-Thuiszorg (avo.local/Sample/Groups/ROLE-CA010-Thuiszorg),,,Permission unmanaged,None
Microsoft Active Directory,Tess Muijs (500354),Tess Muijs,tess.muijs27,True,TEAM-CA060-Revalidatie (avo.local/Sample/Groups/TEAM-CA060-Revalidatie),,,Permission unmanaged,None
Microsoft Active Directory,Tess Muijs (500354),Tess Muijs,tess.muijs27,True,ROLE-CA060-Revalidatie (avo.local/Sample/Groups/ROLE-CA060-Revalidatie),,,Permission unmanaged,None
Microsoft Active Directory,Tess Muijs (500354),Tess Muijs,tess.muijs27,True,MBX-CA060-Revalidatie (avo.local/Sample/Groups/MBX-CA060-Revalidatie),,,Permission unmanaged,None
Microsoft Active Directory,Pien Jonker (500355),Pien Jonker,pien.jonker28,False,TEAM-KWA07-Kwaliteit (avo.local/Sample/Groups/TEAM-KWA07-Kwaliteit),,,Permission unmanaged,None
Microsoft Active Directory,Pien Jonker (500355),Pien Jonker,pien.jonker28,False,FS-KWA07-Kwaliteit-RO (avo.local/Sample/Groups/FS-KWA07-Kwaliteit-RO),,,Permission unmanaged,None
Microsoft Active Directory,Pien Jonker (500355),Pien Jonker,pien.jonker28,False,FS-KWA07-Kwaliteit-RW (avo.local/Sample/Groups/FS-KWA07-Kwaliteit-RW),,,Permission unmanaged,None
Microsoft Active Directory,Pien Jonker (500355),Pien Jonker,pien.jonker28,False,APP-KWA07-Kwaliteit-Portal (avo.local/Sample/Groups/APP-KWA07-Kwaliteit-Portal),,,Permission unmanaged,None
Microsoft Active Directory,Pien Jonker (500355),Pien Jonker,pien.jonker28,False,ROLE-KWA07-Kwaliteit (avo.local/Sample/Groups/ROLE-KWA07-Kwaliteit),,,Permission unmanaged,None
Microsoft Active Directory,Pien Jonker (500355),Pien Jonker,pien.jonker28,False,MBX-KWA07-Kwaliteit (avo.local/Sample/Groups/MBX-KWA07-Kwaliteit),,,Permission unmanaged,None
Microsoft Active Directory,Pien Jonker (500355),Pien Jonker,pien.jonker28,False,APP-Intranet (avo.local/Sample/Groups/APP-Intranet),,,Permission unmanaged,None
Microsoft Active Directory,Pien Jonker (500355),Pien Jonker,pien.jonker28,False,APP-Office365 (avo.local/Sample/Groups/APP-Office365),,,Permission unmanaged,None
Microsoft Active Directory,Pien Jonker (500355),Pien Jonker,pien.jonker28,False,APP-Planner (avo.local/Sample/Groups/APP-Planner),,,Permission unmanaged,None
Microsoft Active Directory,Pien Jonker (500355),Pien Jonker,pien.jonker28,False,PRINT-Default (avo.local/Sample/Groups/PRINT-Default),,,Permission unmanaged,None
Microsoft Active Directory,Pien Jonker (500355),Pien Jonker,pien.jonker28,False,VPN-Thuiswerken (avo.local/Sample/Groups/VPN-Thuiswerken),,,Permission unmanaged,None
Microsoft Active Directory,Pien Jonker (500355),Pien Jonker,pien.jonker28,False,SEC-Antivirus (avo.local/Sample/Groups/SEC-Antivirus),,,Permission unmanaged,None
Microsoft Active Directory,Pien Jonker (500355),Pien Jonker,pien.jonker28,False,SEC-DiskEncryption (avo.local/Sample/Groups/SEC-DiskEncryption),,,Permission unmanaged,None
Microsoft Active Directory,Pien Jonker (500355),Pien Jonker,pien.jonker28,False,SEC-MFA-Enrolled (avo.local/Sample/Groups/SEC-MFA-Enrolled),,,Permission unmanaged,None
Microsoft Active Directory,Pien Jonker (500355),Pien Jonker,pien.jonker28,False,SEC-Endpoint-Protection (avo.local/Sample/Groups/SEC-Endpoint-Protection),,,Permission unmanaged,None
Microsoft Active Directory,Pien Jonker (500355),Pien Jonker,pien.jonker28,False,APP-Visio (avo.local/Sample/Groups/APP-Visio),,,Permission unmanaged,None
Microsoft Active Directory,Pien Jonker (500355),Pien Jonker,pien.jonker28,False,LIC-M365-E3 (avo.local/Sample/Groups/LIC-M365-E3),,,Permission unmanaged,None
Microsoft Active Directory,,Olivier Berkhout,olivier.berkhout29,True,,,,Account unmanaged,None
Microsoft Active Directory,,Olivier Berkhout,olivier.berkhout29,True,FS-FAC04-Facilitair-RW (avo.local/Sample/Groups/FS-FAC04-Facilitair-RW),,,Permission unmanaged,None
Microsoft Active Directory,,Olivier Berkhout,olivier.berkhout29,True,TEAM-FAC04-Facilitair (avo.local/Sample/Groups/TEAM-FAC04-Facilitair),,,Permission unmanaged,None
Microsoft Active Directory,,Olivier Berkhout,olivier.berkhout29,True,APP-Teams (avo.local/Sample/Groups/APP-Teams),,,Permission unmanaged,None
Microsoft Active Directory,,Olivier Berkhout,olivier.berkhout29,True,APP-Intranet (avo.local/Sample/Groups/APP-Intranet),,,Permission unmanaged,None
Microsoft Active Directory,,Olivier Berkhout,olivier.berkhout29,True,PRINT-Default (avo.local/Sample/Groups/PRINT-Default),,,Permission unmanaged,None
Microsoft Active Directory,,Olivier Berkhout,olivier.berkhout29,True,SEC-Antivirus (avo.local/Sample/Groups/SEC-Antivirus),,,Permission unmanaged,None
Microsoft Active Directory,,Olivier Berkhout,olivier.berkhout29,True,SEC-DiskEncryption (avo.local/Sample/Groups/SEC-DiskEncryption),,,Permission unmanaged,None
Microsoft Active Directory,,Olivier Berkhout,olivier.berkhout29,True,SEC-MFA-Enrolled (avo.local/Sample/Groups/SEC-MFA-Enrolled),,,Permission unmanaged,None
Microsoft Active Directory,,Olivier Berkhout,olivier.berkhout29,True,SEC-Endpoint-Protection (avo.local/Sample/Groups/SEC-Endpoint-Protection),,,Permission unmanaged,None
Microsoft Active Directory,,Olivier Berkhout,olivier.berkhout29,True,APP-Visio (avo.local/Sample/Groups/APP-Visio),,,Permission unmanaged,None
Microsoft Active Directory,,Olivier Berkhout,olivier.berkhout29,True,APP-PowerBI-Pro (avo.local/Sample/Groups/APP-PowerBI-Pro),,,Permission unmanaged,None
Microsoft Active Directory,,Olivier Berkhout,olivier.berkhout29,True,LIC-M365-E5 (avo.local/Sample/Groups/LIC-M365-E5),,,Permission unmanaged,None
Microsoft Active Directory,,Service CZ08-Begeleiding,svc-cz0830,True,,,,Account unmanaged,None
Microsoft Active Directory,,Service CZ08-Begeleiding,svc-cz0830,True,SRV-Aanmelden-AlsService (avo.local/Sample/Groups/SRV-Aanmelden-AlsService),,,Permission unmanaged,None
Microsoft Active Directory,,Service CZ08-Begeleiding,svc-cz0830,True,SRV-RDP-Beheerservers (avo.local/Sample/Groups/SRV-RDP-Beheerservers),,,Permission unmanaged,None
Microsoft Active Directory,,Service CZ08-Begeleiding,svc-cz0830,True,DB-SQL-Service (avo.local/Sample/Groups/DB-SQL-Service),,,Permission unmanaged,None
Microsoft Active Directory,,Service CZ08-Begeleiding,svc-cz0830,True,LIC-M365-E3 (avo.local/Sample/Groups/LIC-M365-E3),,,Permission unmanaged,None
Microsoft Active Directory,,Gijs Muijs (admin),adm-gijs.muijs31,True,,,,Account unmanaged,None
Microsoft Active Directory,,Gijs Muijs (admin),adm-gijs.muijs31,True,ADMIN-AD-Beheer (avo.local/Sample/Groups/ADMIN-AD-Beheer),,,Permission unmanaged,None
Microsoft Active Directory,,Gijs Muijs (admin),adm-gijs.muijs31,True,PRIV-PAM-Kluis (avo.local/Sample/Groups/PRIV-PAM-Kluis),,,Permission unmanaged,None
Microsoft Active Directory,,Gijs Muijs (admin),adm-gijs.muijs31,True,ADMIN-Exchange-Beheer (avo.local/Sample/Groups/ADMIN-Exchange-Beheer),,,Permission unmanaged,None
Microsoft Active Directory,,Gijs Muijs (admin),adm-gijs.muijs31,True,SRV-RDP-Beheerservers (avo.local/Sample/Groups/SRV-RDP-Beheerservers),,,Permission unmanaged,None
Microsoft Active Directory,,Gijs Muijs (admin),adm-gijs.muijs31,True,LIC-M365-E5 (avo.local/Sample/Groups/LIC-M365-E5),,,Permission unmanaged,None
Microsoft Active Directory,Jasper Vroegindeweij (500359),Jasper Vroegindeweij,jasper.vroegindeweij32,True,FS-CB12-Dagbesteding-RW (avo.local/Sample/Groups/FS-CB12-Dagbesteding-RW),,,Permission unmanaged,None
Microsoft Active Directory,Jasper Vroegindeweij (500359),Jasper Vroegindeweij,jasper.vroegindeweij32,True,TEAM-CB12-Dagbesteding (avo.local/Sample/Groups/TEAM-CB12-Dagbesteding),,,Permission unmanaged,None
Microsoft Active Directory,Jasper Vroegindeweij (500359),Jasper Vroegindeweij,jasper.vroegindeweij32,True,APP-CB12-Dagbesteding-Portal (avo.local/Sample/Groups/APP-CB12-Dagbesteding-Portal),,,Permission unmanaged,None
Microsoft Active Directory,Jasper Vroegindeweij (500359),Jasper Vroegindeweij,jasper.vroegindeweij32,True,APP-Selfservice (avo.local/Sample/Groups/APP-Selfservice),,,Permission unmanaged,None
Microsoft Active Directory,Jasper Vroegindeweij (500359),Jasper Vroegindeweij,jasper.vroegindeweij32,True,PRINT-Default (avo.local/Sample/Groups/PRINT-Default),,,Permission unmanaged,None
Microsoft Active Directory,Jasper Vroegindeweij (500359),Jasper Vroegindeweij,jasper.vroegindeweij32,True,WIFI-Personeel (avo.local/Sample/Groups/WIFI-Personeel),,,Permission unmanaged,None
Microsoft Active Directory,Jasper Vroegindeweij (500359),Jasper Vroegindeweij,jasper.vroegindeweij32,True,SEC-Antivirus (avo.local/Sample/Groups/SEC-Antivirus),,,Permission unmanaged,None
Microsoft Active Directory,Jasper Vroegindeweij (500359),Jasper Vroegindeweij,jasper.vroegindeweij32,True,SEC-DiskEncryption (avo.local/Sample/Groups/SEC-DiskEncryption),,,Permission unmanaged,None
Microsoft Active Directory,Jasper Vroegindeweij (500359),Jasper Vroegindeweij,jasper.vroegindeweij32,True,SEC-MFA-Enrolled (avo.local/Sample/Groups/SEC-MFA-Enrolled),,,Permission unmanaged,None
Microsoft Active Directory,Jasper Vroegindeweij (500359),Jasper Vroegindeweij,jasper.vroegindeweij32,True,SEC-Endpoint-Protection (avo.local/Sample/Groups/SEC-Endpoint-Protection),,,Permission unmanaged,None
Microsoft Active Directory,Jasper Vroegindeweij (500359),Jasper Vroegindeweij,jasper.vroegindeweij32,True,APP-Visio (avo.local/Sample/Groups/APP-Visio),,,Permission unmanaged,None
Microsoft Active Directory,Jasper Vroegindeweij (500359),Jasper Vroegindeweij,jasper.vroegindeweij32,True,APP-PowerBI-Pro (avo.local/Sample/Groups/APP-PowerBI-Pro),,,Permission unmanaged,None
Microsoft Active Directory,Jasper Vroegindeweij (500359),Jasper Vroegindeweij,jasper.vroegindeweij32,True,LIC-M365-E5 (avo.local/Sample/Groups/LIC-M365-E5),,,Permission unmanaged,None
Microsoft Active Directory,Olivier Uijlenbroek (500360),Olivier Uijlenbroek,olivier.uijlenbroek33,True,ROLE-COM05-Communicatie (avo.local/Sample/Groups/ROLE-COM05-Communicatie),,,Permission unmanaged,None
Microsoft Active Directory,Olivier Uijlenbroek (500360),Olivier Uijlenbroek,olivier.uijlenbroek33,True,FS-COM05-Communicatie-RW (avo.local/Sample/Groups/FS-COM05-Communicatie-RW),,,Permission unmanaged,None
Microsoft Active Directory,Olivier Uijlenbroek (500360),Olivier Uijlenbroek,olivier.uijlenbroek33,True,APP-COM05-Communicatie-Portal (avo.local/Sample/Groups/APP-COM05-Communicatie-Portal),,,Permission unmanaged,None
Microsoft Active Directory,Olivier Uijlenbroek (500360),Olivier Uijlenbroek,olivier.uijlenbroek33,True,MBX-COM05-Communicatie (avo.local/Sample/Groups/MBX-COM05-Communicatie),,,Permission unmanaged,None
Microsoft Active Directory,Olivier Uijlenbroek (500360),Olivier Uijlenbroek,olivier.uijlenbroek33,True,TEAM-COM05-Communicatie (avo.local/Sample/Groups/TEAM-COM05-Communicatie),,,Permission unmanaged,None
Microsoft Active Directory,Olivier Uijlenbroek (500360),Olivier Uijlenbroek,olivier.uijlenbroek33,True,FS-COM05-Communicatie-RO (avo.local/Sample/Groups/FS-COM05-Communicatie-RO),,,Permission unmanaged,None
Microsoft Active Directory,Olivier Uijlenbroek (500360),Olivier Uijlenbroek,olivier.uijlenbroek33,True,APP-Planner (avo.local/Sample/Groups/APP-Planner),,,Permission unmanaged,None
Microsoft Active Directory,Olivier Uijlenbroek (500360),Olivier Uijlenbroek,olivier.uijlenbroek33,True,PRINT-Default (avo.local/Sample/Groups/PRINT-Default),,,Permission unmanaged,None
Microsoft Active Directory,Olivier Uijlenbroek (500360),Olivier Uijlenbroek,olivier.uijlenbroek33,True,WIFI-Personeel (avo.local/Sample/Groups/WIFI-Personeel),,,Permission unmanaged,None
Microsoft Active Directory,Olivier Uijlenbroek (500360),Olivier Uijlenbroek,olivier.uijlenbroek33,True,SEC-Antivirus (avo.local/Sample/Groups/SEC-Antivirus),,,Permission unmanaged,None
Microsoft Active Directory,Olivier Uijlenbroek (500360),Olivier Uijlenbroek,olivier.uijlenbroek33,True,SEC-DiskEncryption (avo.local/Sample/Groups/SEC-DiskEncryption),,,Permission unmanaged,None
Microsoft Active Directory,Olivier Uijlenbroek (500360),Olivier Uijlenbroek,olivier.uijlenbroek33,True,SEC-Endpoint-Protection (avo.local/Sample/Groups/SEC-Endpoint-Protection),,,Permission unmanaged,None
Microsoft Active Directory,Olivier Uijlenbroek (500360),Olivier Uijlenbroek,olivier.uijlenbroek33,True,APP-Adobe-AcrobatPro (avo.local/Sample/Groups/APP-Adobe-AcrobatPro),,,Permission unmanaged,None
Microsoft Active Directory,Olivier Uijlenbroek (500360),Olivier Uijlenbroek,olivier.uijlenbroek33,True,LIC-M365-F3 (avo.local/Sample/Groups/LIC-M365-F3),,,Permission unmanaged,None
Microsoft Active Directory,,Finn Kalisvaart (admin),adm-finn.kalisvaart34,True,,,,Account unmanaged,None
Microsoft Active Directory,,Finn Kalisvaart (admin),adm-finn.kalisvaart34,True,ADMIN-AD-Beheer (avo.local/Sample/Groups/ADMIN-AD-Beheer),,,Permission unmanaged,None
Microsoft Active Directory,,Finn Kalisvaart (admin),adm-finn.kalisvaart34,True,PRIV-PAM-Kluis (avo.local/Sample/Groups/PRIV-PAM-Kluis),,,Permission unmanaged,None
Microsoft Active Directory,,Finn Kalisvaart (admin),adm-finn.kalisvaart34,True,SRV-Applicatieserver (avo.local/Sample/Groups/SRV-Applicatieserver),,,Permission unmanaged,None
Microsoft Active Directory,,Finn Kalisvaart (admin),adm-finn.kalisvaart34,True,SRV-Aanmelden-AlsService (avo.local/Sample/Groups/SRV-Aanmelden-AlsService),,,Permission unmanaged,None
Microsoft Active Directory,,Service CA060-Revalidatie,svc-ca01035,True,,,,Account unmanaged,None
Microsoft Active Directory,,Service CA060-Revalidatie,svc-ca01035,True,SRV-Aanmelden-AlsService (avo.local/Sample/Groups/SRV-Aanmelden-AlsService),,,Permission unmanaged,None
Microsoft Active Directory,,Service CA060-Revalidatie,svc-ca01035,True,SRV-RDP-Beheerservers (avo.local/Sample/Groups/SRV-RDP-Beheerservers),,,Permission unmanaged,None
Microsoft Active Directory,,Service CA060-Revalidatie,svc-ca01035,True,DB-SQL-Service (avo.local/Sample/Groups/DB-SQL-Service),,,Permission unmanaged,None
Microsoft Active Directory,Eva Lindeboom (500363),Eva Lindeboom,eva.lindeboom36,True,TEAM-INK08-Inkoop (avo.local/Sample/Groups/TEAM-INK08-Inkoop),,,Permission unmanaged,None
Microsoft Active Directory,Eva Lindeboom (500363),Eva Lindeboom,eva.lindeboom36,True,APP-INK08-Inkoop-Portal (avo.local/Sample/Groups/APP-INK08-Inkoop-Portal),,,Permission unmanaged,None
Microsoft Active Directory,Eva Lindeboom (500363),Eva Lindeboom,eva.lindeboom36,True,MBX-INK08-Inkoop (avo.local/Sample/Groups/MBX-INK08-Inkoop),,,Permission unmanaged,None
Microsoft Active Directory,Eva Lindeboom (500363),Eva Lindeboom,eva.lindeboom36,True,FS-INK08-Inkoop-RW (avo.local/Sample/Groups/FS-INK08-Inkoop-RW),,,Permission unmanaged,None
Microsoft Active Directory,Eva Lindeboom (500363),Eva Lindeboom,eva.lindeboom36,True,FS-INK08-Inkoop-RO (avo.local/Sample/Groups/FS-INK08-Inkoop-RO),,,Permission unmanaged,None
Microsoft Active Directory,Eva Lindeboom (500363),Eva Lindeboom,eva.lindeboom36,True,APP-Office365 (avo.local/Sample/Groups/APP-Office365),,,Permission unmanaged,None
Microsoft Active Directory,Eva Lindeboom (500363),Eva Lindeboom,eva.lindeboom36,True,APP-Teams (avo.local/Sample/Groups/APP-Teams),,,Permission unmanaged,None
Microsoft Active Directory,Eva Lindeboom (500363),Eva Lindeboom,eva.lindeboom36,True,APP-Selfservice (avo.local/Sample/Groups/APP-Selfservice),,,Permission unmanaged,None
Microsoft Active Directory,Eva Lindeboom (500363),Eva Lindeboom,eva.lindeboom36,True,PRINT-Default (avo.local/Sample/Groups/PRINT-Default),,,Permission unmanaged,None
Microsoft Active Directory,Eva Lindeboom (500363),Eva Lindeboom,eva.lindeboom36,True,SEC-Antivirus (avo.local/Sample/Groups/SEC-Antivirus),,,Permission unmanaged,None
Microsoft Active Directory,Eva Lindeboom (500363),Eva Lindeboom,eva.lindeboom36,True,SEC-DiskEncryption (avo.local/Sample/Groups/SEC-DiskEncryption),,,Permission unmanaged,None
Microsoft Active Directory,Eva Lindeboom (500363),Eva Lindeboom,eva.lindeboom36,True,SEC-MFA-Enrolled (avo.local/Sample/Groups/SEC-MFA-Enrolled),,,Permission unmanaged,None
Microsoft Active Directory,Eva Lindeboom (500363),Eva Lindeboom,eva.lindeboom36,True,SEC-Endpoint-Protection (avo.local/Sample/Groups/SEC-Endpoint-Protection),,,Permission unmanaged,None
Microsoft Active Directory,Eva Lindeboom (500363),Eva Lindeboom,eva.lindeboom36,True,APP-PowerBI-Pro (avo.local/Sample/Groups/APP-PowerBI-Pro),,,Permission unmanaged,None
Microsoft Active Directory,Eva Lindeboom (500363),Eva Lindeboom,eva.lindeboom36,True,APP-Visio (avo.local/Sample/Groups/APP-Visio),,,Permission unmanaged,None
Microsoft Active Directory,Eva Lindeboom (500363),Eva Lindeboom,eva.lindeboom36,True,LIC-M365-E1 (avo.local/Sample/Groups/LIC-M365-E1),,,Permission unmanaged,None
Microsoft Active Directory,Wout Hoekstra (500364),Wout Hoekstra,wout.hoekstra37,True,MBX-HRM02-Personeel (avo.local/Sample/Groups/MBX-HRM02-Personeel),,,Permission unmanaged,None
Microsoft Active Directory,Wout Hoekstra (500364),Wout Hoekstra,wout.hoekstra37,True,FS-HRM02-Personeel-RW (avo.local/Sample/Groups/FS-HRM02-Personeel-RW),,,Permission unmanaged,None
Microsoft Active Directory,Wout Hoekstra (500364),Wout Hoekstra,wout.hoekstra37,True,APP-HRM02-Personeel-Portal (avo.local/Sample/Groups/APP-HRM02-Personeel-Portal),,,Permission unmanaged,None
Microsoft Active Directory,Wout Hoekstra (500364),Wout Hoekstra,wout.hoekstra37,True,TEAM-HRM02-Personeel (avo.local/Sample/Groups/TEAM-HRM02-Personeel),,,Permission unmanaged,None
Microsoft Active Directory,Wout Hoekstra (500364),Wout Hoekstra,wout.hoekstra37,True,ROLE-HRM02-Personeel (avo.local/Sample/Groups/ROLE-HRM02-Personeel),,,Permission unmanaged,None
Microsoft Active Directory,Wout Hoekstra (500364),Wout Hoekstra,wout.hoekstra37,True,APP-Selfservice (avo.local/Sample/Groups/APP-Selfservice),,,Permission unmanaged,None
Microsoft Active Directory,Wout Hoekstra (500364),Wout Hoekstra,wout.hoekstra37,True,SEC-Antivirus (avo.local/Sample/Groups/SEC-Antivirus),,,Permission unmanaged,None
Microsoft Active Directory,Wout Hoekstra (500364),Wout Hoekstra,wout.hoekstra37,True,SEC-MFA-Enrolled (avo.local/Sample/Groups/SEC-MFA-Enrolled),,,Permission unmanaged,None
Microsoft Active Directory,Wout Hoekstra (500364),Wout Hoekstra,wout.hoekstra37,True,SEC-Endpoint-Protection (avo.local/Sample/Groups/SEC-Endpoint-Protection),,,Permission unmanaged,None
Microsoft Active Directory,Wout Hoekstra (500364),Wout Hoekstra,wout.hoekstra37,True,LIC-M365-E5 (avo.local/Sample/Groups/LIC-M365-E5),,,Permission unmanaged,None
Microsoft Active Directory,Gijs Oosterhuis (500365),Gijs Oosterhuis,gijs.oosterhuis38,False,FS-FIN01-Financien-RW (avo.local/Sample/Groups/FS-FIN01-Financien-RW),,,Permission unmanaged,None
Microsoft Active Directory,Gijs Oosterhuis (500365),Gijs Oosterhuis,gijs.oosterhuis38,False,FS-FIN01-Financien-RO (avo.local/Sample/Groups/FS-FIN01-Financien-RO),,,Permission unmanaged,None
Microsoft Active Directory,Gijs Oosterhuis (500365),Gijs Oosterhuis,gijs.oosterhuis38,False,ROLE-FIN01-Financien (avo.local/Sample/Groups/ROLE-FIN01-Financien),,,Permission unmanaged,None
Microsoft Active Directory,Gijs Oosterhuis (500365),Gijs Oosterhuis,gijs.oosterhuis38,False,APP-Teams (avo.local/Sample/Groups/APP-Teams),,,Permission unmanaged,None
Microsoft Active Directory,Gijs Oosterhuis (500365),Gijs Oosterhuis,gijs.oosterhuis38,False,APP-Selfservice (avo.local/Sample/Groups/APP-Selfservice),,,Permission unmanaged,None
Microsoft Active Directory,Gijs Oosterhuis (500365),Gijs Oosterhuis,gijs.oosterhuis38,False,SEC-Antivirus (avo.local/Sample/Groups/SEC-Antivirus),,,Permission unmanaged,None
Microsoft Active Directory,Gijs Oosterhuis (500365),Gijs Oosterhuis,gijs.oosterhuis38,False,SEC-DiskEncryption (avo.local/Sample/Groups/SEC-DiskEncryption),,,Permission unmanaged,None
Microsoft Active Directory,Gijs Oosterhuis (500365),Gijs Oosterhuis,gijs.oosterhuis38,False,SEC-MFA-Enrolled (avo.local/Sample/Groups/SEC-MFA-Enrolled),,,Permission unmanaged,None
Microsoft Active Directory,Gijs Oosterhuis (500365),Gijs Oosterhuis,gijs.oosterhuis38,False,SEC-Endpoint-Protection (avo.local/Sample/Groups/SEC-Endpoint-Protection),,,Permission unmanaged,None
Microsoft Active Directory,Gijs Oosterhuis (500365),Gijs Oosterhuis,gijs.oosterhuis38,False,APP-Visio (avo.local/Sample/Groups/APP-Visio),,,Permission unmanaged,None
Microsoft Active Directory,Gijs Oosterhuis (500365),Gijs Oosterhuis,gijs.oosterhuis38,False,LIC-M365-E1 (avo.local/Sample/Groups/LIC-M365-E1),,,Permission unmanaged,None
Microsoft Active Directory,,Quinten Pronk,quinten.pronk39,True,,,,Account unmanaged,None
Microsoft Active Directory,,Quinten Pronk,quinten.pronk39,True,ROLE-FIN01-Financien (avo.local/Sample/Groups/ROLE-FIN01-Financien),,,Permission unmanaged,None
Microsoft Active Directory,,Quinten Pronk,quinten.pronk39,True,FS-FIN01-Financien-RW (avo.local/Sample/Groups/FS-FIN01-Financien-RW),,,Permission unmanaged,None
Microsoft Active Directory,,Quinten Pronk,quinten.pronk39,True,MBX-FIN01-Financien (avo.local/Sample/Groups/MBX-FIN01-Financien),,,Permission unmanaged,None
Microsoft Active Directory,,Quinten Pronk,quinten.pronk39,True,FS-FIN01-Financien-RO (avo.local/Sample/Groups/FS-FIN01-Financien-RO),,,Permission unmanaged,None
Microsoft Active Directory,,Quinten Pronk,quinten.pronk39,True,APP-FIN01-Financien-Portal (avo.local/Sample/Groups/APP-FIN01-Financien-Portal),,,Permission unmanaged,None
Microsoft Active Directory,,Quinten Pronk,quinten.pronk39,True,TEAM-FIN01-Financien (avo.local/Sample/Groups/TEAM-FIN01-Financien),,,Permission unmanaged,None
Microsoft Active Directory,,Quinten Pronk,quinten.pronk39,True,APP-Teams (avo.local/Sample/Groups/APP-Teams),,,Permission unmanaged,None
Microsoft Active Directory,,Quinten Pronk,quinten.pronk39,True,SEC-Antivirus (avo.local/Sample/Groups/SEC-Antivirus),,,Permission unmanaged,None
Microsoft Active Directory,,Quinten Pronk,quinten.pronk39,True,SEC-DiskEncryption (avo.local/Sample/Groups/SEC-DiskEncryption),,,Permission unmanaged,None
Microsoft Active Directory,,Quinten Pronk,quinten.pronk39,True,SEC-MFA-Enrolled (avo.local/Sample/Groups/SEC-MFA-Enrolled),,,Permission unmanaged,None
Microsoft Active Directory,,Quinten Pronk,quinten.pronk39,True,SEC-Endpoint-Protection (avo.local/Sample/Groups/SEC-Endpoint-Protection),,,Permission unmanaged,None
Microsoft Active Directory,,Quinten Pronk,quinten.pronk39,True,LIC-M365-E3 (avo.local/Sample/Groups/LIC-M365-E3),,,Permission unmanaged,None
Microsoft Active Directory,Hanna Jonker (500367),Hanna Jonker,hanna.jonker40,True,FS-INK08-Inkoop-RO (avo.local/Sample/Groups/FS-INK08-Inkoop-RO),,,Permission unmanaged,None
Microsoft Active Directory,Hanna Jonker (500367),Hanna Jonker,hanna.jonker40,True,ROLE-INK08-Inkoop (avo.local/Sample/Groups/ROLE-INK08-Inkoop),,,Permission unmanaged,None
Microsoft Active Directory,Hanna Jonker (500367),Hanna Jonker,hanna.jonker40,True,FS-INK08-Inkoop-RW (avo.local/Sample/Groups/FS-INK08-Inkoop-RW),,,Permission unmanaged,None
Microsoft Active Directory,Hanna Jonker (500367),Hanna Jonker,hanna.jonker40,True,APP-INK08-Inkoop-Portal (avo.local/Sample/Groups/APP-INK08-Inkoop-Portal),,,Permission unmanaged,None
Microsoft Active Directory,Hanna Jonker (500367),Hanna Jonker,hanna.jonker40,True,APP-Office365 (avo.local/Sample/Groups/APP-Office365),,,Permission unmanaged,None
Microsoft Active Directory,Hanna Jonker (500367),Hanna Jonker,hanna.jonker40,True,WIFI-Personeel (avo.local/Sample/Groups/WIFI-Personeel),,,Permission unmanaged,None
Microsoft Active Directory,Hanna Jonker (500367),Hanna Jonker,hanna.jonker40,True,SEC-DiskEncryption (avo.local/Sample/Groups/SEC-DiskEncryption),,,Permission unmanaged,None
Microsoft Active Directory,Hanna Jonker (500367),Hanna Jonker,hanna.jonker40,True,SEC-MFA-Enrolled (avo.local/Sample/Groups/SEC-MFA-Enrolled),,,Permission unmanaged,None
Microsoft Active Directory,Hanna Jonker (500367),Hanna Jonker,hanna.jonker40,True,SEC-Endpoint-Protection (avo.local/Sample/Groups/SEC-Endpoint-Protection),,,Permission unmanaged,None
Microsoft Active Directory,Hanna Jonker (500367),Hanna Jonker,hanna.jonker40,True,APP-Copilot (avo.local/Sample/Groups/APP-Copilot),,,Permission unmanaged,None
Microsoft Active Directory,Hanna Jonker (500367),Hanna Jonker,hanna.jonker40,True,APP-Project (avo.local/Sample/Groups/APP-Project),,,Permission unmanaged,None
Microsoft Active Directory,Hanna Jonker (500367),Hanna Jonker,hanna.jonker40,True,LIC-M365-E3 (avo.local/Sample/Groups/LIC-M365-E3),,,Permission unmanaged,None
Microsoft Active Directory,,Tess Oosterhuis,tess.oosterhuis41,True,,,,Account unmanaged,None
Microsoft Active Directory,,Tess Oosterhuis,tess.oosterhuis41,True,APP-CB12-Dagbesteding-Portal (avo.local/Sample/Groups/APP-CB12-Dagbesteding-Portal),,,Permission unmanaged,None
Microsoft Active Directory,,Tess Oosterhuis,tess.oosterhuis41,True,TEAM-CB12-Dagbesteding (avo.local/Sample/Groups/TEAM-CB12-Dagbesteding),,,Permission unmanaged,None
Microsoft Active Directory,,Tess Oosterhuis,tess.oosterhuis41,True,FS-CB12-Dagbesteding-RW (avo.local/Sample/Groups/FS-CB12-Dagbesteding-RW),,,Permission unmanaged,None
Microsoft Active Directory,,Tess Oosterhuis,tess.oosterhuis41,True,APP-Intranet (avo.local/Sample/Groups/APP-Intranet),,,Permission unmanaged,None
Microsoft Active Directory,,Tess Oosterhuis,tess.oosterhuis41,True,VPN-Thuiswerken (avo.local/Sample/Groups/VPN-Thuiswerken),,,Permission unmanaged,None
Microsoft Active Directory,,Tess Oosterhuis,tess.oosterhuis41,True,SEC-Antivirus (avo.local/Sample/Groups/SEC-Antivirus),,,Permission unmanaged,None
Microsoft Active Directory,,Tess Oosterhuis,tess.oosterhuis41,True,SEC-DiskEncryption (avo.local/Sample/Groups/SEC-DiskEncryption),,,Permission unmanaged,None
Microsoft Active Directory,,Tess Oosterhuis,tess.oosterhuis41,True,SEC-MFA-Enrolled (avo.local/Sample/Groups/SEC-MFA-Enrolled),,,Permission unmanaged,None
Microsoft Active Directory,,Tess Oosterhuis,tess.oosterhuis41,True,SEC-Endpoint-Protection (avo.local/Sample/Groups/SEC-Endpoint-Protection),,,Permission unmanaged,None
Microsoft Active Directory,,Tess Oosterhuis,tess.oosterhuis41,True,APP-PowerBI-Pro (avo.local/Sample/Groups/APP-PowerBI-Pro),,,Permission unmanaged,None
Microsoft Active Directory,,Tess Oosterhuis,tess.oosterhuis41,True,APP-Adobe-AcrobatPro (avo.local/Sample/Groups/APP-Adobe-AcrobatPro),,,Permission unmanaged,None
Microsoft Active Directory,,Tess Oosterhuis,tess.oosterhuis41,True,LIC-M365-F3 (avo.local/Sample/Groups/LIC-M365-F3),,,Permission unmanaged,None
Microsoft Active Directory,Yara Hoekstra (500369),Yara Hoekstra,yara.hoekstra42,True,MBX-CA060-Revalidatie (avo.local/Sample/Groups/MBX-CA060-Revalidatie),,,Permission unmanaged,None
Microsoft Active Directory,Yara Hoekstra (500369),Yara Hoekstra,yara.hoekstra42,True,FS-CA060-Revalidatie-RO (avo.local/Sample/Groups/FS-CA060-Revalidatie-RO),,,Permission unmanaged,None
Microsoft Active Directory,Yara Hoekstra (500369),Yara Hoekstra,yara.hoekstra42,True,FS-CA060-Revalidatie-RW (avo.local/Sample/Groups/FS-CA060-Revalidatie-RW),,,Permission unmanaged,None
Microsoft Active Directory,Yara Hoekstra (500369),Yara Hoekstra,yara.hoekstra42,True,APP-Teams (avo.local/Sample/Groups/APP-Teams),,,Permission unmanaged,None
Microsoft Active Directory,Yara Hoekstra (500369),Yara Hoekstra,yara.hoekstra42,True,APP-Intranet (avo.local/Sample/Groups/APP-Intranet),,,Permission unmanaged,None
Microsoft Active Directory,Yara Hoekstra (500369),Yara Hoekstra,yara.hoekstra42,True,SEC-Antivirus (avo.local/Sample/Groups/SEC-Antivirus),,,Permission unmanaged,None
Microsoft Active Directory,Yara Hoekstra (500369),Yara Hoekstra,yara.hoekstra42,True,SEC-DiskEncryption (avo.local/Sample/Groups/SEC-DiskEncryption),,,Permission unmanaged,None
Microsoft Active Directory,Yara Hoekstra (500369),Yara Hoekstra,yara.hoekstra42,True,SEC-Endpoint-Protection (avo.local/Sample/Groups/SEC-Endpoint-Protection),,,Permission unmanaged,None
Microsoft Active Directory,Yara Hoekstra (500369),Yara Hoekstra,yara.hoekstra42,True,LIC-M365-E1 (avo.local/Sample/Groups/LIC-M365-E1),,,Permission unmanaged,None
Microsoft Active Directory,Yara Hoekstra (500369),Yara Hoekstra,yara.hoekstra42,True,APP-CA010-Thuiszorg-Portal (avo.local/Sample/Groups/APP-CA010-Thuiszorg-Portal),,,Permission unmanaged,None
Microsoft Active Directory,Yara Hoekstra (500369),Yara Hoekstra,yara.hoekstra42,True,FS-CA010-Thuiszorg-RW (avo.local/Sample/Groups/FS-CA010-Thuiszorg-RW),,,Permission unmanaged,None
Microsoft Active Directory,Yara Hoekstra (500369),Yara Hoekstra,yara.hoekstra42,True,FS-CA010-Thuiszorg-RO (avo.local/Sample/Groups/FS-CA010-Thuiszorg-RO),,,Permission unmanaged,None
Microsoft Active Directory,Yara Hoekstra (500369),Yara Hoekstra,yara.hoekstra42,True,FS-ZRG06-Wijkzorg-RW (avo.local/Sample/Groups/FS-ZRG06-Wijkzorg-RW),,,Permission unmanaged,None
Microsoft Active Directory,Yara Hoekstra (500369),Yara Hoekstra,yara.hoekstra42,True,TEAM-ZRG06-Wijkzorg (avo.local/Sample/Groups/TEAM-ZRG06-Wijkzorg),,,Permission unmanaged,None
Microsoft Active Directory,Yara Hoekstra (500369),Yara Hoekstra,yara.hoekstra42,True,ROLE-ZRG06-Wijkzorg (avo.local/Sample/Groups/ROLE-ZRG06-Wijkzorg),,,Permission unmanaged,None
Microsoft Active Directory,Yara Hoekstra (500369),Yara Hoekstra,yara.hoekstra42,True,APP-KWA07-Kwaliteit-Portal (avo.local/Sample/Groups/APP-KWA07-Kwaliteit-Portal),,,Permission unmanaged,None
Microsoft Active Directory,Yara Hoekstra (500369),Yara Hoekstra,yara.hoekstra42,True,TEAM-KWA07-Kwaliteit (avo.local/Sample/Groups/TEAM-KWA07-Kwaliteit),,,Permission unmanaged,None
Microsoft Active Directory,Yara Hoekstra (500369),Yara Hoekstra,yara.hoekstra42,True,ROLE-KWA07-Kwaliteit (avo.local/Sample/Groups/ROLE-KWA07-Kwaliteit),,,Permission unmanaged,None
Microsoft Active Directory,Mila Dijkgraaf (500370),Mila Dijkgraaf,mila.dijkgraaf43,True,ROLE-COM05-Communicatie (avo.local/Sample/Groups/ROLE-COM05-Communicatie),,,Permission unmanaged,None
Microsoft Active Directory,Mila Dijkgraaf (500370),Mila Dijkgraaf,mila.dijkgraaf43,True,FS-COM05-Communicatie-RW (avo.local/Sample/Groups/FS-COM05-Communicatie-RW),,,Permission unmanaged,None
Microsoft Active Directory,Mila Dijkgraaf (500370),Mila Dijkgraaf,mila.dijkgraaf43,True,APP-Planner (avo.local/Sample/Groups/APP-Planner),,,Permission unmanaged,None
Microsoft Active Directory,Mila Dijkgraaf (500370),Mila Dijkgraaf,mila.dijkgraaf43,True,APP-Intranet (avo.local/Sample/Groups/APP-Intranet),,,Permission unmanaged,None
Microsoft Active Directory,Mila Dijkgraaf (500370),Mila Dijkgraaf,mila.dijkgraaf43,True,SEC-Antivirus (avo.local/Sample/Groups/SEC-Antivirus),,,Permission unmanaged,None
Microsoft Active Directory,Mila Dijkgraaf (500370),Mila Dijkgraaf,mila.dijkgraaf43,True,SEC-DiskEncryption (avo.local/Sample/Groups/SEC-DiskEncryption),,,Permission unmanaged,None
Microsoft Active Directory,Mila Dijkgraaf (500370),Mila Dijkgraaf,mila.dijkgraaf43,True,SEC-Endpoint-Protection (avo.local/Sample/Groups/SEC-Endpoint-Protection),,,Permission unmanaged,None
Microsoft Active Directory,Mila Dijkgraaf (500370),Mila Dijkgraaf,mila.dijkgraaf43,True,LIC-M365-F3 (avo.local/Sample/Groups/LIC-M365-F3),,,Permission unmanaged,None
Microsoft Active Directory,,Daan Uijlenbroek,daan.uijlenbroek44,True,,,,Account unmanaged,None
Microsoft Active Directory,,Daan Uijlenbroek,daan.uijlenbroek44,True,FS-FAC04-Facilitair-RO (avo.local/Sample/Groups/FS-FAC04-Facilitair-RO),,,Permission unmanaged,None
Microsoft Active Directory,,Daan Uijlenbroek,daan.uijlenbroek44,True,ROLE-FAC04-Facilitair (avo.local/Sample/Groups/ROLE-FAC04-Facilitair),,,Permission unmanaged,None
Microsoft Active Directory,,Daan Uijlenbroek,daan.uijlenbroek44,True,TEAM-FAC04-Facilitair (avo.local/Sample/Groups/TEAM-FAC04-Facilitair),,,Permission unmanaged,None
Microsoft Active Directory,,Daan Uijlenbroek,daan.uijlenbroek44,True,FS-FAC04-Facilitair-RW (avo.local/Sample/Groups/FS-FAC04-Facilitair-RW),,,Permission unmanaged,None
Microsoft Active Directory,,Daan Uijlenbroek,daan.uijlenbroek44,True,APP-Intranet (avo.local/Sample/Groups/APP-Intranet),,,Permission unmanaged,None
Microsoft Active Directory,,Daan Uijlenbroek,daan.uijlenbroek44,True,APP-Planner (avo.local/Sample/Groups/APP-Planner),,,Permission unmanaged,None
Microsoft Active Directory,,Daan Uijlenbroek,daan.uijlenbroek44,True,APP-Office365 (avo.local/Sample/Groups/APP-Office365),,,Permission unmanaged,None
Microsoft Active Directory,,Daan Uijlenbroek,daan.uijlenbroek44,True,VPN-Thuiswerken (avo.local/Sample/Groups/VPN-Thuiswerken),,,Permission unmanaged,None
Microsoft Active Directory,,Daan Uijlenbroek,daan.uijlenbroek44,True,SEC-Antivirus (avo.local/Sample/Groups/SEC-Antivirus),,,Permission unmanaged,None
Microsoft Active Directory,,Daan Uijlenbroek,daan.uijlenbroek44,True,SEC-MFA-Enrolled (avo.local/Sample/Groups/SEC-MFA-Enrolled),,,Permission unmanaged,None
Microsoft Active Directory,,Daan Uijlenbroek,daan.uijlenbroek44,True,SEC-Endpoint-Protection (avo.local/Sample/Groups/SEC-Endpoint-Protection),,,Permission unmanaged,None
Microsoft Active Directory,,Daan Uijlenbroek,daan.uijlenbroek44,True,LIC-M365-E3 (avo.local/Sample/Groups/LIC-M365-E3),,,Permission unmanaged,None
Microsoft Active Directory,,Xander Fokkema (admin),adm-xander.fokkema45,True,,,,Account unmanaged,Excluded
Microsoft Active Directory,,Xander Fokkema (admin),adm-xander.fokkema45,True,PRIV-PAM-Kluis (avo.local/Sample/Groups/PRIV-PAM-Kluis),,,Permission unmanaged,None
Microsoft Active Directory,,Xander Fokkema (admin),adm-xander.fokkema45,True,ADMIN-Exchange-Beheer (avo.local/Sample/Groups/ADMIN-Exchange-Beheer),,,Permission unmanaged,None
Microsoft Active Directory,,Xander Fokkema (admin),adm-xander.fokkema45,True,ADMIN-Beheer (avo.local/Sample/Groups/ADMIN-Beheer),,,Permission unmanaged,None
Microsoft Active Directory,,Xander Fokkema (admin),adm-xander.fokkema45,True,SRV-RDP-Beheerservers (avo.local/Sample/Groups/SRV-RDP-Beheerservers),,,Permission unmanaged,None
Microsoft Active Directory,,Xander Fokkema (admin),adm-xander.fokkema45,True,DB-SQL-Service (avo.local/Sample/Groups/DB-SQL-Service),,,Permission unmanaged,None
Microsoft Active Directory,,Xander Fokkema (admin),adm-xander.fokkema45,True,LIC-M365-F3 (avo.local/Sample/Groups/LIC-M365-F3),,,Permission unmanaged,None
Microsoft Active Directory,Olivier Oosterhuis (500373),Olivier Oosterhuis,olivier.oosterhuis46,True,APP-INK08-Inkoop-Portal (avo.local/Sample/Groups/APP-INK08-Inkoop-Portal),,,Permission unmanaged,None
Microsoft Active Directory,Olivier Oosterhuis (500373),Olivier Oosterhuis,olivier.oosterhuis46,True,MBX-INK08-Inkoop (avo.local/Sample/Groups/MBX-INK08-Inkoop),,,Permission unmanaged,None
Microsoft Active Directory,Olivier Oosterhuis (500373),Olivier Oosterhuis,olivier.oosterhuis46,True,TEAM-INK08-Inkoop (avo.local/Sample/Groups/TEAM-INK08-Inkoop),,,Permission unmanaged,None
Microsoft Active Directory,Olivier Oosterhuis (500373),Olivier Oosterhuis,olivier.oosterhuis46,True,ROLE-INK08-Inkoop (avo.local/Sample/Groups/ROLE-INK08-Inkoop),,,Permission unmanaged,None
Microsoft Active Directory,Olivier Oosterhuis (500373),Olivier Oosterhuis,olivier.oosterhuis46,True,FS-INK08-Inkoop-RW (avo.local/Sample/Groups/FS-INK08-Inkoop-RW),,,Permission unmanaged,None
Microsoft Active Directory,Olivier Oosterhuis (500373),Olivier Oosterhuis,olivier.oosterhuis46,True,APP-Intranet (avo.local/Sample/Groups/APP-Intranet),,,Permission unmanaged,None
Microsoft Active Directory,Olivier Oosterhuis (500373),Olivier Oosterhuis,olivier.oosterhuis46,True,APP-Planner (avo.local/Sample/Groups/APP-Planner),,,Permission unmanaged,None
Microsoft Active Directory,Olivier Oosterhuis (500373),Olivier Oosterhuis,olivier.oosterhuis46,True,WIFI-Personeel (avo.local/Sample/Groups/WIFI-Personeel),,,Permission unmanaged,None
Microsoft Active Directory,Olivier Oosterhuis (500373),Olivier Oosterhuis,olivier.oosterhuis46,True,SEC-Antivirus (avo.local/Sample/Groups/SEC-Antivirus),,,Permission unmanaged,None
Microsoft Active Directory,Olivier Oosterhuis (500373),Olivier Oosterhuis,olivier.oosterhuis46,True,SEC-DiskEncryption (avo.local/Sample/Groups/SEC-DiskEncryption),,,Permission unmanaged,None
Microsoft Active Directory,Olivier Oosterhuis (500373),Olivier Oosterhuis,olivier.oosterhuis46,True,SEC-MFA-Enrolled (avo.local/Sample/Groups/SEC-MFA-Enrolled),,,Permission unmanaged,None
Microsoft Active Directory,Olivier Oosterhuis (500373),Olivier Oosterhuis,olivier.oosterhuis46,True,APP-Adobe-AcrobatPro (avo.local/Sample/Groups/APP-Adobe-AcrobatPro),,,Permission unmanaged,None
Microsoft Active Directory,Olivier Oosterhuis (500373),Olivier Oosterhuis,olivier.oosterhuis46,True,APP-Copilot (avo.local/Sample/Groups/APP-Copilot),,,Permission unmanaged,None
Microsoft Active Directory,Olivier Oosterhuis (500373),Olivier Oosterhuis,olivier.oosterhuis46,True,LIC-M365-E3 (avo.local/Sample/Groups/LIC-M365-E3),,,Permission unmanaged,None
Microsoft Active Directory,Hanna Berkhout (500374),Hanna Berkhout,hanna.berkhout47,True,ROLE-HRM02-Personeel (avo.local/Sample/Groups/ROLE-HRM02-Personeel),,,Permission unmanaged,None
Microsoft Active Directory,Hanna Berkhout (500374),Hanna Berkhout,hanna.berkhout47,True,FS-HRM02-Personeel-RO (avo.local/Sample/Groups/FS-HRM02-Personeel-RO),,,Permission unmanaged,None
Microsoft Active Directory,Hanna Berkhout (500374),Hanna Berkhout,hanna.berkhout47,True,MBX-HRM02-Personeel (avo.local/Sample/Groups/MBX-HRM02-Personeel),,,Permission unmanaged,None
Microsoft Active Directory,Hanna Berkhout (500374),Hanna Berkhout,hanna.berkhout47,True,APP-HRM02-Personeel-Portal (avo.local/Sample/Groups/APP-HRM02-Personeel-Portal),,,Permission unmanaged,None
Microsoft Active Directory,Hanna Berkhout (500374),Hanna Berkhout,hanna.berkhout47,True,FS-HRM02-Personeel-RW (avo.local/Sample/Groups/FS-HRM02-Personeel-RW),,,Permission unmanaged,None
Microsoft Active Directory,Hanna Berkhout (500374),Hanna Berkhout,hanna.berkhout47,True,APP-Planner (avo.local/Sample/Groups/APP-Planner),,,Permission unmanaged,None
Microsoft Active Directory,Hanna Berkhout (500374),Hanna Berkhout,hanna.berkhout47,True,APP-Selfservice (avo.local/Sample/Groups/APP-Selfservice),,,Permission unmanaged,None
Microsoft Active Directory,Hanna Berkhout (500374),Hanna Berkhout,hanna.berkhout47,True,VPN-Thuiswerken (avo.local/Sample/Groups/VPN-Thuiswerken),,,Permission unmanaged,None
Microsoft Active Directory,Hanna Berkhout (500374),Hanna Berkhout,hanna.berkhout47,True,WIFI-Personeel (avo.local/Sample/Groups/WIFI-Personeel),,,Permission unmanaged,None
Microsoft Active Directory,Hanna Berkhout (500374),Hanna Berkhout,hanna.berkhout47,True,SEC-DiskEncryption (avo.local/Sample/Groups/SEC-DiskEncryption),,,Permission unmanaged,None
Microsoft Active Directory,Hanna Berkhout (500374),Hanna Berkhout,hanna.berkhout47,True,SEC-MFA-Enrolled (avo.local/Sample/Groups/SEC-MFA-Enrolled),,,Permission unmanaged,None
Microsoft Active Directory,Hanna Berkhout (500374),Hanna Berkhout,hanna.berkhout47,True,SEC-Endpoint-Protection (avo.local/Sample/Groups/SEC-Endpoint-Protection),,,Permission unmanaged,None
Microsoft Active Directory,Hanna Berkhout (500374),Hanna Berkhout,hanna.berkhout47,True,APP-Copilot (avo.local/Sample/Groups/APP-Copilot),,,Permission unmanaged,None
Microsoft Active Directory,Hanna Berkhout (500374),Hanna Berkhout,hanna.berkhout47,True,LIC-M365-E1 (avo.local/Sample/Groups/LIC-M365-E1),,,Permission unmanaged,None
Microsoft Active Directory,Daan Terlouw (500375),Daan Terlouw,daan.terlouw48,True,FS-HRM02-Personeel-RW (avo.local/Sample/Groups/FS-HRM02-Personeel-RW),,,Permission unmanaged,None
Microsoft Active Directory,Daan Terlouw (500375),Daan Terlouw,daan.terlouw48,True,APP-HRM02-Personeel-Portal (avo.local/Sample/Groups/APP-HRM02-Personeel-Portal),,,Permission unmanaged,None
Microsoft Active Directory,Daan Terlouw (500375),Daan Terlouw,daan.terlouw48,True,FS-HRM02-Personeel-RO (avo.local/Sample/Groups/FS-HRM02-Personeel-RO),,,Permission unmanaged,None
Microsoft Active Directory,Daan Terlouw (500375),Daan Terlouw,daan.terlouw48,True,TEAM-HRM02-Personeel (avo.local/Sample/Groups/TEAM-HRM02-Personeel),,,Permission unmanaged,None
Microsoft Active Directory,Daan Terlouw (500375),Daan Terlouw,daan.terlouw48,True,ROLE-HRM02-Personeel (avo.local/Sample/Groups/ROLE-HRM02-Personeel),,,Permission unmanaged,None
Microsoft Active Directory,Daan Terlouw (500375),Daan Terlouw,daan.terlouw48,True,MBX-HRM02-Personeel (avo.local/Sample/Groups/MBX-HRM02-Personeel),,,Permission unmanaged,None
Microsoft Active Directory,Daan Terlouw (500375),Daan Terlouw,daan.terlouw48,True,APP-Office365 (avo.local/Sample/Groups/APP-Office365),,,Permission unmanaged,None
Microsoft Active Directory,Daan Terlouw (500375),Daan Terlouw,daan.terlouw48,True,WIFI-Personeel (avo.local/Sample/Groups/WIFI-Personeel),,,Permission unmanaged,None
Microsoft Active Directory,Daan Terlouw (500375),Daan Terlouw,daan.terlouw48,True,PRINT-Default (avo.local/Sample/Groups/PRINT-Default),,,Permission unmanaged,None
Microsoft Active Directory,Daan Terlouw (500375),Daan Terlouw,daan.terlouw48,True,SEC-Antivirus (avo.local/Sample/Groups/SEC-Antivirus),,,Permission unmanaged,None
Microsoft Active Directory,Daan Terlouw (500375),Daan Terlouw,daan.terlouw48,True,SEC-MFA-Enrolled (avo.local/Sample/Groups/SEC-MFA-Enrolled),,,Permission unmanaged,None
Microsoft Active Directory,Daan Terlouw (500375),Daan Terlouw,daan.terlouw48,True,SEC-Endpoint-Protection (avo.local/Sample/Groups/SEC-Endpoint-Protection),,,Permission unmanaged,None
Microsoft Active Directory,Daan Terlouw (500375),Daan Terlouw,daan.terlouw48,True,LIC-M365-E1 (avo.local/Sample/Groups/LIC-M365-E1),,,Permission unmanaged,None
Microsoft Active Directory,,Kim Pronk (admin),adm-kim.pronk49,True,,,,Account unmanaged,None
Microsoft Active Directory,,Kim Pronk (admin),adm-kim.pronk49,True,ADMIN-AD-Beheer (avo.local/Sample/Groups/ADMIN-AD-Beheer),,,Permission unmanaged,None
Microsoft Active Directory,,Kim Pronk (admin),adm-kim.pronk49,True,LIC-M365-E1 (avo.local/Sample/Groups/LIC-M365-E1),,,Permission unmanaged,None
Microsoft Active Directory,Hanna Elzinga (500377),Hanna Elzinga,hanna.elzinga50,True,TEAM-FAC04-Facilitair (avo.local/Sample/Groups/TEAM-FAC04-Facilitair),,,Permission unmanaged,None
Microsoft Active Directory,Hanna Elzinga (500377),Hanna Elzinga,hanna.elzinga50,True,FS-FAC04-Facilitair-RW (avo.local/Sample/Groups/FS-FAC04-Facilitair-RW),,,Permission unmanaged,None
Microsoft Active Directory,Hanna Elzinga (500377),Hanna Elzinga,hanna.elzinga50,True,ROLE-FAC04-Facilitair (avo.local/Sample/Groups/ROLE-FAC04-Facilitair),,,Permission unmanaged,None
Microsoft Active Directory,Hanna Elzinga (500377),Hanna Elzinga,hanna.elzinga50,True,APP-Teams (avo.local/Sample/Groups/APP-Teams),,,Permission unmanaged,None
Microsoft Active Directory,Hanna Elzinga (500377),Hanna Elzinga,hanna.elzinga50,True,WIFI-Personeel (avo.local/Sample/Groups/WIFI-Personeel),,,Permission unmanaged,None
Microsoft Active Directory,Hanna Elzinga (500377),Hanna Elzinga,hanna.elzinga50,True,VPN-Thuiswerken (avo.local/Sample/Groups/VPN-Thuiswerken),,,Permission unmanaged,None
Microsoft Active Directory,Hanna Elzinga (500377),Hanna Elzinga,hanna.elzinga50,True,SEC-Antivirus (avo.local/Sample/Groups/SEC-Antivirus),,,Permission unmanaged,None
Microsoft Active Directory,Hanna Elzinga (500377),Hanna Elzinga,hanna.elzinga50,True,SEC-DiskEncryption (avo.local/Sample/Groups/SEC-DiskEncryption),,,Permission unmanaged,None
Microsoft Active Directory,Hanna Elzinga (500377),Hanna Elzinga,hanna.elzinga50,True,SEC-MFA-Enrolled (avo.local/Sample/Groups/SEC-MFA-Enrolled),,,Permission unmanaged,None
Microsoft Active Directory,Hanna Elzinga (500377),Hanna Elzinga,hanna.elzinga50,True,SEC-Endpoint-Protection (avo.local/Sample/Groups/SEC-Endpoint-Protection),,,Permission unmanaged,None
Microsoft Active Directory,Hanna Elzinga (500377),Hanna Elzinga,hanna.elzinga50,True,APP-Project (avo.local/Sample/Groups/APP-Project),,,Permission unmanaged,None
Microsoft Active Directory,Hanna Elzinga (500377),Hanna Elzinga,hanna.elzinga50,True,LIC-M365-F3 (avo.local/Sample/Groups/LIC-M365-F3),,,Permission unmanaged,None
Microsoft Active Directory,,Lars Zomerdijk,lars.zomerdijk51,True,,,,Account unmanaged,None
Microsoft Active Directory,,Lars Zomerdijk,lars.zomerdijk51,True,TEAM-KWA07-Kwaliteit (avo.local/Sample/Groups/TEAM-KWA07-Kwaliteit),,,Permission unmanaged,None
Microsoft Active Directory,,Lars Zomerdijk,lars.zomerdijk51,True,FS-KWA07-Kwaliteit-RO (avo.local/Sample/Groups/FS-KWA07-Kwaliteit-RO),,,Permission unmanaged,None
Microsoft Active Directory,,Lars Zomerdijk,lars.zomerdijk51,True,MBX-KWA07-Kwaliteit (avo.local/Sample/Groups/MBX-KWA07-Kwaliteit),,,Permission unmanaged,None
Microsoft Active Directory,,Lars Zomerdijk,lars.zomerdijk51,True,APP-Intranet (avo.local/Sample/Groups/APP-Intranet),,,Permission unmanaged,None
Microsoft Active Directory,,Lars Zomerdijk,lars.zomerdijk51,True,VPN-Thuiswerken (avo.local/Sample/Groups/VPN-Thuiswerken),,,Permission unmanaged,None
Microsoft Active Directory,,Lars Zomerdijk,lars.zomerdijk51,True,SEC-Antivirus (avo.local/Sample/Groups/SEC-Antivirus),,,Permission unmanaged,None
Microsoft Active Directory,,Lars Zomerdijk,lars.zomerdijk51,True,SEC-DiskEncryption (avo.local/Sample/Groups/SEC-DiskEncryption),,,Permission unmanaged,None
Microsoft Active Directory,,Lars Zomerdijk,lars.zomerdijk51,True,SEC-MFA-Enrolled (avo.local/Sample/Groups/SEC-MFA-Enrolled),,,Permission unmanaged,None
Microsoft Active Directory,,Lars Zomerdijk,lars.zomerdijk51,True,LIC-M365-E3 (avo.local/Sample/Groups/LIC-M365-E3),,,Permission unmanaged,None
Microsoft Active Directory,Xander Pronk (500379),Xander Pronk,xander.pronk52,True,FS-CA010-Thuiszorg-RW (avo.local/Sample/Groups/FS-CA010-Thuiszorg-RW),,,Permission unmanaged,None
Microsoft Active Directory,Xander Pronk (500379),Xander Pronk,xander.pronk52,True,ROLE-CA010-Thuiszorg (avo.local/Sample/Groups/ROLE-CA010-Thuiszorg),,,Permission unmanaged,None
Microsoft Active Directory,Xander Pronk (500379),Xander Pronk,xander.pronk52,True,FS-CA010-Thuiszorg-RO (avo.local/Sample/Groups/FS-CA010-Thuiszorg-RO),,,Permission unmanaged,None
Microsoft Active Directory,Xander Pronk (500379),Xander Pronk,xander.pronk52,True,APP-Teams (avo.local/Sample/Groups/APP-Teams),,,Permission unmanaged,None
Microsoft Active Directory,Xander Pronk (500379),Xander Pronk,xander.pronk52,True,APP-Intranet (avo.local/Sample/Groups/APP-Intranet),,,Permission unmanaged,None
Microsoft Active Directory,Xander Pronk (500379),Xander Pronk,xander.pronk52,True,APP-Selfservice (avo.local/Sample/Groups/APP-Selfservice),,,Permission unmanaged,None
Microsoft Active Directory,Xander Pronk (500379),Xander Pronk,xander.pronk52,True,PRINT-Default (avo.local/Sample/Groups/PRINT-Default),,,Permission unmanaged,None
Microsoft Active Directory,Xander Pronk (500379),Xander Pronk,xander.pronk52,True,SEC-DiskEncryption (avo.local/Sample/Groups/SEC-DiskEncryption),,,Permission unmanaged,None
Microsoft Active Directory,Xander Pronk (500379),Xander Pronk,xander.pronk52,True,SEC-MFA-Enrolled (avo.local/Sample/Groups/SEC-MFA-Enrolled),,,Permission unmanaged,None
Microsoft Active Directory,Xander Pronk (500379),Xander Pronk,xander.pronk52,True,SEC-Endpoint-Protection (avo.local/Sample/Groups/SEC-Endpoint-Protection),,,Permission unmanaged,None
Microsoft Active Directory,Xander Pronk (500379),Xander Pronk,xander.pronk52,True,LIC-M365-E5 (avo.local/Sample/Groups/LIC-M365-E5),,,Permission unmanaged,None
Microsoft Active Directory,Quinten Ipenburg (500380),Quinten Ipenburg,quinten.ipenburg53,True,TEAM-ICT03-Techniek (avo.local/Sample/Groups/TEAM-ICT03-Techniek),,,Permission unmanaged,None
Microsoft Active Directory,Quinten Ipenburg (500380),Quinten Ipenburg,quinten.ipenburg53,True,MBX-ICT03-Techniek (avo.local/Sample/Groups/MBX-ICT03-Techniek),,,Permission unmanaged,None
Microsoft Active Directory,Quinten Ipenburg (500380),Quinten Ipenburg,quinten.ipenburg53,True,APP-Planner (avo.local/Sample/Groups/APP-Planner),,,Permission unmanaged,None
Microsoft Active Directory,Quinten Ipenburg (500380),Quinten Ipenburg,quinten.ipenburg53,True,APP-Teams (avo.local/Sample/Groups/APP-Teams),,,Permission unmanaged,None
Microsoft Active Directory,Quinten Ipenburg (500380),Quinten Ipenburg,quinten.ipenburg53,True,SEC-Antivirus (avo.local/Sample/Groups/SEC-Antivirus),,,Permission unmanaged,None
Microsoft Active Directory,Quinten Ipenburg (500380),Quinten Ipenburg,quinten.ipenburg53,True,SEC-MFA-Enrolled (avo.local/Sample/Groups/SEC-MFA-Enrolled),,,Permission unmanaged,None
Microsoft Active Directory,Quinten Ipenburg (500380),Quinten Ipenburg,quinten.ipenburg53,True,SEC-Endpoint-Protection (avo.local/Sample/Groups/SEC-Endpoint-Protection),,,Permission unmanaged,None
Microsoft Active Directory,Quinten Ipenburg (500380),Quinten Ipenburg,quinten.ipenburg53,True,LIC-M365-E3 (avo.local/Sample/Groups/LIC-M365-E3),,,Permission unmanaged,None
Microsoft Active Directory,,Ursula Ipenburg,ursula.ipenburg54,True,,,,Account unmanaged,None
Microsoft Active Directory,,Ursula Ipenburg,ursula.ipenburg54,True,APP-CA060-Revalidatie-Portal (avo.local/Sample/Groups/APP-CA060-Revalidatie-Portal),,,Permission unmanaged,None
Microsoft Active Directory,,Ursula Ipenburg,ursula.ipenburg54,True,FS-CA060-Revalidatie-RO (avo.local/Sample/Groups/FS-CA060-Revalidatie-RO),,,Permission unmanaged,None
Microsoft Active Directory,,Ursula Ipenburg,ursula.ipenburg54,True,MBX-CA060-Revalidatie (avo.local/Sample/Groups/MBX-CA060-Revalidatie),,,Permission unmanaged,None
Microsoft Active Directory,,Ursula Ipenburg,ursula.ipenburg54,True,TEAM-CA060-Revalidatie (avo.local/Sample/Groups/TEAM-CA060-Revalidatie),,,Permission unmanaged,None
Microsoft Active Directory,,Ursula Ipenburg,ursula.ipenburg54,True,FS-CA060-Revalidatie-RW (avo.local/Sample/Groups/FS-CA060-Revalidatie-RW),,,Permission unmanaged,None
Microsoft Active Directory,,Ursula Ipenburg,ursula.ipenburg54,True,ROLE-CA060-Revalidatie (avo.local/Sample/Groups/ROLE-CA060-Revalidatie),,,Permission unmanaged,None
Microsoft Active Directory,,Ursula Ipenburg,ursula.ipenburg54,True,APP-Office365 (avo.local/Sample/Groups/APP-Office365),,,Permission unmanaged,None
Microsoft Active Directory,,Ursula Ipenburg,ursula.ipenburg54,True,PRINT-Default (avo.local/Sample/Groups/PRINT-Default),,,Permission unmanaged,None
Microsoft Active Directory,,Ursula Ipenburg,ursula.ipenburg54,True,VPN-Thuiswerken (avo.local/Sample/Groups/VPN-Thuiswerken),,,Permission unmanaged,None
Microsoft Active Directory,,Ursula Ipenburg,ursula.ipenburg54,True,SEC-Antivirus (avo.local/Sample/Groups/SEC-Antivirus),,,Permission unmanaged,None
Microsoft Active Directory,,Ursula Ipenburg,ursula.ipenburg54,True,SEC-DiskEncryption (avo.local/Sample/Groups/SEC-DiskEncryption),,,Permission unmanaged,None
Microsoft Active Directory,,Ursula Ipenburg,ursula.ipenburg54,True,SEC-MFA-Enrolled (avo.local/Sample/Groups/SEC-MFA-Enrolled),,,Permission unmanaged,None
Microsoft Active Directory,,Ursula Ipenburg,ursula.ipenburg54,True,SEC-Endpoint-Protection (avo.local/Sample/Groups/SEC-Endpoint-Protection),,,Permission unmanaged,None
Microsoft Active Directory,,Ursula Ipenburg,ursula.ipenburg54,True,APP-Adobe-AcrobatPro (avo.local/Sample/Groups/APP-Adobe-AcrobatPro),,,Permission unmanaged,None
Microsoft Active Directory,,Ursula Ipenburg,ursula.ipenburg54,True,LIC-M365-E1 (avo.local/Sample/Groups/LIC-M365-E1),,,Permission unmanaged,None
Microsoft Active Directory,,Vera Oosterhuis (admin),adm-vera.oosterhuis55,True,,,,Account unmanaged,None
Microsoft Active Directory,,Vera Oosterhuis (admin),adm-vera.oosterhuis55,True,ADMIN-AD-Beheer (avo.local/Sample/Groups/ADMIN-AD-Beheer),,,Permission unmanaged,None
Microsoft Active Directory,,Vera Oosterhuis (admin),adm-vera.oosterhuis55,True,PRIV-PAM-Kluis (avo.local/Sample/Groups/PRIV-PAM-Kluis),,,Permission unmanaged,None
Microsoft Active Directory,,Vera Oosterhuis (admin),adm-vera.oosterhuis55,True,ADMIN-Exchange-Beheer (avo.local/Sample/Groups/ADMIN-Exchange-Beheer),,,Permission unmanaged,None
Microsoft Active Directory,,Vera Oosterhuis (admin),adm-vera.oosterhuis55,True,SRV-RDP-Beheerservers (avo.local/Sample/Groups/SRV-RDP-Beheerservers),,,Permission unmanaged,None
Microsoft Active Directory,,Vera Oosterhuis (admin),adm-vera.oosterhuis55,True,DB-SQL-Service (avo.local/Sample/Groups/DB-SQL-Service),,,Permission unmanaged,None
Microsoft Active Directory,,Vera Oosterhuis (admin),adm-vera.oosterhuis55,True,LIC-M365-E1 (avo.local/Sample/Groups/LIC-M365-E1),,,Permission unmanaged,None
Microsoft Active Directory,,Tess Slootweg,tess.slootweg56,False,,,,Account unmanaged,None
Microsoft Active Directory,,Tess Slootweg,tess.slootweg56,False,ROLE-CB12-Dagbesteding (avo.local/Sample/Groups/ROLE-CB12-Dagbesteding),,,Permission unmanaged,None
Microsoft Active Directory,,Tess Slootweg,tess.slootweg56,False,TEAM-CB12-Dagbesteding (avo.local/Sample/Groups/TEAM-CB12-Dagbesteding),,,Permission unmanaged,None
Microsoft Active Directory,,Tess Slootweg,tess.slootweg56,False,MBX-CB12-Dagbesteding (avo.local/Sample/Groups/MBX-CB12-Dagbesteding),,,Permission unmanaged,None
Microsoft Active Directory,,Tess Slootweg,tess.slootweg56,False,FS-CB12-Dagbesteding-RW (avo.local/Sample/Groups/FS-CB12-Dagbesteding-RW),,,Permission unmanaged,None
Microsoft Active Directory,,Tess Slootweg,tess.slootweg56,False,APP-CB12-Dagbesteding-Portal (avo.local/Sample/Groups/APP-CB12-Dagbesteding-Portal),,,Permission unmanaged,None
Microsoft Active Directory,,Tess Slootweg,tess.slootweg56,False,APP-Intranet (avo.local/Sample/Groups/APP-Intranet),,,Permission unmanaged,None
Microsoft Active Directory,,Tess Slootweg,tess.slootweg56,False,APP-Planner (avo.local/Sample/Groups/APP-Planner),,,Permission unmanaged,None
Microsoft Active Directory,,Tess Slootweg,tess.slootweg56,False,APP-Selfservice (avo.local/Sample/Groups/APP-Selfservice),,,Permission unmanaged,None
Microsoft Active Directory,,Tess Slootweg,tess.slootweg56,False,SEC-Antivirus (avo.local/Sample/Groups/SEC-Antivirus),,,Permission unmanaged,None
Microsoft Active Directory,,Tess Slootweg,tess.slootweg56,False,SEC-DiskEncryption (avo.local/Sample/Groups/SEC-DiskEncryption),,,Permission unmanaged,None
Microsoft Active Directory,,Tess Slootweg,tess.slootweg56,False,SEC-MFA-Enrolled (avo.local/Sample/Groups/SEC-MFA-Enrolled),,,Permission unmanaged,None
Microsoft Active Directory,,Tess Slootweg,tess.slootweg56,False,SEC-Endpoint-Protection (avo.local/Sample/Groups/SEC-Endpoint-Protection),,,Permission unmanaged,None
Microsoft Active Directory,,Tess Slootweg,tess.slootweg56,False,LIC-M365-E5 (avo.local/Sample/Groups/LIC-M365-E5),,,Permission unmanaged,None
Microsoft Active Directory,,Tess Slootweg,tess.slootweg56,False,APP-FIN01-Financien-Portal (avo.local/Sample/Groups/APP-FIN01-Financien-Portal),,,Permission unmanaged,None
Microsoft Active Directory,,Tess Slootweg,tess.slootweg56,False,FS-FIN01-Financien-RW (avo.local/Sample/Groups/FS-FIN01-Financien-RW),,,Permission unmanaged,None
Microsoft Active Directory,,Tess Slootweg,tess.slootweg56,False,MBX-FIN01-Financien (avo.local/Sample/Groups/MBX-FIN01-Financien),,,Permission unmanaged,None
Microsoft Active Directory,,Tess Slootweg,tess.slootweg56,False,TEAM-CA010-Thuiszorg (avo.local/Sample/Groups/TEAM-CA010-Thuiszorg),,,Permission unmanaged,None
Microsoft Active Directory,,Tess Slootweg,tess.slootweg56,False,FS-CA010-Thuiszorg-RW (avo.local/Sample/Groups/FS-CA010-Thuiszorg-RW),,,Permission unmanaged,None
Microsoft Active Directory,,Tess Slootweg,tess.slootweg56,False,ROLE-CA010-Thuiszorg (avo.local/Sample/Groups/ROLE-CA010-Thuiszorg),,,Permission unmanaged,None
Microsoft Active Directory,Bram Muijs (500384),Bram Muijs,bram.muijs57,False,APP-CB12-Dagbesteding-Portal (avo.local/Sample/Groups/APP-CB12-Dagbesteding-Portal),,,Permission unmanaged,None
Microsoft Active Directory,Bram Muijs (500384),Bram Muijs,bram.muijs57,False,ROLE-CB12-Dagbesteding (avo.local/Sample/Groups/ROLE-CB12-Dagbesteding),,,Permission unmanaged,None
Microsoft Active Directory,Bram Muijs (500384),Bram Muijs,bram.muijs57,False,APP-Office365 (avo.local/Sample/Groups/APP-Office365),,,Permission unmanaged,None
Microsoft Active Directory,Bram Muijs (500384),Bram Muijs,bram.muijs57,False,APP-Teams (avo.local/Sample/Groups/APP-Teams),,,Permission unmanaged,None
Microsoft Active Directory,Bram Muijs (500384),Bram Muijs,bram.muijs57,False,WIFI-Personeel (avo.local/Sample/Groups/WIFI-Personeel),,,Permission unmanaged,None
Microsoft Active Directory,Bram Muijs (500384),Bram Muijs,bram.muijs57,False,VPN-Thuiswerken (avo.local/Sample/Groups/VPN-Thuiswerken),,,Permission unmanaged,None
Microsoft Active Directory,Bram Muijs (500384),Bram Muijs,bram.muijs57,False,SEC-Antivirus (avo.local/Sample/Groups/SEC-Antivirus),,,Permission unmanaged,None
Microsoft Active Directory,Bram Muijs (500384),Bram Muijs,bram.muijs57,False,SEC-DiskEncryption (avo.local/Sample/Groups/SEC-DiskEncryption),,,Permission unmanaged,None
Microsoft Active Directory,Bram Muijs (500384),Bram Muijs,bram.muijs57,False,SEC-Endpoint-Protection (avo.local/Sample/Groups/SEC-Endpoint-Protection),,,Permission unmanaged,None
Microsoft Active Directory,Bram Muijs (500384),Bram Muijs,bram.muijs57,False,APP-PowerBI-Pro (avo.local/Sample/Groups/APP-PowerBI-Pro),,,Permission unmanaged,None
Microsoft Active Directory,Bram Muijs (500384),Bram Muijs,bram.muijs57,False,LIC-M365-E5 (avo.local/Sample/Groups/LIC-M365-E5),,,Permission unmanaged,None
Microsoft Active Directory,Xander Dijkgraaf (500385),Xander Dijkgraaf,xander.dijkgraaf58,True,MBX-CA010-Thuiszorg (avo.local/Sample/Groups/MBX-CA010-Thuiszorg),,,Permission unmanaged,None
Microsoft Active Directory,Xander Dijkgraaf (500385),Xander Dijkgraaf,xander.dijkgraaf58,True,TEAM-CA010-Thuiszorg (avo.local/Sample/Groups/TEAM-CA010-Thuiszorg),,,Permission unmanaged,None
Microsoft Active Directory,Xander Dijkgraaf (500385),Xander Dijkgraaf,xander.dijkgraaf58,True,ROLE-CA010-Thuiszorg (avo.local/Sample/Groups/ROLE-CA010-Thuiszorg),,,Permission unmanaged,None
Microsoft Active Directory,Xander Dijkgraaf (500385),Xander Dijkgraaf,xander.dijkgraaf58,True,APP-Teams (avo.local/Sample/Groups/APP-Teams),,,Permission unmanaged,None
Microsoft Active Directory,Xander Dijkgraaf (500385),Xander Dijkgraaf,xander.dijkgraaf58,True,APP-Planner (avo.local/Sample/Groups/APP-Planner),,,Permission unmanaged,None
Microsoft Active Directory,Xander Dijkgraaf (500385),Xander Dijkgraaf,xander.dijkgraaf58,True,SEC-Antivirus (avo.local/Sample/Groups/SEC-Antivirus),,,Permission unmanaged,None
Microsoft Active Directory,Xander Dijkgraaf (500385),Xander Dijkgraaf,xander.dijkgraaf58,True,SEC-DiskEncryption (avo.local/Sample/Groups/SEC-DiskEncryption),,,Permission unmanaged,None
Microsoft Active Directory,Xander Dijkgraaf (500385),Xander Dijkgraaf,xander.dijkgraaf58,True,SEC-MFA-Enrolled (avo.local/Sample/Groups/SEC-MFA-Enrolled),,,Permission unmanaged,None
Microsoft Active Directory,Xander Dijkgraaf (500385),Xander Dijkgraaf,xander.dijkgraaf58,True,SEC-Endpoint-Protection (avo.local/Sample/Groups/SEC-Endpoint-Protection),,,Permission unmanaged,None
Microsoft Active Directory,Xander Dijkgraaf (500385),Xander Dijkgraaf,xander.dijkgraaf58,True,LIC-M365-E1 (avo.local/Sample/Groups/LIC-M365-E1),,,Permission unmanaged,None
Microsoft Active Directory,Jasper Terlouw (500386),Jasper Terlouw,jasper.terlouw59,True,ROLE-CZ08-Begeleiding (avo.local/Sample/Groups/ROLE-CZ08-Begeleiding),,,Permission unmanaged,None
Microsoft Active Directory,Jasper Terlouw (500386),Jasper Terlouw,jasper.terlouw59,True,FS-CZ08-Begeleiding-RW (avo.local/Sample/Groups/FS-CZ08-Begeleiding-RW),,,Permission unmanaged,None
Microsoft Active Directory,Jasper Terlouw (500386),Jasper Terlouw,jasper.terlouw59,True,APP-Teams (avo.local/Sample/Groups/APP-Teams),,,Permission unmanaged,None
Microsoft Active Directory,Jasper Terlouw (500386),Jasper Terlouw,jasper.terlouw59,True,APP-Intranet (avo.local/Sample/Groups/APP-Intranet),,,Permission unmanaged,None
Microsoft Active Directory,Jasper Terlouw (500386),Jasper Terlouw,jasper.terlouw59,True,APP-Planner (avo.local/Sample/Groups/APP-Planner),,,Permission unmanaged,None
Microsoft Active Directory,Jasper Terlouw (500386),Jasper Terlouw,jasper.terlouw59,True,VPN-Thuiswerken (avo.local/Sample/Groups/VPN-Thuiswerken),,,Permission unmanaged,None
Microsoft Active Directory,Jasper Terlouw (500386),Jasper Terlouw,jasper.terlouw59,True,PRINT-Default (avo.local/Sample/Groups/PRINT-Default),,,Permission unmanaged,None
Microsoft Active Directory,Jasper Terlouw (500386),Jasper Terlouw,jasper.terlouw59,True,SEC-Antivirus (avo.local/Sample/Groups/SEC-Antivirus),,,Permission unmanaged,None
Microsoft Active Directory,Jasper Terlouw (500386),Jasper Terlouw,jasper.terlouw59,True,SEC-DiskEncryption (avo.local/Sample/Groups/SEC-DiskEncryption),,,Permission unmanaged,None
Microsoft Active Directory,Jasper Terlouw (500386),Jasper Terlouw,jasper.terlouw59,True,SEC-MFA-Enrolled (avo.local/Sample/Groups/SEC-MFA-Enrolled),,,Permission unmanaged,None
Microsoft Active Directory,Jasper Terlouw (500386),Jasper Terlouw,jasper.terlouw59,True,SEC-Endpoint-Protection (avo.local/Sample/Groups/SEC-Endpoint-Protection),,,Permission unmanaged,None
Microsoft Active Directory,Jasper Terlouw (500386),Jasper Terlouw,jasper.terlouw59,True,LIC-M365-E1 (avo.local/Sample/Groups/LIC-M365-E1),,,Permission unmanaged,None
Microsoft Active Directory,,Noa Muijs,noa.muijs60,True,,,,Account unmanaged,None
Microsoft Active Directory,,Noa Muijs,noa.muijs60,True,APP-CA060-Revalidatie-Portal (avo.local/Sample/Groups/APP-CA060-Revalidatie-Portal),,,Permission unmanaged,None
Microsoft Active Directory,,Noa Muijs,noa.muijs60,True,FS-CA060-Revalidatie-RO (avo.local/Sample/Groups/FS-CA060-Revalidatie-RO),,,Permission unmanaged,None
Microsoft Active Directory,,Noa Muijs,noa.muijs60,True,APP-Selfservice (avo.local/Sample/Groups/APP-Selfservice),,,Permission unmanaged,None
Microsoft Active Directory,,Noa Muijs,noa.muijs60,True,APP-Planner (avo.local/Sample/Groups/APP-Planner),,,Permission unmanaged,None
Microsoft Active Directory,,Noa Muijs,noa.muijs60,True,PRINT-Default (avo.local/Sample/Groups/PRINT-Default),,,Permission unmanaged,None
Microsoft Active Directory,,Noa Muijs,noa.muijs60,True,SEC-Antivirus (avo.local/Sample/Groups/SEC-Antivirus),,,Permission unmanaged,None
Microsoft Active Directory,,Noa Muijs,noa.muijs60,True,SEC-DiskEncryption (avo.local/Sample/Groups/SEC-DiskEncryption),,,Permission unmanaged,None
Microsoft Active Directory,,Noa Muijs,noa.muijs60,True,SEC-MFA-Enrolled (avo.local/Sample/Groups/SEC-MFA-Enrolled),,,Permission unmanaged,None
Microsoft Active Directory,,Noa Muijs,noa.muijs60,True,SEC-Endpoint-Protection (avo.local/Sample/Groups/SEC-Endpoint-Protection),,,Permission unmanaged,None
Microsoft Active Directory,,Noa Muijs,noa.muijs60,True,APP-Project (avo.local/Sample/Groups/APP-Project),,,Permission unmanaged,None
Microsoft Active Directory,,Noa Muijs,noa.muijs60,True,LIC-M365-E3 (avo.local/Sample/Groups/LIC-M365-E3),,,Permission unmanaged,None
Microsoft Active Directory,,Noa Muijs,noa.muijs60,True,APP-FIN01-Financien-Portal (avo.local/Sample/Groups/APP-FIN01-Financien-Portal),,,Permission unmanaged,None
Microsoft Active Directory,,Noa Muijs,noa.muijs60,True,FS-FIN01-Financien-RW (avo.local/Sample/Groups/FS-FIN01-Financien-RW),,,Permission unmanaged,None
Microsoft Active Directory,,Noa Muijs,noa.muijs60,True,TEAM-FIN01-Financien (avo.local/Sample/Groups/TEAM-FIN01-Financien),,,Permission unmanaged,None
Microsoft Active Directory,,Noa Muijs,noa.muijs60,True,APP-CB12-Dagbesteding-Portal (avo.local/Sample/Groups/APP-CB12-Dagbesteding-Portal),,,Permission unmanaged,None
Microsoft Active Directory,,Noa Muijs,noa.muijs60,True,ROLE-CB12-Dagbesteding (avo.local/Sample/Groups/ROLE-CB12-Dagbesteding),,,Permission unmanaged,None
Microsoft Active Directory,,Noa Muijs,noa.muijs60,True,MBX-CB12-Dagbesteding (avo.local/Sample/Groups/MBX-CB12-Dagbesteding),,,Permission unmanaged,None
Microsoft Active Directory,,Noa Muijs,noa.muijs60,True,MBX-CA060-Revalidatie (avo.local/Sample/Groups/MBX-CA060-Revalidatie),,,Permission unmanaged,None
Microsoft Active Directory,,Noa Muijs,noa.muijs60,True,TEAM-CA060-Revalidatie (avo.local/Sample/Groups/TEAM-CA060-Revalidatie),,,Permission unmanaged,None
Microsoft Active Directory,,Noa Muijs,noa.muijs60,True,FS-INK08-Inkoop-RO (avo.local/Sample/Groups/FS-INK08-Inkoop-RO),,,Permission unmanaged,None
Microsoft Active Directory,,Noa Muijs,noa.muijs60,True,ROLE-INK08-Inkoop (avo.local/Sample/Groups/ROLE-INK08-Inkoop),,,Permission unmanaged,None
Microsoft Active Directory,,Noa Muijs,noa.muijs60,True,APP-INK08-Inkoop-Portal (avo.local/Sample/Groups/APP-INK08-Inkoop-Portal),,,Permission unmanaged,None
Microsoft Active Directory,Eva Fokkema (500388),Eva Fokkema,eva.fokkema61,True,ROLE-HRM02-Personeel (avo.local/Sample/Groups/ROLE-HRM02-Personeel),,,Permission unmanaged,None
Microsoft Active Directory,Eva Fokkema (500388),Eva Fokkema,eva.fokkema61,True,TEAM-HRM02-Personeel (avo.local/Sample/Groups/TEAM-HRM02-Personeel),,,Permission unmanaged,None
Microsoft Active Directory,Eva Fokkema (500388),Eva Fokkema,eva.fokkema61,True,MBX-HRM02-Personeel (avo.local/Sample/Groups/MBX-HRM02-Personeel),,,Permission unmanaged,None
Microsoft Active Directory,Eva Fokkema (500388),Eva Fokkema,eva.fokkema61,True,FS-HRM02-Personeel-RO (avo.local/Sample/Groups/FS-HRM02-Personeel-RO),,,Permission unmanaged,None
Microsoft Active Directory,Eva Fokkema (500388),Eva Fokkema,eva.fokkema61,True,FS-HRM02-Personeel-RW (avo.local/Sample/Groups/FS-HRM02-Personeel-RW),,,Permission unmanaged,None
Microsoft Active Directory,Eva Fokkema (500388),Eva Fokkema,eva.fokkema61,True,APP-HRM02-Personeel-Portal (avo.local/Sample/Groups/APP-HRM02-Personeel-Portal),,,Permission unmanaged,None
Microsoft Active Directory,Eva Fokkema (500388),Eva Fokkema,eva.fokkema61,True,APP-Intranet (avo.local/Sample/Groups/APP-Intranet),,,Permission unmanaged,None
Microsoft Active Directory,Eva Fokkema (500388),Eva Fokkema,eva.fokkema61,True,APP-Selfservice (avo.local/Sample/Groups/APP-Selfservice),,,Permission unmanaged,None
Microsoft Active Directory,Eva Fokkema (500388),Eva Fokkema,eva.fokkema61,True,WIFI-Personeel (avo.local/Sample/Groups/WIFI-Personeel),,,Permission unmanaged,None
Microsoft Active Directory,Eva Fokkema (500388),Eva Fokkema,eva.fokkema61,True,SEC-Antivirus (avo.local/Sample/Groups/SEC-Antivirus),,,Permission unmanaged,None
Microsoft Active Directory,Eva Fokkema (500388),Eva Fokkema,eva.fokkema61,True,SEC-DiskEncryption (avo.local/Sample/Groups/SEC-DiskEncryption),,,Permission unmanaged,None
Microsoft Active Directory,Eva Fokkema (500388),Eva Fokkema,eva.fokkema61,True,SEC-MFA-Enrolled (avo.local/Sample/Groups/SEC-MFA-Enrolled),,,Permission unmanaged,None
Microsoft Active Directory,Eva Fokkema (500388),Eva Fokkema,eva.fokkema61,True,SEC-Endpoint-Protection (avo.local/Sample/Groups/SEC-Endpoint-Protection),,,Permission unmanaged,None
Microsoft Active Directory,Eva Fokkema (500388),Eva Fokkema,eva.fokkema61,True,APP-Adobe-AcrobatPro (avo.local/Sample/Groups/APP-Adobe-AcrobatPro),,,Permission unmanaged,None
Microsoft Active Directory,Eva Fokkema (500388),Eva Fokkema,eva.fokkema61,True,LIC-M365-F3 (avo.local/Sample/Groups/LIC-M365-F3),,,Permission unmanaged,None
Microsoft Active Directory,Noa Roozendaal (500389),Noa Roozendaal,noa.roozendaal62,True,TEAM-HRM02-Personeel (avo.local/Sample/Groups/TEAM-HRM02-Personeel),,,Permission unmanaged,None
Microsoft Active Directory,Noa Roozendaal (500389),Noa Roozendaal,noa.roozendaal62,True,FS-HRM02-Personeel-RW (avo.local/Sample/Groups/FS-HRM02-Personeel-RW),,,Permission unmanaged,None
Microsoft Active Directory,Noa Roozendaal (500389),Noa Roozendaal,noa.roozendaal62,True,ROLE-HRM02-Personeel (avo.local/Sample/Groups/ROLE-HRM02-Personeel),,,Permission unmanaged,None
Microsoft Active Directory,Noa Roozendaal (500389),Noa Roozendaal,noa.roozendaal62,True,MBX-HRM02-Personeel (avo.local/Sample/Groups/MBX-HRM02-Personeel),,,Permission unmanaged,None
Microsoft Active Directory,Noa Roozendaal (500389),Noa Roozendaal,noa.roozendaal62,True,FS-HRM02-Personeel-RO (avo.local/Sample/Groups/FS-HRM02-Personeel-RO),,,Permission unmanaged,None
Microsoft Active Directory,Noa Roozendaal (500389),Noa Roozendaal,noa.roozendaal62,True,APP-HRM02-Personeel-Portal (avo.local/Sample/Groups/APP-HRM02-Personeel-Portal),,,Permission unmanaged,None
Microsoft Active Directory,Noa Roozendaal (500389),Noa Roozendaal,noa.roozendaal62,True,APP-Planner (avo.local/Sample/Groups/APP-Planner),,,Permission unmanaged,None
Microsoft Active Directory,Noa Roozendaal (500389),Noa Roozendaal,noa.roozendaal62,True,APP-Intranet (avo.local/Sample/Groups/APP-Intranet),,,Permission unmanaged,None
Microsoft Active Directory,Noa Roozendaal (500389),Noa Roozendaal,noa.roozendaal62,True,APP-Selfservice (avo.local/Sample/Groups/APP-Selfservice),,,Permission unmanaged,None
Microsoft Active Directory,Noa Roozendaal (500389),Noa Roozendaal,noa.roozendaal62,True,VPN-Thuiswerken (avo.local/Sample/Groups/VPN-Thuiswerken),,,Permission unmanaged,None
Microsoft Active Directory,Noa Roozendaal (500389),Noa Roozendaal,noa.roozendaal62,True,WIFI-Personeel (avo.local/Sample/Groups/WIFI-Personeel),,,Permission unmanaged,None
Microsoft Active Directory,Noa Roozendaal (500389),Noa Roozendaal,noa.roozendaal62,True,SEC-Antivirus (avo.local/Sample/Groups/SEC-Antivirus),,,Permission unmanaged,None
Microsoft Active Directory,Noa Roozendaal (500389),Noa Roozendaal,noa.roozendaal62,True,SEC-DiskEncryption (avo.local/Sample/Groups/SEC-DiskEncryption),,,Permission unmanaged,None
Microsoft Active Directory,Noa Roozendaal (500389),Noa Roozendaal,noa.roozendaal62,True,SEC-Endpoint-Protection (avo.local/Sample/Groups/SEC-Endpoint-Protection),,,Permission unmanaged,None
Microsoft Active Directory,Noa Roozendaal (500389),Noa Roozendaal,noa.roozendaal62,True,APP-Copilot (avo.local/Sample/Groups/APP-Copilot),,,Permission unmanaged,None
Microsoft Active Directory,Noa Roozendaal (500389),Noa Roozendaal,noa.roozendaal62,True,APP-Adobe-AcrobatPro (avo.local/Sample/Groups/APP-Adobe-AcrobatPro),,,Permission unmanaged,None
Microsoft Active Directory,Noa Roozendaal (500389),Noa Roozendaal,noa.roozendaal62,True,LIC-M365-E5 (avo.local/Sample/Groups/LIC-M365-E5),,,Permission unmanaged,None
Microsoft Active Directory,Noa Roozendaal (500389),Noa Roozendaal,noa.roozendaal62,True,LIC-M365-E1 (avo.local/Sample/Groups/LIC-M365-E1),,,Permission unmanaged,None
Microsoft Active Directory,Kim Coenen (500390),Kim Coenen,kim.coenen63,True,ROLE-CA060-Revalidatie (avo.local/Sample/Groups/ROLE-CA060-Revalidatie),,,Permission unmanaged,None
Microsoft Active Directory,Kim Coenen (500390),Kim Coenen,kim.coenen63,True,APP-CA060-Revalidatie-Portal (avo.local/Sample/Groups/APP-CA060-Revalidatie-Portal),,,Permission unmanaged,None
Microsoft Active Directory,Kim Coenen (500390),Kim Coenen,kim.coenen63,True,APP-Teams (avo.local/Sample/Groups/APP-Teams),,,Permission unmanaged,None
Microsoft Active Directory,Kim Coenen (500390),Kim Coenen,kim.coenen63,True,VPN-Thuiswerken (avo.local/Sample/Groups/VPN-Thuiswerken),,,Permission unmanaged,None
Microsoft Active Directory,Kim Coenen (500390),Kim Coenen,kim.coenen63,True,PRINT-Default (avo.local/Sample/Groups/PRINT-Default),,,Permission unmanaged,None
Microsoft Active Directory,Kim Coenen (500390),Kim Coenen,kim.coenen63,True,SEC-DiskEncryption (avo.local/Sample/Groups/SEC-DiskEncryption),,,Permission unmanaged,None
Microsoft Active Directory,Kim Coenen (500390),Kim Coenen,kim.coenen63,True,SEC-Endpoint-Protection (avo.local/Sample/Groups/SEC-Endpoint-Protection),,,Permission unmanaged,None
Microsoft Active Directory,Kim Coenen (500390),Kim Coenen,kim.coenen63,True,LIC-M365-E1 (avo.local/Sample/Groups/LIC-M365-E1),,,Permission unmanaged,None
Microsoft Active Directory,Noa Gerritsen (500391),Noa Gerritsen,noa.gerritsen64,True,FS-CB12-Dagbesteding-RO (avo.local/Sample/Groups/FS-CB12-Dagbesteding-RO),,,Permission unmanaged,None
Microsoft Active Directory,Noa Gerritsen (500391),Noa Gerritsen,noa.gerritsen64,True,MBX-CB12-Dagbesteding (avo.local/Sample/Groups/MBX-CB12-Dagbesteding),,,Permission unmanaged,None
Microsoft Active Directory,Noa Gerritsen (500391),Noa Gerritsen,noa.gerritsen64,True,APP-CB12-Dagbesteding-Portal (avo.local/Sample/Groups/APP-CB12-Dagbesteding-Portal),,,Permission unmanaged,None
Microsoft Active Directory,Noa Gerritsen (500391),Noa Gerritsen,noa.gerritsen64,True,FS-CB12-Dagbesteding-RW (avo.local/Sample/Groups/FS-CB12-Dagbesteding-RW),,,Permission unmanaged,None
Microsoft Active Directory,Noa Gerritsen (500391),Noa Gerritsen,noa.gerritsen64,True,TEAM-CB12-Dagbesteding (avo.local/Sample/Groups/TEAM-CB12-Dagbesteding),,,Permission unmanaged,None
Microsoft Active Directory,Noa Gerritsen (500391),Noa Gerritsen,noa.gerritsen64,True,ROLE-CB12-Dagbesteding (avo.local/Sample/Groups/ROLE-CB12-Dagbesteding),,,Permission unmanaged,None
Microsoft Active Directory,Noa Gerritsen (500391),Noa Gerritsen,noa.gerritsen64,True,APP-Selfservice (avo.local/Sample/Groups/APP-Selfservice),,,Permission unmanaged,None
Microsoft Active Directory,Noa Gerritsen (500391),Noa Gerritsen,noa.gerritsen64,True,APP-Office365 (avo.local/Sample/Groups/APP-Office365),,,Permission unmanaged,None
Microsoft Active Directory,Noa Gerritsen (500391),Noa Gerritsen,noa.gerritsen64,True,PRINT-Default (avo.local/Sample/Groups/PRINT-Default),,,Permission unmanaged,None
Microsoft Active Directory,Noa Gerritsen (500391),Noa Gerritsen,noa.gerritsen64,True,SEC-Antivirus (avo.local/Sample/Groups/SEC-Antivirus),,,Permission unmanaged,None
Microsoft Active Directory,Noa Gerritsen (500391),Noa Gerritsen,noa.gerritsen64,True,SEC-DiskEncryption (avo.local/Sample/Groups/SEC-DiskEncryption),,,Permission unmanaged,None
Microsoft Active Directory,Noa Gerritsen (500391),Noa Gerritsen,noa.gerritsen64,True,SEC-MFA-Enrolled (avo.local/Sample/Groups/SEC-MFA-Enrolled),,,Permission unmanaged,None
Microsoft Active Directory,Noa Gerritsen (500391),Noa Gerritsen,noa.gerritsen64,True,SEC-Endpoint-Protection (avo.local/Sample/Groups/SEC-Endpoint-Protection),,,Permission unmanaged,None
Microsoft Active Directory,Noa Gerritsen (500391),Noa Gerritsen,noa.gerritsen64,True,APP-Copilot (avo.local/Sample/Groups/APP-Copilot),,,Permission unmanaged,None
Microsoft Active Directory,Noa Gerritsen (500391),Noa Gerritsen,noa.gerritsen64,True,LIC-M365-F3 (avo.local/Sample/Groups/LIC-M365-F3),,,Permission unmanaged,None
Microsoft Active Directory,Daan Jonker (500392),Daan Jonker,daan.jonker65,True,FS-CA060-Revalidatie-RW (avo.local/Sample/Groups/FS-CA060-Revalidatie-RW),,,Permission unmanaged,None
Microsoft Active Directory,Daan Jonker (500392),Daan Jonker,daan.jonker65,True,FS-CA060-Revalidatie-RO (avo.local/Sample/Groups/FS-CA060-Revalidatie-RO),,,Permission unmanaged,None
Microsoft Active Directory,Daan Jonker (500392),Daan Jonker,daan.jonker65,True,APP-Office365 (avo.local/Sample/Groups/APP-Office365),,,Permission unmanaged,None
Microsoft Active Directory,Daan Jonker (500392),Daan Jonker,daan.jonker65,True,PRINT-Default (avo.local/Sample/Groups/PRINT-Default),,,Permission unmanaged,None
Microsoft Active Directory,Daan Jonker (500392),Daan Jonker,daan.jonker65,True,SEC-Antivirus (avo.local/Sample/Groups/SEC-Antivirus),,,Permission unmanaged,None
Microsoft Active Directory,Daan Jonker (500392),Daan Jonker,daan.jonker65,True,SEC-DiskEncryption (avo.local/Sample/Groups/SEC-DiskEncryption),,,Permission unmanaged,None
Microsoft Active Directory,Daan Jonker (500392),Daan Jonker,daan.jonker65,True,SEC-MFA-Enrolled (avo.local/Sample/Groups/SEC-MFA-Enrolled),,,Permission unmanaged,None
Microsoft Active Directory,Daan Jonker (500392),Daan Jonker,daan.jonker65,True,SEC-Endpoint-Protection (avo.local/Sample/Groups/SEC-Endpoint-Protection),,,Permission unmanaged,None
Microsoft Active Directory,Daan Jonker (500392),Daan Jonker,daan.jonker65,True,APP-Adobe-AcrobatPro (avo.local/Sample/Groups/APP-Adobe-AcrobatPro),,,Permission unmanaged,None
Microsoft Active Directory,Daan Jonker (500392),Daan Jonker,daan.jonker65,True,APP-Visio (avo.local/Sample/Groups/APP-Visio),,,Permission unmanaged,None
Microsoft Active Directory,Daan Jonker (500392),Daan Jonker,daan.jonker65,True,LIC-M365-E1 (avo.local/Sample/Groups/LIC-M365-E1),,,Permission unmanaged,None
Microsoft Active Directory,Daan Jonker (500392),Daan Jonker,daan.jonker65,True,LIC-M365-E3 (avo.local/Sample/Groups/LIC-M365-E3),,,Permission unmanaged,None
Microsoft Active Directory,,Noa Kalisvaart,noa.kalisvaart66,True,,,,Account unmanaged,None
Microsoft Active Directory,,Noa Kalisvaart,noa.kalisvaart66,True,FS-FAC04-Facilitair-RO (avo.local/Sample/Groups/FS-FAC04-Facilitair-RO),,,Permission unmanaged,None
Microsoft Active Directory,,Noa Kalisvaart,noa.kalisvaart66,True,ROLE-FAC04-Facilitair (avo.local/Sample/Groups/ROLE-FAC04-Facilitair),,,Permission unmanaged,None
Microsoft Active Directory,,Noa Kalisvaart,noa.kalisvaart66,True,APP-Intranet (avo.local/Sample/Groups/APP-Intranet),,,Permission unmanaged,None
Microsoft Active Directory,,Noa Kalisvaart,noa.kalisvaart66,True,SEC-Antivirus (avo.local/Sample/Groups/SEC-Antivirus),,,Permission unmanaged,None
Microsoft Active Directory,,Noa Kalisvaart,noa.kalisvaart66,True,SEC-DiskEncryption (avo.local/Sample/Groups/SEC-DiskEncryption),,,Permission unmanaged,None
Microsoft Active Directory,,Noa Kalisvaart,noa.kalisvaart66,True,SEC-Endpoint-Protection (avo.local/Sample/Groups/SEC-Endpoint-Protection),,,Permission unmanaged,None
Microsoft Active Directory,,Noa Kalisvaart,noa.kalisvaart66,True,LIC-M365-E5 (avo.local/Sample/Groups/LIC-M365-E5),,,Permission unmanaged,None
Microsoft Active Directory,,Noa Kalisvaart,noa.kalisvaart66,True,LIC-M365-E3 (avo.local/Sample/Groups/LIC-M365-E3),,,Permission unmanaged,None
Microsoft Active Directory,,Service KWA07-Kwaliteit,svc-zrg0667,True,,,,Account unmanaged,None
Microsoft Active Directory,,Service KWA07-Kwaliteit,svc-zrg0667,True,DB-SQL-Service (avo.local/Sample/Groups/DB-SQL-Service),,,Permission unmanaged,None
Microsoft Active Directory,,Service KWA07-Kwaliteit,svc-zrg0667,True,SRV-Aanmelden-AlsService (avo.local/Sample/Groups/SRV-Aanmelden-AlsService),,,Permission unmanaged,None
Microsoft Active Directory,,Ursula Zomerdijk,ursula.zomerdijk68,True,,,,Account unmanaged,None
Microsoft Active Directory,,Ursula Zomerdijk,ursula.zomerdijk68,True,APP-COM05-Communicatie-Portal (avo.local/Sample/Groups/APP-COM05-Communicatie-Portal),,,Permission unmanaged,None
Microsoft Active Directory,,Ursula Zomerdijk,ursula.zomerdijk68,True,FS-COM05-Communicatie-RW (avo.local/Sample/Groups/FS-COM05-Communicatie-RW),,,Permission unmanaged,None
Microsoft Active Directory,,Ursula Zomerdijk,ursula.zomerdijk68,True,FS-COM05-Communicatie-RO (avo.local/Sample/Groups/FS-COM05-Communicatie-RO),,,Permission unmanaged,None
Microsoft Active Directory,,Ursula Zomerdijk,ursula.zomerdijk68,True,MBX-COM05-Communicatie (avo.local/Sample/Groups/MBX-COM05-Communicatie),,,Permission unmanaged,None
Microsoft Active Directory,,Ursula Zomerdijk,ursula.zomerdijk68,True,APP-Intranet (avo.local/Sample/Groups/APP-Intranet),,,Permission unmanaged,None
Microsoft Active Directory,,Ursula Zomerdijk,ursula.zomerdijk68,True,APP-Planner (avo.local/Sample/Groups/APP-Planner),,,Permission unmanaged,None
Microsoft Active Directory,,Ursula Zomerdijk,ursula.zomerdijk68,True,WIFI-Personeel (avo.local/Sample/Groups/WIFI-Personeel),,,Permission unmanaged,None
Microsoft Active Directory,,Ursula Zomerdijk,ursula.zomerdijk68,True,SEC-Antivirus (avo.local/Sample/Groups/SEC-Antivirus),,,Permission unmanaged,None
Microsoft Active Directory,,Ursula Zomerdijk,ursula.zomerdijk68,True,SEC-DiskEncryption (avo.local/Sample/Groups/SEC-DiskEncryption),,,Permission unmanaged,None
Microsoft Active Directory,,Ursula Zomerdijk,ursula.zomerdijk68,True,SEC-MFA-Enrolled (avo.local/Sample/Groups/SEC-MFA-Enrolled),,,Permission unmanaged,None
Microsoft Active Directory,,Ursula Zomerdijk,ursula.zomerdijk68,True,APP-Copilot (avo.local/Sample/Groups/APP-Copilot),,,Permission unmanaged,None
Microsoft Active Directory,,Ursula Zomerdijk,ursula.zomerdijk68,True,LIC-M365-E3 (avo.local/Sample/Groups/LIC-M365-E3),,,Permission unmanaged,None
Microsoft Active Directory,Vera Elzinga (500396),Vera Elzinga,vera.elzinga69,True,APP-COM05-Communicatie-Portal (avo.local/Sample/Groups/APP-COM05-Communicatie-Portal),,,Permission unmanaged,None
Microsoft Active Directory,Vera Elzinga (500396),Vera Elzinga,vera.elzinga69,True,FS-COM05-Communicatie-RW (avo.local/Sample/Groups/FS-COM05-Communicatie-RW),,,Permission unmanaged,None
Microsoft Active Directory,Vera Elzinga (500396),Vera Elzinga,vera.elzinga69,True,TEAM-COM05-Communicatie (avo.local/Sample/Groups/TEAM-COM05-Communicatie),,,Permission unmanaged,None
Microsoft Active Directory,Vera Elzinga (500396),Vera Elzinga,vera.elzinga69,True,ROLE-COM05-Communicatie (avo.local/Sample/Groups/ROLE-COM05-Communicatie),,,Permission unmanaged,None
Microsoft Active Directory,Vera Elzinga (500396),Vera Elzinga,vera.elzinga69,True,FS-COM05-Communicatie-RO (avo.local/Sample/Groups/FS-COM05-Communicatie-RO),,,Permission unmanaged,None
Microsoft Active Directory,Vera Elzinga (500396),Vera Elzinga,vera.elzinga69,True,MBX-COM05-Communicatie (avo.local/Sample/Groups/MBX-COM05-Communicatie),,,Permission unmanaged,None
Microsoft Active Directory,Vera Elzinga (500396),Vera Elzinga,vera.elzinga69,True,APP-Teams (avo.local/Sample/Groups/APP-Teams),,,Permission unmanaged,None
Microsoft Active Directory,Vera Elzinga (500396),Vera Elzinga,vera.elzinga69,True,APP-Selfservice (avo.local/Sample/Groups/APP-Selfservice),,,Permission unmanaged,None
Microsoft Active Directory,Vera Elzinga (500396),Vera Elzinga,vera.elzinga69,True,PRINT-Default (avo.local/Sample/Groups/PRINT-Default),,,Permission unmanaged,None
Microsoft Active Directory,Vera Elzinga (500396),Vera Elzinga,vera.elzinga69,True,VPN-Thuiswerken (avo.local/Sample/Groups/VPN-Thuiswerken),,,Permission unmanaged,None
Microsoft Active Directory,Vera Elzinga (500396),Vera Elzinga,vera.elzinga69,True,SEC-Antivirus (avo.local/Sample/Groups/SEC-Antivirus),,,Permission unmanaged,None
Microsoft Active Directory,Vera Elzinga (500396),Vera Elzinga,vera.elzinga69,True,SEC-DiskEncryption (avo.local/Sample/Groups/SEC-DiskEncryption),,,Permission unmanaged,None
Microsoft Active Directory,Vera Elzinga (500396),Vera Elzinga,vera.elzinga69,True,SEC-MFA-Enrolled (avo.local/Sample/Groups/SEC-MFA-Enrolled),,,Permission unmanaged,None
Microsoft Active Directory,Vera Elzinga (500396),Vera Elzinga,vera.elzinga69,True,SEC-Endpoint-Protection (avo.local/Sample/Groups/SEC-Endpoint-Protection),,,Permission unmanaged,None
Microsoft Active Directory,Vera Elzinga (500396),Vera Elzinga,vera.elzinga69,True,APP-Project (avo.local/Sample/Groups/APP-Project),,,Permission unmanaged,None
Microsoft Active Directory,Vera Elzinga (500396),Vera Elzinga,vera.elzinga69,True,LIC-M365-E3 (avo.local/Sample/Groups/LIC-M365-E3),,,Permission unmanaged,None
Microsoft Active Directory,Bram Elzinga (500397),Bram Elzinga,bram.elzinga70,False,ROLE-KWA07-Kwaliteit (avo.local/Sample/Groups/ROLE-KWA07-Kwaliteit),,,Permission unmanaged,None
Microsoft Active Directory,Bram Elzinga (500397),Bram Elzinga,bram.elzinga70,False,FS-KWA07-Kwaliteit-RO (avo.local/Sample/Groups/FS-KWA07-Kwaliteit-RO),,,Permission unmanaged,None
Microsoft Active Directory,Bram Elzinga (500397),Bram Elzinga,bram.elzinga70,False,MBX-KWA07-Kwaliteit (avo.local/Sample/Groups/MBX-KWA07-Kwaliteit),,,Permission unmanaged,None
Microsoft Active Directory,Bram Elzinga (500397),Bram Elzinga,bram.elzinga70,False,APP-KWA07-Kwaliteit-Portal (avo.local/Sample/Groups/APP-KWA07-Kwaliteit-Portal),,,Permission unmanaged,None
Microsoft Active Directory,Bram Elzinga (500397),Bram Elzinga,bram.elzinga70,False,FS-KWA07-Kwaliteit-RW (avo.local/Sample/Groups/FS-KWA07-Kwaliteit-RW),,,Permission unmanaged,None
Microsoft Active Directory,Bram Elzinga (500397),Bram Elzinga,bram.elzinga70,False,APP-Planner (avo.local/Sample/Groups/APP-Planner),,,Permission unmanaged,None
Microsoft Active Directory,Bram Elzinga (500397),Bram Elzinga,bram.elzinga70,False,APP-Office365 (avo.local/Sample/Groups/APP-Office365),,,Permission unmanaged,None
Microsoft Active Directory,Bram Elzinga (500397),Bram Elzinga,bram.elzinga70,False,PRINT-Default (avo.local/Sample/Groups/PRINT-Default),,,Permission unmanaged,None
Microsoft Active Directory,Bram Elzinga (500397),Bram Elzinga,bram.elzinga70,False,SEC-Antivirus (avo.local/Sample/Groups/SEC-Antivirus),,,Permission unmanaged,None
Microsoft Active Directory,Bram Elzinga (500397),Bram Elzinga,bram.elzinga70,False,SEC-DiskEncryption (avo.local/Sample/Groups/SEC-DiskEncryption),,,Permission unmanaged,None
Microsoft Active Directory,Bram Elzinga (500397),Bram Elzinga,bram.elzinga70,False,SEC-MFA-Enrolled (avo.local/Sample/Groups/SEC-MFA-Enrolled),,,Permission unmanaged,None
Microsoft Active Directory,Bram Elzinga (500397),Bram Elzinga,bram.elzinga70,False,SEC-Endpoint-Protection (avo.local/Sample/Groups/SEC-Endpoint-Protection),,,Permission unmanaged,None
Microsoft Active Directory,Bram Elzinga (500397),Bram Elzinga,bram.elzinga70,False,LIC-M365-F3 (avo.local/Sample/Groups/LIC-M365-F3),,,Permission unmanaged,None
Microsoft Active Directory,,Service CZ08-Begeleiding,svc-ca01071,True,,,,Account unmanaged,None
Microsoft Active Directory,,Service CZ08-Begeleiding,svc-ca01071,True,LOG-Eventcollector (avo.local/Sample/Groups/LOG-Eventcollector),,,Permission unmanaged,None
Microsoft Active Directory,,Service CZ08-Begeleiding,svc-ca01071,True,SRV-RDP-Beheerservers (avo.local/Sample/Groups/SRV-RDP-Beheerservers),,,Permission unmanaged,None
Microsoft Active Directory,,Service CZ08-Begeleiding,svc-ca01071,True,SRV-Applicatieserver (avo.local/Sample/Groups/SRV-Applicatieserver),,,Permission unmanaged,None
Microsoft Active Directory,Iris Vroegindeweij (500399),Iris Vroegindeweij,iris.vroegindeweij72,True,APP-CB12-Dagbesteding-Portal (avo.local/Sample/Groups/APP-CB12-Dagbesteding-Portal),,,Permission unmanaged,None
Microsoft Active Directory,Iris Vroegindeweij (500399),Iris Vroegindeweij,iris.vroegindeweij72,True,ROLE-CB12-Dagbesteding (avo.local/Sample/Groups/ROLE-CB12-Dagbesteding),,,Permission unmanaged,None
Microsoft Active Directory,Iris Vroegindeweij (500399),Iris Vroegindeweij,iris.vroegindeweij72,True,TEAM-CB12-Dagbesteding (avo.local/Sample/Groups/TEAM-CB12-Dagbesteding),,,Permission unmanaged,None
Microsoft Active Directory,Iris Vroegindeweij (500399),Iris Vroegindeweij,iris.vroegindeweij72,True,FS-CB12-Dagbesteding-RO (avo.local/Sample/Groups/FS-CB12-Dagbesteding-RO),,,Permission unmanaged,None
Microsoft Active Directory,Iris Vroegindeweij (500399),Iris Vroegindeweij,iris.vroegindeweij72,True,FS-CB12-Dagbesteding-RW (avo.local/Sample/Groups/FS-CB12-Dagbesteding-RW),,,Permission unmanaged,None
Microsoft Active Directory,Iris Vroegindeweij (500399),Iris Vroegindeweij,iris.vroegindeweij72,True,MBX-CB12-Dagbesteding (avo.local/Sample/Groups/MBX-CB12-Dagbesteding),,,Permission unmanaged,None
Microsoft Active Directory,Iris Vroegindeweij (500399),Iris Vroegindeweij,iris.vroegindeweij72,True,APP-Planner (avo.local/Sample/Groups/APP-Planner),,,Permission unmanaged,None
Microsoft Active Directory,Iris Vroegindeweij (500399),Iris Vroegindeweij,iris.vroegindeweij72,True,VPN-Thuiswerken (avo.local/Sample/Groups/VPN-Thuiswerken),,,Permission unmanaged,None
Microsoft Active Directory,Iris Vroegindeweij (500399),Iris Vroegindeweij,iris.vroegindeweij72,True,WIFI-Personeel (avo.local/Sample/Groups/WIFI-Personeel),,,Permission unmanaged,None
Microsoft Active Directory,Iris Vroegindeweij (500399),Iris Vroegindeweij,iris.vroegindeweij72,True,SEC-Antivirus (avo.local/Sample/Groups/SEC-Antivirus),,,Permission unmanaged,None
Microsoft Active Directory,Iris Vroegindeweij (500399),Iris Vroegindeweij,iris.vroegindeweij72,True,SEC-DiskEncryption (avo.local/Sample/Groups/SEC-DiskEncryption),,,Permission unmanaged,None
Microsoft Active Directory,Iris Vroegindeweij (500399),Iris Vroegindeweij,iris.vroegindeweij72,True,SEC-MFA-Enrolled (avo.local/Sample/Groups/SEC-MFA-Enrolled),,,Permission unmanaged,None
Microsoft Active Directory,Iris Vroegindeweij (500399),Iris Vroegindeweij,iris.vroegindeweij72,True,APP-Copilot (avo.local/Sample/Groups/APP-Copilot),,,Permission unmanaged,None
Microsoft Active Directory,Iris Vroegindeweij (500399),Iris Vroegindeweij,iris.vroegindeweij72,True,LIC-M365-E3 (avo.local/Sample/Groups/LIC-M365-E3),,,Permission unmanaged,None
Microsoft Active Directory,Mila Roozendaal (500400),Mila Roozendaal,mila.roozendaal73,True,ROLE-HRM02-Personeel (avo.local/Sample/Groups/ROLE-HRM02-Personeel),,,Permission unmanaged,None
Microsoft Active Directory,Mila Roozendaal (500400),Mila Roozendaal,mila.roozendaal73,True,FS-HRM02-Personeel-RW (avo.local/Sample/Groups/FS-HRM02-Personeel-RW),,,Permission unmanaged,None
Microsoft Active Directory,Mila Roozendaal (500400),Mila Roozendaal,mila.roozendaal73,True,APP-HRM02-Personeel-Portal (avo.local/Sample/Groups/APP-HRM02-Personeel-Portal),,,Permission unmanaged,None
Microsoft Active Directory,Mila Roozendaal (500400),Mila Roozendaal,mila.roozendaal73,True,TEAM-HRM02-Personeel (avo.local/Sample/Groups/TEAM-HRM02-Personeel),,,Permission unmanaged,None
Microsoft Active Directory,Mila Roozendaal (500400),Mila Roozendaal,mila.roozendaal73,True,APP-Planner (avo.local/Sample/Groups/APP-Planner),,,Permission unmanaged,None
Microsoft Active Directory,Mila Roozendaal (500400),Mila Roozendaal,mila.roozendaal73,True,APP-Teams (avo.local/Sample/Groups/APP-Teams),,,Permission unmanaged,None
Microsoft Active Directory,Mila Roozendaal (500400),Mila Roozendaal,mila.roozendaal73,True,APP-Office365 (avo.local/Sample/Groups/APP-Office365),,,Permission unmanaged,None
Microsoft Active Directory,Mila Roozendaal (500400),Mila Roozendaal,mila.roozendaal73,True,PRINT-Default (avo.local/Sample/Groups/PRINT-Default),,,Permission unmanaged,None
Microsoft Active Directory,Mila Roozendaal (500400),Mila Roozendaal,mila.roozendaal73,True,WIFI-Personeel (avo.local/Sample/Groups/WIFI-Personeel),,,Permission unmanaged,None
Microsoft Active Directory,Mila Roozendaal (500400),Mila Roozendaal,mila.roozendaal73,True,SEC-Antivirus (avo.local/Sample/Groups/SEC-Antivirus),,,Permission unmanaged,None
Microsoft Active Directory,Mila Roozendaal (500400),Mila Roozendaal,mila.roozendaal73,True,SEC-DiskEncryption (avo.local/Sample/Groups/SEC-DiskEncryption),,,Permission unmanaged,None
Microsoft Active Directory,Mila Roozendaal (500400),Mila Roozendaal,mila.roozendaal73,True,SEC-MFA-Enrolled (avo.local/Sample/Groups/SEC-MFA-Enrolled),,,Permission unmanaged,None
Microsoft Active Directory,Mila Roozendaal (500400),Mila Roozendaal,mila.roozendaal73,True,SEC-Endpoint-Protection (avo.local/Sample/Groups/SEC-Endpoint-Protection),,,Permission unmanaged,None
Microsoft Active Directory,Mila Roozendaal (500400),Mila Roozendaal,mila.roozendaal73,True,LIC-M365-F3 (avo.local/Sample/Groups/LIC-M365-F3),,,Permission unmanaged,None
Microsoft Active Directory,Mila Elzinga (500401),Mila Elzinga,mila.elzinga74,True,FS-HRM02-Personeel-RW (avo.local/Sample/Groups/FS-HRM02-Personeel-RW),,,Permission unmanaged,None
Microsoft Active Directory,Mila Elzinga (500401),Mila Elzinga,mila.elzinga74,True,ROLE-HRM02-Personeel (avo.local/Sample/Groups/ROLE-HRM02-Personeel),,,Permission unmanaged,None
Microsoft Active Directory,Mila Elzinga (500401),Mila Elzinga,mila.elzinga74,True,APP-HRM02-Personeel-Portal (avo.local/Sample/Groups/APP-HRM02-Personeel-Portal),,,Permission unmanaged,None
Microsoft Active Directory,Mila Elzinga (500401),Mila Elzinga,mila.elzinga74,True,APP-Intranet (avo.local/Sample/Groups/APP-Intranet),,,Permission unmanaged,None
Microsoft Active Directory,Mila Elzinga (500401),Mila Elzinga,mila.elzinga74,True,APP-Selfservice (avo.local/Sample/Groups/APP-Selfservice),,,Permission unmanaged,None
Microsoft Active Directory,Mila Elzinga (500401),Mila Elzinga,mila.elzinga74,True,APP-Planner (avo.local/Sample/Groups/APP-Planner),,,Permission unmanaged,None
Microsoft Active Directory,Mila Elzinga (500401),Mila Elzinga,mila.elzinga74,True,WIFI-Personeel (avo.local/Sample/Groups/WIFI-Personeel),,,Permission unmanaged,None
Microsoft Active Directory,Mila Elzinga (500401),Mila Elzinga,mila.elzinga74,True,PRINT-Default (avo.local/Sample/Groups/PRINT-Default),,,Permission unmanaged,None
Microsoft Active Directory,Mila Elzinga (500401),Mila Elzinga,mila.elzinga74,True,SEC-Antivirus (avo.local/Sample/Groups/SEC-Antivirus),,,Permission unmanaged,None
Microsoft Active Directory,Mila Elzinga (500401),Mila Elzinga,mila.elzinga74,True,SEC-MFA-Enrolled (avo.local/Sample/Groups/SEC-MFA-Enrolled),,,Permission unmanaged,None
Microsoft Active Directory,Mila Elzinga (500401),Mila Elzinga,mila.elzinga74,True,LIC-M365-F3 (avo.local/Sample/Groups/LIC-M365-F3),,,Permission unmanaged,None
Microsoft Active Directory,Iris Zomerdijk (500402),Iris Zomerdijk,iris.zomerdijk75,True,APP-CZ08-Begeleiding-Portal (avo.local/Sample/Groups/APP-CZ08-Begeleiding-Portal),,,Permission unmanaged,None
Microsoft Active Directory,Iris Zomerdijk (500402),Iris Zomerdijk,iris.zomerdijk75,True,FS-CZ08-Begeleiding-RO (avo.local/Sample/Groups/FS-CZ08-Begeleiding-RO),,,Permission unmanaged,None
Microsoft Active Directory,Iris Zomerdijk (500402),Iris Zomerdijk,iris.zomerdijk75,True,FS-CZ08-Begeleiding-RW (avo.local/Sample/Groups/FS-CZ08-Begeleiding-RW),,,Permission unmanaged,None
Microsoft Active Directory,Iris Zomerdijk (500402),Iris Zomerdijk,iris.zomerdijk75,True,ROLE-CZ08-Begeleiding (avo.local/Sample/Groups/ROLE-CZ08-Begeleiding),,,Permission unmanaged,None
Microsoft Active Directory,Iris Zomerdijk (500402),Iris Zomerdijk,iris.zomerdijk75,True,APP-Planner (avo.local/Sample/Groups/APP-Planner),,,Permission unmanaged,None
Microsoft Active Directory,Iris Zomerdijk (500402),Iris Zomerdijk,iris.zomerdijk75,True,APP-Intranet (avo.local/Sample/Groups/APP-Intranet),,,Permission unmanaged,None
Microsoft Active Directory,Iris Zomerdijk (500402),Iris Zomerdijk,iris.zomerdijk75,True,SEC-Antivirus (avo.local/Sample/Groups/SEC-Antivirus),,,Permission unmanaged,None
Microsoft Active Directory,Iris Zomerdijk (500402),Iris Zomerdijk,iris.zomerdijk75,True,SEC-DiskEncryption (avo.local/Sample/Groups/SEC-DiskEncryption),,,Permission unmanaged,None
Microsoft Active Directory,Iris Zomerdijk (500402),Iris Zomerdijk,iris.zomerdijk75,True,SEC-MFA-Enrolled (avo.local/Sample/Groups/SEC-MFA-Enrolled),,,Permission unmanaged,None
Microsoft Active Directory,Iris Zomerdijk (500402),Iris Zomerdijk,iris.zomerdijk75,True,SEC-Endpoint-Protection (avo.local/Sample/Groups/SEC-Endpoint-Protection),,,Permission unmanaged,None
Microsoft Active Directory,Iris Zomerdijk (500402),Iris Zomerdijk,iris.zomerdijk75,True,LIC-M365-E5 (avo.local/Sample/Groups/LIC-M365-E5),,,Permission unmanaged,None
Microsoft Active Directory,Mila Oosterhuis (500403),Mila Oosterhuis,mila.oosterhuis76,True,APP-COM05-Communicatie-Portal (avo.local/Sample/Groups/APP-COM05-Communicatie-Portal),,,Permission unmanaged,None
Microsoft Active Directory,Mila Oosterhuis (500403),Mila Oosterhuis,mila.oosterhuis76,True,FS-COM05-Communicatie-RO (avo.local/Sample/Groups/FS-COM05-Communicatie-RO),,,Permission unmanaged,None
Microsoft Active Directory,Mila Oosterhuis (500403),Mila Oosterhuis,mila.oosterhuis76,True,APP-Planner (avo.local/Sample/Groups/APP-Planner),,,Permission unmanaged,None
Microsoft Active Directory,Mila Oosterhuis (500403),Mila Oosterhuis,mila.oosterhuis76,True,APP-Selfservice (avo.local/Sample/Groups/APP-Selfservice),,,Permission unmanaged,None
Microsoft Active Directory,Mila Oosterhuis (500403),Mila Oosterhuis,mila.oosterhuis76,True,VPN-Thuiswerken (avo.local/Sample/Groups/VPN-Thuiswerken),,,Permission unmanaged,None
Microsoft Active Directory,Mila Oosterhuis (500403),Mila Oosterhuis,mila.oosterhuis76,True,PRINT-Default (avo.local/Sample/Groups/PRINT-Default),,,Permission unmanaged,None
Microsoft Active Directory,Mila Oosterhuis (500403),Mila Oosterhuis,mila.oosterhuis76,True,SEC-Antivirus (avo.local/Sample/Groups/SEC-Antivirus),,,Permission unmanaged,None
Microsoft Active Directory,Mila Oosterhuis (500403),Mila Oosterhuis,mila.oosterhuis76,True,SEC-DiskEncryption (avo.local/Sample/Groups/SEC-DiskEncryption),,,Permission unmanaged,None
Microsoft Active Directory,Mila Oosterhuis (500403),Mila Oosterhuis,mila.oosterhuis76,True,SEC-MFA-Enrolled (avo.local/Sample/Groups/SEC-MFA-Enrolled),,,Permission unmanaged,None
Microsoft Active Directory,Mila Oosterhuis (500403),Mila Oosterhuis,mila.oosterhuis76,True,SEC-Endpoint-Protection (avo.local/Sample/Groups/SEC-Endpoint-Protection),,,Permission unmanaged,None
Microsoft Active Directory,Mila Oosterhuis (500403),Mila Oosterhuis,mila.oosterhuis76,True,LIC-M365-E3 (avo.local/Sample/Groups/LIC-M365-E3),,,Permission unmanaged,None
Microsoft Active Directory,Mila Oosterhuis (500403),Mila Oosterhuis,mila.oosterhuis76,True,LIC-M365-E1 (avo.local/Sample/Groups/LIC-M365-E1),,,Permission unmanaged,None
Microsoft Active Directory,Anne Roozendaal (500404),Anne Roozendaal,anne.roozendaal77,True,FS-KWA07-Kwaliteit-RW (avo.local/Sample/Groups/FS-KWA07-Kwaliteit-RW),,,Permission unmanaged,None
Microsoft Active Directory,Anne Roozendaal (500404),Anne Roozendaal,anne.roozendaal77,True,TEAM-KWA07-Kwaliteit (avo.local/Sample/Groups/TEAM-KWA07-Kwaliteit),,,Permission unmanaged,None
Microsoft Active Directory,Anne Roozendaal (500404),Anne Roozendaal,anne.roozendaal77,True,FS-KWA07-Kwaliteit-RO (avo.local/Sample/Groups/FS-KWA07-Kwaliteit-RO),,,Permission unmanaged,None
Microsoft Active Directory,Anne Roozendaal (500404),Anne Roozendaal,anne.roozendaal77,True,APP-Planner (avo.local/Sample/Groups/APP-Planner),,,Permission unmanaged,None
Microsoft Active Directory,Anne Roozendaal (500404),Anne Roozendaal,anne.roozendaal77,True,APP-Office365 (avo.local/Sample/Groups/APP-Office365),,,Permission unmanaged,None
Microsoft Active Directory,Anne Roozendaal (500404),Anne Roozendaal,anne.roozendaal77,True,APP-Teams (avo.local/Sample/Groups/APP-Teams),,,Permission unmanaged,None
Microsoft Active Directory,Anne Roozendaal (500404),Anne Roozendaal,anne.roozendaal77,True,PRINT-Default (avo.local/Sample/Groups/PRINT-Default),,,Permission unmanaged,None
Microsoft Active Directory,Anne Roozendaal (500404),Anne Roozendaal,anne.roozendaal77,True,SEC-MFA-Enrolled (avo.local/Sample/Groups/SEC-MFA-Enrolled),,,Permission unmanaged,None
Microsoft Active Directory,Anne Roozendaal (500404),Anne Roozendaal,anne.roozendaal77,True,LIC-M365-E5 (avo.local/Sample/Groups/LIC-M365-E5),,,Permission unmanaged,None
Microsoft Active Directory,Pien Nagtegaal (500405),Pien Nagtegaal,pien.nagtegaal78,True,ROLE-FIN01-Financien (avo.local/Sample/Groups/ROLE-FIN01-Financien),,,Permission unmanaged,None
Microsoft Active Directory,Pien Nagtegaal (500405),Pien Nagtegaal,pien.nagtegaal78,True,APP-FIN01-Financien-Portal (avo.local/Sample/Groups/APP-FIN01-Financien-Portal),,,Permission unmanaged,None
Microsoft Active Directory,Pien Nagtegaal (500405),Pien Nagtegaal,pien.nagtegaal78,True,TEAM-FIN01-Financien (avo.local/Sample/Groups/TEAM-FIN01-Financien),,,Permission unmanaged,None
Microsoft Active Directory,Pien Nagtegaal (500405),Pien Nagtegaal,pien.nagtegaal78,True,FS-FIN01-Financien-RW (avo.local/Sample/Groups/FS-FIN01-Financien-RW),,,Permission unmanaged,None
Microsoft Active Directory,Pien Nagtegaal (500405),Pien Nagtegaal,pien.nagtegaal78,True,FS-FIN01-Financien-RO (avo.local/Sample/Groups/FS-FIN01-Financien-RO),,,Permission unmanaged,None
Microsoft Active Directory,Pien Nagtegaal (500405),Pien Nagtegaal,pien.nagtegaal78,True,MBX-FIN01-Financien (avo.local/Sample/Groups/MBX-FIN01-Financien),,,Permission unmanaged,None
Microsoft Active Directory,Pien Nagtegaal (500405),Pien Nagtegaal,pien.nagtegaal78,True,APP-Teams (avo.local/Sample/Groups/APP-Teams),,,Permission unmanaged,None
Microsoft Active Directory,Pien Nagtegaal (500405),Pien Nagtegaal,pien.nagtegaal78,True,APP-Intranet (avo.local/Sample/Groups/APP-Intranet),,,Permission unmanaged,None
Microsoft Active Directory,Pien Nagtegaal (500405),Pien Nagtegaal,pien.nagtegaal78,True,APP-Selfservice (avo.local/Sample/Groups/APP-Selfservice),,,Permission unmanaged,None
Microsoft Active Directory,Pien Nagtegaal (500405),Pien Nagtegaal,pien.nagtegaal78,True,PRINT-Default (avo.local/Sample/Groups/PRINT-Default),,,Permission unmanaged,None
Microsoft Active Directory,Pien Nagtegaal (500405),Pien Nagtegaal,pien.nagtegaal78,True,SEC-Antivirus (avo.local/Sample/Groups/SEC-Antivirus),,,Permission unmanaged,None
Microsoft Active Directory,Pien Nagtegaal (500405),Pien Nagtegaal,pien.nagtegaal78,True,SEC-DiskEncryption (avo.local/Sample/Groups/SEC-DiskEncryption),,,Permission unmanaged,None
Microsoft Active Directory,Pien Nagtegaal (500405),Pien Nagtegaal,pien.nagtegaal78,True,SEC-MFA-Enrolled (avo.local/Sample/Groups/SEC-MFA-Enrolled),,,Permission unmanaged,None
Microsoft Active Directory,Pien Nagtegaal (500405),Pien Nagtegaal,pien.nagtegaal78,True,LIC-M365-E1 (avo.local/Sample/Groups/LIC-M365-E1),,,Permission unmanaged,None
Microsoft Active Directory,Pien Nagtegaal (500405),Pien Nagtegaal,pien.nagtegaal78,True,FS-ICT03-Techniek-RO (avo.local/Sample/Groups/FS-ICT03-Techniek-RO),,,Permission unmanaged,None
Microsoft Active Directory,Pien Nagtegaal (500405),Pien Nagtegaal,pien.nagtegaal78,True,APP-ICT03-Techniek-Portal (avo.local/Sample/Groups/APP-ICT03-Techniek-Portal),,,Permission unmanaged,None
Microsoft Active Directory,Pien Nagtegaal (500405),Pien Nagtegaal,pien.nagtegaal78,True,MBX-ICT03-Techniek (avo.local/Sample/Groups/MBX-ICT03-Techniek),,,Permission unmanaged,None
Microsoft Active Directory,Pien Nagtegaal (500405),Pien Nagtegaal,pien.nagtegaal78,True,FS-HRM02-Personeel-RW (avo.local/Sample/Groups/FS-HRM02-Personeel-RW),,,Permission unmanaged,None
Microsoft Active Directory,Pien Nagtegaal (500405),Pien Nagtegaal,pien.nagtegaal78,True,MBX-HRM02-Personeel (avo.local/Sample/Groups/MBX-HRM02-Personeel),,,Permission unmanaged,None
Microsoft Active Directory,Pien Nagtegaal (500405),Pien Nagtegaal,pien.nagtegaal78,True,APP-HRM02-Personeel-Portal (avo.local/Sample/Groups/APP-HRM02-Personeel-Portal),,,Permission unmanaged,None
Microsoft Active Directory,Pien Nagtegaal (500405),Pien Nagtegaal,pien.nagtegaal78,True,APP-ZRG06-Wijkzorg-Portal (avo.local/Sample/Groups/APP-ZRG06-Wijkzorg-Portal),,,Permission unmanaged,None
Microsoft Active Directory,Pien Nagtegaal (500405),Pien Nagtegaal,pien.nagtegaal78,True,ROLE-ZRG06-Wijkzorg (avo.local/Sample/Groups/ROLE-ZRG06-Wijkzorg),,,Permission unmanaged,None
Microsoft Active Directory,Pien Nagtegaal (500405),Pien Nagtegaal,pien.nagtegaal78,True,FS-ZRG06-Wijkzorg-RO (avo.local/Sample/Groups/FS-ZRG06-Wijkzorg-RO),,,Permission unmanaged,None
Microsoft Active Directory,Pien Nagtegaal (500405),Pien Nagtegaal,pien.nagtegaal78,True,FS-CZ08-Begeleiding-RO (avo.local/Sample/Groups/FS-CZ08-Begeleiding-RO),,,Permission unmanaged,None
Microsoft Active Directory,Pien Nagtegaal (500405),Pien Nagtegaal,pien.nagtegaal78,True,APP-CZ08-Begeleiding-Portal (avo.local/Sample/Groups/APP-CZ08-Begeleiding-Portal),,,Permission unmanaged,None
Microsoft Active Directory,Pien Nagtegaal (500405),Pien Nagtegaal,pien.nagtegaal78,True,FS-CZ08-Begeleiding-RW (avo.local/Sample/Groups/FS-CZ08-Begeleiding-RW),,,Permission unmanaged,None
Microsoft Active Directory,Vera Coenen (500406),Vera Coenen,vera.coenen79,True,MBX-FAC04-Facilitair (avo.local/Sample/Groups/MBX-FAC04-Facilitair),,,Permission unmanaged,None
Microsoft Active Directory,Vera Coenen (500406),Vera Coenen,vera.coenen79,True,FS-FAC04-Facilitair-RO (avo.local/Sample/Groups/FS-FAC04-Facilitair-RO),,,Permission unmanaged,None
Microsoft Active Directory,Vera Coenen (500406),Vera Coenen,vera.coenen79,True,FS-FAC04-Facilitair-RW (avo.local/Sample/Groups/FS-FAC04-Facilitair-RW),,,Permission unmanaged,None
Microsoft Active Directory,Vera Coenen (500406),Vera Coenen,vera.coenen79,True,TEAM-FAC04-Facilitair (avo.local/Sample/Groups/TEAM-FAC04-Facilitair),,,Permission unmanaged,None
Microsoft Active Directory,Vera Coenen (500406),Vera Coenen,vera.coenen79,True,APP-FAC04-Facilitair-Portal (avo.local/Sample/Groups/APP-FAC04-Facilitair-Portal),,,Permission unmanaged,None
Microsoft Active Directory,Vera Coenen (500406),Vera Coenen,vera.coenen79,True,APP-Planner (avo.local/Sample/Groups/APP-Planner),,,Permission unmanaged,None
